[{"personalRecords":[{"personalRecordId":1884144466,"activityId":0,"value":234097.0,"prStartTimeGMT":"Sun Jan 30 22:00:00 GMT 2022","personalRecordType":"Most Steps in a Month","createdDate":"2021-04-20","current":true,"confirmed":true},{"personalRecordId":1884144467,"activityId":0,"value":1.0,"prStartTimeGMT":"Wed Jun 22 21:00:00 GMT 2022","personalRecordType":"Current Goal Streak","createdDate":"2021-04-20","current":true,"confirmed":true},{"personalRecordId":1886547093,"activityId":0,"value":7.0,"prStartTimeGMT":"Sat Jan 01 03:00:00 GMT 2022","personalRecordType":"Longest Goal Streak","createdDate":"2021-04-24","current":true,"confirmed":true},{"personalRecordId":1995008348,"activityId":7728208721,"value":2242.16796875,"prStartTimeGMT":"Thu Oct 28 05:02:31 GMT 2021","personalRecordType":"Best 5km Run","createdDate":"2021-10-28","current":true,"confirmed":true},{"personalRecordId":1997424244,"activityId":7754358583,"value":6703.419921875,"prStartTimeGMT":"Tue Nov 02 06:13:05 GMT 2021","personalRecordType":"Farthest Run","createdDate":"2021-11-02","current":true,"confirmed":true}]}]