[{"workoutList":[{"workoutId":466763457,"ownerId":95173854,"workoutName":"200","updatedDate":"2022-03-25T11:57:12.0","createdDate":"2022-03-25T11:57:12.0","sportType":{"sportTypeId":1,"sportTypeKey":"running","displayOrder":1},"author":{"userPro":false,"vivokidUser":false},"workoutSteps":[{"type":"ExecutableStepDTO","stepId":3315671148,"stepOrder":1,"stepType":{"stepTypeId":1,"stepTypeKey":"warmup","displayOrder":1},"endCondition":{"conditionTypeId":1,"conditionTypeKey":"lap.button","displayOrder":1,"displayable":true},"endConditionValue":0.0,"targetType":{"workoutTargetTypeId":1,"workoutTargetTypeKey":"no.target","displayOrder":1},"targetValueTwo":0.0,"strokeType":{},"equipmentType":{},"weightUnit":{"unitId":8,"unitKey":"kilogram","factor":1000.0}},{"type":"RepeatGroupDTO","stepId":3315671149,"stepOrder":2,"stepType":{"stepTypeId":6,"stepTypeKey":"repeat","displayOrder":6},"childStepId":1,"numberOfIterations":6,"workoutSteps":[{"type":"ExecutableStepDTO","stepId":3315671150,"stepOrder":3,"stepType":{"stepTypeId":3,"stepTypeKey":"interval","displayOrder":3},"childStepId":1,"endCondition":{"conditionTypeId":3,"conditionTypeKey":"distance","displayOrder":3,"displayable":true},"endConditionValue":200.0,"preferredEndConditionUnit":{"unitId":2,"unitKey":"kilometer","factor":100000.0},"targetType":{"workoutTargetTypeId":1,"workoutTargetTypeKey":"no.target","displayOrder":1},"targetValueTwo":0.0,"strokeType":{},"equipmentType":{},"weightUnit":{"unitId":8,"unitKey":"kilogram","factor":1000.0}},{"type":"ExecutableStepDTO","stepId":3315671151,"stepOrder":4,"stepType":{"stepTypeId":4,"stepTypeKey":"recovery","displayOrder":4},"childStepId":1,"endCondition":{"conditionTypeId":2,"conditionTypeKey":"time","displayOrder":2,"displayable":true},"endConditionValue":180.0,"targetType":{"workoutTargetTypeId":1,"workoutTargetTypeKey":"no.target","displayOrder":1},"targetValueTwo":0.0,"strokeType":{},"equipmentType":{},"weightUnit":{"unitId":8,"unitKey":"kilogram","factor":1000.0}}],"smartRepeat":false},{"type":"ExecutableStepDTO","stepId":3315671152,"stepOrder":5,"stepType":{"stepTypeId":2,"stepTypeKey":"cooldown","displayOrder":2},"endCondition":{"conditionTypeId":1,"conditionTypeKey":"lap.button","displayOrder":1,"displayable":true},"endConditionValue":0.0,"targetType":{"workoutTargetTypeId":1,"workoutTargetTypeKey":"no.target","displayOrder":1},"targetValueTwo":0.0,"strokeType":{},"equipmentType":{},"weightUnit":{"unitId":8,"unitKey":"kilogram","factor":1000.0}}],"avgTrainingSpeed":0.0,"estimatedDistanceUnit":{},"atp":false,"shared":false}]}]