[{"key":"8a7f4add7cebc3b7017cfc31f0ea0b18","referenceId":"331f1909-53aa-4659-b307-b44f070c9588","referenceType":"CUSTOMER","correlationId":null,"consentTypeId":"DI_CONNECT_PRODUCT_IMPROVEMENT_DATA_USAGE","state":"REVOKED","locale":"en-US","source":"GCM-Android-4.48","version":"4","createdDate":"2021-11-07T20:58:23.850Z","consentCreatedDate":"2021-11-07T20:58:23.849Z","actorId":null,"metadata":null},{"key":"b1a3ab34-0da1-45aa-b0e3-06ca7fb9b5e5","referenceId":"331f1909-53aa-4659-b307-b44f070c9588","referenceType":"CUSTOMER","correlationId":null,"consentTypeId":"DI_CONNECT_INSIGHTS","state":"GRANTED","locale":"en-US","source":"GCM-Android-4.48","version":"28","createdDate":"2021-11-02T17:21:31.384Z","consentCreatedDate":"2021-11-02T17:21:31.384Z","actorId":null,"metadata":null}]