{
  "id" : null,
  "firstName" : "Alex",
  "middleName" : null,
  "lastName" : "Bihshtein",
  "fullName" : "Alex Bihshtein",
  "namePrefix" : null,
  "nameSuffix" : null,
  "gender" : null,
  "displayName" : null,
  "username" : "BIHSHTEIN@GMAIL.COM",
  "primaryAddress" : null,
  "primaryEmailAddress" : {
    "emailAddress" : "bihshtein@gmail.com",
    "type" : null,
    "primary" : true,
    "emailVerified" : true,
    "emailVerificationTimestamp" : "2022-06-12T12:14:55Z",
    "emailAddressId" : null
  },
  "primaryPhoneNumber" : null,
  "locale" : "en_US",
  "type" : null,
  "active" : true,
  "version" : 21,
  "lastUpdateDateTime" : "2022-06-12T14:51:33Z",
  "createdDate" : "2021-10-31T10:46:01Z",
  "customerLocation" : {
    "countryCode" : "IL",
    "verified" : true,
    "verifiedTimestamp" : "2021-10-31T10:46:02Z"
  },
  "addresses" : [ ],
  "emailAddresses" : [ ],
  "phoneNumbers" : [ ],
  "foreignIdentifiers" : [ ],
  "loginInfo" : null
}
