[{"sleepStartTimestampGMT":"2021-08-28T19:02:00.0","sleepEndTimestampGMT":"2021-08-29T06:26:00.0","calendarDate":"2021-08-29","sleepWindowConfirmationType":"OFF_WRIST","deepSleepSeconds":0,"lightSleepSeconds":0,"awakeSleepSeconds":0,"unmeasurableSeconds":0,"retro":false},{"sleepStartTimestampGMT":"2021-08-29T19:19:00.0","sleepEndTimestampGMT":"2021-08-30T06:21:00.0","calendarDate":"2021-08-30","sleepWindowConfirmationType":"OFF_WRIST","deepSleepSeconds":0,"lightSleepSeconds":0,"awakeSleepSeconds":0,"unmeasurableSeconds":0,"retro":false},{"sleepStartTimestampGMT":"2021-08-30T19:07:00.0","sleepEndTimestampGMT":"2021-08-31T06:26:00.0","calendarDate":"2021-08-31","sleepWindowConfirmationType":"OFF_WRIST","deepSleepSeconds":0,"lightSleepSeconds":0,"awakeSleepSeconds":0,"unmeasurableSeconds":0,"retro":false},{"sleepStartTimestampGMT":"2021-08-31T19:23:00.0","sleepEndTimestampGMT":"2021-09-01T06:11:00.0","calendarDate":"2021-09-01","sleepWindowConfirmationType":"OFF_WRIST","deepSleepSeconds":0,"lightSleepSeconds":0,"awakeSleepSeconds":0,"unmeasurableSeconds":0,"retro":false},{"sleepStartTimestampGMT":"2021-09-01T18:57:00.0","sleepEndTimestampGMT":"2021-09-02T06:13:00.0","calendarDate":"2021-09-02","sleepWindowConfirmationType":"OFF_WRIST","deepSleepSeconds":0,"lightSleepSeconds":0,"awakeSleepSeconds":0,"unmeasurableSeconds":0,"retro":false},{"sleepStartTimestampGMT":"2021-09-02T18:52:00.0","sleepEndTimestampGMT":"2021-09-03T05:56:00.0","calendarDate":"2021-09-03","sleepWindowConfirmationType":"OFF_WRIST","deepSleepSeconds":0,"lightSleepSeconds":0,"awakeSleepSeconds":0,"unmeasurableSeconds":0,"retro":false},{"sleepStartTimestampGMT":"2021-09-03T19:02:00.0","sleepEndTimestampGMT":"2021-09-04T06:31:00.0","calendarDate":"2021-09-04","sleepWindowConfirmationType":"OFF_WRIST","deepSleepSeconds":0,"lightSleepSeconds":0,"awakeSleepSeconds":0,"unmeasurableSeconds":0,"retro":false},{"sleepStartTimestampGMT":"2021-09-04T19:02:00.0","sleepEndTimestampGMT":"2021-09-05T06:26:00.0","calendarDate":"2021-09-05","sleepWindowConfirmationType":"OFF_WRIST","deepSleepSeconds":0,"lightSleepSeconds":0,"awakeSleepSeconds":0,"unmeasurableSeconds":0,"retro":false},{"sleepStartTimestampGMT":"2021-09-05T18:52:00.0","sleepEndTimestampGMT":"2021-09-06T05:51:00.0","calendarDate":"2021-09-06","sleepWindowConfirmationType":"OFF_WRIST","deepSleepSeconds":0,"lightSleepSeconds":0,"awakeSleepSeconds":0,"unmeasurableSeconds":0,"retro":false},{"sleepStartTimestampGMT":"2021-09-06T18:57:00.0","sleepEndTimestampGMT":"2021-09-07T06:31:00.0","calendarDate":"2021-09-07","sleepWindowConfirmationType":"OFF_WRIST","deepSleepSeconds":0,"lightSleepSeconds":0,"awakeSleepSeconds":0,"unmeasurableSeconds":0,"retro":false},{"sleepStartTimestampGMT":"2021-09-07T19:26:00.0","sleepEndTimestampGMT":"2021-09-08T06:31:00.0","calendarDate":"2021-09-08","sleepWindowConfirmationType":"OFF_WRIST","deepSleepSeconds":0,"lightSleepSeconds":0,"awakeSleepSeconds":0,"unmeasurableSeconds":0,"retro":false},{"sleepStartTimestampGMT":"2021-09-08T18:57:00.0","sleepEndTimestampGMT":"2021-09-09T05:36:00.0","calendarDate":"2021-09-09","sleepWindowConfirmationType":"OFF_WRIST","deepSleepSeconds":0,"lightSleepSeconds":0,"awakeSleepSeconds":0,"unmeasurableSeconds":0,"retro":false},{"sleepStartTimestampGMT":"2021-09-09T19:07:00.0","sleepEndTimestampGMT":"2021-09-10T06:21:00.0","calendarDate":"2021-09-10","sleepWindowConfirmationType":"OFF_WRIST","deepSleepSeconds":0,"lightSleepSeconds":0,"awakeSleepSeconds":0,"unmeasurableSeconds":0,"retro":false},{"sleepStartTimestampGMT":"2021-09-10T19:02:00.0","sleepEndTimestampGMT":"2021-09-11T06:26:00.0","calendarDate":"2021-09-11","sleepWindowConfirmationType":"OFF_WRIST","deepSleepSeconds":0,"lightSleepSeconds":0,"awakeSleepSeconds":0,"unmeasurableSeconds":0,"retro":false},{"sleepStartTimestampGMT":"2021-09-11T19:11:00.0","sleepEndTimestampGMT":"2021-09-12T06:26:00.0","calendarDate":"2021-09-12","sleepWindowConfirmationType":"OFF_WRIST","deepSleepSeconds":0,"lightSleepSeconds":0,"awakeSleepSeconds":0,"unmeasurableSeconds":0,"retro":false},{"sleepStartTimestampGMT":"2021-09-12T18:57:00.0","sleepEndTimestampGMT":"2021-09-13T06:31:00.0","calendarDate":"2021-09-13","sleepWindowConfirmationType":"OFF_WRIST","deepSleepSeconds":0,"lightSleepSeconds":0,"awakeSleepSeconds":0,"unmeasurableSeconds":0,"retro":false},{"sleepStartTimestampGMT":"2021-09-13T18:57:00.0","sleepEndTimestampGMT":"2021-09-14T06:31:00.0","calendarDate":"2021-09-14","sleepWindowConfirmationType":"OFF_WRIST","deepSleepSeconds":0,"lightSleepSeconds":0,"awakeSleepSeconds":0,"unmeasurableSeconds":0,"retro":false},{"sleepStartTimestampGMT":"2021-09-14T18:57:00.0","sleepEndTimestampGMT":"2021-09-15T06:31:00.0","calendarDate":"2021-09-15","sleepWindowConfirmationType":"OFF_WRIST","deepSleepSeconds":0,"lightSleepSeconds":0,"awakeSleepSeconds":0,"unmeasurableSeconds":0,"retro":false},{"sleepStartTimestampGMT":"2021-09-15T19:09:00.0","sleepEndTimestampGMT":"2021-09-16T06:31:00.0","calendarDate":"2021-09-16","sleepWindowConfirmationType":"OFF_WRIST","deepSleepSeconds":0,"lightSleepSeconds":0,"awakeSleepSeconds":0,"unmeasurableSeconds":0,"retro":false},{"sleepStartTimestampGMT":"2021-09-16T19:52:00.0","sleepEndTimestampGMT":"2021-09-17T06:31:00.0","calendarDate":"2021-09-17","sleepWindowConfirmationType":"OFF_WRIST","deepSleepSeconds":0,"lightSleepSeconds":0,"awakeSleepSeconds":0,"unmeasurableSeconds":0,"retro":false},{"sleepStartTimestampGMT":"2021-09-17T19:02:00.0","sleepEndTimestampGMT":"2021-09-18T06:26:00.0","calendarDate":"2021-09-18","sleepWindowConfirmationType":"OFF_WRIST","deepSleepSeconds":0,"lightSleepSeconds":0,"awakeSleepSeconds":0,"unmeasurableSeconds":0,"retro":false},{"sleepStartTimestampGMT":"2021-09-18T19:02:00.0","sleepEndTimestampGMT":"2021-09-19T06:31:00.0","calendarDate":"2021-09-19","sleepWindowConfirmationType":"OFF_WRIST","deepSleepSeconds":0,"lightSleepSeconds":0,"awakeSleepSeconds":0,"unmeasurableSeconds":0,"retro":false},{"sleepStartTimestampGMT":"2021-09-19T19:07:00.0","sleepEndTimestampGMT":"2021-09-20T05:56:00.0","calendarDate":"2021-09-20","sleepWindowConfirmationType":"OFF_WRIST","deepSleepSeconds":0,"lightSleepSeconds":0,"awakeSleepSeconds":0,"unmeasurableSeconds":0,"retro":false},{"sleepStartTimestampGMT":"2021-09-20T19:37:00.0","sleepEndTimestampGMT":"2021-09-21T06:31:00.0","calendarDate":"2021-09-21","sleepWindowConfirmationType":"OFF_WRIST","deepSleepSeconds":0,"lightSleepSeconds":0,"awakeSleepSeconds":0,"unmeasurableSeconds":0,"retro":false},{"sleepStartTimestampGMT":"2021-09-21T20:12:00.0","sleepEndTimestampGMT":"2021-09-22T06:26:00.0","calendarDate":"2021-09-22","sleepWindowConfirmationType":"OFF_WRIST","deepSleepSeconds":0,"lightSleepSeconds":0,"awakeSleepSeconds":0,"unmeasurableSeconds":0,"retro":false},{"sleepStartTimestampGMT":"2021-09-22T19:00:00.0","sleepEndTimestampGMT":"2021-09-23T06:26:00.0","calendarDate":"2021-09-23","sleepWindowConfirmationType":"OFF_WRIST","deepSleepSeconds":0,"lightSleepSeconds":0,"awakeSleepSeconds":0,"unmeasurableSeconds":0,"retro":false},{"sleepStartTimestampGMT":"2021-09-23T18:57:00.0","sleepEndTimestampGMT":"2021-09-24T05:56:00.0","calendarDate":"2021-09-24","sleepWindowConfirmationType":"OFF_WRIST","deepSleepSeconds":0,"lightSleepSeconds":0,"awakeSleepSeconds":0,"unmeasurableSeconds":0,"retro":false},{"sleepStartTimestampGMT":"2021-09-24T19:02:00.0","sleepEndTimestampGMT":"2021-09-25T06:26:00.0","calendarDate":"2021-09-25","sleepWindowConfirmationType":"OFF_WRIST","deepSleepSeconds":0,"lightSleepSeconds":0,"awakeSleepSeconds":0,"unmeasurableSeconds":0,"retro":false},{"sleepStartTimestampGMT":"2021-09-25T19:02:00.0","sleepEndTimestampGMT":"2021-09-26T06:26:00.0","calendarDate":"2021-09-26","sleepWindowConfirmationType":"OFF_WRIST","deepSleepSeconds":0,"lightSleepSeconds":0,"awakeSleepSeconds":0,"unmeasurableSeconds":0,"retro":false},{"sleepStartTimestampGMT":"2021-09-26T19:02:00.0","sleepEndTimestampGMT":"2021-09-27T06:26:00.0","calendarDate":"2021-09-27","sleepWindowConfirmationType":"OFF_WRIST","deepSleepSeconds":0,"lightSleepSeconds":0,"awakeSleepSeconds":0,"unmeasurableSeconds":0,"retro":false},{"sleepStartTimestampGMT":"2021-09-27T19:02:00.0","sleepEndTimestampGMT":"2021-09-28T06:26:00.0","calendarDate":"2021-09-28","sleepWindowConfirmationType":"OFF_WRIST","deepSleepSeconds":0,"lightSleepSeconds":0,"awakeSleepSeconds":0,"unmeasurableSeconds":0,"retro":false},{"sleepStartTimestampGMT":"2021-09-28T19:17:00.0","sleepEndTimestampGMT":"2021-09-29T06:21:00.0","calendarDate":"2021-09-29","sleepWindowConfirmationType":"OFF_WRIST","deepSleepSeconds":0,"lightSleepSeconds":0,"awakeSleepSeconds":0,"unmeasurableSeconds":0,"retro":false},{"sleepStartTimestampGMT":"2021-09-29T19:09:00.0","sleepEndTimestampGMT":"2021-09-30T06:26:00.0","calendarDate":"2021-09-30","sleepWindowConfirmationType":"OFF_WRIST","deepSleepSeconds":0,"lightSleepSeconds":0,"awakeSleepSeconds":0,"unmeasurableSeconds":0,"retro":false},{"sleepStartTimestampGMT":"2021-09-30T18:52:00.0","sleepEndTimestampGMT":"2021-10-01T05:56:00.0","calendarDate":"2021-10-01","sleepWindowConfirmationType":"OFF_WRIST","deepSleepSeconds":0,"lightSleepSeconds":0,"awakeSleepSeconds":0,"unmeasurableSeconds":0,"retro":false},{"sleepStartTimestampGMT":"2021-10-01T19:02:00.0","sleepEndTimestampGMT":"2021-10-02T06:21:00.0","calendarDate":"2021-10-02","sleepWindowConfirmationType":"OFF_WRIST","deepSleepSeconds":0,"lightSleepSeconds":0,"awakeSleepSeconds":0,"unmeasurableSeconds":0,"retro":false},{"sleepStartTimestampGMT":"2021-10-02T19:07:00.0","sleepEndTimestampGMT":"2021-10-03T06:26:00.0","calendarDate":"2021-10-03","sleepWindowConfirmationType":"OFF_WRIST","deepSleepSeconds":0,"lightSleepSeconds":0,"awakeSleepSeconds":0,"unmeasurableSeconds":0,"retro":false},{"sleepStartTimestampGMT":"2021-10-03T19:10:00.0","sleepEndTimestampGMT":"2021-10-04T06:31:00.0","calendarDate":"2021-10-04","sleepWindowConfirmationType":"OFF_WRIST","deepSleepSeconds":0,"lightSleepSeconds":0,"awakeSleepSeconds":0,"unmeasurableSeconds":0,"retro":false},{"sleepStartTimestampGMT":"2021-10-04T18:57:00.0","sleepEndTimestampGMT":"2021-10-05T06:31:00.0","calendarDate":"2021-10-05","sleepWindowConfirmationType":"OFF_WRIST","deepSleepSeconds":0,"lightSleepSeconds":0,"awakeSleepSeconds":0,"unmeasurableSeconds":0,"retro":false},{"sleepStartTimestampGMT":"2021-10-05T20:45:00.0","sleepEndTimestampGMT":"2021-10-06T05:50:00.0","calendarDate":"2021-10-06","sleepWindowConfirmationType":"OFF_WRIST","deepSleepSeconds":0,"lightSleepSeconds":0,"awakeSleepSeconds":0,"unmeasurableSeconds":0,"retro":false},{"sleepStartTimestampGMT":"2021-10-06T18:52:00.0","sleepEndTimestampGMT":"2021-10-07T04:12:00.0","calendarDate":"2021-10-07","sleepWindowConfirmationType":"OFF_WRIST","deepSleepSeconds":0,"lightSleepSeconds":0,"awakeSleepSeconds":0,"unmeasurableSeconds":0,"retro":false},{"sleepStartTimestampGMT":"2021-10-07T19:08:00.0","sleepEndTimestampGMT":"2021-10-08T04:31:00.0","calendarDate":"2021-10-08","sleepWindowConfirmationType":"OFF_WRIST","deepSleepSeconds":0,"lightSleepSeconds":0,"awakeSleepSeconds":0,"unmeasurableSeconds":0,"retro":false},{"sleepStartTimestampGMT":"2021-10-08T19:04:00.0","sleepEndTimestampGMT":"2021-10-09T06:31:00.0","calendarDate":"2021-10-09","sleepWindowConfirmationType":"OFF_WRIST","deepSleepSeconds":0,"lightSleepSeconds":0,"awakeSleepSeconds":0,"unmeasurableSeconds":0,"retro":false},{"sleepStartTimestampGMT":"2021-10-09T18:57:00.0","sleepEndTimestampGMT":"2021-10-10T06:26:00.0","calendarDate":"2021-10-10","sleepWindowConfirmationType":"OFF_WRIST","deepSleepSeconds":0,"lightSleepSeconds":0,"awakeSleepSeconds":0,"unmeasurableSeconds":0,"retro":false},{"sleepStartTimestampGMT":"2021-10-10T18:52:00.0","sleepEndTimestampGMT":"2021-10-11T05:41:00.0","calendarDate":"2021-10-11","sleepWindowConfirmationType":"OFF_WRIST","deepSleepSeconds":0,"lightSleepSeconds":0,"awakeSleepSeconds":0,"unmeasurableSeconds":0,"retro":false},{"sleepStartTimestampGMT":"2021-10-11T18:57:00.0","sleepEndTimestampGMT":"2021-10-12T06:26:00.0","calendarDate":"2021-10-12","sleepWindowConfirmationType":"OFF_WRIST","deepSleepSeconds":0,"lightSleepSeconds":0,"awakeSleepSeconds":0,"unmeasurableSeconds":0,"retro":false},{"sleepStartTimestampGMT":"2021-10-12T20:42:00.0","sleepEndTimestampGMT":"2021-10-13T06:46:00.0","calendarDate":"2021-10-13","sleepWindowConfirmationType":"OFF_WRIST","deepSleepSeconds":0,"lightSleepSeconds":0,"awakeSleepSeconds":0,"unmeasurableSeconds":0,"retro":false},{"sleepStartTimestampGMT":"2021-10-13T18:42:00.0","sleepEndTimestampGMT":"2021-10-14T05:01:00.0","calendarDate":"2021-10-14","sleepWindowConfirmationType":"OFF_WRIST","deepSleepSeconds":0,"lightSleepSeconds":0,"awakeSleepSeconds":0,"unmeasurableSeconds":0,"retro":false},{"sleepStartTimestampGMT":"2021-10-14T18:47:00.0","sleepEndTimestampGMT":"2021-10-15T05:36:00.0","calendarDate":"2021-10-15","sleepWindowConfirmationType":"OFF_WRIST","deepSleepSeconds":0,"lightSleepSeconds":0,"awakeSleepSeconds":0,"unmeasurableSeconds":0,"retro":false},{"sleepStartTimestampGMT":"2021-10-15T18:57:00.0","sleepEndTimestampGMT":"2021-10-16T06:21:00.0","calendarDate":"2021-10-16","sleepWindowConfirmationType":"OFF_WRIST","deepSleepSeconds":0,"lightSleepSeconds":0,"awakeSleepSeconds":0,"unmeasurableSeconds":0,"retro":false},{"sleepStartTimestampGMT":"2021-10-16T18:57:00.0","sleepEndTimestampGMT":"2021-10-17T06:31:00.0","calendarDate":"2021-10-17","sleepWindowConfirmationType":"OFF_WRIST","deepSleepSeconds":0,"lightSleepSeconds":0,"awakeSleepSeconds":0,"unmeasurableSeconds":0,"retro":false},{"sleepStartTimestampGMT":"2021-10-17T18:57:00.0","sleepEndTimestampGMT":"2021-10-18T06:31:00.0","calendarDate":"2021-10-18","sleepWindowConfirmationType":"OFF_WRIST","deepSleepSeconds":0,"lightSleepSeconds":0,"awakeSleepSeconds":0,"unmeasurableSeconds":0,"retro":false},{"sleepStartTimestampGMT":"2021-10-18T18:57:00.0","sleepEndTimestampGMT":"2021-10-19T06:01:00.0","calendarDate":"2021-10-19","sleepWindowConfirmationType":"OFF_WRIST","deepSleepSeconds":0,"lightSleepSeconds":0,"awakeSleepSeconds":0,"unmeasurableSeconds":0,"retro":false},{"sleepStartTimestampGMT":"2021-10-19T19:02:00.0","sleepEndTimestampGMT":"2021-10-20T06:31:00.0","calendarDate":"2021-10-20","sleepWindowConfirmationType":"OFF_WRIST","deepSleepSeconds":0,"lightSleepSeconds":0,"awakeSleepSeconds":0,"unmeasurableSeconds":0,"retro":false},{"sleepStartTimestampGMT":"2021-10-20T18:57:00.0","sleepEndTimestampGMT":"2021-10-21T06:31:00.0","calendarDate":"2021-10-21","sleepWindowConfirmationType":"OFF_WRIST","deepSleepSeconds":0,"lightSleepSeconds":0,"awakeSleepSeconds":0,"unmeasurableSeconds":0,"retro":false},{"sleepStartTimestampGMT":"2021-10-21T21:52:00.0","sleepEndTimestampGMT":"2021-10-22T06:59:00.0","calendarDate":"2021-10-22","sleepWindowConfirmationType":"OFF_WRIST","deepSleepSeconds":0,"lightSleepSeconds":0,"awakeSleepSeconds":0,"unmeasurableSeconds":0,"retro":false},{"sleepStartTimestampGMT":"2021-10-22T19:05:00.0","sleepEndTimestampGMT":"2021-10-23T06:26:00.0","calendarDate":"2021-10-23","sleepWindowConfirmationType":"OFF_WRIST","deepSleepSeconds":0,"lightSleepSeconds":0,"awakeSleepSeconds":0,"unmeasurableSeconds":0,"retro":false},{"sleepStartTimestampGMT":"2021-10-23T19:22:00.0","sleepEndTimestampGMT":"2021-10-24T06:31:00.0","calendarDate":"2021-10-24","sleepWindowConfirmationType":"OFF_WRIST","deepSleepSeconds":0,"lightSleepSeconds":0,"awakeSleepSeconds":0,"unmeasurableSeconds":0,"retro":false},{"sleepStartTimestampGMT":"2021-10-24T19:02:00.0","sleepEndTimestampGMT":"2021-10-25T06:26:00.0","calendarDate":"2021-10-25","sleepWindowConfirmationType":"OFF_WRIST","deepSleepSeconds":0,"lightSleepSeconds":0,"awakeSleepSeconds":0,"unmeasurableSeconds":0,"retro":false},{"sleepStartTimestampGMT":"2021-10-25T19:02:00.0","sleepEndTimestampGMT":"2021-10-26T06:31:00.0","calendarDate":"2021-10-26","sleepWindowConfirmationType":"OFF_WRIST","deepSleepSeconds":0,"lightSleepSeconds":0,"awakeSleepSeconds":0,"unmeasurableSeconds":0,"retro":false},{"sleepStartTimestampGMT":"2021-10-26T19:12:00.0","sleepEndTimestampGMT":"2021-10-27T06:31:00.0","calendarDate":"2021-10-27","sleepWindowConfirmationType":"OFF_WRIST","deepSleepSeconds":0,"lightSleepSeconds":0,"awakeSleepSeconds":0,"unmeasurableSeconds":0,"retro":false},{"sleepStartTimestampGMT":"2021-10-27T18:42:00.0","sleepEndTimestampGMT":"2021-10-28T04:36:00.0","calendarDate":"2021-10-28","sleepWindowConfirmationType":"OFF_WRIST","deepSleepSeconds":0,"lightSleepSeconds":0,"awakeSleepSeconds":0,"unmeasurableSeconds":0,"retro":false},{"sleepStartTimestampGMT":"2021-10-28T18:31:00.0","sleepEndTimestampGMT":"2021-10-29T02:44:00.0","calendarDate":"2021-10-29","sleepWindowConfirmationType":"OFF_WRIST","deepSleepSeconds":0,"lightSleepSeconds":0,"awakeSleepSeconds":0,"unmeasurableSeconds":0,"retro":false},{"sleepStartTimestampGMT":"2021-10-29T18:57:00.0","sleepEndTimestampGMT":"2021-10-30T06:16:00.0","calendarDate":"2021-10-30","sleepWindowConfirmationType":"OFF_WRIST","deepSleepSeconds":0,"lightSleepSeconds":0,"awakeSleepSeconds":0,"unmeasurableSeconds":0,"retro":false},{"sleepStartTimestampGMT":"2021-10-30T19:57:00.0","sleepEndTimestampGMT":"2021-10-31T07:21:00.0","calendarDate":"2021-10-31","sleepWindowConfirmationType":"OFF_WRIST","deepSleepSeconds":0,"lightSleepSeconds":0,"awakeSleepSeconds":0,"unmeasurableSeconds":0,"retro":false},{"sleepStartTimestampGMT":"2021-10-31T19:57:00.0","sleepEndTimestampGMT":"2021-11-01T07:26:00.0","calendarDate":"2021-11-01","sleepWindowConfirmationType":"OFF_WRIST","deepSleepSeconds":0,"lightSleepSeconds":0,"awakeSleepSeconds":0,"unmeasurableSeconds":0,"retro":false},{"sleepStartTimestampGMT":"2021-11-01T20:30:00.0","sleepEndTimestampGMT":"2021-11-02T05:56:00.0","calendarDate":"2021-11-02","sleepWindowConfirmationType":"OFF_WRIST","deepSleepSeconds":0,"lightSleepSeconds":0,"awakeSleepSeconds":0,"unmeasurableSeconds":0,"retro":false},{"sleepStartTimestampGMT":"2021-11-02T21:15:00.0","sleepEndTimestampGMT":"2021-11-03T07:26:00.0","calendarDate":"2021-11-03","sleepWindowConfirmationType":"OFF_WRIST","deepSleepSeconds":0,"lightSleepSeconds":0,"awakeSleepSeconds":0,"unmeasurableSeconds":0,"retro":false},{"sleepStartTimestampGMT":"2021-11-03T20:02:00.0","sleepEndTimestampGMT":"2021-11-04T07:16:00.0","calendarDate":"2021-11-04","sleepWindowConfirmationType":"OFF_WRIST","deepSleepSeconds":0,"lightSleepSeconds":0,"awakeSleepSeconds":0,"unmeasurableSeconds":0,"retro":false},{"sleepStartTimestampGMT":"2021-11-04T20:02:00.0","sleepEndTimestampGMT":"2021-11-05T07:31:00.0","calendarDate":"2021-11-05","sleepWindowConfirmationType":"OFF_WRIST","deepSleepSeconds":0,"lightSleepSeconds":0,"awakeSleepSeconds":0,"unmeasurableSeconds":0,"retro":false},{"sleepStartTimestampGMT":"2021-11-05T20:02:00.0","sleepEndTimestampGMT":"2021-11-06T07:31:00.0","calendarDate":"2021-11-06","sleepWindowConfirmationType":"OFF_WRIST","deepSleepSeconds":0,"lightSleepSeconds":0,"awakeSleepSeconds":0,"unmeasurableSeconds":0,"retro":false},{"sleepStartTimestampGMT":"2021-11-06T20:07:00.0","sleepEndTimestampGMT":"2021-11-07T07:31:00.0","calendarDate":"2021-11-07","sleepWindowConfirmationType":"OFF_WRIST","deepSleepSeconds":0,"lightSleepSeconds":0,"awakeSleepSeconds":0,"unmeasurableSeconds":0,"retro":false},{"sleepStartTimestampGMT":"2021-11-07T20:06:00.0","sleepEndTimestampGMT":"2021-11-08T07:26:00.0","calendarDate":"2021-11-08","sleepWindowConfirmationType":"OFF_WRIST","deepSleepSeconds":0,"lightSleepSeconds":0,"awakeSleepSeconds":0,"unmeasurableSeconds":0,"retro":false},{"sleepStartTimestampGMT":"2021-11-08T19:42:00.0","sleepEndTimestampGMT":"2021-11-09T04:56:00.0","calendarDate":"2021-11-09","sleepWindowConfirmationType":"OFF_WRIST","deepSleepSeconds":0,"lightSleepSeconds":0,"awakeSleepSeconds":0,"unmeasurableSeconds":0,"retro":false},{"sleepStartTimestampGMT":"2021-11-09T20:17:00.0","sleepEndTimestampGMT":"2021-11-10T07:31:00.0","calendarDate":"2021-11-10","sleepWindowConfirmationType":"OFF_WRIST","deepSleepSeconds":0,"lightSleepSeconds":0,"awakeSleepSeconds":0,"unmeasurableSeconds":0,"retro":false},{"sleepStartTimestampGMT":"2021-11-10T20:02:00.0","sleepEndTimestampGMT":"2021-11-11T07:18:00.0","calendarDate":"2021-11-11","sleepWindowConfirmationType":"OFF_WRIST","deepSleepSeconds":0,"lightSleepSeconds":0,"awakeSleepSeconds":0,"unmeasurableSeconds":0,"retro":false},{"sleepStartTimestampGMT":"2021-11-11T19:47:00.0","sleepEndTimestampGMT":"2021-11-12T05:42:00.0","calendarDate":"2021-11-12","sleepWindowConfirmationType":"OFF_WRIST","deepSleepSeconds":0,"lightSleepSeconds":0,"awakeSleepSeconds":0,"unmeasurableSeconds":0,"retro":false},{"sleepStartTimestampGMT":"2021-11-12T20:07:00.0","sleepEndTimestampGMT":"2021-11-13T07:31:00.0","calendarDate":"2021-11-13","sleepWindowConfirmationType":"OFF_WRIST","deepSleepSeconds":0,"lightSleepSeconds":0,"awakeSleepSeconds":0,"unmeasurableSeconds":0,"retro":false},{"sleepStartTimestampGMT":"2021-11-13T20:02:00.0","sleepEndTimestampGMT":"2021-11-14T07:31:00.0","calendarDate":"2021-11-14","sleepWindowConfirmationType":"OFF_WRIST","deepSleepSeconds":0,"lightSleepSeconds":0,"awakeSleepSeconds":0,"unmeasurableSeconds":0,"retro":false},{"sleepStartTimestampGMT":"2021-11-14T20:07:00.0","sleepEndTimestampGMT":"2021-11-15T07:21:00.0","calendarDate":"2021-11-15","sleepWindowConfirmationType":"OFF_WRIST","deepSleepSeconds":0,"lightSleepSeconds":0,"awakeSleepSeconds":0,"unmeasurableSeconds":0,"retro":false},{"sleepStartTimestampGMT":"2021-11-15T19:47:00.0","sleepEndTimestampGMT":"2021-11-16T05:46:00.0","calendarDate":"2021-11-16","sleepWindowConfirmationType":"OFF_WRIST","deepSleepSeconds":0,"lightSleepSeconds":0,"awakeSleepSeconds":0,"unmeasurableSeconds":0,"retro":false},{"sleepStartTimestampGMT":"2021-11-16T20:07:00.0","sleepEndTimestampGMT":"2021-11-17T07:26:00.0","calendarDate":"2021-11-17","sleepWindowConfirmationType":"OFF_WRIST","deepSleepSeconds":0,"lightSleepSeconds":0,"awakeSleepSeconds":0,"unmeasurableSeconds":0,"retro":false},{"sleepStartTimestampGMT":"2021-11-17T20:07:00.0","sleepEndTimestampGMT":"2021-11-18T07:31:00.0","calendarDate":"2021-11-18","sleepWindowConfirmationType":"OFF_WRIST","deepSleepSeconds":0,"lightSleepSeconds":0,"awakeSleepSeconds":0,"unmeasurableSeconds":0,"retro":false},{"sleepStartTimestampGMT":"2021-11-18T20:02:00.0","sleepEndTimestampGMT":"2021-11-19T07:26:00.0","calendarDate":"2021-11-19","sleepWindowConfirmationType":"OFF_WRIST","deepSleepSeconds":0,"lightSleepSeconds":0,"awakeSleepSeconds":0,"unmeasurableSeconds":0,"retro":false},{"sleepStartTimestampGMT":"2021-11-19T20:04:00.0","sleepEndTimestampGMT":"2021-11-20T07:26:00.0","calendarDate":"2021-11-20","sleepWindowConfirmationType":"OFF_WRIST","deepSleepSeconds":0,"lightSleepSeconds":0,"awakeSleepSeconds":0,"unmeasurableSeconds":0,"retro":false},{"sleepStartTimestampGMT":"2021-11-20T20:02:00.0","sleepEndTimestampGMT":"2021-11-21T07:26:00.0","calendarDate":"2021-11-21","sleepWindowConfirmationType":"OFF_WRIST","deepSleepSeconds":0,"lightSleepSeconds":0,"awakeSleepSeconds":0,"unmeasurableSeconds":0,"retro":false},{"sleepStartTimestampGMT":"2021-11-21T20:02:00.0","sleepEndTimestampGMT":"2021-11-22T07:26:00.0","calendarDate":"2021-11-22","sleepWindowConfirmationType":"OFF_WRIST","deepSleepSeconds":0,"lightSleepSeconds":0,"awakeSleepSeconds":0,"unmeasurableSeconds":0,"retro":false},{"sleepStartTimestampGMT":"2021-11-22T20:07:00.0","sleepEndTimestampGMT":"2021-11-23T07:26:00.0","calendarDate":"2021-11-23","sleepWindowConfirmationType":"OFF_WRIST","deepSleepSeconds":0,"lightSleepSeconds":0,"awakeSleepSeconds":0,"unmeasurableSeconds":0,"retro":false},{"sleepStartTimestampGMT":"2021-11-23T19:57:00.0","sleepEndTimestampGMT":"2021-11-24T06:51:00.0","calendarDate":"2021-11-24","sleepWindowConfirmationType":"OFF_WRIST","deepSleepSeconds":0,"lightSleepSeconds":0,"awakeSleepSeconds":0,"unmeasurableSeconds":0,"retro":false},{"sleepStartTimestampGMT":"2021-11-24T20:07:00.0","sleepEndTimestampGMT":"2021-11-25T07:26:00.0","calendarDate":"2021-11-25","sleepWindowConfirmationType":"OFF_WRIST","deepSleepSeconds":0,"lightSleepSeconds":0,"awakeSleepSeconds":0,"unmeasurableSeconds":0,"retro":false},{"sleepStartTimestampGMT":"2021-11-25T20:12:00.0","sleepEndTimestampGMT":"2021-11-26T07:31:00.0","calendarDate":"2021-11-26","sleepWindowConfirmationType":"OFF_WRIST","deepSleepSeconds":0,"lightSleepSeconds":0,"awakeSleepSeconds":0,"unmeasurableSeconds":0,"retro":false},{"sleepStartTimestampGMT":"2021-11-26T20:07:00.0","sleepEndTimestampGMT":"2021-11-27T07:26:00.0","calendarDate":"2021-11-27","sleepWindowConfirmationType":"OFF_WRIST","deepSleepSeconds":0,"lightSleepSeconds":0,"awakeSleepSeconds":0,"unmeasurableSeconds":0,"retro":false},{"sleepStartTimestampGMT":"2021-11-27T20:02:00.0","sleepEndTimestampGMT":"2021-11-28T07:26:00.0","calendarDate":"2021-11-28","sleepWindowConfirmationType":"OFF_WRIST","deepSleepSeconds":0,"lightSleepSeconds":0,"awakeSleepSeconds":0,"unmeasurableSeconds":0,"retro":false},{"sleepStartTimestampGMT":"2021-11-28T19:57:00.0","sleepEndTimestampGMT":"2021-11-29T07:31:00.0","calendarDate":"2021-11-29","sleepWindowConfirmationType":"OFF_WRIST","deepSleepSeconds":0,"lightSleepSeconds":0,"awakeSleepSeconds":0,"unmeasurableSeconds":0,"retro":false},{"sleepStartTimestampGMT":"2021-11-29T19:52:00.0","sleepEndTimestampGMT":"2021-11-30T06:31:00.0","calendarDate":"2021-11-30","sleepWindowConfirmationType":"OFF_WRIST","deepSleepSeconds":0,"lightSleepSeconds":0,"awakeSleepSeconds":0,"unmeasurableSeconds":0,"retro":false},{"sleepStartTimestampGMT":"2021-11-30T19:57:00.0","sleepEndTimestampGMT":"2021-12-01T07:26:00.0","calendarDate":"2021-12-01","sleepWindowConfirmationType":"OFF_WRIST","deepSleepSeconds":0,"lightSleepSeconds":0,"awakeSleepSeconds":0,"unmeasurableSeconds":0,"retro":false},{"sleepStartTimestampGMT":"2021-12-01T20:06:00.0","sleepEndTimestampGMT":"2021-12-02T07:26:00.0","calendarDate":"2021-12-02","sleepWindowConfirmationType":"OFF_WRIST","deepSleepSeconds":0,"lightSleepSeconds":0,"awakeSleepSeconds":0,"unmeasurableSeconds":0,"retro":false},{"sleepStartTimestampGMT":"2021-12-02T19:42:00.0","sleepEndTimestampGMT":"2021-12-03T06:06:00.0","calendarDate":"2021-12-03","sleepWindowConfirmationType":"OFF_WRIST","deepSleepSeconds":0,"lightSleepSeconds":0,"awakeSleepSeconds":0,"unmeasurableSeconds":0,"retro":false},{"sleepStartTimestampGMT":"2021-12-03T20:07:00.0","sleepEndTimestampGMT":"2021-12-04T07:26:00.0","calendarDate":"2021-12-04","sleepWindowConfirmationType":"OFF_WRIST","deepSleepSeconds":0,"lightSleepSeconds":0,"awakeSleepSeconds":0,"unmeasurableSeconds":0,"retro":false},{"sleepStartTimestampGMT":"2021-12-04T20:00:00.0","sleepEndTimestampGMT":"2021-12-05T06:41:00.0","calendarDate":"2021-12-05","sleepWindowConfirmationType":"OFF_WRIST","deepSleepSeconds":0,"lightSleepSeconds":0,"awakeSleepSeconds":0,"unmeasurableSeconds":0,"retro":false},{"sleepStartTimestampGMT":"2021-12-05T22:38:00.0","sleepEndTimestampGMT":"2021-12-06T07:59:00.0","calendarDate":"2021-12-06","sleepWindowConfirmationType":"OFF_WRIST","deepSleepSeconds":0,"lightSleepSeconds":0,"awakeSleepSeconds":0,"unmeasurableSeconds":0,"retro":false}]