[{"sleepStartTimestampGMT":"2021-04-19T20:00:00.0","sleepEndTimestampGMT":"2021-04-20T03:00:00.0","calendarDate":"2021-04-20","sleepWindowConfirmationType":"UNCONFIRMED","retro":false},{"sleepStartTimestampGMT":"2021-04-20T18:57:00.0","sleepEndTimestampGMT":"2021-04-21T06:19:00.0","calendarDate":"2021-04-21","sleepWindowConfirmationType":"OFF_WRIST","deepSleepSeconds":0,"lightSleepSeconds":0,"awakeSleepSeconds":0,"unmeasurableSeconds":0,"retro":false},{"sleepStartTimestampGMT":"2021-04-21T20:03:00.0","sleepEndTimestampGMT":"2021-04-22T04:02:00.0","calendarDate":"2021-04-22","sleepWindowConfirmationType":"OFF_WRIST","deepSleepSeconds":0,"lightSleepSeconds":0,"awakeSleepSeconds":0,"unmeasurableSeconds":0,"retro":false},{"sleepStartTimestampGMT":"2021-04-22T18:42:00.0","sleepEndTimestampGMT":"2021-04-23T05:06:00.0","calendarDate":"2021-04-23","sleepWindowConfirmationType":"OFF_WRIST","deepSleepSeconds":0,"lightSleepSeconds":0,"awakeSleepSeconds":0,"unmeasurableSeconds":0,"retro":false},{"sleepStartTimestampGMT":"2021-04-23T19:17:00.0","sleepEndTimestampGMT":"2021-04-24T06:31:00.0","calendarDate":"2021-04-24","sleepWindowConfirmationType":"OFF_WRIST","deepSleepSeconds":0,"lightSleepSeconds":0,"awakeSleepSeconds":0,"unmeasurableSeconds":0,"retro":false},{"sleepStartTimestampGMT":"2021-04-24T18:31:00.0","sleepEndTimestampGMT":"2021-04-25T03:29:00.0","calendarDate":"2021-04-25","sleepWindowConfirmationType":"OFF_WRIST","deepSleepSeconds":0,"lightSleepSeconds":0,"awakeSleepSeconds":0,"unmeasurableSeconds":0,"retro":false},{"sleepStartTimestampGMT":"2021-04-25T20:09:00.0","sleepEndTimestampGMT":"2021-04-26T04:36:00.0","calendarDate":"2021-04-26","sleepWindowConfirmationType":"ENHANCED_CONFIRMED_FINAL","deepSleepSeconds":2400,"lightSleepSeconds":19920,"remSleepSeconds":8040,"awakeSleepSeconds":60,"unmeasurableSeconds":0,"retro":false},{"sleepStartTimestampGMT":"2021-04-26T20:16:00.0","sleepEndTimestampGMT":"2021-04-27T03:32:00.0","calendarDate":"2021-04-27","sleepWindowConfirmationType":"ENHANCED_CONFIRMED_FINAL","deepSleepSeconds":2640,"lightSleepSeconds":18540,"remSleepSeconds":4740,"awakeSleepSeconds":240,"unmeasurableSeconds":0,"retro":false},{"sleepStartTimestampGMT":"2021-04-27T18:40:00.0","sleepEndTimestampGMT":"2021-04-28T04:51:00.0","calendarDate":"2021-04-28","sleepWindowConfirmationType":"OFF_WRIST","deepSleepSeconds":0,"lightSleepSeconds":0,"awakeSleepSeconds":0,"unmeasurableSeconds":0,"retro":false},{"sleepStartTimestampGMT":"2021-04-28T19:25:00.0","sleepEndTimestampGMT":"2021-04-29T04:56:00.0","calendarDate":"2021-04-29","sleepWindowConfirmationType":"OFF_WRIST","deepSleepSeconds":0,"lightSleepSeconds":0,"awakeSleepSeconds":0,"unmeasurableSeconds":0,"retro":false},{"sleepStartTimestampGMT":"2021-04-29T18:56:00.0","sleepEndTimestampGMT":"2021-04-30T04:17:00.0","calendarDate":"2021-04-30","sleepWindowConfirmationType":"OFF_WRIST","deepSleepSeconds":0,"lightSleepSeconds":0,"awakeSleepSeconds":0,"unmeasurableSeconds":0,"retro":false},{"sleepStartTimestampGMT":"2021-04-30T18:57:00.0","sleepEndTimestampGMT":"2021-05-01T06:06:00.0","calendarDate":"2021-05-01","sleepWindowConfirmationType":"OFF_WRIST","deepSleepSeconds":0,"lightSleepSeconds":0,"awakeSleepSeconds":0,"unmeasurableSeconds":0,"retro":false},{"sleepStartTimestampGMT":"2021-05-01T18:52:00.0","sleepEndTimestampGMT":"2021-05-02T05:01:00.0","calendarDate":"2021-05-02","sleepWindowConfirmationType":"OFF_WRIST","deepSleepSeconds":0,"lightSleepSeconds":0,"awakeSleepSeconds":0,"unmeasurableSeconds":0,"retro":false},{"sleepStartTimestampGMT":"2021-05-02T18:47:00.0","sleepEndTimestampGMT":"2021-05-03T04:56:00.0","calendarDate":"2021-05-03","sleepWindowConfirmationType":"OFF_WRIST","deepSleepSeconds":0,"lightSleepSeconds":0,"awakeSleepSeconds":0,"unmeasurableSeconds":0,"retro":false},{"sleepStartTimestampGMT":"2021-05-03T18:57:00.0","sleepEndTimestampGMT":"2021-05-04T05:01:00.0","calendarDate":"2021-05-04","sleepWindowConfirmationType":"OFF_WRIST","deepSleepSeconds":0,"lightSleepSeconds":0,"awakeSleepSeconds":0,"unmeasurableSeconds":0,"retro":false},{"sleepStartTimestampGMT":"2021-05-04T19:07:00.0","sleepEndTimestampGMT":"2021-05-05T04:51:00.0","calendarDate":"2021-05-05","sleepWindowConfirmationType":"OFF_WRIST","deepSleepSeconds":0,"lightSleepSeconds":0,"awakeSleepSeconds":0,"unmeasurableSeconds":0,"retro":false},{"sleepStartTimestampGMT":"2021-05-05T18:57:00.0","sleepEndTimestampGMT":"2021-05-06T04:59:00.0","calendarDate":"2021-05-06","sleepWindowConfirmationType":"OFF_WRIST","deepSleepSeconds":0,"lightSleepSeconds":0,"awakeSleepSeconds":0,"unmeasurableSeconds":0,"retro":false},{"sleepStartTimestampGMT":"2021-05-06T20:09:00.0","sleepEndTimestampGMT":"2021-05-07T05:14:00.0","calendarDate":"2021-05-07","sleepWindowConfirmationType":"OFF_WRIST","deepSleepSeconds":0,"lightSleepSeconds":0,"awakeSleepSeconds":0,"unmeasurableSeconds":0,"retro":false},{"sleepStartTimestampGMT":"2021-05-07T19:07:00.0","sleepEndTimestampGMT":"2021-05-08T06:31:00.0","calendarDate":"2021-05-08","sleepWindowConfirmationType":"OFF_WRIST","deepSleepSeconds":0,"lightSleepSeconds":0,"awakeSleepSeconds":0,"unmeasurableSeconds":0,"retro":false},{"sleepStartTimestampGMT":"2021-05-08T19:22:00.0","sleepEndTimestampGMT":"2021-05-09T06:31:00.0","calendarDate":"2021-05-09","sleepWindowConfirmationType":"OFF_WRIST","deepSleepSeconds":0,"lightSleepSeconds":0,"awakeSleepSeconds":0,"unmeasurableSeconds":0,"retro":false},{"sleepStartTimestampGMT":"2021-05-09T19:08:00.0","sleepEndTimestampGMT":"2021-05-10T06:21:00.0","calendarDate":"2021-05-10","sleepWindowConfirmationType":"OFF_WRIST","deepSleepSeconds":0,"lightSleepSeconds":0,"awakeSleepSeconds":0,"unmeasurableSeconds":0,"retro":false},{"sleepStartTimestampGMT":"2021-05-10T19:37:00.0","sleepEndTimestampGMT":"2021-05-11T06:21:00.0","calendarDate":"2021-05-11","sleepWindowConfirmationType":"OFF_WRIST","deepSleepSeconds":0,"lightSleepSeconds":0,"awakeSleepSeconds":0,"unmeasurableSeconds":0,"retro":false},{"sleepStartTimestampGMT":"2021-05-11T19:21:00.0","sleepEndTimestampGMT":"2021-05-12T06:21:00.0","calendarDate":"2021-05-12","sleepWindowConfirmationType":"OFF_WRIST","deepSleepSeconds":0,"lightSleepSeconds":0,"awakeSleepSeconds":0,"unmeasurableSeconds":0,"retro":false},{"sleepStartTimestampGMT":"2021-05-12T19:40:00.0","sleepEndTimestampGMT":"2021-05-13T06:15:00.0","calendarDate":"2021-05-13","sleepWindowConfirmationType":"OFF_WRIST","deepSleepSeconds":0,"lightSleepSeconds":0,"awakeSleepSeconds":0,"unmeasurableSeconds":0,"retro":false},{"sleepStartTimestampGMT":"2021-05-13T19:25:00.0","sleepEndTimestampGMT":"2021-05-14T06:31:00.0","calendarDate":"2021-05-14","sleepWindowConfirmationType":"OFF_WRIST","deepSleepSeconds":0,"lightSleepSeconds":0,"awakeSleepSeconds":0,"unmeasurableSeconds":0,"retro":false},{"sleepStartTimestampGMT":"2021-05-14T19:07:00.0","sleepEndTimestampGMT":"2021-05-15T06:26:00.0","calendarDate":"2021-05-15","sleepWindowConfirmationType":"OFF_WRIST","deepSleepSeconds":0,"lightSleepSeconds":0,"awakeSleepSeconds":0,"unmeasurableSeconds":0,"retro":false},{"sleepStartTimestampGMT":"2021-05-15T19:02:00.0","sleepEndTimestampGMT":"2021-05-16T06:26:00.0","calendarDate":"2021-05-16","sleepWindowConfirmationType":"OFF_WRIST","deepSleepSeconds":0,"lightSleepSeconds":0,"awakeSleepSeconds":0,"unmeasurableSeconds":0,"retro":false},{"sleepStartTimestampGMT":"2021-05-16T19:44:00.0","sleepEndTimestampGMT":"2021-05-17T06:31:00.0","calendarDate":"2021-05-17","sleepWindowConfirmationType":"OFF_WRIST","deepSleepSeconds":0,"lightSleepSeconds":0,"awakeSleepSeconds":0,"unmeasurableSeconds":0,"retro":false},{"sleepStartTimestampGMT":"2021-05-17T19:55:00.0","sleepEndTimestampGMT":"2021-05-18T06:03:00.0","calendarDate":"2021-05-18","sleepWindowConfirmationType":"OFF_WRIST","deepSleepSeconds":0,"lightSleepSeconds":0,"awakeSleepSeconds":0,"unmeasurableSeconds":0,"retro":false},{"sleepStartTimestampGMT":"2021-05-18T19:02:00.0","sleepEndTimestampGMT":"2021-05-19T06:26:00.0","calendarDate":"2021-05-19","sleepWindowConfirmationType":"OFF_WRIST","deepSleepSeconds":0,"lightSleepSeconds":0,"awakeSleepSeconds":0,"unmeasurableSeconds":0,"retro":false},{"sleepStartTimestampGMT":"2021-05-19T19:02:00.0","sleepEndTimestampGMT":"2021-05-20T06:31:00.0","calendarDate":"2021-05-20","sleepWindowConfirmationType":"OFF_WRIST","deepSleepSeconds":0,"lightSleepSeconds":0,"awakeSleepSeconds":0,"unmeasurableSeconds":0,"retro":false}]