[{"sleepStartTimestampGMT":"2021-12-06T20:02:00.0","sleepEndTimestampGMT":"2021-12-07T07:24:00.0","calendarDate":"2021-12-07","sleepWindowConfirmationType":"OFF_WRIST","deepSleepSeconds":0,"lightSleepSeconds":0,"awakeSleepSeconds":0,"unmeasurableSeconds":0,"retro":false},{"sleepStartTimestampGMT":"2021-12-07T20:14:00.0","sleepEndTimestampGMT":"2021-12-08T06:56:00.0","calendarDate":"2021-12-08","sleepWindowConfirmationType":"OFF_WRIST","deepSleepSeconds":0,"lightSleepSeconds":0,"awakeSleepSeconds":0,"unmeasurableSeconds":0,"retro":false},{"sleepStartTimestampGMT":"2021-12-08T20:04:00.0","sleepEndTimestampGMT":"2021-12-09T07:03:00.0","calendarDate":"2021-12-09","sleepWindowConfirmationType":"OFF_WRIST","deepSleepSeconds":0,"lightSleepSeconds":0,"awakeSleepSeconds":0,"unmeasurableSeconds":0,"retro":false},{"sleepStartTimestampGMT":"2021-12-09T20:04:00.0","sleepEndTimestampGMT":"2021-12-10T07:21:00.0","calendarDate":"2021-12-10","sleepWindowConfirmationType":"OFF_WRIST","deepSleepSeconds":0,"lightSleepSeconds":0,"awakeSleepSeconds":0,"unmeasurableSeconds":0,"retro":false},{"sleepStartTimestampGMT":"2021-12-10T20:04:00.0","sleepEndTimestampGMT":"2021-12-11T07:26:00.0","calendarDate":"2021-12-11","sleepWindowConfirmationType":"OFF_WRIST","deepSleepSeconds":0,"lightSleepSeconds":0,"awakeSleepSeconds":0,"unmeasurableSeconds":0,"retro":false},{"sleepStartTimestampGMT":"2021-12-11T20:07:00.0","sleepEndTimestampGMT":"2021-12-12T07:31:00.0","calendarDate":"2021-12-12","sleepWindowConfirmationType":"OFF_WRIST","deepSleepSeconds":0,"lightSleepSeconds":0,"awakeSleepSeconds":0,"unmeasurableSeconds":0,"retro":false},{"sleepStartTimestampGMT":"2021-12-12T19:57:00.0","sleepEndTimestampGMT":"2021-12-13T07:31:00.0","calendarDate":"2021-12-13","sleepWindowConfirmationType":"OFF_WRIST","deepSleepSeconds":0,"lightSleepSeconds":0,"awakeSleepSeconds":0,"unmeasurableSeconds":0,"retro":false},{"sleepStartTimestampGMT":"2021-12-13T19:57:00.0","sleepEndTimestampGMT":"2021-12-14T07:26:00.0","calendarDate":"2021-12-14","sleepWindowConfirmationType":"OFF_WRIST","deepSleepSeconds":0,"lightSleepSeconds":0,"awakeSleepSeconds":0,"unmeasurableSeconds":0,"retro":false},{"sleepStartTimestampGMT":"2021-12-14T19:57:00.0","sleepEndTimestampGMT":"2021-12-15T07:31:00.0","calendarDate":"2021-12-15","sleepWindowConfirmationType":"OFF_WRIST","deepSleepSeconds":0,"lightSleepSeconds":0,"awakeSleepSeconds":0,"unmeasurableSeconds":0,"retro":false},{"sleepStartTimestampGMT":"2021-12-15T19:57:00.0","sleepEndTimestampGMT":"2021-12-16T07:26:00.0","calendarDate":"2021-12-16","sleepWindowConfirmationType":"OFF_WRIST","deepSleepSeconds":0,"lightSleepSeconds":0,"awakeSleepSeconds":0,"unmeasurableSeconds":0,"retro":false},{"sleepStartTimestampGMT":"2021-12-16T20:08:00.0","sleepEndTimestampGMT":"2021-12-17T07:21:00.0","calendarDate":"2021-12-17","sleepWindowConfirmationType":"OFF_WRIST","deepSleepSeconds":0,"lightSleepSeconds":0,"awakeSleepSeconds":0,"unmeasurableSeconds":0,"retro":false},{"sleepStartTimestampGMT":"2021-12-17T19:57:00.0","sleepEndTimestampGMT":"2021-12-18T07:31:00.0","calendarDate":"2021-12-18","sleepWindowConfirmationType":"OFF_WRIST","deepSleepSeconds":0,"lightSleepSeconds":0,"awakeSleepSeconds":0,"unmeasurableSeconds":0,"retro":false},{"sleepStartTimestampGMT":"2021-12-18T19:57:00.0","sleepEndTimestampGMT":"2021-12-19T07:03:00.0","calendarDate":"2021-12-19","sleepWindowConfirmationType":"OFF_WRIST","deepSleepSeconds":0,"lightSleepSeconds":0,"awakeSleepSeconds":0,"unmeasurableSeconds":0,"retro":false},{"sleepStartTimestampGMT":"2021-12-19T19:57:00.0","sleepEndTimestampGMT":"2021-12-20T07:26:00.0","calendarDate":"2021-12-20","sleepWindowConfirmationType":"OFF_WRIST","deepSleepSeconds":0,"lightSleepSeconds":0,"awakeSleepSeconds":0,"unmeasurableSeconds":0,"retro":false},{"sleepStartTimestampGMT":"2021-12-20T19:57:00.0","sleepEndTimestampGMT":"2021-12-21T06:58:00.0","calendarDate":"2021-12-21","sleepWindowConfirmationType":"OFF_WRIST","deepSleepSeconds":0,"lightSleepSeconds":0,"awakeSleepSeconds":0,"unmeasurableSeconds":0,"retro":false},{"sleepStartTimestampGMT":"2021-12-21T20:22:00.0","sleepEndTimestampGMT":"2021-12-22T07:16:00.0","calendarDate":"2021-12-22","sleepWindowConfirmationType":"OFF_WRIST","deepSleepSeconds":0,"lightSleepSeconds":0,"awakeSleepSeconds":0,"unmeasurableSeconds":0,"retro":false},{"sleepStartTimestampGMT":"2021-12-22T19:57:00.0","sleepEndTimestampGMT":"2021-12-23T06:41:00.0","calendarDate":"2021-12-23","sleepWindowConfirmationType":"OFF_WRIST","deepSleepSeconds":0,"lightSleepSeconds":0,"awakeSleepSeconds":0,"unmeasurableSeconds":0,"retro":false},{"sleepStartTimestampGMT":"2021-12-23T19:57:00.0","sleepEndTimestampGMT":"2021-12-24T07:08:00.0","calendarDate":"2021-12-24","sleepWindowConfirmationType":"OFF_WRIST","deepSleepSeconds":0,"lightSleepSeconds":0,"awakeSleepSeconds":0,"unmeasurableSeconds":0,"retro":false},{"sleepStartTimestampGMT":"2021-12-24T20:41:00.0","sleepEndTimestampGMT":"2021-12-25T07:21:00.0","calendarDate":"2021-12-25","sleepWindowConfirmationType":"OFF_WRIST","deepSleepSeconds":0,"lightSleepSeconds":0,"awakeSleepSeconds":0,"unmeasurableSeconds":0,"retro":false},{"sleepStartTimestampGMT":"2021-12-26T01:21:00.0","sleepEndTimestampGMT":"2021-12-26T09:41:00.0","calendarDate":"2021-12-26","sleepWindowConfirmationType":"OFF_WRIST","deepSleepSeconds":0,"lightSleepSeconds":0,"awakeSleepSeconds":0,"unmeasurableSeconds":0,"retro":false},{"sleepStartTimestampGMT":"2021-12-27T00:57:00.0","sleepEndTimestampGMT":"2021-12-27T12:31:00.0","calendarDate":"2021-12-27","sleepWindowConfirmationType":"OFF_WRIST","deepSleepSeconds":0,"lightSleepSeconds":0,"awakeSleepSeconds":0,"unmeasurableSeconds":0,"retro":false},{"sleepStartTimestampGMT":"2021-12-28T01:01:00.0","sleepEndTimestampGMT":"2021-12-28T07:01:00.0","calendarDate":"2021-12-28","sleepWindowConfirmationType":"OFF_WRIST","deepSleepSeconds":0,"lightSleepSeconds":0,"awakeSleepSeconds":0,"unmeasurableSeconds":0,"retro":false},{"sleepStartTimestampGMT":"2021-12-29T01:33:00.0","sleepEndTimestampGMT":"2021-12-29T08:51:00.0","calendarDate":"2021-12-29","sleepWindowConfirmationType":"OFF_WRIST","deepSleepSeconds":0,"lightSleepSeconds":0,"awakeSleepSeconds":0,"unmeasurableSeconds":0,"retro":false},{"sleepStartTimestampGMT":"2021-12-30T02:16:00.0","sleepEndTimestampGMT":"2021-12-30T10:13:00.0","calendarDate":"2021-12-30","sleepWindowConfirmationType":"OFF_WRIST","deepSleepSeconds":0,"lightSleepSeconds":0,"awakeSleepSeconds":0,"unmeasurableSeconds":0,"retro":false},{"sleepStartTimestampGMT":"2021-12-31T03:01:00.0","sleepEndTimestampGMT":"2021-12-31T10:27:00.0","calendarDate":"2021-12-31","sleepWindowConfirmationType":"OFF_WRIST","deepSleepSeconds":0,"lightSleepSeconds":0,"awakeSleepSeconds":0,"unmeasurableSeconds":0,"retro":false},{"sleepStartTimestampGMT":"2022-01-01T02:00:00.0","sleepEndTimestampGMT":"2022-01-01T09:00:00.0","calendarDate":"2022-01-01","sleepWindowConfirmationType":"UNCONFIRMED","retro":false},{"sleepStartTimestampGMT":"2022-01-02T02:00:00.0","sleepEndTimestampGMT":"2022-01-02T09:00:00.0","calendarDate":"2022-01-02","sleepWindowConfirmationType":"UNCONFIRMED","retro":false},{"sleepStartTimestampGMT":"2022-01-07T02:00:00.0","sleepEndTimestampGMT":"2022-01-07T09:00:00.0","calendarDate":"2022-01-07","sleepWindowConfirmationType":"UNCONFIRMED","retro":false},{"sleepStartTimestampGMT":"2022-01-08T02:49:00.0","sleepEndTimestampGMT":"2022-01-08T09:10:00.0","calendarDate":"2022-01-08","sleepWindowConfirmationType":"OFF_WRIST","deepSleepSeconds":0,"lightSleepSeconds":0,"awakeSleepSeconds":0,"unmeasurableSeconds":0,"retro":false},{"sleepStartTimestampGMT":"2022-01-09T02:05:00.0","sleepEndTimestampGMT":"2022-01-09T11:08:00.0","calendarDate":"2022-01-09","sleepWindowConfirmationType":"OFF_WRIST","deepSleepSeconds":0,"lightSleepSeconds":0,"awakeSleepSeconds":0,"unmeasurableSeconds":0,"retro":false},{"sleepStartTimestampGMT":"2022-01-10T02:29:00.0","sleepEndTimestampGMT":"2022-01-10T11:11:00.0","calendarDate":"2022-01-10","sleepWindowConfirmationType":"OFF_WRIST","deepSleepSeconds":0,"lightSleepSeconds":0,"awakeSleepSeconds":0,"unmeasurableSeconds":0,"retro":false},{"sleepStartTimestampGMT":"2022-01-11T01:07:00.0","sleepEndTimestampGMT":"2022-01-11T12:26:00.0","calendarDate":"2022-01-11","sleepWindowConfirmationType":"OFF_WRIST","deepSleepSeconds":0,"lightSleepSeconds":0,"awakeSleepSeconds":0,"unmeasurableSeconds":0,"retro":false},{"sleepStartTimestampGMT":"2022-01-12T01:37:00.0","sleepEndTimestampGMT":"2022-01-12T09:49:00.0","calendarDate":"2022-01-12","sleepWindowConfirmationType":"OFF_WRIST","deepSleepSeconds":0,"lightSleepSeconds":0,"awakeSleepSeconds":0,"unmeasurableSeconds":0,"retro":false},{"sleepStartTimestampGMT":"2022-01-13T01:29:00.0","sleepEndTimestampGMT":"2022-01-13T10:58:00.0","calendarDate":"2022-01-13","sleepWindowConfirmationType":"OFF_WRIST","deepSleepSeconds":0,"lightSleepSeconds":0,"awakeSleepSeconds":0,"unmeasurableSeconds":0,"retro":false},{"sleepStartTimestampGMT":"2022-01-14T02:09:00.0","sleepEndTimestampGMT":"2022-01-14T11:29:00.0","calendarDate":"2022-01-14","sleepWindowConfirmationType":"OFF_WRIST","deepSleepSeconds":0,"lightSleepSeconds":0,"awakeSleepSeconds":0,"unmeasurableSeconds":0,"retro":false},{"sleepStartTimestampGMT":"2022-01-15T00:57:00.0","sleepEndTimestampGMT":"2022-01-15T11:51:00.0","calendarDate":"2022-01-15","sleepWindowConfirmationType":"OFF_WRIST","deepSleepSeconds":0,"lightSleepSeconds":0,"awakeSleepSeconds":0,"unmeasurableSeconds":0,"retro":false},{"sleepStartTimestampGMT":"2022-01-16T02:54:00.0","sleepEndTimestampGMT":"2022-01-16T09:51:00.0","calendarDate":"2022-01-16","sleepWindowConfirmationType":"OFF_WRIST","deepSleepSeconds":0,"lightSleepSeconds":0,"awakeSleepSeconds":0,"unmeasurableSeconds":0,"retro":false},{"sleepStartTimestampGMT":"2022-01-17T00:48:00.0","sleepEndTimestampGMT":"2022-01-17T10:22:00.0","calendarDate":"2022-01-17","sleepWindowConfirmationType":"OFF_WRIST","deepSleepSeconds":0,"lightSleepSeconds":0,"awakeSleepSeconds":0,"unmeasurableSeconds":0,"retro":false},{"sleepStartTimestampGMT":"2022-01-18T03:15:00.0","sleepEndTimestampGMT":"2022-01-18T12:59:00.0","calendarDate":"2022-01-18","sleepWindowConfirmationType":"OFF_WRIST","deepSleepSeconds":0,"lightSleepSeconds":0,"awakeSleepSeconds":0,"unmeasurableSeconds":0,"retro":false},{"sleepStartTimestampGMT":"2022-01-19T02:39:00.0","sleepEndTimestampGMT":"2022-01-19T12:51:00.0","calendarDate":"2022-01-19","sleepWindowConfirmationType":"OFF_WRIST","deepSleepSeconds":0,"lightSleepSeconds":0,"awakeSleepSeconds":0,"unmeasurableSeconds":0,"retro":false},{"sleepStartTimestampGMT":"2022-01-20T00:57:00.0","sleepEndTimestampGMT":"2022-01-20T12:01:00.0","calendarDate":"2022-01-20","sleepWindowConfirmationType":"OFF_WRIST","deepSleepSeconds":0,"lightSleepSeconds":0,"awakeSleepSeconds":0,"unmeasurableSeconds":0,"retro":false},{"sleepStartTimestampGMT":"2022-01-21T02:00:00.0","sleepEndTimestampGMT":"2022-01-21T09:00:00.0","calendarDate":"2022-01-21","sleepWindowConfirmationType":"UNCONFIRMED","retro":false},{"sleepStartTimestampGMT":"2022-01-22T06:42:00.0","sleepEndTimestampGMT":"2022-01-22T12:36:00.0","calendarDate":"2022-01-22","sleepWindowConfirmationType":"AUTO_CONFIRMED_FINAL","deepSleepSeconds":21240,"lightSleepSeconds":0,"awakeSleepSeconds":0,"unmeasurableSeconds":0,"retro":false},{"sleepStartTimestampGMT":"2022-01-23T00:57:00.0","sleepEndTimestampGMT":"2022-01-23T12:26:00.0","calendarDate":"2022-01-23","sleepWindowConfirmationType":"OFF_WRIST","deepSleepSeconds":0,"lightSleepSeconds":0,"awakeSleepSeconds":0,"unmeasurableSeconds":0,"retro":false},{"sleepStartTimestampGMT":"2022-01-24T00:57:00.0","sleepEndTimestampGMT":"2022-01-24T12:26:00.0","calendarDate":"2022-01-24","sleepWindowConfirmationType":"OFF_WRIST","deepSleepSeconds":0,"lightSleepSeconds":0,"awakeSleepSeconds":0,"unmeasurableSeconds":0,"retro":false},{"sleepStartTimestampGMT":"2022-01-25T01:02:00.0","sleepEndTimestampGMT":"2022-01-25T12:26:00.0","calendarDate":"2022-01-25","sleepWindowConfirmationType":"OFF_WRIST","deepSleepSeconds":0,"lightSleepSeconds":0,"awakeSleepSeconds":0,"unmeasurableSeconds":0,"retro":false},{"sleepStartTimestampGMT":"2022-01-26T00:47:00.0","sleepEndTimestampGMT":"2022-01-26T11:09:00.0","calendarDate":"2022-01-26","sleepWindowConfirmationType":"OFF_WRIST","deepSleepSeconds":0,"lightSleepSeconds":0,"awakeSleepSeconds":0,"unmeasurableSeconds":0,"retro":false},{"sleepStartTimestampGMT":"2022-01-27T02:00:00.0","sleepEndTimestampGMT":"2022-01-27T09:00:00.0","calendarDate":"2022-01-27","sleepWindowConfirmationType":"UNCONFIRMED","retro":false},{"sleepStartTimestampGMT":"2022-01-29T02:00:00.0","sleepEndTimestampGMT":"2022-01-29T09:00:00.0","calendarDate":"2022-01-29","sleepWindowConfirmationType":"UNCONFIRMED","retro":false},{"sleepStartTimestampGMT":"2022-01-30T02:40:00.0","sleepEndTimestampGMT":"2022-01-30T04:04:00.0","calendarDate":"2022-01-30","sleepWindowConfirmationType":"ENHANCED_CONFIRMED_FINAL","deepSleepSeconds":240,"lightSleepSeconds":4800,"awakeSleepSeconds":0,"unmeasurableSeconds":0,"retro":false},{"sleepStartTimestampGMT":"2022-01-30T19:57:00.0","sleepEndTimestampGMT":"2022-01-31T07:00:00.0","calendarDate":"2022-01-31","sleepWindowConfirmationType":"OFF_WRIST","deepSleepSeconds":0,"lightSleepSeconds":0,"awakeSleepSeconds":0,"unmeasurableSeconds":0,"retro":false},{"sleepStartTimestampGMT":"2022-01-31T20:07:00.0","sleepEndTimestampGMT":"2022-02-01T07:31:00.0","calendarDate":"2022-02-01","sleepWindowConfirmationType":"OFF_WRIST","deepSleepSeconds":0,"lightSleepSeconds":0,"awakeSleepSeconds":0,"unmeasurableSeconds":0,"retro":false},{"sleepStartTimestampGMT":"2022-02-01T20:02:00.0","sleepEndTimestampGMT":"2022-02-02T07:31:00.0","calendarDate":"2022-02-02","sleepWindowConfirmationType":"OFF_WRIST","deepSleepSeconds":0,"lightSleepSeconds":0,"awakeSleepSeconds":0,"unmeasurableSeconds":0,"retro":false},{"sleepStartTimestampGMT":"2022-02-02T20:02:00.0","sleepEndTimestampGMT":"2022-02-03T07:31:00.0","calendarDate":"2022-02-03","sleepWindowConfirmationType":"OFF_WRIST","deepSleepSeconds":0,"lightSleepSeconds":0,"awakeSleepSeconds":0,"unmeasurableSeconds":0,"retro":false},{"sleepStartTimestampGMT":"2022-02-03T19:57:00.0","sleepEndTimestampGMT":"2022-02-04T07:31:00.0","calendarDate":"2022-02-04","sleepWindowConfirmationType":"OFF_WRIST","deepSleepSeconds":0,"lightSleepSeconds":0,"awakeSleepSeconds":0,"unmeasurableSeconds":0,"retro":false},{"sleepStartTimestampGMT":"2022-02-04T20:14:00.0","sleepEndTimestampGMT":"2022-02-05T07:31:00.0","calendarDate":"2022-02-05","sleepWindowConfirmationType":"OFF_WRIST","deepSleepSeconds":0,"lightSleepSeconds":0,"awakeSleepSeconds":0,"unmeasurableSeconds":0,"retro":false},{"sleepStartTimestampGMT":"2022-02-05T20:02:00.0","sleepEndTimestampGMT":"2022-02-06T07:26:00.0","calendarDate":"2022-02-06","sleepWindowConfirmationType":"OFF_WRIST","deepSleepSeconds":0,"lightSleepSeconds":0,"awakeSleepSeconds":0,"unmeasurableSeconds":0,"retro":false},{"sleepStartTimestampGMT":"2022-02-06T20:06:00.0","sleepEndTimestampGMT":"2022-02-07T07:31:00.0","calendarDate":"2022-02-07","sleepWindowConfirmationType":"OFF_WRIST","deepSleepSeconds":0,"lightSleepSeconds":0,"awakeSleepSeconds":0,"unmeasurableSeconds":0,"retro":false},{"sleepStartTimestampGMT":"2022-02-07T20:19:00.0","sleepEndTimestampGMT":"2022-02-08T06:06:00.0","calendarDate":"2022-02-08","sleepWindowConfirmationType":"OFF_WRIST","deepSleepSeconds":0,"lightSleepSeconds":0,"awakeSleepSeconds":0,"unmeasurableSeconds":0,"retro":false},{"sleepStartTimestampGMT":"2022-02-08T19:57:00.0","sleepEndTimestampGMT":"2022-02-09T07:31:00.0","calendarDate":"2022-02-09","sleepWindowConfirmationType":"OFF_WRIST","deepSleepSeconds":0,"lightSleepSeconds":0,"awakeSleepSeconds":0,"unmeasurableSeconds":0,"retro":false},{"sleepStartTimestampGMT":"2022-02-09T20:12:00.0","sleepEndTimestampGMT":"2022-02-10T07:31:00.0","calendarDate":"2022-02-10","sleepWindowConfirmationType":"OFF_WRIST","deepSleepSeconds":0,"lightSleepSeconds":0,"awakeSleepSeconds":0,"unmeasurableSeconds":0,"retro":false},{"sleepStartTimestampGMT":"2022-02-10T20:02:00.0","sleepEndTimestampGMT":"2022-02-11T07:31:00.0","calendarDate":"2022-02-11","sleepWindowConfirmationType":"OFF_WRIST","deepSleepSeconds":0,"lightSleepSeconds":0,"awakeSleepSeconds":0,"unmeasurableSeconds":0,"retro":false},{"sleepStartTimestampGMT":"2022-02-11T19:57:00.0","sleepEndTimestampGMT":"2022-02-12T07:31:00.0","calendarDate":"2022-02-12","sleepWindowConfirmationType":"OFF_WRIST","deepSleepSeconds":0,"lightSleepSeconds":0,"awakeSleepSeconds":0,"unmeasurableSeconds":0,"retro":false},{"sleepStartTimestampGMT":"2022-02-12T20:02:00.0","sleepEndTimestampGMT":"2022-02-13T07:31:00.0","calendarDate":"2022-02-13","sleepWindowConfirmationType":"OFF_WRIST","deepSleepSeconds":0,"lightSleepSeconds":0,"awakeSleepSeconds":0,"unmeasurableSeconds":0,"retro":false},{"sleepStartTimestampGMT":"2022-02-13T20:07:00.0","sleepEndTimestampGMT":"2022-02-14T07:26:00.0","calendarDate":"2022-02-14","sleepWindowConfirmationType":"OFF_WRIST","deepSleepSeconds":0,"lightSleepSeconds":0,"awakeSleepSeconds":0,"unmeasurableSeconds":0,"retro":false},{"sleepStartTimestampGMT":"2022-02-14T19:57:00.0","sleepEndTimestampGMT":"2022-02-15T07:31:00.0","calendarDate":"2022-02-15","sleepWindowConfirmationType":"OFF_WRIST","deepSleepSeconds":0,"lightSleepSeconds":0,"awakeSleepSeconds":0,"unmeasurableSeconds":0,"retro":false},{"sleepStartTimestampGMT":"2022-02-15T19:57:00.0","sleepEndTimestampGMT":"2022-02-16T07:16:00.0","calendarDate":"2022-02-16","sleepWindowConfirmationType":"OFF_WRIST","deepSleepSeconds":0,"lightSleepSeconds":0,"awakeSleepSeconds":0,"unmeasurableSeconds":0,"retro":false},{"sleepStartTimestampGMT":"2022-02-16T20:05:00.0","sleepEndTimestampGMT":"2022-02-17T07:26:00.0","calendarDate":"2022-02-17","sleepWindowConfirmationType":"OFF_WRIST","deepSleepSeconds":0,"lightSleepSeconds":0,"awakeSleepSeconds":0,"unmeasurableSeconds":0,"retro":false},{"sleepStartTimestampGMT":"2022-02-17T19:42:00.0","sleepEndTimestampGMT":"2022-02-18T06:11:00.0","calendarDate":"2022-02-18","sleepWindowConfirmationType":"OFF_WRIST","deepSleepSeconds":0,"lightSleepSeconds":0,"awakeSleepSeconds":0,"unmeasurableSeconds":0,"retro":false},{"sleepStartTimestampGMT":"2022-02-18T19:57:00.0","sleepEndTimestampGMT":"2022-02-19T07:31:00.0","calendarDate":"2022-02-19","sleepWindowConfirmationType":"OFF_WRIST","deepSleepSeconds":0,"lightSleepSeconds":0,"awakeSleepSeconds":0,"unmeasurableSeconds":0,"retro":false},{"sleepStartTimestampGMT":"2022-02-19T19:57:00.0","sleepEndTimestampGMT":"2022-02-20T07:31:00.0","calendarDate":"2022-02-20","sleepWindowConfirmationType":"OFF_WRIST","deepSleepSeconds":0,"lightSleepSeconds":0,"awakeSleepSeconds":0,"unmeasurableSeconds":0,"retro":false},{"sleepStartTimestampGMT":"2022-02-20T20:10:00.0","sleepEndTimestampGMT":"2022-02-21T07:31:00.0","calendarDate":"2022-02-21","sleepWindowConfirmationType":"OFF_WRIST","deepSleepSeconds":0,"lightSleepSeconds":0,"awakeSleepSeconds":0,"unmeasurableSeconds":0,"retro":false},{"sleepStartTimestampGMT":"2022-02-21T20:00:00.0","sleepEndTimestampGMT":"2022-02-22T06:11:00.0","calendarDate":"2022-02-22","sleepWindowConfirmationType":"OFF_WRIST","deepSleepSeconds":0,"lightSleepSeconds":0,"awakeSleepSeconds":0,"unmeasurableSeconds":0,"retro":false},{"sleepStartTimestampGMT":"2022-02-22T20:37:00.0","sleepEndTimestampGMT":"2022-02-23T07:31:00.0","calendarDate":"2022-02-23","sleepWindowConfirmationType":"OFF_WRIST","deepSleepSeconds":0,"lightSleepSeconds":0,"awakeSleepSeconds":0,"unmeasurableSeconds":0,"retro":false},{"sleepStartTimestampGMT":"2022-02-23T20:02:00.0","sleepEndTimestampGMT":"2022-02-24T07:21:00.0","calendarDate":"2022-02-24","sleepWindowConfirmationType":"OFF_WRIST","deepSleepSeconds":0,"lightSleepSeconds":0,"awakeSleepSeconds":0,"unmeasurableSeconds":0,"retro":false},{"sleepStartTimestampGMT":"2022-02-24T20:34:00.0","sleepEndTimestampGMT":"2022-02-25T06:16:00.0","calendarDate":"2022-02-25","sleepWindowConfirmationType":"OFF_WRIST","deepSleepSeconds":0,"lightSleepSeconds":0,"awakeSleepSeconds":0,"unmeasurableSeconds":0,"retro":false},{"sleepStartTimestampGMT":"2022-02-25T20:02:00.0","sleepEndTimestampGMT":"2022-02-26T07:26:00.0","calendarDate":"2022-02-26","sleepWindowConfirmationType":"OFF_WRIST","deepSleepSeconds":0,"lightSleepSeconds":0,"awakeSleepSeconds":0,"unmeasurableSeconds":0,"retro":false},{"sleepStartTimestampGMT":"2022-02-26T20:27:00.0","sleepEndTimestampGMT":"2022-02-27T07:27:00.0","calendarDate":"2022-02-27","sleepWindowConfirmationType":"OFF_WRIST","deepSleepSeconds":0,"lightSleepSeconds":0,"awakeSleepSeconds":0,"unmeasurableSeconds":0,"retro":false},{"sleepStartTimestampGMT":"2022-02-27T20:02:00.0","sleepEndTimestampGMT":"2022-02-28T07:26:00.0","calendarDate":"2022-02-28","sleepWindowConfirmationType":"OFF_WRIST","deepSleepSeconds":0,"lightSleepSeconds":0,"awakeSleepSeconds":0,"unmeasurableSeconds":0,"retro":false},{"sleepStartTimestampGMT":"2022-02-28T20:02:00.0","sleepEndTimestampGMT":"2022-03-01T07:26:00.0","calendarDate":"2022-03-01","sleepWindowConfirmationType":"OFF_WRIST","deepSleepSeconds":0,"lightSleepSeconds":0,"awakeSleepSeconds":0,"unmeasurableSeconds":0,"retro":false},{"sleepStartTimestampGMT":"2022-03-01T20:08:00.0","sleepEndTimestampGMT":"2022-03-02T07:31:00.0","calendarDate":"2022-03-02","sleepWindowConfirmationType":"OFF_WRIST","deepSleepSeconds":0,"lightSleepSeconds":0,"awakeSleepSeconds":0,"unmeasurableSeconds":0,"retro":false},{"sleepStartTimestampGMT":"2022-03-02T19:57:00.0","sleepEndTimestampGMT":"2022-03-03T07:26:00.0","calendarDate":"2022-03-03","sleepWindowConfirmationType":"OFF_WRIST","deepSleepSeconds":0,"lightSleepSeconds":0,"awakeSleepSeconds":0,"unmeasurableSeconds":0,"retro":false},{"sleepStartTimestampGMT":"2022-03-03T19:52:00.0","sleepEndTimestampGMT":"2022-03-04T06:56:00.0","calendarDate":"2022-03-04","sleepWindowConfirmationType":"OFF_WRIST","deepSleepSeconds":0,"lightSleepSeconds":0,"awakeSleepSeconds":0,"unmeasurableSeconds":0,"retro":false},{"sleepStartTimestampGMT":"2022-03-04T19:57:00.0","sleepEndTimestampGMT":"2022-03-05T07:31:00.0","calendarDate":"2022-03-05","sleepWindowConfirmationType":"OFF_WRIST","deepSleepSeconds":0,"lightSleepSeconds":0,"awakeSleepSeconds":0,"unmeasurableSeconds":0,"retro":false},{"sleepStartTimestampGMT":"2022-03-05T19:57:00.0","sleepEndTimestampGMT":"2022-03-06T07:26:00.0","calendarDate":"2022-03-06","sleepWindowConfirmationType":"OFF_WRIST","deepSleepSeconds":0,"lightSleepSeconds":0,"awakeSleepSeconds":0,"unmeasurableSeconds":0,"retro":false},{"sleepStartTimestampGMT":"2022-03-06T20:09:00.0","sleepEndTimestampGMT":"2022-03-07T07:26:00.0","calendarDate":"2022-03-07","sleepWindowConfirmationType":"OFF_WRIST","deepSleepSeconds":0,"lightSleepSeconds":0,"awakeSleepSeconds":0,"unmeasurableSeconds":0,"retro":false},{"sleepStartTimestampGMT":"2022-03-07T19:52:00.0","sleepEndTimestampGMT":"2022-03-08T06:46:00.0","calendarDate":"2022-03-08","sleepWindowConfirmationType":"OFF_WRIST","deepSleepSeconds":0,"lightSleepSeconds":0,"awakeSleepSeconds":0,"unmeasurableSeconds":0,"retro":false},{"sleepStartTimestampGMT":"2022-03-08T20:02:00.0","sleepEndTimestampGMT":"2022-03-09T07:26:00.0","calendarDate":"2022-03-09","sleepWindowConfirmationType":"OFF_WRIST","deepSleepSeconds":0,"lightSleepSeconds":0,"awakeSleepSeconds":0,"unmeasurableSeconds":0,"retro":false},{"sleepStartTimestampGMT":"2022-03-09T19:57:00.0","sleepEndTimestampGMT":"2022-03-10T07:21:00.0","calendarDate":"2022-03-10","sleepWindowConfirmationType":"OFF_WRIST","deepSleepSeconds":0,"lightSleepSeconds":0,"awakeSleepSeconds":0,"unmeasurableSeconds":0,"retro":false},{"sleepStartTimestampGMT":"2022-03-10T19:57:00.0","sleepEndTimestampGMT":"2022-03-11T07:25:00.0","calendarDate":"2022-03-11","sleepWindowConfirmationType":"OFF_WRIST","deepSleepSeconds":0,"lightSleepSeconds":0,"awakeSleepSeconds":0,"unmeasurableSeconds":0,"retro":false},{"sleepStartTimestampGMT":"2022-03-11T20:03:00.0","sleepEndTimestampGMT":"2022-03-12T07:31:00.0","calendarDate":"2022-03-12","sleepWindowConfirmationType":"OFF_WRIST","deepSleepSeconds":0,"lightSleepSeconds":0,"awakeSleepSeconds":0,"unmeasurableSeconds":0,"retro":false},{"sleepStartTimestampGMT":"2022-03-12T19:57:00.0","sleepEndTimestampGMT":"2022-03-13T06:36:00.0","calendarDate":"2022-03-13","sleepWindowConfirmationType":"OFF_WRIST","deepSleepSeconds":0,"lightSleepSeconds":0,"awakeSleepSeconds":0,"unmeasurableSeconds":0,"retro":false},{"sleepStartTimestampGMT":"2022-03-13T20:02:00.0","sleepEndTimestampGMT":"2022-03-14T07:21:00.0","calendarDate":"2022-03-14","sleepWindowConfirmationType":"OFF_WRIST","deepSleepSeconds":0,"lightSleepSeconds":0,"awakeSleepSeconds":0,"unmeasurableSeconds":0,"retro":false},{"sleepStartTimestampGMT":"2022-03-14T20:17:00.0","sleepEndTimestampGMT":"2022-03-15T07:31:00.0","calendarDate":"2022-03-15","sleepWindowConfirmationType":"OFF_WRIST","deepSleepSeconds":0,"lightSleepSeconds":0,"awakeSleepSeconds":0,"unmeasurableSeconds":0,"retro":false},{"sleepStartTimestampGMT":"2022-03-15T20:07:00.0","sleepEndTimestampGMT":"2022-03-16T07:21:00.0","calendarDate":"2022-03-16","sleepWindowConfirmationType":"OFF_WRIST","deepSleepSeconds":0,"lightSleepSeconds":0,"awakeSleepSeconds":0,"unmeasurableSeconds":0,"retro":false}]