[{"sleepStartTimestampGMT":"2021-05-20T19:37:00.0","sleepEndTimestampGMT":"2021-05-21T05:56:00.0","calendarDate":"2021-05-21","sleepWindowConfirmationType":"OFF_WRIST","deepSleepSeconds":0,"lightSleepSeconds":0,"awakeSleepSeconds":0,"unmeasurableSeconds":0,"retro":false},{"sleepStartTimestampGMT":"2021-05-21T19:02:00.0","sleepEndTimestampGMT":"2021-05-22T06:28:00.0","calendarDate":"2021-05-22","sleepWindowConfirmationType":"OFF_WRIST","deepSleepSeconds":0,"lightSleepSeconds":0,"awakeSleepSeconds":0,"unmeasurableSeconds":0,"retro":false},{"sleepStartTimestampGMT":"2021-05-22T19:47:00.0","sleepEndTimestampGMT":"2021-05-23T06:31:00.0","calendarDate":"2021-05-23","sleepWindowConfirmationType":"OFF_WRIST","deepSleepSeconds":0,"lightSleepSeconds":0,"awakeSleepSeconds":0,"unmeasurableSeconds":0,"retro":false},{"sleepStartTimestampGMT":"2021-05-23T19:02:00.0","sleepEndTimestampGMT":"2021-05-24T06:26:00.0","calendarDate":"2021-05-24","sleepWindowConfirmationType":"OFF_WRIST","deepSleepSeconds":0,"lightSleepSeconds":0,"awakeSleepSeconds":0,"unmeasurableSeconds":0,"retro":false},{"sleepStartTimestampGMT":"2021-05-24T19:02:00.0","sleepEndTimestampGMT":"2021-05-25T06:26:00.0","calendarDate":"2021-05-25","sleepWindowConfirmationType":"OFF_WRIST","deepSleepSeconds":0,"lightSleepSeconds":0,"awakeSleepSeconds":0,"unmeasurableSeconds":0,"retro":false},{"sleepStartTimestampGMT":"2021-05-25T18:57:00.0","sleepEndTimestampGMT":"2021-05-26T06:31:00.0","calendarDate":"2021-05-26","sleepWindowConfirmationType":"OFF_WRIST","deepSleepSeconds":0,"lightSleepSeconds":0,"awakeSleepSeconds":0,"unmeasurableSeconds":0,"retro":false},{"sleepStartTimestampGMT":"2021-05-26T19:05:00.0","sleepEndTimestampGMT":"2021-05-27T06:18:00.0","calendarDate":"2021-05-27","sleepWindowConfirmationType":"OFF_WRIST","deepSleepSeconds":0,"lightSleepSeconds":0,"awakeSleepSeconds":0,"unmeasurableSeconds":0,"retro":false},{"sleepStartTimestampGMT":"2021-05-27T18:42:00.0","sleepEndTimestampGMT":"2021-05-28T04:21:00.0","calendarDate":"2021-05-28","sleepWindowConfirmationType":"OFF_WRIST","deepSleepSeconds":0,"lightSleepSeconds":0,"awakeSleepSeconds":0,"unmeasurableSeconds":0,"retro":false},{"sleepStartTimestampGMT":"2021-05-28T18:47:00.0","sleepEndTimestampGMT":"2021-05-29T05:31:00.0","calendarDate":"2021-05-29","sleepWindowConfirmationType":"OFF_WRIST","deepSleepSeconds":0,"lightSleepSeconds":0,"awakeSleepSeconds":0,"unmeasurableSeconds":0,"retro":false},{"sleepStartTimestampGMT":"2021-05-29T19:02:00.0","sleepEndTimestampGMT":"2021-05-30T06:17:00.0","calendarDate":"2021-05-30","sleepWindowConfirmationType":"OFF_WRIST","deepSleepSeconds":0,"lightSleepSeconds":0,"awakeSleepSeconds":0,"unmeasurableSeconds":0,"retro":false},{"sleepStartTimestampGMT":"2021-05-30T19:02:00.0","sleepEndTimestampGMT":"2021-05-31T06:03:00.0","calendarDate":"2021-05-31","sleepWindowConfirmationType":"OFF_WRIST","deepSleepSeconds":0,"lightSleepSeconds":0,"awakeSleepSeconds":0,"unmeasurableSeconds":0,"retro":false},{"sleepStartTimestampGMT":"2021-05-31T19:02:00.0","sleepEndTimestampGMT":"2021-06-01T06:26:00.0","calendarDate":"2021-06-01","sleepWindowConfirmationType":"OFF_WRIST","deepSleepSeconds":0,"lightSleepSeconds":0,"awakeSleepSeconds":0,"unmeasurableSeconds":0,"retro":false},{"sleepStartTimestampGMT":"2021-06-01T19:09:00.0","sleepEndTimestampGMT":"2021-06-02T06:31:00.0","calendarDate":"2021-06-02","sleepWindowConfirmationType":"OFF_WRIST","deepSleepSeconds":0,"lightSleepSeconds":0,"awakeSleepSeconds":0,"unmeasurableSeconds":0,"retro":false},{"sleepStartTimestampGMT":"2021-06-02T19:02:00.0","sleepEndTimestampGMT":"2021-06-03T06:31:00.0","calendarDate":"2021-06-03","sleepWindowConfirmationType":"OFF_WRIST","deepSleepSeconds":0,"lightSleepSeconds":0,"awakeSleepSeconds":0,"unmeasurableSeconds":0,"retro":false},{"sleepStartTimestampGMT":"2021-06-03T18:57:00.0","sleepEndTimestampGMT":"2021-06-04T06:31:00.0","calendarDate":"2021-06-04","sleepWindowConfirmationType":"OFF_WRIST","deepSleepSeconds":0,"lightSleepSeconds":0,"awakeSleepSeconds":0,"unmeasurableSeconds":0,"retro":false},{"sleepStartTimestampGMT":"2021-06-04T19:02:00.0","sleepEndTimestampGMT":"2021-06-05T06:26:00.0","calendarDate":"2021-06-05","sleepWindowConfirmationType":"OFF_WRIST","deepSleepSeconds":0,"lightSleepSeconds":0,"awakeSleepSeconds":0,"unmeasurableSeconds":0,"retro":false},{"sleepStartTimestampGMT":"2021-06-05T18:57:00.0","sleepEndTimestampGMT":"2021-06-06T06:26:00.0","calendarDate":"2021-06-06","sleepWindowConfirmationType":"OFF_WRIST","deepSleepSeconds":0,"lightSleepSeconds":0,"awakeSleepSeconds":0,"unmeasurableSeconds":0,"retro":false},{"sleepStartTimestampGMT":"2021-06-06T20:02:00.0","sleepEndTimestampGMT":"2021-06-07T06:30:00.0","calendarDate":"2021-06-07","sleepWindowConfirmationType":"OFF_WRIST","deepSleepSeconds":0,"lightSleepSeconds":0,"awakeSleepSeconds":0,"unmeasurableSeconds":0,"retro":false},{"sleepStartTimestampGMT":"2021-06-07T19:05:00.0","sleepEndTimestampGMT":"2021-06-08T06:26:00.0","calendarDate":"2021-06-08","sleepWindowConfirmationType":"OFF_WRIST","deepSleepSeconds":0,"lightSleepSeconds":0,"awakeSleepSeconds":0,"unmeasurableSeconds":0,"retro":false},{"sleepStartTimestampGMT":"2021-06-08T19:10:00.0","sleepEndTimestampGMT":"2021-06-09T06:26:00.0","calendarDate":"2021-06-09","sleepWindowConfirmationType":"OFF_WRIST","deepSleepSeconds":0,"lightSleepSeconds":0,"awakeSleepSeconds":0,"unmeasurableSeconds":0,"retro":false},{"sleepStartTimestampGMT":"2021-06-09T19:12:00.0","sleepEndTimestampGMT":"2021-06-10T06:31:00.0","calendarDate":"2021-06-10","sleepWindowConfirmationType":"OFF_WRIST","deepSleepSeconds":0,"lightSleepSeconds":0,"awakeSleepSeconds":0,"unmeasurableSeconds":0,"retro":false},{"sleepStartTimestampGMT":"2021-06-10T19:04:00.0","sleepEndTimestampGMT":"2021-06-11T06:31:00.0","calendarDate":"2021-06-11","sleepWindowConfirmationType":"OFF_WRIST","deepSleepSeconds":0,"lightSleepSeconds":0,"awakeSleepSeconds":0,"unmeasurableSeconds":0,"retro":false},{"sleepStartTimestampGMT":"2021-06-11T19:07:00.0","sleepEndTimestampGMT":"2021-06-12T06:31:00.0","calendarDate":"2021-06-12","sleepWindowConfirmationType":"OFF_WRIST","deepSleepSeconds":0,"lightSleepSeconds":0,"awakeSleepSeconds":0,"unmeasurableSeconds":0,"retro":false},{"sleepStartTimestampGMT":"2021-06-12T19:02:00.0","sleepEndTimestampGMT":"2021-06-13T06:26:00.0","calendarDate":"2021-06-13","sleepWindowConfirmationType":"OFF_WRIST","deepSleepSeconds":0,"lightSleepSeconds":0,"awakeSleepSeconds":0,"unmeasurableSeconds":0,"retro":false},{"sleepStartTimestampGMT":"2021-06-13T19:07:00.0","sleepEndTimestampGMT":"2021-06-14T06:22:00.0","calendarDate":"2021-06-14","sleepWindowConfirmationType":"OFF_WRIST","deepSleepSeconds":0,"lightSleepSeconds":0,"awakeSleepSeconds":0,"unmeasurableSeconds":0,"retro":false},{"sleepStartTimestampGMT":"2021-06-14T19:09:00.0","sleepEndTimestampGMT":"2021-06-15T06:31:00.0","calendarDate":"2021-06-15","sleepWindowConfirmationType":"OFF_WRIST","deepSleepSeconds":0,"lightSleepSeconds":0,"awakeSleepSeconds":0,"unmeasurableSeconds":0,"retro":false},{"sleepStartTimestampGMT":"2021-06-15T18:57:00.0","sleepEndTimestampGMT":"2021-06-16T06:21:00.0","calendarDate":"2021-06-16","sleepWindowConfirmationType":"OFF_WRIST","deepSleepSeconds":0,"lightSleepSeconds":0,"awakeSleepSeconds":0,"unmeasurableSeconds":0,"retro":false},{"sleepStartTimestampGMT":"2021-06-16T19:47:00.0","sleepEndTimestampGMT":"2021-06-17T06:36:00.0","calendarDate":"2021-06-17","sleepWindowConfirmationType":"OFF_WRIST","deepSleepSeconds":0,"lightSleepSeconds":0,"awakeSleepSeconds":0,"unmeasurableSeconds":0,"retro":false},{"sleepStartTimestampGMT":"2021-06-17T18:52:00.0","sleepEndTimestampGMT":"2021-06-18T05:51:00.0","calendarDate":"2021-06-18","sleepWindowConfirmationType":"OFF_WRIST","deepSleepSeconds":0,"lightSleepSeconds":0,"awakeSleepSeconds":0,"unmeasurableSeconds":0,"retro":false},{"sleepStartTimestampGMT":"2021-06-18T19:02:00.0","sleepEndTimestampGMT":"2021-06-19T06:26:00.0","calendarDate":"2021-06-19","sleepWindowConfirmationType":"OFF_WRIST","deepSleepSeconds":0,"lightSleepSeconds":0,"awakeSleepSeconds":0,"unmeasurableSeconds":0,"retro":false},{"sleepStartTimestampGMT":"2021-06-19T19:04:00.0","sleepEndTimestampGMT":"2021-06-20T06:21:00.0","calendarDate":"2021-06-20","sleepWindowConfirmationType":"OFF_WRIST","deepSleepSeconds":0,"lightSleepSeconds":0,"awakeSleepSeconds":0,"unmeasurableSeconds":0,"retro":false},{"sleepStartTimestampGMT":"2021-06-20T19:07:00.0","sleepEndTimestampGMT":"2021-06-21T06:31:00.0","calendarDate":"2021-06-21","sleepWindowConfirmationType":"OFF_WRIST","deepSleepSeconds":0,"lightSleepSeconds":0,"awakeSleepSeconds":0,"unmeasurableSeconds":0,"retro":false},{"sleepStartTimestampGMT":"2021-06-21T18:49:00.0","sleepEndTimestampGMT":"2021-06-22T04:51:00.0","calendarDate":"2021-06-22","sleepWindowConfirmationType":"OFF_WRIST","deepSleepSeconds":0,"lightSleepSeconds":0,"awakeSleepSeconds":0,"unmeasurableSeconds":0,"retro":false},{"sleepStartTimestampGMT":"2021-06-22T19:15:00.0","sleepEndTimestampGMT":"2021-06-23T06:21:00.0","calendarDate":"2021-06-23","sleepWindowConfirmationType":"OFF_WRIST","deepSleepSeconds":0,"lightSleepSeconds":0,"awakeSleepSeconds":0,"unmeasurableSeconds":0,"retro":false},{"sleepStartTimestampGMT":"2021-06-23T19:07:00.0","sleepEndTimestampGMT":"2021-06-24T06:31:00.0","calendarDate":"2021-06-24","sleepWindowConfirmationType":"OFF_WRIST","deepSleepSeconds":0,"lightSleepSeconds":0,"awakeSleepSeconds":0,"unmeasurableSeconds":0,"retro":false},{"sleepStartTimestampGMT":"2021-06-24T18:57:00.0","sleepEndTimestampGMT":"2021-06-25T06:01:00.0","calendarDate":"2021-06-25","sleepWindowConfirmationType":"OFF_WRIST","deepSleepSeconds":0,"lightSleepSeconds":0,"awakeSleepSeconds":0,"unmeasurableSeconds":0,"retro":false},{"sleepStartTimestampGMT":"2021-06-25T19:02:00.0","sleepEndTimestampGMT":"2021-06-26T06:31:00.0","calendarDate":"2021-06-26","sleepWindowConfirmationType":"OFF_WRIST","deepSleepSeconds":0,"lightSleepSeconds":0,"awakeSleepSeconds":0,"unmeasurableSeconds":0,"retro":false},{"sleepStartTimestampGMT":"2021-06-26T19:02:00.0","sleepEndTimestampGMT":"2021-06-27T06:31:00.0","calendarDate":"2021-06-27","sleepWindowConfirmationType":"OFF_WRIST","deepSleepSeconds":0,"lightSleepSeconds":0,"awakeSleepSeconds":0,"unmeasurableSeconds":0,"retro":false},{"sleepStartTimestampGMT":"2021-06-27T19:09:00.0","sleepEndTimestampGMT":"2021-06-28T06:31:00.0","calendarDate":"2021-06-28","sleepWindowConfirmationType":"OFF_WRIST","deepSleepSeconds":0,"lightSleepSeconds":0,"awakeSleepSeconds":0,"unmeasurableSeconds":0,"retro":false},{"sleepStartTimestampGMT":"2021-06-28T18:57:00.0","sleepEndTimestampGMT":"2021-06-29T06:26:00.0","calendarDate":"2021-06-29","sleepWindowConfirmationType":"OFF_WRIST","deepSleepSeconds":0,"lightSleepSeconds":0,"awakeSleepSeconds":0,"unmeasurableSeconds":0,"retro":false},{"sleepStartTimestampGMT":"2021-06-29T19:02:00.0","sleepEndTimestampGMT":"2021-06-30T06:31:00.0","calendarDate":"2021-06-30","sleepWindowConfirmationType":"OFF_WRIST","deepSleepSeconds":0,"lightSleepSeconds":0,"awakeSleepSeconds":0,"unmeasurableSeconds":0,"retro":false},{"sleepStartTimestampGMT":"2021-06-30T19:02:00.0","sleepEndTimestampGMT":"2021-07-01T06:21:00.0","calendarDate":"2021-07-01","sleepWindowConfirmationType":"OFF_WRIST","deepSleepSeconds":0,"lightSleepSeconds":0,"awakeSleepSeconds":0,"unmeasurableSeconds":0,"retro":false},{"sleepStartTimestampGMT":"2021-07-01T19:02:00.0","sleepEndTimestampGMT":"2021-07-02T06:31:00.0","calendarDate":"2021-07-02","sleepWindowConfirmationType":"OFF_WRIST","deepSleepSeconds":0,"lightSleepSeconds":0,"awakeSleepSeconds":0,"unmeasurableSeconds":0,"retro":false},{"sleepStartTimestampGMT":"2021-07-02T19:22:00.0","sleepEndTimestampGMT":"2021-07-03T06:31:00.0","calendarDate":"2021-07-03","sleepWindowConfirmationType":"OFF_WRIST","deepSleepSeconds":0,"lightSleepSeconds":0,"awakeSleepSeconds":0,"unmeasurableSeconds":0,"retro":false},{"sleepStartTimestampGMT":"2021-07-03T19:06:00.0","sleepEndTimestampGMT":"2021-07-04T06:31:00.0","calendarDate":"2021-07-04","sleepWindowConfirmationType":"OFF_WRIST","deepSleepSeconds":0,"lightSleepSeconds":0,"awakeSleepSeconds":0,"unmeasurableSeconds":0,"retro":false},{"sleepStartTimestampGMT":"2021-07-04T19:02:00.0","sleepEndTimestampGMT":"2021-07-05T06:26:00.0","calendarDate":"2021-07-05","sleepWindowConfirmationType":"OFF_WRIST","deepSleepSeconds":0,"lightSleepSeconds":0,"awakeSleepSeconds":0,"unmeasurableSeconds":0,"retro":false},{"sleepStartTimestampGMT":"2021-07-05T18:57:00.0","sleepEndTimestampGMT":"2021-07-06T05:46:00.0","calendarDate":"2021-07-06","sleepWindowConfirmationType":"OFF_WRIST","deepSleepSeconds":0,"lightSleepSeconds":0,"awakeSleepSeconds":0,"unmeasurableSeconds":0,"retro":false},{"sleepStartTimestampGMT":"2021-07-06T19:35:00.0","sleepEndTimestampGMT":"2021-07-07T06:30:00.0","calendarDate":"2021-07-07","sleepWindowConfirmationType":"OFF_WRIST","deepSleepSeconds":0,"lightSleepSeconds":0,"awakeSleepSeconds":0,"unmeasurableSeconds":0,"retro":false},{"sleepStartTimestampGMT":"2021-07-07T20:23:00.0","sleepEndTimestampGMT":"2021-07-08T06:31:00.0","calendarDate":"2021-07-08","sleepWindowConfirmationType":"OFF_WRIST","deepSleepSeconds":0,"lightSleepSeconds":0,"awakeSleepSeconds":0,"unmeasurableSeconds":0,"retro":false},{"sleepStartTimestampGMT":"2021-07-08T19:12:00.0","sleepEndTimestampGMT":"2021-07-09T06:31:00.0","calendarDate":"2021-07-09","sleepWindowConfirmationType":"OFF_WRIST","deepSleepSeconds":0,"lightSleepSeconds":0,"awakeSleepSeconds":0,"unmeasurableSeconds":0,"retro":false},{"sleepStartTimestampGMT":"2021-07-09T19:55:00.0","sleepEndTimestampGMT":"2021-07-10T06:31:00.0","calendarDate":"2021-07-10","sleepWindowConfirmationType":"OFF_WRIST","deepSleepSeconds":0,"lightSleepSeconds":0,"awakeSleepSeconds":0,"unmeasurableSeconds":0,"retro":false},{"sleepStartTimestampGMT":"2021-07-10T18:42:00.0","sleepEndTimestampGMT":"2021-07-11T05:06:00.0","calendarDate":"2021-07-11","sleepWindowConfirmationType":"OFF_WRIST","deepSleepSeconds":0,"lightSleepSeconds":0,"awakeSleepSeconds":0,"unmeasurableSeconds":0,"retro":false},{"sleepStartTimestampGMT":"2021-07-11T18:42:00.0","sleepEndTimestampGMT":"2021-07-12T04:46:00.0","calendarDate":"2021-07-12","sleepWindowConfirmationType":"OFF_WRIST","deepSleepSeconds":0,"lightSleepSeconds":0,"awakeSleepSeconds":0,"unmeasurableSeconds":0,"retro":false},{"sleepStartTimestampGMT":"2021-07-12T20:11:00.0","sleepEndTimestampGMT":"2021-07-13T06:31:00.0","calendarDate":"2021-07-13","sleepWindowConfirmationType":"OFF_WRIST","deepSleepSeconds":0,"lightSleepSeconds":0,"awakeSleepSeconds":0,"unmeasurableSeconds":0,"retro":false},{"sleepStartTimestampGMT":"2021-07-13T18:31:00.0","sleepEndTimestampGMT":"2021-07-14T01:49:00.0","calendarDate":"2021-07-14","sleepWindowConfirmationType":"OFF_WRIST","deepSleepSeconds":0,"lightSleepSeconds":0,"awakeSleepSeconds":0,"unmeasurableSeconds":0,"retro":false},{"sleepStartTimestampGMT":"2021-07-14T19:47:00.0","sleepEndTimestampGMT":"2021-07-15T06:16:00.0","calendarDate":"2021-07-15","sleepWindowConfirmationType":"OFF_WRIST","deepSleepSeconds":0,"lightSleepSeconds":0,"awakeSleepSeconds":0,"unmeasurableSeconds":0,"retro":false},{"sleepStartTimestampGMT":"2021-07-15T21:49:00.0","sleepEndTimestampGMT":"2021-07-16T06:18:00.0","calendarDate":"2021-07-16","sleepWindowConfirmationType":"OFF_WRIST","deepSleepSeconds":0,"lightSleepSeconds":0,"awakeSleepSeconds":0,"unmeasurableSeconds":0,"retro":false},{"sleepStartTimestampGMT":"2021-07-16T20:37:00.0","sleepEndTimestampGMT":"2021-07-17T06:36:00.0","calendarDate":"2021-07-17","sleepWindowConfirmationType":"OFF_WRIST","deepSleepSeconds":0,"lightSleepSeconds":0,"awakeSleepSeconds":0,"unmeasurableSeconds":0,"retro":false},{"sleepStartTimestampGMT":"2021-07-17T22:02:00.0","sleepEndTimestampGMT":"2021-07-18T06:58:00.0","calendarDate":"2021-07-18","sleepWindowConfirmationType":"OFF_WRIST","deepSleepSeconds":0,"lightSleepSeconds":0,"awakeSleepSeconds":0,"unmeasurableSeconds":0,"retro":false},{"sleepStartTimestampGMT":"2021-07-18T21:27:00.0","sleepEndTimestampGMT":"2021-07-19T06:31:00.0","calendarDate":"2021-07-19","sleepWindowConfirmationType":"OFF_WRIST","deepSleepSeconds":0,"lightSleepSeconds":0,"awakeSleepSeconds":0,"unmeasurableSeconds":0,"retro":false},{"sleepStartTimestampGMT":"2021-07-19T20:42:00.0","sleepEndTimestampGMT":"2021-07-20T06:51:00.0","calendarDate":"2021-07-20","sleepWindowConfirmationType":"OFF_WRIST","deepSleepSeconds":0,"lightSleepSeconds":0,"awakeSleepSeconds":0,"unmeasurableSeconds":0,"retro":false},{"sleepStartTimestampGMT":"2021-07-20T19:02:00.0","sleepEndTimestampGMT":"2021-07-21T06:31:00.0","calendarDate":"2021-07-21","sleepWindowConfirmationType":"OFF_WRIST","deepSleepSeconds":0,"lightSleepSeconds":0,"awakeSleepSeconds":0,"unmeasurableSeconds":0,"retro":false},{"sleepStartTimestampGMT":"2021-07-21T19:02:00.0","sleepEndTimestampGMT":"2021-07-22T06:31:00.0","calendarDate":"2021-07-22","sleepWindowConfirmationType":"OFF_WRIST","deepSleepSeconds":0,"lightSleepSeconds":0,"awakeSleepSeconds":0,"unmeasurableSeconds":0,"retro":false},{"sleepStartTimestampGMT":"2021-07-22T19:03:00.0","sleepEndTimestampGMT":"2021-07-23T05:51:00.0","calendarDate":"2021-07-23","sleepWindowConfirmationType":"OFF_WRIST","deepSleepSeconds":0,"lightSleepSeconds":0,"awakeSleepSeconds":0,"unmeasurableSeconds":0,"retro":false},{"sleepStartTimestampGMT":"2021-07-23T20:32:00.0","sleepEndTimestampGMT":"2021-07-24T06:21:00.0","calendarDate":"2021-07-24","sleepWindowConfirmationType":"OFF_WRIST","deepSleepSeconds":0,"lightSleepSeconds":0,"awakeSleepSeconds":0,"unmeasurableSeconds":0,"retro":false},{"sleepStartTimestampGMT":"2021-07-25T01:20:00.0","sleepEndTimestampGMT":"2021-07-25T06:45:00.0","calendarDate":"2021-07-25","sleepWindowConfirmationType":"OFF_WRIST","deepSleepSeconds":0,"lightSleepSeconds":0,"awakeSleepSeconds":0,"unmeasurableSeconds":0,"retro":false},{"sleepStartTimestampGMT":"2021-07-25T19:04:00.0","sleepEndTimestampGMT":"2021-07-26T06:21:00.0","calendarDate":"2021-07-26","sleepWindowConfirmationType":"OFF_WRIST","deepSleepSeconds":0,"lightSleepSeconds":0,"awakeSleepSeconds":0,"unmeasurableSeconds":0,"retro":false},{"sleepStartTimestampGMT":"2021-07-26T18:57:00.0","sleepEndTimestampGMT":"2021-07-27T06:26:00.0","calendarDate":"2021-07-27","sleepWindowConfirmationType":"OFF_WRIST","deepSleepSeconds":0,"lightSleepSeconds":0,"awakeSleepSeconds":0,"unmeasurableSeconds":0,"retro":false},{"sleepStartTimestampGMT":"2021-07-27T19:09:00.0","sleepEndTimestampGMT":"2021-07-28T06:18:00.0","calendarDate":"2021-07-28","sleepWindowConfirmationType":"OFF_WRIST","deepSleepSeconds":0,"lightSleepSeconds":0,"awakeSleepSeconds":0,"unmeasurableSeconds":0,"retro":false},{"sleepStartTimestampGMT":"2021-07-28T18:57:00.0","sleepEndTimestampGMT":"2021-07-29T06:25:00.0","calendarDate":"2021-07-29","sleepWindowConfirmationType":"OFF_WRIST","deepSleepSeconds":0,"lightSleepSeconds":0,"awakeSleepSeconds":0,"unmeasurableSeconds":0,"retro":false},{"sleepStartTimestampGMT":"2021-07-29T18:57:00.0","sleepEndTimestampGMT":"2021-07-30T06:26:00.0","calendarDate":"2021-07-30","sleepWindowConfirmationType":"OFF_WRIST","deepSleepSeconds":0,"lightSleepSeconds":0,"awakeSleepSeconds":0,"unmeasurableSeconds":0,"retro":false},{"sleepStartTimestampGMT":"2021-07-30T19:04:00.0","sleepEndTimestampGMT":"2021-07-31T06:31:00.0","calendarDate":"2021-07-31","sleepWindowConfirmationType":"OFF_WRIST","deepSleepSeconds":0,"lightSleepSeconds":0,"awakeSleepSeconds":0,"unmeasurableSeconds":0,"retro":false},{"sleepStartTimestampGMT":"2021-07-31T18:47:00.0","sleepEndTimestampGMT":"2021-08-01T05:26:00.0","calendarDate":"2021-08-01","sleepWindowConfirmationType":"OFF_WRIST","deepSleepSeconds":0,"lightSleepSeconds":0,"awakeSleepSeconds":0,"unmeasurableSeconds":0,"retro":false},{"sleepStartTimestampGMT":"2021-08-01T19:58:00.0","sleepEndTimestampGMT":"2021-08-02T06:41:00.0","calendarDate":"2021-08-02","sleepWindowConfirmationType":"OFF_WRIST","deepSleepSeconds":0,"lightSleepSeconds":0,"awakeSleepSeconds":0,"unmeasurableSeconds":0,"retro":false},{"sleepStartTimestampGMT":"2021-08-02T19:02:00.0","sleepEndTimestampGMT":"2021-08-03T06:21:00.0","calendarDate":"2021-08-03","sleepWindowConfirmationType":"OFF_WRIST","deepSleepSeconds":0,"lightSleepSeconds":0,"awakeSleepSeconds":0,"unmeasurableSeconds":0,"retro":false},{"sleepStartTimestampGMT":"2021-08-03T19:17:00.0","sleepEndTimestampGMT":"2021-08-04T06:06:00.0","calendarDate":"2021-08-04","sleepWindowConfirmationType":"OFF_WRIST","deepSleepSeconds":0,"lightSleepSeconds":0,"awakeSleepSeconds":0,"unmeasurableSeconds":0,"retro":false},{"sleepStartTimestampGMT":"2021-08-04T19:02:00.0","sleepEndTimestampGMT":"2021-08-05T06:31:00.0","calendarDate":"2021-08-05","sleepWindowConfirmationType":"OFF_WRIST","deepSleepSeconds":0,"lightSleepSeconds":0,"awakeSleepSeconds":0,"unmeasurableSeconds":0,"retro":false},{"sleepStartTimestampGMT":"2021-08-05T19:07:00.0","sleepEndTimestampGMT":"2021-08-06T06:26:00.0","calendarDate":"2021-08-06","sleepWindowConfirmationType":"OFF_WRIST","deepSleepSeconds":0,"lightSleepSeconds":0,"awakeSleepSeconds":0,"unmeasurableSeconds":0,"retro":false},{"sleepStartTimestampGMT":"2021-08-06T19:03:00.0","sleepEndTimestampGMT":"2021-08-07T06:26:00.0","calendarDate":"2021-08-07","sleepWindowConfirmationType":"OFF_WRIST","deepSleepSeconds":0,"lightSleepSeconds":0,"awakeSleepSeconds":0,"unmeasurableSeconds":0,"retro":false},{"sleepStartTimestampGMT":"2021-08-07T18:57:00.0","sleepEndTimestampGMT":"2021-08-08T06:26:00.0","calendarDate":"2021-08-08","sleepWindowConfirmationType":"OFF_WRIST","deepSleepSeconds":0,"lightSleepSeconds":0,"awakeSleepSeconds":0,"unmeasurableSeconds":0,"retro":false},{"sleepStartTimestampGMT":"2021-08-08T19:02:00.0","sleepEndTimestampGMT":"2021-08-09T06:21:00.0","calendarDate":"2021-08-09","sleepWindowConfirmationType":"OFF_WRIST","deepSleepSeconds":0,"lightSleepSeconds":0,"awakeSleepSeconds":0,"unmeasurableSeconds":0,"retro":false},{"sleepStartTimestampGMT":"2021-08-09T18:57:00.0","sleepEndTimestampGMT":"2021-08-10T05:46:00.0","calendarDate":"2021-08-10","sleepWindowConfirmationType":"OFF_WRIST","deepSleepSeconds":0,"lightSleepSeconds":0,"awakeSleepSeconds":0,"unmeasurableSeconds":0,"retro":false},{"sleepStartTimestampGMT":"2021-08-10T18:42:00.0","sleepEndTimestampGMT":"2021-08-11T03:41:00.0","calendarDate":"2021-08-11","sleepWindowConfirmationType":"OFF_WRIST","deepSleepSeconds":0,"lightSleepSeconds":0,"awakeSleepSeconds":0,"unmeasurableSeconds":0,"retro":false},{"sleepStartTimestampGMT":"2021-08-11T19:02:00.0","sleepEndTimestampGMT":"2021-08-12T06:26:00.0","calendarDate":"2021-08-12","sleepWindowConfirmationType":"OFF_WRIST","deepSleepSeconds":0,"lightSleepSeconds":0,"awakeSleepSeconds":0,"unmeasurableSeconds":0,"retro":false},{"sleepStartTimestampGMT":"2021-08-12T18:52:00.0","sleepEndTimestampGMT":"2021-08-13T05:41:00.0","calendarDate":"2021-08-13","sleepWindowConfirmationType":"OFF_WRIST","deepSleepSeconds":0,"lightSleepSeconds":0,"awakeSleepSeconds":0,"unmeasurableSeconds":0,"retro":false},{"sleepStartTimestampGMT":"2021-08-13T19:02:00.0","sleepEndTimestampGMT":"2021-08-14T06:31:00.0","calendarDate":"2021-08-14","sleepWindowConfirmationType":"OFF_WRIST","deepSleepSeconds":0,"lightSleepSeconds":0,"awakeSleepSeconds":0,"unmeasurableSeconds":0,"retro":false},{"sleepStartTimestampGMT":"2021-08-14T19:48:00.0","sleepEndTimestampGMT":"2021-08-15T06:31:00.0","calendarDate":"2021-08-15","sleepWindowConfirmationType":"OFF_WRIST","deepSleepSeconds":0,"lightSleepSeconds":0,"awakeSleepSeconds":0,"unmeasurableSeconds":0,"retro":false},{"sleepStartTimestampGMT":"2021-08-15T19:02:00.0","sleepEndTimestampGMT":"2021-08-16T06:31:00.0","calendarDate":"2021-08-16","sleepWindowConfirmationType":"OFF_WRIST","deepSleepSeconds":0,"lightSleepSeconds":0,"awakeSleepSeconds":0,"unmeasurableSeconds":0,"retro":false},{"sleepStartTimestampGMT":"2021-08-16T18:37:00.0","sleepEndTimestampGMT":"2021-08-17T03:30:00.0","calendarDate":"2021-08-17","sleepWindowConfirmationType":"OFF_WRIST","deepSleepSeconds":0,"lightSleepSeconds":0,"awakeSleepSeconds":0,"unmeasurableSeconds":0,"retro":false},{"sleepStartTimestampGMT":"2021-08-17T18:57:00.0","sleepEndTimestampGMT":"2021-08-18T06:31:00.0","calendarDate":"2021-08-18","sleepWindowConfirmationType":"OFF_WRIST","deepSleepSeconds":0,"lightSleepSeconds":0,"awakeSleepSeconds":0,"unmeasurableSeconds":0,"retro":false},{"sleepStartTimestampGMT":"2021-08-18T18:57:00.0","sleepEndTimestampGMT":"2021-08-19T06:31:00.0","calendarDate":"2021-08-19","sleepWindowConfirmationType":"OFF_WRIST","deepSleepSeconds":0,"lightSleepSeconds":0,"awakeSleepSeconds":0,"unmeasurableSeconds":0,"retro":false},{"sleepStartTimestampGMT":"2021-08-19T18:57:00.0","sleepEndTimestampGMT":"2021-08-20T06:01:00.0","calendarDate":"2021-08-20","sleepWindowConfirmationType":"OFF_WRIST","deepSleepSeconds":0,"lightSleepSeconds":0,"awakeSleepSeconds":0,"unmeasurableSeconds":0,"retro":false},{"sleepStartTimestampGMT":"2021-08-20T18:57:00.0","sleepEndTimestampGMT":"2021-08-21T06:31:00.0","calendarDate":"2021-08-21","sleepWindowConfirmationType":"OFF_WRIST","deepSleepSeconds":0,"lightSleepSeconds":0,"awakeSleepSeconds":0,"unmeasurableSeconds":0,"retro":false},{"sleepStartTimestampGMT":"2021-08-21T19:02:00.0","sleepEndTimestampGMT":"2021-08-22T06:26:00.0","calendarDate":"2021-08-22","sleepWindowConfirmationType":"OFF_WRIST","deepSleepSeconds":0,"lightSleepSeconds":0,"awakeSleepSeconds":0,"unmeasurableSeconds":0,"retro":false},{"sleepStartTimestampGMT":"2021-08-22T18:57:00.0","sleepEndTimestampGMT":"2021-08-23T06:26:00.0","calendarDate":"2021-08-23","sleepWindowConfirmationType":"OFF_WRIST","deepSleepSeconds":0,"lightSleepSeconds":0,"awakeSleepSeconds":0,"unmeasurableSeconds":0,"retro":false},{"sleepStartTimestampGMT":"2021-08-23T18:42:00.0","sleepEndTimestampGMT":"2021-08-24T05:01:00.0","calendarDate":"2021-08-24","sleepWindowConfirmationType":"OFF_WRIST","deepSleepSeconds":0,"lightSleepSeconds":0,"awakeSleepSeconds":0,"unmeasurableSeconds":0,"retro":false},{"sleepStartTimestampGMT":"2021-08-24T19:07:00.0","sleepEndTimestampGMT":"2021-08-25T06:21:00.0","calendarDate":"2021-08-25","sleepWindowConfirmationType":"OFF_WRIST","deepSleepSeconds":0,"lightSleepSeconds":0,"awakeSleepSeconds":0,"unmeasurableSeconds":0,"retro":false},{"sleepStartTimestampGMT":"2021-08-25T18:57:00.0","sleepEndTimestampGMT":"2021-08-26T06:26:00.0","calendarDate":"2021-08-26","sleepWindowConfirmationType":"OFF_WRIST","deepSleepSeconds":0,"lightSleepSeconds":0,"awakeSleepSeconds":0,"unmeasurableSeconds":0,"retro":false},{"sleepStartTimestampGMT":"2021-08-26T19:02:00.0","sleepEndTimestampGMT":"2021-08-27T06:26:00.0","calendarDate":"2021-08-27","sleepWindowConfirmationType":"OFF_WRIST","deepSleepSeconds":0,"lightSleepSeconds":0,"awakeSleepSeconds":0,"unmeasurableSeconds":0,"retro":false},{"sleepStartTimestampGMT":"2021-08-27T19:02:00.0","sleepEndTimestampGMT":"2021-08-28T06:26:00.0","calendarDate":"2021-08-28","sleepWindowConfirmationType":"OFF_WRIST","deepSleepSeconds":0,"lightSleepSeconds":0,"awakeSleepSeconds":0,"unmeasurableSeconds":0,"retro":false}]