[{"sleepStartTimestampGMT":"2022-03-16T19:42:00.0","sleepEndTimestampGMT":"2022-03-17T06:06:00.0","calendarDate":"2022-03-17","sleepWindowConfirmationType":"OFF_WRIST","deepSleepSeconds":0,"lightSleepSeconds":0,"awakeSleepSeconds":0,"unmeasurableSeconds":0,"retro":false},{"sleepStartTimestampGMT":"2022-03-17T20:40:00.0","sleepEndTimestampGMT":"2022-03-18T07:26:00.0","calendarDate":"2022-03-18","sleepWindowConfirmationType":"OFF_WRIST","deepSleepSeconds":0,"lightSleepSeconds":0,"awakeSleepSeconds":0,"unmeasurableSeconds":0,"retro":false},{"sleepStartTimestampGMT":"2022-03-18T20:05:00.0","sleepEndTimestampGMT":"2022-03-19T07:31:00.0","calendarDate":"2022-03-19","sleepWindowConfirmationType":"OFF_WRIST","deepSleepSeconds":0,"lightSleepSeconds":0,"awakeSleepSeconds":0,"unmeasurableSeconds":0,"retro":false},{"sleepStartTimestampGMT":"2022-03-19T20:02:00.0","sleepEndTimestampGMT":"2022-03-20T07:25:00.0","calendarDate":"2022-03-20","sleepWindowConfirmationType":"OFF_WRIST","deepSleepSeconds":0,"lightSleepSeconds":0,"awakeSleepSeconds":0,"unmeasurableSeconds":0,"retro":false},{"sleepStartTimestampGMT":"2022-03-20T20:10:00.0","sleepEndTimestampGMT":"2022-03-21T07:26:00.0","calendarDate":"2022-03-21","sleepWindowConfirmationType":"OFF_WRIST","deepSleepSeconds":0,"lightSleepSeconds":0,"awakeSleepSeconds":0,"unmeasurableSeconds":0,"retro":false},{"sleepStartTimestampGMT":"2022-03-21T19:47:00.0","sleepEndTimestampGMT":"2022-03-22T06:06:00.0","calendarDate":"2022-03-22","sleepWindowConfirmationType":"OFF_WRIST","deepSleepSeconds":0,"lightSleepSeconds":0,"awakeSleepSeconds":0,"unmeasurableSeconds":0,"retro":false},{"sleepStartTimestampGMT":"2022-03-22T20:15:00.0","sleepEndTimestampGMT":"2022-03-23T05:46:00.0","calendarDate":"2022-03-23","sleepWindowConfirmationType":"OFF_WRIST","deepSleepSeconds":0,"lightSleepSeconds":0,"awakeSleepSeconds":0,"unmeasurableSeconds":0,"retro":false},{"sleepStartTimestampGMT":"2022-03-23T19:42:00.0","sleepEndTimestampGMT":"2022-03-24T06:11:00.0","calendarDate":"2022-03-24","sleepWindowConfirmationType":"OFF_WRIST","deepSleepSeconds":0,"lightSleepSeconds":0,"awakeSleepSeconds":0,"unmeasurableSeconds":0,"retro":false},{"sleepStartTimestampGMT":"2022-03-24T19:00:00.0","sleepEndTimestampGMT":"2022-03-25T06:01:00.0","calendarDate":"2022-03-25","sleepWindowConfirmationType":"OFF_WRIST","deepSleepSeconds":0,"lightSleepSeconds":0,"awakeSleepSeconds":0,"unmeasurableSeconds":0,"retro":false},{"sleepStartTimestampGMT":"2022-03-25T18:57:00.0","sleepEndTimestampGMT":"2022-03-26T06:26:00.0","calendarDate":"2022-03-26","sleepWindowConfirmationType":"OFF_WRIST","deepSleepSeconds":0,"lightSleepSeconds":0,"awakeSleepSeconds":0,"unmeasurableSeconds":0,"retro":false},{"sleepStartTimestampGMT":"2022-03-26T18:57:00.0","sleepEndTimestampGMT":"2022-03-27T06:26:00.0","calendarDate":"2022-03-27","sleepWindowConfirmationType":"OFF_WRIST","deepSleepSeconds":0,"lightSleepSeconds":0,"awakeSleepSeconds":0,"unmeasurableSeconds":0,"retro":false},{"sleepStartTimestampGMT":"2022-03-27T19:07:00.0","sleepEndTimestampGMT":"2022-03-28T06:21:00.0","calendarDate":"2022-03-28","sleepWindowConfirmationType":"OFF_WRIST","deepSleepSeconds":0,"lightSleepSeconds":0,"awakeSleepSeconds":0,"unmeasurableSeconds":0,"retro":false},{"sleepStartTimestampGMT":"2022-03-28T19:22:00.0","sleepEndTimestampGMT":"2022-03-29T06:21:00.0","calendarDate":"2022-03-29","sleepWindowConfirmationType":"OFF_WRIST","deepSleepSeconds":0,"lightSleepSeconds":0,"awakeSleepSeconds":0,"unmeasurableSeconds":0,"retro":false},{"sleepStartTimestampGMT":"2022-03-29T19:07:00.0","sleepEndTimestampGMT":"2022-03-30T06:21:00.0","calendarDate":"2022-03-30","sleepWindowConfirmationType":"OFF_WRIST","deepSleepSeconds":0,"lightSleepSeconds":0,"awakeSleepSeconds":0,"unmeasurableSeconds":0,"retro":false},{"sleepStartTimestampGMT":"2022-03-30T19:03:00.0","sleepEndTimestampGMT":"2022-03-31T06:11:00.0","calendarDate":"2022-03-31","sleepWindowConfirmationType":"OFF_WRIST","deepSleepSeconds":0,"lightSleepSeconds":0,"awakeSleepSeconds":0,"unmeasurableSeconds":0,"retro":false},{"sleepStartTimestampGMT":"2022-03-31T19:15:00.0","sleepEndTimestampGMT":"2022-04-01T06:31:00.0","calendarDate":"2022-04-01","sleepWindowConfirmationType":"OFF_WRIST","deepSleepSeconds":0,"lightSleepSeconds":0,"awakeSleepSeconds":0,"unmeasurableSeconds":0,"retro":false},{"sleepStartTimestampGMT":"2022-04-01T18:57:00.0","sleepEndTimestampGMT":"2022-04-02T06:27:00.0","calendarDate":"2022-04-02","sleepWindowConfirmationType":"OFF_WRIST","deepSleepSeconds":0,"lightSleepSeconds":0,"awakeSleepSeconds":0,"unmeasurableSeconds":0,"retro":false},{"sleepStartTimestampGMT":"2022-04-02T18:57:00.0","sleepEndTimestampGMT":"2022-04-03T06:26:00.0","calendarDate":"2022-04-03","sleepWindowConfirmationType":"OFF_WRIST","deepSleepSeconds":0,"lightSleepSeconds":0,"awakeSleepSeconds":0,"unmeasurableSeconds":0,"retro":false},{"sleepStartTimestampGMT":"2022-04-03T19:07:00.0","sleepEndTimestampGMT":"2022-04-04T06:31:00.0","calendarDate":"2022-04-04","sleepWindowConfirmationType":"OFF_WRIST","deepSleepSeconds":0,"lightSleepSeconds":0,"awakeSleepSeconds":0,"unmeasurableSeconds":0,"retro":false},{"sleepStartTimestampGMT":"2022-04-04T19:02:00.0","sleepEndTimestampGMT":"2022-04-05T05:37:00.0","calendarDate":"2022-04-05","sleepWindowConfirmationType":"OFF_WRIST","deepSleepSeconds":0,"lightSleepSeconds":0,"awakeSleepSeconds":0,"unmeasurableSeconds":0,"retro":false},{"sleepStartTimestampGMT":"2022-04-05T19:06:00.0","sleepEndTimestampGMT":"2022-04-06T06:15:00.0","calendarDate":"2022-04-06","sleepWindowConfirmationType":"OFF_WRIST","deepSleepSeconds":0,"lightSleepSeconds":0,"awakeSleepSeconds":0,"unmeasurableSeconds":0,"retro":false},{"sleepStartTimestampGMT":"2022-04-06T18:43:00.0","sleepEndTimestampGMT":"2022-04-07T04:11:00.0","calendarDate":"2022-04-07","sleepWindowConfirmationType":"OFF_WRIST","deepSleepSeconds":0,"lightSleepSeconds":0,"awakeSleepSeconds":0,"unmeasurableSeconds":0,"retro":false},{"sleepStartTimestampGMT":"2022-04-07T19:54:00.0","sleepEndTimestampGMT":"2022-04-08T06:31:00.0","calendarDate":"2022-04-08","sleepWindowConfirmationType":"OFF_WRIST","deepSleepSeconds":0,"lightSleepSeconds":0,"awakeSleepSeconds":0,"unmeasurableSeconds":0,"retro":false},{"sleepStartTimestampGMT":"2022-04-08T19:02:00.0","sleepEndTimestampGMT":"2022-04-09T06:26:00.0","calendarDate":"2022-04-09","sleepWindowConfirmationType":"OFF_WRIST","deepSleepSeconds":0,"lightSleepSeconds":0,"awakeSleepSeconds":0,"unmeasurableSeconds":0,"retro":false},{"sleepStartTimestampGMT":"2022-04-09T18:31:00.0","sleepEndTimestampGMT":"2022-04-10T04:16:00.0","calendarDate":"2022-04-10","sleepWindowConfirmationType":"OFF_WRIST","deepSleepSeconds":0,"lightSleepSeconds":0,"awakeSleepSeconds":0,"unmeasurableSeconds":0,"retro":false},{"sleepStartTimestampGMT":"2022-04-10T19:08:00.0","sleepEndTimestampGMT":"2022-04-11T06:16:00.0","calendarDate":"2022-04-11","sleepWindowConfirmationType":"OFF_WRIST","deepSleepSeconds":0,"lightSleepSeconds":0,"awakeSleepSeconds":0,"unmeasurableSeconds":0,"retro":false},{"sleepStartTimestampGMT":"2022-04-11T19:02:00.0","sleepEndTimestampGMT":"2022-04-12T06:29:00.0","calendarDate":"2022-04-12","sleepWindowConfirmationType":"OFF_WRIST","deepSleepSeconds":0,"lightSleepSeconds":0,"awakeSleepSeconds":0,"unmeasurableSeconds":0,"retro":false},{"sleepStartTimestampGMT":"2022-04-12T19:07:00.0","sleepEndTimestampGMT":"2022-04-13T06:31:00.0","calendarDate":"2022-04-13","sleepWindowConfirmationType":"OFF_WRIST","deepSleepSeconds":0,"lightSleepSeconds":0,"awakeSleepSeconds":0,"unmeasurableSeconds":0,"retro":false},{"sleepStartTimestampGMT":"2022-04-13T19:02:00.0","sleepEndTimestampGMT":"2022-04-14T06:21:00.0","calendarDate":"2022-04-14","sleepWindowConfirmationType":"OFF_WRIST","deepSleepSeconds":0,"lightSleepSeconds":0,"awakeSleepSeconds":0,"unmeasurableSeconds":0,"retro":false},{"sleepStartTimestampGMT":"2022-04-14T19:17:00.0","sleepEndTimestampGMT":"2022-04-15T06:31:00.0","calendarDate":"2022-04-15","sleepWindowConfirmationType":"OFF_WRIST","deepSleepSeconds":0,"lightSleepSeconds":0,"awakeSleepSeconds":0,"unmeasurableSeconds":0,"retro":false},{"sleepStartTimestampGMT":"2022-04-15T18:57:00.0","sleepEndTimestampGMT":"2022-04-16T06:26:00.0","calendarDate":"2022-04-16","sleepWindowConfirmationType":"OFF_WRIST","deepSleepSeconds":0,"lightSleepSeconds":0,"awakeSleepSeconds":0,"unmeasurableSeconds":0,"retro":false},{"sleepStartTimestampGMT":"2022-04-16T18:57:00.0","sleepEndTimestampGMT":"2022-04-17T06:26:00.0","calendarDate":"2022-04-17","sleepWindowConfirmationType":"OFF_WRIST","deepSleepSeconds":0,"lightSleepSeconds":0,"awakeSleepSeconds":0,"unmeasurableSeconds":0,"retro":false},{"sleepStartTimestampGMT":"2022-04-17T19:07:00.0","sleepEndTimestampGMT":"2022-04-18T06:26:00.0","calendarDate":"2022-04-18","sleepWindowConfirmationType":"OFF_WRIST","deepSleepSeconds":0,"lightSleepSeconds":0,"awakeSleepSeconds":0,"unmeasurableSeconds":0,"retro":false},{"sleepStartTimestampGMT":"2022-04-18T18:57:00.0","sleepEndTimestampGMT":"2022-04-19T06:21:00.0","calendarDate":"2022-04-19","sleepWindowConfirmationType":"OFF_WRIST","deepSleepSeconds":0,"lightSleepSeconds":0,"awakeSleepSeconds":0,"unmeasurableSeconds":0,"retro":false},{"sleepStartTimestampGMT":"2022-04-19T18:57:00.0","sleepEndTimestampGMT":"2022-04-20T06:26:00.0","calendarDate":"2022-04-20","sleepWindowConfirmationType":"OFF_WRIST","deepSleepSeconds":0,"lightSleepSeconds":0,"awakeSleepSeconds":0,"unmeasurableSeconds":0,"retro":false},{"sleepStartTimestampGMT":"2022-04-20T19:41:00.0","sleepEndTimestampGMT":"2022-04-21T06:31:00.0","calendarDate":"2022-04-21","sleepWindowConfirmationType":"OFF_WRIST","deepSleepSeconds":0,"lightSleepSeconds":0,"awakeSleepSeconds":0,"unmeasurableSeconds":0,"retro":false},{"sleepStartTimestampGMT":"2022-04-21T19:02:00.0","sleepEndTimestampGMT":"2022-04-22T06:31:00.0","calendarDate":"2022-04-22","sleepWindowConfirmationType":"OFF_WRIST","deepSleepSeconds":0,"lightSleepSeconds":0,"awakeSleepSeconds":0,"unmeasurableSeconds":0,"retro":false},{"sleepStartTimestampGMT":"2022-04-22T18:57:00.0","sleepEndTimestampGMT":"2022-04-23T06:29:00.0","calendarDate":"2022-04-23","sleepWindowConfirmationType":"OFF_WRIST","deepSleepSeconds":0,"lightSleepSeconds":0,"awakeSleepSeconds":0,"unmeasurableSeconds":0,"retro":false},{"sleepStartTimestampGMT":"2022-04-23T18:42:00.0","sleepEndTimestampGMT":"2022-04-24T05:16:00.0","calendarDate":"2022-04-24","sleepWindowConfirmationType":"OFF_WRIST","deepSleepSeconds":0,"lightSleepSeconds":0,"awakeSleepSeconds":0,"unmeasurableSeconds":0,"retro":false},{"sleepStartTimestampGMT":"2022-04-24T19:15:00.0","sleepEndTimestampGMT":"2022-04-25T05:33:00.0","calendarDate":"2022-04-25","sleepWindowConfirmationType":"OFF_WRIST","deepSleepSeconds":0,"lightSleepSeconds":0,"awakeSleepSeconds":0,"unmeasurableSeconds":0,"retro":false},{"sleepStartTimestampGMT":"2022-04-25T19:20:00.0","sleepEndTimestampGMT":"2022-04-26T04:15:00.0","calendarDate":"2022-04-26","sleepWindowConfirmationType":"OFF_WRIST","deepSleepSeconds":0,"lightSleepSeconds":0,"awakeSleepSeconds":0,"unmeasurableSeconds":0,"retro":false},{"sleepStartTimestampGMT":"2022-04-26T20:02:00.0","sleepEndTimestampGMT":"2022-04-27T07:26:00.0","calendarDate":"2022-04-27","sleepWindowConfirmationType":"OFF_WRIST","deepSleepSeconds":0,"lightSleepSeconds":0,"awakeSleepSeconds":0,"unmeasurableSeconds":0,"retro":false},{"sleepStartTimestampGMT":"2022-04-27T20:32:00.0","sleepEndTimestampGMT":"2022-04-28T07:28:00.0","calendarDate":"2022-04-28","sleepWindowConfirmationType":"OFF_WRIST","deepSleepSeconds":0,"lightSleepSeconds":0,"awakeSleepSeconds":0,"unmeasurableSeconds":0,"retro":false},{"sleepStartTimestampGMT":"2022-04-28T21:03:00.0","sleepEndTimestampGMT":"2022-04-29T07:36:00.0","calendarDate":"2022-04-29","sleepWindowConfirmationType":"OFF_WRIST","deepSleepSeconds":0,"lightSleepSeconds":0,"awakeSleepSeconds":0,"unmeasurableSeconds":0,"retro":false},{"sleepStartTimestampGMT":"2022-04-29T19:57:00.0","sleepEndTimestampGMT":"2022-04-30T07:26:00.0","calendarDate":"2022-04-30","sleepWindowConfirmationType":"OFF_WRIST","deepSleepSeconds":0,"lightSleepSeconds":0,"awakeSleepSeconds":0,"unmeasurableSeconds":0,"retro":false},{"sleepStartTimestampGMT":"2022-04-30T20:02:00.0","sleepEndTimestampGMT":"2022-05-01T07:26:00.0","calendarDate":"2022-05-01","sleepWindowConfirmationType":"OFF_WRIST","deepSleepSeconds":0,"lightSleepSeconds":0,"awakeSleepSeconds":0,"unmeasurableSeconds":0,"retro":false},{"sleepStartTimestampGMT":"2022-05-01T21:02:00.0","sleepEndTimestampGMT":"2022-05-02T07:41:00.0","calendarDate":"2022-05-02","sleepWindowConfirmationType":"OFF_WRIST","deepSleepSeconds":0,"lightSleepSeconds":0,"awakeSleepSeconds":0,"unmeasurableSeconds":0,"retro":false},{"sleepStartTimestampGMT":"2022-05-02T21:43:00.0","sleepEndTimestampGMT":"2022-05-03T05:33:00.0","calendarDate":"2022-05-03","sleepWindowConfirmationType":"OFF_WRIST","deepSleepSeconds":0,"lightSleepSeconds":0,"awakeSleepSeconds":0,"unmeasurableSeconds":0,"retro":false},{"sleepStartTimestampGMT":"2022-05-03T21:02:00.0","sleepEndTimestampGMT":"2022-05-04T07:36:00.0","calendarDate":"2022-05-04","sleepWindowConfirmationType":"OFF_WRIST","deepSleepSeconds":0,"lightSleepSeconds":0,"awakeSleepSeconds":0,"unmeasurableSeconds":0,"retro":false},{"sleepStartTimestampGMT":"2022-05-04T21:47:00.0","sleepEndTimestampGMT":"2022-05-05T07:46:00.0","calendarDate":"2022-05-05","sleepWindowConfirmationType":"OFF_WRIST","deepSleepSeconds":0,"lightSleepSeconds":0,"awakeSleepSeconds":0,"unmeasurableSeconds":0,"retro":false},{"sleepStartTimestampGMT":"2022-05-05T21:22:00.0","sleepEndTimestampGMT":"2022-05-06T06:56:00.0","calendarDate":"2022-05-06","sleepWindowConfirmationType":"OFF_WRIST","deepSleepSeconds":0,"lightSleepSeconds":0,"awakeSleepSeconds":0,"unmeasurableSeconds":0,"retro":false},{"sleepStartTimestampGMT":"2022-05-06T21:11:00.0","sleepEndTimestampGMT":"2022-05-07T06:59:00.0","calendarDate":"2022-05-07","sleepWindowConfirmationType":"OFF_WRIST","deepSleepSeconds":0,"lightSleepSeconds":0,"awakeSleepSeconds":0,"unmeasurableSeconds":0,"retro":false},{"sleepStartTimestampGMT":"2022-05-07T18:57:00.0","sleepEndTimestampGMT":"2022-05-08T06:26:00.0","calendarDate":"2022-05-08","sleepWindowConfirmationType":"OFF_WRIST","deepSleepSeconds":0,"lightSleepSeconds":0,"awakeSleepSeconds":0,"unmeasurableSeconds":0,"retro":false},{"sleepStartTimestampGMT":"2022-05-08T19:07:00.0","sleepEndTimestampGMT":"2022-05-09T06:31:00.0","calendarDate":"2022-05-09","sleepWindowConfirmationType":"OFF_WRIST","deepSleepSeconds":0,"lightSleepSeconds":0,"awakeSleepSeconds":0,"unmeasurableSeconds":0,"retro":false},{"sleepStartTimestampGMT":"2022-05-09T18:57:00.0","sleepEndTimestampGMT":"2022-05-10T06:03:00.0","calendarDate":"2022-05-10","sleepWindowConfirmationType":"OFF_WRIST","deepSleepSeconds":0,"lightSleepSeconds":0,"awakeSleepSeconds":0,"unmeasurableSeconds":0,"retro":false},{"sleepStartTimestampGMT":"2022-05-10T19:20:00.0","sleepEndTimestampGMT":"2022-05-11T06:26:00.0","calendarDate":"2022-05-11","sleepWindowConfirmationType":"OFF_WRIST","deepSleepSeconds":0,"lightSleepSeconds":0,"awakeSleepSeconds":0,"unmeasurableSeconds":0,"retro":false},{"sleepStartTimestampGMT":"2022-05-11T18:57:00.0","sleepEndTimestampGMT":"2022-05-12T06:21:00.0","calendarDate":"2022-05-12","sleepWindowConfirmationType":"OFF_WRIST","deepSleepSeconds":0,"lightSleepSeconds":0,"awakeSleepSeconds":0,"unmeasurableSeconds":0,"retro":false},{"sleepStartTimestampGMT":"2022-05-12T18:57:00.0","sleepEndTimestampGMT":"2022-05-13T06:26:00.0","calendarDate":"2022-05-13","sleepWindowConfirmationType":"OFF_WRIST","deepSleepSeconds":0,"lightSleepSeconds":0,"awakeSleepSeconds":0,"unmeasurableSeconds":0,"retro":false},{"sleepStartTimestampGMT":"2022-05-13T18:57:00.0","sleepEndTimestampGMT":"2022-05-14T06:26:00.0","calendarDate":"2022-05-14","sleepWindowConfirmationType":"OFF_WRIST","deepSleepSeconds":0,"lightSleepSeconds":0,"awakeSleepSeconds":0,"unmeasurableSeconds":0,"retro":false},{"sleepStartTimestampGMT":"2022-05-14T19:22:00.0","sleepEndTimestampGMT":"2022-05-15T06:31:00.0","calendarDate":"2022-05-15","sleepWindowConfirmationType":"OFF_WRIST","deepSleepSeconds":0,"lightSleepSeconds":0,"awakeSleepSeconds":0,"unmeasurableSeconds":0,"retro":false},{"sleepStartTimestampGMT":"2022-05-15T18:57:00.0","sleepEndTimestampGMT":"2022-05-16T06:26:00.0","calendarDate":"2022-05-16","sleepWindowConfirmationType":"OFF_WRIST","deepSleepSeconds":0,"lightSleepSeconds":0,"awakeSleepSeconds":0,"unmeasurableSeconds":0,"retro":false},{"sleepStartTimestampGMT":"2022-05-16T18:57:00.0","sleepEndTimestampGMT":"2022-05-17T06:26:00.0","calendarDate":"2022-05-17","sleepWindowConfirmationType":"OFF_WRIST","deepSleepSeconds":0,"lightSleepSeconds":0,"awakeSleepSeconds":0,"unmeasurableSeconds":0,"retro":false},{"sleepStartTimestampGMT":"2022-05-17T19:02:00.0","sleepEndTimestampGMT":"2022-05-18T06:26:00.0","calendarDate":"2022-05-18","sleepWindowConfirmationType":"OFF_WRIST","deepSleepSeconds":0,"lightSleepSeconds":0,"awakeSleepSeconds":0,"unmeasurableSeconds":0,"retro":false},{"sleepStartTimestampGMT":"2022-05-18T21:00:00.0","sleepEndTimestampGMT":"2022-05-19T06:41:00.0","calendarDate":"2022-05-19","sleepWindowConfirmationType":"OFF_WRIST","deepSleepSeconds":0,"lightSleepSeconds":0,"awakeSleepSeconds":0,"unmeasurableSeconds":0,"retro":false},{"sleepStartTimestampGMT":"2022-05-19T18:52:00.0","sleepEndTimestampGMT":"2022-05-20T05:31:00.0","calendarDate":"2022-05-20","sleepWindowConfirmationType":"OFF_WRIST","deepSleepSeconds":0,"lightSleepSeconds":0,"awakeSleepSeconds":0,"unmeasurableSeconds":0,"retro":false},{"sleepStartTimestampGMT":"2022-05-20T18:57:00.0","sleepEndTimestampGMT":"2022-05-21T06:31:00.0","calendarDate":"2022-05-21","sleepWindowConfirmationType":"OFF_WRIST","deepSleepSeconds":0,"lightSleepSeconds":0,"awakeSleepSeconds":0,"unmeasurableSeconds":0,"retro":false},{"sleepStartTimestampGMT":"2022-05-21T18:42:00.0","sleepEndTimestampGMT":"2022-05-22T05:11:00.0","calendarDate":"2022-05-22","sleepWindowConfirmationType":"OFF_WRIST","deepSleepSeconds":0,"lightSleepSeconds":0,"awakeSleepSeconds":0,"unmeasurableSeconds":0,"retro":false},{"sleepStartTimestampGMT":"2022-05-22T18:31:00.0","sleepEndTimestampGMT":"2022-05-23T02:39:00.0","calendarDate":"2022-05-23","sleepWindowConfirmationType":"OFF_WRIST","deepSleepSeconds":0,"lightSleepSeconds":0,"awakeSleepSeconds":0,"unmeasurableSeconds":0,"retro":false},{"sleepStartTimestampGMT":"2022-05-23T18:31:00.0","sleepEndTimestampGMT":"2022-05-24T02:49:00.0","calendarDate":"2022-05-24","sleepWindowConfirmationType":"OFF_WRIST","deepSleepSeconds":0,"lightSleepSeconds":0,"awakeSleepSeconds":0,"unmeasurableSeconds":0,"retro":false},{"sleepStartTimestampGMT":"2022-05-24T20:09:00.0","sleepEndTimestampGMT":"2022-05-25T03:47:00.0","calendarDate":"2022-05-25","sleepWindowConfirmationType":"OFF_WRIST","deepSleepSeconds":0,"lightSleepSeconds":0,"awakeSleepSeconds":0,"unmeasurableSeconds":0,"retro":false},{"sleepStartTimestampGMT":"2022-05-25T18:42:00.0","sleepEndTimestampGMT":"2022-05-26T04:51:00.0","calendarDate":"2022-05-26","sleepWindowConfirmationType":"OFF_WRIST","deepSleepSeconds":0,"lightSleepSeconds":0,"awakeSleepSeconds":0,"unmeasurableSeconds":0,"retro":false},{"sleepStartTimestampGMT":"2022-05-26T18:52:00.0","sleepEndTimestampGMT":"2022-05-27T05:56:00.0","calendarDate":"2022-05-27","sleepWindowConfirmationType":"OFF_WRIST","deepSleepSeconds":0,"lightSleepSeconds":0,"awakeSleepSeconds":0,"unmeasurableSeconds":0,"retro":false},{"sleepStartTimestampGMT":"2022-05-27T18:57:00.0","sleepEndTimestampGMT":"2022-05-28T06:21:00.0","calendarDate":"2022-05-28","sleepWindowConfirmationType":"OFF_WRIST","deepSleepSeconds":0,"lightSleepSeconds":0,"awakeSleepSeconds":0,"unmeasurableSeconds":0,"retro":false},{"sleepStartTimestampGMT":"2022-05-28T19:14:00.0","sleepEndTimestampGMT":"2022-05-29T06:26:00.0","calendarDate":"2022-05-29","sleepWindowConfirmationType":"OFF_WRIST","deepSleepSeconds":0,"lightSleepSeconds":0,"awakeSleepSeconds":0,"unmeasurableSeconds":0,"retro":false},{"sleepStartTimestampGMT":"2022-05-29T19:02:00.0","sleepEndTimestampGMT":"2022-05-30T06:26:00.0","calendarDate":"2022-05-30","sleepWindowConfirmationType":"OFF_WRIST","deepSleepSeconds":0,"lightSleepSeconds":0,"awakeSleepSeconds":0,"unmeasurableSeconds":0,"retro":false},{"sleepStartTimestampGMT":"2022-05-30T18:47:00.0","sleepEndTimestampGMT":"2022-05-31T05:11:00.0","calendarDate":"2022-05-31","sleepWindowConfirmationType":"OFF_WRIST","deepSleepSeconds":0,"lightSleepSeconds":0,"awakeSleepSeconds":0,"unmeasurableSeconds":0,"retro":false},{"sleepStartTimestampGMT":"2022-05-31T18:49:00.0","sleepEndTimestampGMT":"2022-06-01T04:11:00.0","calendarDate":"2022-06-01","sleepWindowConfirmationType":"OFF_WRIST","deepSleepSeconds":0,"lightSleepSeconds":0,"awakeSleepSeconds":0,"unmeasurableSeconds":0,"retro":false},{"sleepStartTimestampGMT":"2022-06-01T18:31:00.0","sleepEndTimestampGMT":"2022-06-02T03:49:00.0","calendarDate":"2022-06-02","sleepWindowConfirmationType":"OFF_WRIST","deepSleepSeconds":0,"lightSleepSeconds":0,"awakeSleepSeconds":0,"unmeasurableSeconds":0,"retro":false},{"sleepStartTimestampGMT":"2022-06-02T18:59:00.0","sleepEndTimestampGMT":"2022-06-03T05:51:00.0","calendarDate":"2022-06-03","sleepWindowConfirmationType":"OFF_WRIST","deepSleepSeconds":0,"lightSleepSeconds":0,"awakeSleepSeconds":0,"unmeasurableSeconds":0,"retro":false},{"sleepStartTimestampGMT":"2022-06-03T18:57:00.0","sleepEndTimestampGMT":"2022-06-04T06:31:00.0","calendarDate":"2022-06-04","sleepWindowConfirmationType":"OFF_WRIST","deepSleepSeconds":0,"lightSleepSeconds":0,"awakeSleepSeconds":0,"unmeasurableSeconds":0,"retro":false},{"sleepStartTimestampGMT":"2022-06-04T19:02:00.0","sleepEndTimestampGMT":"2022-06-05T06:31:00.0","calendarDate":"2022-06-05","sleepWindowConfirmationType":"OFF_WRIST","deepSleepSeconds":0,"lightSleepSeconds":0,"awakeSleepSeconds":0,"unmeasurableSeconds":0,"retro":false},{"sleepStartTimestampGMT":"2022-06-05T18:33:00.0","sleepEndTimestampGMT":"2022-06-06T03:55:00.0","calendarDate":"2022-06-06","sleepWindowConfirmationType":"OFF_WRIST","deepSleepSeconds":0,"lightSleepSeconds":0,"awakeSleepSeconds":0,"unmeasurableSeconds":0,"retro":false},{"sleepStartTimestampGMT":"2022-06-06T19:37:00.0","sleepEndTimestampGMT":"2022-06-07T02:36:00.0","calendarDate":"2022-06-07","sleepWindowConfirmationType":"OFF_WRIST","deepSleepSeconds":0,"lightSleepSeconds":0,"awakeSleepSeconds":0,"unmeasurableSeconds":0,"retro":false},{"sleepStartTimestampGMT":"2022-06-07T18:31:00.0","sleepEndTimestampGMT":"2022-06-08T03:48:00.0","calendarDate":"2022-06-08","sleepWindowConfirmationType":"OFF_WRIST","deepSleepSeconds":0,"lightSleepSeconds":0,"awakeSleepSeconds":0,"unmeasurableSeconds":0,"retro":false},{"sleepStartTimestampGMT":"2022-06-08T18:39:00.0","sleepEndTimestampGMT":"2022-06-09T03:50:00.0","calendarDate":"2022-06-09","sleepWindowConfirmationType":"OFF_WRIST","deepSleepSeconds":0,"lightSleepSeconds":0,"awakeSleepSeconds":0,"unmeasurableSeconds":0,"retro":false},{"sleepStartTimestampGMT":"2022-06-09T18:31:00.0","sleepEndTimestampGMT":"2022-06-10T03:53:00.0","calendarDate":"2022-06-10","sleepWindowConfirmationType":"OFF_WRIST","deepSleepSeconds":0,"lightSleepSeconds":0,"awakeSleepSeconds":0,"unmeasurableSeconds":0,"retro":false},{"sleepStartTimestampGMT":"2022-06-10T18:31:00.0","sleepEndTimestampGMT":"2022-06-11T04:06:00.0","calendarDate":"2022-06-11","sleepWindowConfirmationType":"OFF_WRIST","deepSleepSeconds":0,"lightSleepSeconds":0,"awakeSleepSeconds":0,"unmeasurableSeconds":0,"retro":false},{"sleepStartTimestampGMT":"2022-06-11T19:38:00.0","sleepEndTimestampGMT":"2022-06-12T02:33:00.0","calendarDate":"2022-06-12","sleepWindowConfirmationType":"OFF_WRIST","deepSleepSeconds":0,"lightSleepSeconds":0,"awakeSleepSeconds":0,"unmeasurableSeconds":0,"retro":false},{"sleepStartTimestampGMT":"2022-06-12T18:37:00.0","sleepEndTimestampGMT":"2022-06-13T04:51:00.0","calendarDate":"2022-06-13","sleepWindowConfirmationType":"OFF_WRIST","deepSleepSeconds":0,"lightSleepSeconds":0,"awakeSleepSeconds":0,"unmeasurableSeconds":0,"retro":false},{"sleepStartTimestampGMT":"2022-06-13T18:31:00.0","sleepEndTimestampGMT":"2022-06-14T03:45:00.0","calendarDate":"2022-06-14","sleepWindowConfirmationType":"OFF_WRIST","deepSleepSeconds":0,"lightSleepSeconds":0,"awakeSleepSeconds":0,"unmeasurableSeconds":0,"retro":false},{"sleepStartTimestampGMT":"2022-06-14T18:33:00.0","sleepEndTimestampGMT":"2022-06-15T03:54:00.0","calendarDate":"2022-06-15","sleepWindowConfirmationType":"OFF_WRIST","deepSleepSeconds":0,"lightSleepSeconds":0,"awakeSleepSeconds":0,"unmeasurableSeconds":0,"retro":false},{"sleepStartTimestampGMT":"2022-06-15T18:31:00.0","sleepEndTimestampGMT":"2022-06-16T03:50:00.0","calendarDate":"2022-06-16","sleepWindowConfirmationType":"OFF_WRIST","deepSleepSeconds":0,"lightSleepSeconds":0,"awakeSleepSeconds":0,"unmeasurableSeconds":0,"retro":false},{"sleepStartTimestampGMT":"2022-06-16T21:10:00.0","sleepEndTimestampGMT":"2022-06-17T02:47:00.0","calendarDate":"2022-06-17","sleepWindowConfirmationType":"OFF_WRIST","deepSleepSeconds":0,"lightSleepSeconds":0,"awakeSleepSeconds":0,"unmeasurableSeconds":0,"retro":false},{"sleepStartTimestampGMT":"2022-06-17T19:02:00.0","sleepEndTimestampGMT":"2022-06-18T06:41:00.0","calendarDate":"2022-06-18","sleepWindowConfirmationType":"OFF_WRIST","deepSleepSeconds":0,"lightSleepSeconds":0,"awakeSleepSeconds":0,"unmeasurableSeconds":0,"retro":false},{"sleepStartTimestampGMT":"2022-06-18T18:31:00.0","sleepEndTimestampGMT":"2022-06-19T03:52:00.0","calendarDate":"2022-06-19","sleepWindowConfirmationType":"OFF_WRIST","deepSleepSeconds":0,"lightSleepSeconds":0,"awakeSleepSeconds":0,"unmeasurableSeconds":0,"retro":false},{"sleepStartTimestampGMT":"2022-06-19T18:31:00.0","sleepEndTimestampGMT":"2022-06-20T03:51:00.0","calendarDate":"2022-06-20","sleepWindowConfirmationType":"OFF_WRIST","deepSleepSeconds":0,"lightSleepSeconds":0,"awakeSleepSeconds":0,"unmeasurableSeconds":0,"retro":false},{"sleepStartTimestampGMT":"2022-06-20T18:31:00.0","sleepEndTimestampGMT":"2022-06-21T03:50:00.0","calendarDate":"2022-06-21","sleepWindowConfirmationType":"OFF_WRIST","deepSleepSeconds":0,"lightSleepSeconds":0,"awakeSleepSeconds":0,"unmeasurableSeconds":0,"retro":false},{"sleepStartTimestampGMT":"2022-06-21T18:31:00.0","sleepEndTimestampGMT":"2022-06-22T03:48:00.0","calendarDate":"2022-06-22","sleepWindowConfirmationType":"OFF_WRIST","deepSleepSeconds":0,"lightSleepSeconds":0,"awakeSleepSeconds":0,"unmeasurableSeconds":0,"retro":false},{"sleepStartTimestampGMT":"2022-06-22T18:31:00.0","sleepEndTimestampGMT":"2022-06-23T03:48:00.0","calendarDate":"2022-06-23","sleepWindowConfirmationType":"OFF_WRIST","deepSleepSeconds":0,"lightSleepSeconds":0,"awakeSleepSeconds":0,"unmeasurableSeconds":0,"retro":false},{"sleepStartTimestampGMT":"2022-06-23T18:57:00.0","sleepEndTimestampGMT":"2022-06-24T03:21:00.0","calendarDate":"2022-06-24","sleepWindowConfirmationType":"OFF_WRIST","deepSleepSeconds":0,"lightSleepSeconds":0,"awakeSleepSeconds":0,"unmeasurableSeconds":0,"retro":false}]