[{"userProfilePk":95173854,"startDate":"2021-04-12","predictedPeriodLength":4,"actualPeriodLength":4,"predictedCycleLength":25,"actualCycleLength":26,"hormonalContraception":"NONE","fertileWindowStart":9,"fertileWindowLength":7,"status":"PAST","reportTimestamp":"2021-04-26T15:47:40.470","hasLoggedOvulationDay":false,"createTimestamp":"2021-04-26T15:47:40.470","cycleType":"REGULAR","applicableMenstrualCycleLength":26,"applicablePeriodLength":4},{"userProfilePk":95173854,"startDate":"2021-05-08","predictedPeriodLength":3,"actualPeriodLength":5,"predictedCycleLength":26,"actualCycleLength":24,"hormonalContraception":"NONE","fertileWindowStart":7,"fertileWindowLength":7,"status":"PAST","reportTimestamp":"2021-05-12T18:59:48.974","hasLoggedOvulationDay":false,"initialPredictedPeriodLength":4,"initialPredictedCycleLength":26,"createTimestamp":"2021-05-08T17:26:30.88","cycleType":"REGULAR","applicableMenstrualCycleLength":24,"applicablePeriodLength":5},{"userProfilePk":95173854,"startDate":"2021-06-01","predictedPeriodLength":4,"actualPeriodLength":4,"predictedCycleLength":26,"actualCycleLength":23,"hormonalContraception":"NONE","fertileWindowStart":6,"fertileWindowLength":7,"status":"PAST","reportTimestamp":"2021-06-01T09:21:13.762","hasLoggedOvulationDay":false,"createTimestamp":"2021-06-01T09:21:13.762","cycleType":"REGULAR","applicableMenstrualCycleLength":23,"applicablePeriodLength":4},{"userProfilePk":95173854,"startDate":"2021-06-24","predictedPeriodLength":4,"actualPeriodLength":4,"predictedCycleLength":25,"actualCycleLength":23,"hormonalContraception":"NONE","fertileWindowStart":6,"fertileWindowLength":7,"status":"PAST","reportTimestamp":"2021-06-24T09:21:31.154","hasLoggedOvulationDay":false,"createTimestamp":"2021-06-24T09:21:31.154","cycleType":"REGULAR","applicableMenstrualCycleLength":23,"applicablePeriodLength":4},{"userProfilePk":95173854,"startDate":"2021-07-17","predictedPeriodLength":2,"actualPeriodLength":4,"predictedCycleLength":25,"actualCycleLength":24,"hormonalContraception":"NONE","fertileWindowStart":7,"fertileWindowLength":7,"status":"PAST","reportTimestamp":"2021-07-17T08:38:43.276","hasLoggedOvulationDay":false,"createTimestamp":"2021-07-17T08:38:29.986","cycleType":"REGULAR","applicableMenstrualCycleLength":24,"applicablePeriodLength":4},{"userProfilePk":95173854,"startDate":"2021-08-10","predictedPeriodLength":2,"actualPeriodLength":4,"predictedCycleLength":24,"actualCycleLength":24,"hormonalContraception":"NONE","fertileWindowStart":7,"fertileWindowLength":7,"status":"PAST","reportTimestamp":"2021-08-15T07:01:43.421","hasLoggedOvulationDay":false,"createTimestamp":"2021-08-10T19:46:45.797","cycleType":"REGULAR","applicableMenstrualCycleLength":24,"applicablePeriodLength":4},{"userProfilePk":95173854,"startDate":"2021-09-03","predictedPeriodLength":3,"actualPeriodLength":4,"predictedCycleLength":24,"actualCycleLength":24,"hormonalContraception":"NONE","fertileWindowStart":7,"fertileWindowLength":7,"status":"PAST","reportTimestamp":"2021-09-07T04:06:56.253","hasLoggedOvulationDay":false,"createTimestamp":"2021-09-03T10:22:32.667","cycleType":"REGULAR","applicableMenstrualCycleLength":24,"applicablePeriodLength":4},{"userProfilePk":95173854,"startDate":"2021-09-27","predictedPeriodLength":4,"actualPeriodLength":4,"predictedCycleLength":24,"actualCycleLength":23,"hormonalContraception":"NONE","fertileWindowStart":6,"fertileWindowLength":7,"status":"PAST","reportTimestamp":"2021-09-27T20:53:22.711","hasLoggedOvulationDay":false,"initialPredictedPeriodLength":4,"initialPredictedCycleLength":24,"createTimestamp":"2021-09-27T20:53:22.711","cycleType":"REGULAR","applicableMenstrualCycleLength":23,"applicablePeriodLength":4},{"userProfilePk":95173854,"startDate":"2021-10-20","predictedPeriodLength":1,"actualPeriodLength":4,"predictedCycleLength":27,"actualCycleLength":26,"hormonalContraception":"NONE","fertileWindowStart":9,"fertileWindowLength":7,"status":"PAST","reportTimestamp":"2021-11-15T07:02:24.781","hasLoggedOvulationDay":false,"createTimestamp":"2021-10-20T04:45:33.611","cycleType":"REGULAR","applicableMenstrualCycleLength":26,"applicablePeriodLength":4},{"userProfilePk":95173854,"startDate":"2021-11-15","predictedPeriodLength":3,"actualPeriodLength":4,"predictedCycleLength":25,"actualCycleLength":26,"hormonalContraception":"NONE","fertileWindowStart":9,"fertileWindowLength":7,"status":"PAST","reportTimestamp":"2021-12-09T21:21:54.599","hasLoggedOvulationDay":false,"createTimestamp":"2021-11-15T19:04:22.590","cycleType":"REGULAR","applicableMenstrualCycleLength":26,"applicablePeriodLength":4},{"userProfilePk":95173854,"startDate":"2021-12-11","predictedPeriodLength":3,"actualPeriodLength":3,"predictedCycleLength":25,"actualCycleLength":24,"hormonalContraception":"NONE","fertileWindowStart":7,"fertileWindowLength":7,"status":"PAST","reportTimestamp":"2021-12-11T08:05:49.184","hasLoggedOvulationDay":false,"initialPredictedPeriodLength":4,"initialPredictedCycleLength":25,"createTimestamp":"2021-12-11T08:05:49.184","cycleType":"REGULAR","applicableMenstrualCycleLength":24,"applicablePeriodLength":3},{"userProfilePk":95173854,"startDate":"2022-01-04","predictedPeriodLength":5,"actualPeriodLength":5,"predictedCycleLength":25,"actualCycleLength":21,"hormonalContraception":"NONE","fertileWindowStart":4,"fertileWindowLength":7,"status":"PAST","reportTimestamp":"2022-01-06T17:27:37.255","hasLoggedOvulationDay":false,"createTimestamp":"2022-01-06T17:27:37.255","cycleType":"REGULAR","applicableMenstrualCycleLength":21,"applicablePeriodLength":5},{"userProfilePk":95173854,"startDate":"2022-01-25","predictedPeriodLength":4,"actualPeriodLength":4,"predictedCycleLength":25,"actualCycleLength":23,"hormonalContraception":"NONE","fertileWindowStart":6,"fertileWindowLength":7,"status":"PAST","reportTimestamp":"2022-01-26T23:00:42.566","hasLoggedOvulationDay":false,"createTimestamp":"2022-01-26T23:00:42.566","cycleType":"REGULAR","applicableMenstrualCycleLength":23,"applicablePeriodLength":4},{"userProfilePk":95173854,"startDate":"2022-02-17","predictedPeriodLength":4,"actualPeriodLength":4,"predictedCycleLength":24,"actualCycleLength":22,"hormonalContraception":"NONE","fertileWindowStart":5,"fertileWindowLength":7,"status":"PAST","reportTimestamp":"2022-02-17T07:20:59.476","hasLoggedOvulationDay":false,"createTimestamp":"2022-02-17T07:20:59.476","cycleType":"REGULAR","applicableMenstrualCycleLength":22,"applicablePeriodLength":4},{"userProfilePk":95173854,"startDate":"2022-03-11","predictedPeriodLength":4,"actualPeriodLength":4,"predictedCycleLength":24,"actualCycleLength":22,"hormonalContraception":"NONE","fertileWindowStart":5,"fertileWindowLength":7,"status":"PAST","reportTimestamp":"2022-03-11T07:11:01.120","hasLoggedOvulationDay":false,"createTimestamp":"2022-03-11T07:11:01.120","cycleType":"REGULAR","applicableMenstrualCycleLength":22,"applicablePeriodLength":4},{"userProfilePk":95173854,"startDate":"2022-04-02","predictedPeriodLength":4,"actualPeriodLength":4,"predictedCycleLength":24,"actualCycleLength":25,"hormonalContraception":"NONE","fertileWindowStart":8,"fertileWindowLength":7,"status":"PAST","reportTimestamp":"2022-04-02T12:02:36.760","hasLoggedOvulationDay":false,"createTimestamp":"2022-04-02T12:02:36.760","cycleType":"REGULAR","applicableMenstrualCycleLength":25,"applicablePeriodLength":4},{"userProfilePk":95173854,"startDate":"2022-04-27","predictedPeriodLength":2,"actualPeriodLength":4,"predictedCycleLength":23,"actualCycleLength":22,"hormonalContraception":"NONE","fertileWindowStart":5,"fertileWindowLength":7,"status":"PAST","reportTimestamp":"2022-04-30T19:39:57.790","hasLoggedOvulationDay":false,"createTimestamp":"2022-04-27T07:22:55.779","cycleType":"REGULAR","applicableMenstrualCycleLength":22,"applicablePeriodLength":4},{"userProfilePk":95173854,"startDate":"2022-05-19","predictedPeriodLength":4,"actualPeriodLength":4,"predictedCycleLength":23,"actualCycleLength":25,"hormonalContraception":"NONE","fertileWindowStart":8,"fertileWindowLength":7,"status":"PAST","reportTimestamp":"2022-05-20T05:21:55.154","hasLoggedOvulationDay":false,"createTimestamp":"2022-05-20T05:21:55.154","cycleType":"REGULAR","applicableMenstrualCycleLength":25,"applicablePeriodLength":4},{"userProfilePk":95173854,"startDate":"2022-06-13","predictedPeriodLength":1,"actualPeriodLength":3,"predictedCycleLength":23,"hormonalContraception":"NONE","fertileWindowStart":6,"fertileWindowLength":7,"status":"CURRENT","reportTimestamp":"2022-06-13T08:42:43.48","hasLoggedOvulationDay":false,"initialPredictedPeriodLength":4,"initialPredictedCycleLength":23,"createTimestamp":"2022-06-13T08:42:27.875","cycleType":"REGULAR","applicableMenstrualCycleLength":23,"applicablePeriodLength":3}]