[{"userProfilePk":95173854,"calendarDate":"2021-05-04","moods":["IRRITABLE"],"reportTimestamp":"2021-05-04T17:09:52.605","ovulationDay":false},{"userProfilePk":95173854,"calendarDate":"2021-05-05","symptoms":["BACKACHE","CRAMPS","FATIGUE","HEADACHE"],"moods":["FINE"],"discharge":["CREAMY"],"sexDrive":"AVERAGE","reportTimestamp":"2021-05-05T19:46:30.54","ovulationDay":false},{"userProfilePk":95173854,"calendarDate":"2021-05-06","symptoms":["CRAMPS","CRAVINGS"],"moods":["FINE","IRRITABLE"],"reportTimestamp":"2021-05-06T14:49:36.424","ovulationDay":false},{"userProfilePk":95173854,"calendarDate":"2021-05-09","symptoms":["ACNE","CRAMPS","FATIGUE","NAUSEA"],"moods":["FRUSTRATED"],"flow":"HEAVY","reportTimestamp":"2021-05-09T18:12:46.669","ovulationDay":false},{"userProfilePk":95173854,"calendarDate":"2021-05-10","symptoms":["ACNE","CRAMPS","FATIGUE","NAUSEA"],"moods":["HAPPY"],"flow":"MEDIUM","reportTimestamp":"2021-05-10T20:11:48.106","ovulationDay":false},{"userProfilePk":95173854,"calendarDate":"2021-05-11","symptoms":["ACNE","DIARRHEA","FATIGUE","NAUSEA"],"moods":["SAD"],"flow":"LIGHT","reportTimestamp":"2021-05-11T20:18:20.715","ovulationDay":false},{"userProfilePk":95173854,"calendarDate":"2022-03-10","symptoms":["BACKACHE","CRAMPS","FATIGUE","HEADACHE"],"discharge":["SPOTTING"],"notes":"משקל 74.7 בוקר 75.1 צהריים 75.5 ערב 75.7 לילה ","reportTimestamp":"2022-03-10T21:37:58.472","ovulationDay":false},{"userProfilePk":95173854,"calendarDate":"2022-03-11","symptoms":["BACKACHE","CRAMPS","CRAVINGS","FATIGUE"],"flow":"HEAVY","notes":"משקל בוקר 74.6 צהריים 75.4 לילה 76.5","reportTimestamp":"2022-03-11T21:44:51.86","ovulationDay":false},{"userProfilePk":95173854,"calendarDate":"2022-03-12","notes":"משקל בוקר 75.6 צהריים 76.9 ערב 75.9","reportTimestamp":"2022-03-12T17:21:44.823","ovulationDay":false},{"userProfilePk":95173854,"calendarDate":"2022-03-14","notes":"משקל 75.8","reportTimestamp":"2022-03-14T07:08:45.535","ovulationDay":false},{"userProfilePk":95173854,"calendarDate":"2022-03-15","notes":"משקל 75.6","reportTimestamp":"2022-03-16T08:15:27.520","ovulationDay":false},{"userProfilePk":95173854,"calendarDate":"2022-03-16","notes":"משקל 75.2","reportTimestamp":"2022-03-16T08:15:06.330","ovulationDay":false},{"userProfilePk":95173854,"calendarDate":"2022-03-17","notes":"משקל 74.9","reportTimestamp":"2022-03-18T07:38:11.369","ovulationDay":false},{"userProfilePk":95173854,"calendarDate":"2022-03-18","notes":"74.4  משקל","reportTimestamp":"2022-03-18T07:37:53.807","ovulationDay":false},{"userProfilePk":95173854,"calendarDate":"2022-03-19","notes":"74.2 משקל","reportTimestamp":"2022-03-19T07:54:46.24","ovulationDay":false},{"userProfilePk":95173854,"calendarDate":"2022-03-20","notes":"משקל 74.8","reportTimestamp":"2022-03-20T10:06:50.688","ovulationDay":false},{"userProfilePk":95173854,"calendarDate":"2022-03-21","notes":"משקל 74.2","reportTimestamp":"2022-03-21T07:13:22.322","ovulationDay":false},{"userProfilePk":95173854,"calendarDate":"2022-03-22","notes":"משקל 74.6","reportTimestamp":"2022-03-22T06:53:34.99","ovulationDay":false},{"userProfilePk":95173854,"calendarDate":"2022-03-23","notes":"משקל 74.8","reportTimestamp":"2022-03-23T05:12:28.569","ovulationDay":false},{"userProfilePk":95173854,"calendarDate":"2022-03-24","notes":"משקל 74.8","reportTimestamp":"2022-03-24T05:43:56.480","ovulationDay":false},{"userProfilePk":95173854,"calendarDate":"2022-03-25","notes":"משקל 74.3","reportTimestamp":"2022-03-25T06:07:48.544","ovulationDay":false},{"userProfilePk":95173854,"calendarDate":"2022-03-27","notes":"משקל 73.9","reportTimestamp":"2022-03-27T04:55:43.382","ovulationDay":false},{"userProfilePk":95173854,"calendarDate":"2022-03-28","notes":"משקל 73.4","reportTimestamp":"2022-03-28T12:08:32.213","ovulationDay":false},{"userProfilePk":95173854,"calendarDate":"2022-03-29","notes":"73.5 משקל","reportTimestamp":"2022-03-29T06:03:48.345","ovulationDay":false},{"userProfilePk":95173854,"calendarDate":"2022-04-03","notes":"משקל 74.8","reportTimestamp":"2022-04-03T05:23:13.891","ovulationDay":false},{"userProfilePk":95173854,"calendarDate":"2022-04-04","notes":"74.2 משקל","reportTimestamp":"2022-04-04T05:37:15.805","ovulationDay":false},{"userProfilePk":95173854,"calendarDate":"2022-04-05","notes":"משקל 74.3","reportTimestamp":"2022-04-05T04:54:28.84","ovulationDay":false},{"userProfilePk":95173854,"calendarDate":"2022-04-06","notes":"73.7 משקל","reportTimestamp":"2022-04-06T06:09:18.182","ovulationDay":false},{"userProfilePk":95173854,"calendarDate":"2022-04-07","notes":"משקל 73.8","reportTimestamp":"2022-04-07T12:46:39.707","ovulationDay":false},{"userProfilePk":95173854,"calendarDate":"2022-04-08","notes":"משקל 74.3","reportTimestamp":"2022-04-08T15:24:05.530","ovulationDay":false},{"userProfilePk":95173854,"calendarDate":"2022-04-14","notes":"משקל 73.7","reportTimestamp":"2022-04-14T06:31:19.770","ovulationDay":false},{"userProfilePk":95173854,"calendarDate":"2022-04-18","notes":"משקל 74.8","reportTimestamp":"2022-04-19T05:09:02.415","ovulationDay":false},{"userProfilePk":95173854,"calendarDate":"2022-04-19","notes":"משקל 74.7","reportTimestamp":"2022-04-19T05:08:42.298","ovulationDay":false},{"userProfilePk":95173854,"calendarDate":"2022-04-20","notes":"משקל 73.6","reportTimestamp":"2022-04-20T08:18:26.873","ovulationDay":false},{"userProfilePk":95173854,"calendarDate":"2022-04-21","notes":"משקל 72.9","reportTimestamp":"2022-04-21T03:58:05.404","ovulationDay":false},{"userProfilePk":95173854,"calendarDate":"2022-04-22","notes":"משקל 73.9","reportTimestamp":"2022-04-22T13:31:34.588","ovulationDay":false},{"userProfilePk":95173854,"calendarDate":"2022-04-26","notes":"משקל 76.1","reportTimestamp":"2022-04-26T07:03:00.914","ovulationDay":false},{"userProfilePk":95173854,"calendarDate":"2022-05-10","notes":"משקל 75.8","reportTimestamp":"2022-05-10T05:24:22.657","ovulationDay":false},{"userProfilePk":95173854,"calendarDate":"2022-05-11","notes":"משקל 75","reportTimestamp":"2022-05-11T10:31:27.499","ovulationDay":false}]