[{"workoutList":[{"workoutId":486782887,"ownerId":99730076,"workoutName":"200*7","updatedDate":"2022-05-12T16:34:00.0","createdDate":"2022-05-12T16:34:00.0","sportType":{"sportTypeId":1,"sportTypeKey":"running","displayOrder":1},"author":{"userPro":false,"vivokidUser":false},"workoutSteps":[{"type":"ExecutableStepDTO","stepId":3476464099,"stepOrder":1,"stepType":{"stepTypeId":1,"stepTypeKey":"warmup","displayOrder":1},"endCondition":{"conditionTypeId":1,"conditionTypeKey":"lap.button","displayOrder":1,"displayable":true},"endConditionValue":0.0,"targetType":{"workoutTargetTypeId":1,"workoutTargetTypeKey":"no.target","displayOrder":1},"targetValueTwo":0.0,"strokeType":{},"equipmentType":{},"weightUnit":{"unitId":8,"unitKey":"kilogram","factor":1000.0}},{"type":"RepeatGroupDTO","stepId":3476464100,"stepOrder":2,"stepType":{"stepTypeId":6,"stepTypeKey":"repeat","displayOrder":6},"childStepId":1,"numberOfIterations":7,"workoutSteps":[{"type":"ExecutableStepDTO","stepId":3476464101,"stepOrder":3,"stepType":{"stepTypeId":3,"stepTypeKey":"interval","displayOrder":3},"childStepId":1,"endCondition":{"conditionTypeId":3,"conditionTypeKey":"distance","displayOrder":3,"displayable":true},"endConditionValue":200.0,"preferredEndConditionUnit":{"unitId":2,"unitKey":"kilometer","factor":100000.0},"targetType":{"workoutTargetTypeId":1,"workoutTargetTypeKey":"no.target","displayOrder":1},"targetValueTwo":0.0,"strokeType":{},"equipmentType":{},"weightUnit":{"unitId":8,"unitKey":"kilogram","factor":1000.0}},{"type":"ExecutableStepDTO","stepId":3476464102,"stepOrder":4,"stepType":{"stepTypeId":4,"stepTypeKey":"recovery","displayOrder":4},"childStepId":1,"endCondition":{"conditionTypeId":2,"conditionTypeKey":"time","displayOrder":2,"displayable":true},"endConditionValue":240.0,"targetType":{"workoutTargetTypeId":1,"workoutTargetTypeKey":"no.target","displayOrder":1},"targetValueTwo":0.0,"strokeType":{},"equipmentType":{},"weightUnit":{"unitId":8,"unitKey":"kilogram","factor":1000.0}}],"smartRepeat":false},{"type":"ExecutableStepDTO","stepId":3476464103,"stepOrder":5,"stepType":{"stepTypeId":2,"stepTypeKey":"cooldown","displayOrder":2},"endCondition":{"conditionTypeId":1,"conditionTypeKey":"lap.button","displayOrder":1,"displayable":true},"endConditionValue":0.0,"targetType":{"workoutTargetTypeId":1,"workoutTargetTypeKey":"no.target","displayOrder":1},"targetValueTwo":0.0,"strokeType":{},"equipmentType":{},"weightUnit":{"unitId":8,"unitKey":"kilogram","factor":1000.0}}],"avgTrainingSpeed":0.0,"estimatedDistanceUnit":{},"shared":false,"atp":false},{"workoutId":466762539,"ownerId":99730076,"workoutName":"keren","updatedDate":"2022-03-25T13:17:42.0","createdDate":"2022-03-25T11:52:48.0","sportType":{"sportTypeId":1,"sportTypeKey":"running","displayOrder":1},"author":{"userPro":false,"vivokidUser":false},"workoutSteps":[{"type":"ExecutableStepDTO","stepId":3315843220,"stepOrder":1,"stepType":{"stepTypeId":1,"stepTypeKey":"warmup","displayOrder":1},"endCondition":{"conditionTypeId":1,"conditionTypeKey":"lap.button","displayOrder":1,"displayable":true},"endConditionValue":0.0,"targetType":{"workoutTargetTypeId":1,"workoutTargetTypeKey":"no.target","displayOrder":1},"targetValueTwo":0.0,"strokeType":{},"equipmentType":{},"weightUnit":{"unitId":8,"unitKey":"kilogram","factor":1000.0}},{"type":"RepeatGroupDTO","stepId":3315843221,"stepOrder":2,"stepType":{"stepTypeId":6,"stepTypeKey":"repeat","displayOrder":6},"childStepId":1,"numberOfIterations":6,"workoutSteps":[{"type":"ExecutableStepDTO","stepId":3315843222,"stepOrder":3,"stepType":{"stepTypeId":3,"stepTypeKey":"interval","displayOrder":3},"childStepId":1,"endCondition":{"conditionTypeId":3,"conditionTypeKey":"distance","displayOrder":3,"displayable":true},"endConditionValue":280.0,"preferredEndConditionUnit":{"unitId":1,"unitKey":"meter","factor":100.0},"targetType":{"workoutTargetTypeId":1,"workoutTargetTypeKey":"no.target","displayOrder":1},"targetValueTwo":0.0,"strokeType":{},"equipmentType":{},"weightUnit":{"unitId":8,"unitKey":"kilogram","factor":1000.0}},{"type":"ExecutableStepDTO","stepId":3315843223,"stepOrder":4,"stepType":{"stepTypeId":4,"stepTypeKey":"recovery","displayOrder":4},"childStepId":1,"endCondition":{"conditionTypeId":1,"conditionTypeKey":"lap.button","displayOrder":1,"displayable":true},"endConditionValue":180.0,"targetType":{"workoutTargetTypeId":1,"workoutTargetTypeKey":"no.target","displayOrder":1},"targetValueTwo":0.0,"strokeType":{},"equipmentType":{},"weightUnit":{"unitId":8,"unitKey":"kilogram","factor":1000.0}}],"smartRepeat":false},{"type":"ExecutableStepDTO","stepId":3315843224,"stepOrder":5,"stepType":{"stepTypeId":2,"stepTypeKey":"cooldown","displayOrder":2},"endCondition":{"conditionTypeId":1,"conditionTypeKey":"lap.button","displayOrder":1,"displayable":true},"endConditionValue":0.0,"targetType":{"workoutTargetTypeId":1,"workoutTargetTypeKey":"no.target","displayOrder":1},"targetValueTwo":0.0,"strokeType":{},"equipmentType":{},"weightUnit":{"unitId":8,"unitKey":"kilogram","factor":1000.0}}],"avgTrainingSpeed":0.0,"estimatedDistanceUnit":{},"shared":false,"atp":false}]}]