[{"personalRecords":[{"personalRecordId":1996488431,"activityId":0,"value":40219.0,"prStartTimeGMT":"Sun Jan 16 03:00:00 GMT 2022","personalRecordType":"Most Steps in a Day","createdDate":"2021-10-31","current":true,"confirmed":true},{"personalRecordId":1996488432,"activityId":0,"value":146309.0,"prStartTimeGMT":"Sun Jan 16 03:00:00 GMT 2022","personalRecordType":"Most Steps in a Week","createdDate":"2021-10-31","current":true,"confirmed":true},{"personalRecordId":1996488433,"activityId":0,"value":574118.0,"prStartTimeGMT":"Mon Jan 31 03:00:00 GMT 2022","personalRecordType":"Most Steps in a Month","createdDate":"2021-10-31","current":true,"confirmed":true},{"personalRecordId":1996488434,"activityId":0,"value":0.0,"prStartTimeGMT":"Sat Jun 11 21:00:00 GMT 2022","personalRecordType":"Current Goal Streak","createdDate":"2021-10-31","current":true,"confirmed":true},{"personalRecordId":1996696941,"activityId":7746291542,"value":1696.4520263671875,"prStartTimeGMT":"Sun Oct 31 14:42:22 GMT 2021","personalRecordType":"Best 5km Run","createdDate":"2021-10-31","current":false,"confirmed":true},{"personalRecordId":1996696942,"activityId":7746291542,"value":6570.08984375,"prStartTimeGMT":"Sun Oct 31 14:42:18 GMT 2021","personalRecordType":"Farthest Run","createdDate":"2021-10-31","current":false,"confirmed":true},{"personalRecordId":1996696982,"activityId":0,"value":6.0,"prStartTimeGMT":"Thu Jun 09 21:00:00 GMT 2022","personalRecordType":"Longest Goal Streak","createdDate":"2021-10-31","current":true,"confirmed":true},{"personalRecordId":1997590139,"activityId":7756358788,"value":8219.990234375,"prStartTimeGMT":"Tue Nov 02 14:35:21 GMT 2021","personalRecordType":"Farthest Run","createdDate":"2021-11-02","current":false,"confirmed":true},{"personalRecordId":1998008807,"activityId":7761563127,"value":1269.0789794921875,"prStartTimeGMT":"Wed Nov 03 14:16:24 GMT 2021","personalRecordType":"Best 5km Run","createdDate":"2021-11-03","current":false,"confirmed":true},{"personalRecordId":1999423836,"activityId":7777613408,"value":3179.049072265625,"prStartTimeGMT":"Sat Nov 06 16:50:26 GMT 2021","personalRecordType":"Best 10km Run","createdDate":"2021-11-06","current":false,"confirmed":true},{"personalRecordId":1999423837,"activityId":7777613408,"value":11226.1396484375,"prStartTimeGMT":"Sat Nov 06 16:43:25 GMT 2021","personalRecordType":"Farthest Run","createdDate":"2021-11-06","current":false,"confirmed":true},{"personalRecordId":2000868053,"activityId":7792449689,"value":218.5019989013672,"prStartTimeGMT":"Tue Nov 09 15:07:12 GMT 2021","personalRecordType":"Best 1km Run","createdDate":"2021-11-09","current":false,"confirmed":true},{"personalRecordId":2000868054,"activityId":7792449689,"value":355.4159851074219,"prStartTimeGMT":"Tue Nov 09 15:05:11 GMT 2021","createdDate":"2021-11-09","current":true,"confirmed":true},{"personalRecordId":2001311864,"activityId":7798126047,"value":1262.4110107421875,"prStartTimeGMT":"Wed Nov 10 16:10:36 GMT 2021","personalRecordType":"Best 5km Run","createdDate":"2021-11-10","current":false,"confirmed":true},{"personalRecordId":2004994661,"activityId":7846626411,"value":2764.572998046875,"prStartTimeGMT":"Fri Nov 19 13:53:07 GMT 2021","personalRecordType":"Best 10km Run","createdDate":"2021-11-20","current":false,"confirmed":true},{"personalRecordId":2004994662,"activityId":7846626411,"value":15160.599609375,"prStartTimeGMT":"Fri Nov 19 13:26:03 GMT 2021","personalRecordType":"Farthest Run","createdDate":"2021-11-20","current":false,"confirmed":true},{"personalRecordId":2011786956,"activityId":7927310873,"value":1237.5899658203125,"prStartTimeGMT":"Tue Dec 07 14:13:10 GMT 2021","personalRecordType":"Best 5km Run","createdDate":"2021-12-07","current":false,"confirmed":true},{"personalRecordId":2012430903,"activityId":7936592413,"value":2577.35107421875,"prStartTimeGMT":"Thu Dec 09 14:35:34 GMT 2021","personalRecordType":"Best 10km Run","createdDate":"2021-12-09","current":true,"confirmed":true},{"personalRecordId":2016682197,"activityId":7990990350,"value":1236.571044921875,"prStartTimeGMT":"Tue Dec 21 14:21:20 GMT 2021","personalRecordType":"Best 5km Run","createdDate":"2021-12-21","current":true,"confirmed":true},{"personalRecordId":2047672174,"activityId":8334543955,"value":213.30599975585938,"prStartTimeGMT":"Mon Feb 21 15:54:23 GMT 2022","personalRecordType":"Best 1km Run","createdDate":"2022-02-21","current":false,"confirmed":true},{"personalRecordId":2058396754,"activityId":8480030807,"value":20219.33984375,"prStartTimeGMT":"Fri Mar 18 14:08:30 GMT 2022","personalRecordType":"Farthest Run","createdDate":"2022-03-18","current":true,"confirmed":true},{"personalRecordId":2094876789,"activityId":8941129121,"value":210.65199279785156,"prStartTimeGMT":"Thu Jun 02 16:56:56 GMT 2022","personalRecordType":"Best 1km Run","createdDate":"2022-06-02","current":true,"confirmed":true}]}]