[{"personalRecords":[{"personalRecordId":1360628489,"activityId":3248675445,"value":1209.97705078125,"prStartTimeGMT":"Wed Dec 26 14:31:35 GMT 2018","personalRecordType":"Best 5km Run","createdDate":"2018-12-26","current":true,"confirmed":true},{"personalRecordId":1379226570,"activityId":3345227900,"value":15205.5,"prStartTimeGMT":"Thu Jan 31 15:10:55 GMT 2019","personalRecordType":"Farthest Run","createdDate":"2019-01-31","current":true,"confirmed":true},{"personalRecordId":1379226571,"activityId":3345227900,"value":2574.56103515625,"prStartTimeGMT":"Thu Jan 31 15:30:37 GMT 2019","personalRecordType":"Best 10km Run","createdDate":"2019-01-31","current":true,"confirmed":true}]}]