[{"userProfilePK":95173854,"calendarDate":"2021-04-23","deviceId":3342889666,"updateTimestamp":"2021-04-23T05:55:07.0","vo2MaxValue":40.0,"fitnessAge":"20","fitnessAgeDescription":"0","analyzerMethod":5,"maxMet":11.467803955078125,"maxMetCategory":"GENERIC","calibratedData":0},{"userProfilePK":95173854,"calendarDate":"2021-04-24","deviceId":3342889666,"updateTimestamp":"2021-04-23T21:00:00.0","vo2MaxValue":40.0,"fitnessAge":"20","fitnessAgeDescription":"0","analyzerMethod":5,"maxMet":11.399810791015625,"maxMetCategory":"GENERIC","calibratedData":0},{"userProfilePK":95173854,"calendarDate":"2021-04-24","deviceId":3342889666,"updateTimestamp":"2021-04-24T16:29:19.0","vo2MaxValue":40.0,"fitnessAge":"20","fitnessAgeDescription":"0","analyzerMethod":5,"maxMet":11.420028686523438,"maxMetCategory":"GENERIC","calibratedData":0},{"userProfilePK":95173854,"calendarDate":"2021-04-24","deviceId":3342889666,"updateTimestamp":"2021-04-24T17:22:24.0","sport":"RUNNING","subSport":"GENERIC","vo2MaxValue":40.0,"fitnessAge":"20","fitnessAgeDescription":"0","analyzerMethod":5,"maxMet":11.487625122070312,"maxMetCategory":"GENERIC","calibratedData":1},{"userProfilePK":95173854,"calendarDate":"2021-04-26","deviceId":3342889666,"updateTimestamp":"2021-04-26T15:10:15.0","sport":"RUNNING","subSport":"GENERIC","vo2MaxValue":41.0,"fitnessAge":"20","fitnessAgeDescription":"1","analyzerMethod":5,"maxMet":11.659469604492188,"maxMetCategory":"GENERIC","calibratedData":1},{"userProfilePK":95173854,"calendarDate":"2021-04-26","deviceId":3342889666,"updateTimestamp":"2021-04-26T15:45:47.0","sport":"RUNNING","subSport":"GENERIC","vo2MaxValue":42.0,"fitnessAge":"20","fitnessAgeDescription":"1","analyzerMethod":5,"maxMet":11.917739868164062,"maxMetCategory":"GENERIC","calibratedData":1},{"userProfilePK":95173854,"calendarDate":"2021-05-05","deviceId":3342889666,"updateTimestamp":"2021-05-05T16:25:00.0","sport":"RUNNING","subSport":"GENERIC","vo2MaxValue":42.0,"fitnessAge":"20","fitnessAgeDescription":"1","analyzerMethod":5,"maxMet":11.93743896484375,"maxMetCategory":"GENERIC","calibratedData":1},{"userProfilePK":95173854,"calendarDate":"2021-05-19","deviceId":3342889666,"updateTimestamp":"2021-05-19T17:03:56.0","sport":"RUNNING","subSport":"GENERIC","vo2MaxValue":42.0,"fitnessAge":"20","fitnessAgeDescription":"1","analyzerMethod":5,"maxMet":12.02130126953125,"maxMetCategory":"GENERIC","calibratedData":1},{"userProfilePK":95173854,"calendarDate":"2021-05-21","deviceId":3342889666,"updateTimestamp":"2021-05-21T16:38:26.0","sport":"RUNNING","subSport":"GENERIC","vo2MaxValue":46.0,"fitnessAge":"20","fitnessAgeDescription":"2","analyzerMethod":5,"maxMet":13.18670654296875,"maxMetCategory":"GENERIC","calibratedData":1},{"userProfilePK":95173854,"calendarDate":"2021-05-22","deviceId":3342889666,"updateTimestamp":"2021-05-22T16:54:22.0","sport":"RUNNING","subSport":"GENERIC","vo2MaxValue":46.0,"fitnessAge":"20","fitnessAgeDescription":"2","analyzerMethod":5,"maxMet":13.253280639648438,"maxMetCategory":"GENERIC","calibratedData":1},{"userProfilePK":95173854,"calendarDate":"2021-05-29","deviceId":3342889666,"updateTimestamp":"2021-05-29T17:00:02.0","sport":"RUNNING","subSport":"GENERIC","vo2MaxValue":46.0,"fitnessAge":"20","fitnessAgeDescription":"2","analyzerMethod":5,"maxMet":13.065048217773438,"maxMetCategory":"GENERIC","calibratedData":1},{"userProfilePK":95173854,"calendarDate":"2021-06-05","deviceId":3342889666,"updateTimestamp":"2021-06-05T18:06:05.0","sport":"RUNNING","subSport":"GENERIC","vo2MaxValue":45.0,"fitnessAge":"20","fitnessAgeDescription":"2","analyzerMethod":5,"maxMet":12.984161376953125,"maxMetCategory":"GENERIC","calibratedData":1},{"userProfilePK":95173854,"calendarDate":"2021-06-11","deviceId":3342889666,"updateTimestamp":"2021-06-11T17:31:08.0","sport":"RUNNING","subSport":"GENERIC","vo2MaxValue":45.0,"fitnessAge":"20","fitnessAgeDescription":"2","analyzerMethod":5,"maxMet":12.808578491210938,"maxMetCategory":"GENERIC","calibratedData":1},{"userProfilePK":95173854,"calendarDate":"2021-06-23","deviceId":3342889666,"updateTimestamp":"2021-06-23T16:56:16.0","sport":"RUNNING","subSport":"GENERIC","vo2MaxValue":45.0,"fitnessAge":"20","fitnessAgeDescription":"2","analyzerMethod":5,"maxMet":12.731582641601562,"maxMetCategory":"GENERIC","calibratedData":1},{"userProfilePK":95173854,"calendarDate":"2021-07-07","deviceId":3342889666,"updateTimestamp":"2021-07-07T16:24:45.0","sport":"RUNNING","subSport":"GENERIC","vo2MaxValue":45.0,"fitnessAge":"20","fitnessAgeDescription":"2","analyzerMethod":5,"maxMet":12.75262451171875,"maxMetCategory":"GENERIC","calibratedData":1},{"userProfilePK":95173854,"calendarDate":"2021-07-08","deviceId":3342889666,"updateTimestamp":"2021-07-08T17:19:57.0","sport":"RUNNING","subSport":"GENERIC","vo2MaxValue":44.0,"fitnessAge":"20","fitnessAgeDescription":"1","analyzerMethod":5,"maxMet":12.695709228515625,"maxMetCategory":"GENERIC","calibratedData":1},{"userProfilePK":95173854,"calendarDate":"2021-07-15","deviceId":3342889666,"updateTimestamp":"2021-07-15T17:35:02.0","sport":"RUNNING","subSport":"GENERIC","vo2MaxValue":44.0,"fitnessAge":"20","fitnessAgeDescription":"1","analyzerMethod":5,"maxMet":12.685470581054688,"maxMetCategory":"GENERIC","calibratedData":1},{"userProfilePK":95173854,"calendarDate":"2021-07-28","deviceId":3342889666,"updateTimestamp":"2021-07-28T17:29:01.0","sport":"RUNNING","subSport":"GENERIC","vo2MaxValue":44.0,"fitnessAge":"20","fitnessAgeDescription":"1","analyzerMethod":5,"maxMet":12.624435424804688,"maxMetCategory":"GENERIC","calibratedData":1},{"userProfilePK":95173854,"calendarDate":"2021-08-20","deviceId":3342889666,"updateTimestamp":"2021-08-20T16:37:08.0","sport":"RUNNING","subSport":"GENERIC","vo2MaxValue":44.0,"fitnessAge":"20","fitnessAgeDescription":"1","analyzerMethod":5,"maxMet":12.690353393554688,"maxMetCategory":"GENERIC","calibratedData":1},{"userProfilePK":95173854,"calendarDate":"2021-09-01","deviceId":3342889666,"updateTimestamp":"2021-09-01T17:01:33.0","sport":"RUNNING","subSport":"GENERIC","vo2MaxValue":44.0,"fitnessAge":"20","fitnessAgeDescription":"1","analyzerMethod":5,"maxMet":12.693145751953125,"maxMetCategory":"GENERIC","calibratedData":1},{"userProfilePK":95173854,"calendarDate":"2021-09-07","deviceId":3342889666,"updateTimestamp":"2021-09-07T16:19:05.0","sport":"RUNNING","subSport":"GENERIC","vo2MaxValue":44.0,"fitnessAge":"20","fitnessAgeDescription":"1","analyzerMethod":5,"maxMet":12.521621704101562,"maxMetCategory":"GENERIC","calibratedData":1},{"userProfilePK":95173854,"calendarDate":"2021-09-15","deviceId":3342889666,"updateTimestamp":"2021-09-15T16:55:57.0","sport":"RUNNING","subSport":"GENERIC","vo2MaxValue":43.0,"fitnessAge":"20","fitnessAgeDescription":"1","analyzerMethod":5,"maxMet":12.23260498046875,"maxMetCategory":"GENERIC","calibratedData":1},{"userProfilePK":95173854,"calendarDate":"2021-09-24","deviceId":3342889666,"updateTimestamp":"2021-09-24T15:36:43.0","sport":"RUNNING","subSport":"GENERIC","vo2MaxValue":43.0,"fitnessAge":"20","fitnessAgeDescription":"1","analyzerMethod":5,"maxMet":12.150436401367188,"maxMetCategory":"GENERIC","calibratedData":1},{"userProfilePK":95173854,"calendarDate":"2021-09-27","deviceId":3342889666,"updateTimestamp":"2021-09-27T15:59:30.0","sport":"RUNNING","subSport":"GENERIC","vo2MaxValue":45.0,"fitnessAge":"20","fitnessAgeDescription":"2","analyzerMethod":5,"maxMet":12.73480224609375,"maxMetCategory":"GENERIC","calibratedData":1},{"userProfilePK":95173854,"calendarDate":"2021-09-29","deviceId":3342889666,"updateTimestamp":"2021-09-29T16:01:45.0","sport":"RUNNING","subSport":"GENERIC","vo2MaxValue":44.0,"fitnessAge":"20","fitnessAgeDescription":"1","analyzerMethod":5,"maxMet":12.57012939453125,"maxMetCategory":"GENERIC","calibratedData":1},{"userProfilePK":95173854,"calendarDate":"2021-10-11","deviceId":3342889666,"updateTimestamp":"2021-10-11T06:56:44.0","sport":"RUNNING","subSport":"GENERIC","vo2MaxValue":44.0,"fitnessAge":"20","fitnessAgeDescription":"1","analyzerMethod":5,"maxMet":12.430877685546875,"maxMetCategory":"GENERIC","calibratedData":1},{"userProfilePK":95173854,"calendarDate":"2021-10-15","deviceId":3342889666,"updateTimestamp":"2021-10-15T15:39:59.0","sport":"RUNNING","subSport":"GENERIC","vo2MaxValue":44.0,"fitnessAge":"20","fitnessAgeDescription":"1","analyzerMethod":5,"maxMet":12.71319580078125,"maxMetCategory":"GENERIC","calibratedData":1},{"userProfilePK":95173854,"calendarDate":"2021-10-22","deviceId":3342889666,"updateTimestamp":"2021-10-22T15:14:06.0","sport":"RUNNING","subSport":"GENERIC","vo2MaxValue":45.0,"fitnessAge":"20","fitnessAgeDescription":"2","analyzerMethod":5,"maxMet":12.928817749023438,"maxMetCategory":"GENERIC","calibratedData":1},{"userProfilePK":95173854,"calendarDate":"2021-10-28","deviceId":3342889666,"updateTimestamp":"2021-10-28T05:45:34.0","sport":"RUNNING","subSport":"GENERIC","vo2MaxValue":45.0,"fitnessAge":"20","fitnessAgeDescription":"2","analyzerMethod":5,"maxMet":12.858932495117188,"maxMetCategory":"GENERIC","calibratedData":1},{"userProfilePK":95173854,"calendarDate":"2021-11-02","deviceId":3342889666,"updateTimestamp":"2021-11-02T07:10:38.0","sport":"RUNNING","subSport":"GENERIC","vo2MaxValue":45.0,"fitnessAge":"20","fitnessAgeDescription":"2","analyzerMethod":5,"maxMet":12.82452392578125,"maxMetCategory":"GENERIC","calibratedData":1},{"userProfilePK":95173854,"calendarDate":"2021-11-09","deviceId":3342889666,"updateTimestamp":"2021-11-09T05:56:03.0","sport":"RUNNING","subSport":"GENERIC","vo2MaxValue":45.0,"fitnessAge":"20","fitnessAgeDescription":"2","analyzerMethod":5,"maxMet":12.75933837890625,"maxMetCategory":"GENERIC","calibratedData":1},{"userProfilePK":95173854,"calendarDate":"2021-11-14","deviceId":3342889666,"updateTimestamp":"2021-11-14T17:52:56.0","sport":"RUNNING","subSport":"GENERIC","vo2MaxValue":45.0,"fitnessAge":"20","fitnessAgeDescription":"2","analyzerMethod":5,"maxMet":12.801132202148438,"maxMetCategory":"GENERIC","calibratedData":1},{"userProfilePK":95173854,"calendarDate":"2021-11-14","deviceId":3342889666,"updateTimestamp":"2021-11-14T18:32:09.0","sport":"RUNNING","subSport":"GENERIC","vo2MaxValue":45.0,"fitnessAge":"20","fitnessAgeDescription":"2","analyzerMethod":5,"maxMet":12.851760864257812,"maxMetCategory":"GENERIC","calibratedData":1},{"userProfilePK":95173854,"calendarDate":"2021-11-16","deviceId":3342889666,"updateTimestamp":"2021-11-16T06:58:39.0","sport":"RUNNING","subSport":"GENERIC","vo2MaxValue":45.0,"fitnessAge":"20","fitnessAgeDescription":"2","analyzerMethod":5,"maxMet":12.7489013671875,"maxMetCategory":"GENERIC","calibratedData":1},{"userProfilePK":95173854,"calendarDate":"2021-11-21","deviceId":3342889666,"updateTimestamp":"2021-11-21T18:28:40.0","sport":"RUNNING","subSport":"GENERIC","vo2MaxValue":45.0,"fitnessAge":"20","fitnessAgeDescription":"2","analyzerMethod":5,"maxMet":12.790908813476562,"maxMetCategory":"GENERIC","calibratedData":1},{"userProfilePK":95173854,"calendarDate":"2021-11-23","deviceId":3342889666,"updateTimestamp":"2021-11-23T08:53:58.0","sport":"RUNNING","subSport":"GENERIC","vo2MaxValue":44.0,"fitnessAge":"20","fitnessAgeDescription":"1","analyzerMethod":5,"maxMet":12.708297729492188,"maxMetCategory":"GENERIC","calibratedData":1},{"userProfilePK":95173854,"calendarDate":"2021-11-30","deviceId":3342889666,"updateTimestamp":"2021-11-30T07:37:22.0","sport":"RUNNING","subSport":"GENERIC","vo2MaxValue":44.0,"fitnessAge":"20","fitnessAgeDescription":"1","analyzerMethod":5,"maxMet":12.70050048828125,"maxMetCategory":"GENERIC","calibratedData":1},{"userProfilePK":95173854,"calendarDate":"2021-12-05","deviceId":3342889666,"updateTimestamp":"2021-12-05T08:08:45.0","sport":"RUNNING","subSport":"GENERIC","vo2MaxValue":45.0,"fitnessAge":"20","fitnessAgeDescription":"2","analyzerMethod":5,"maxMet":12.82940673828125,"maxMetCategory":"GENERIC","calibratedData":1},{"userProfilePK":95173854,"calendarDate":"2021-12-07","deviceId":3342889666,"updateTimestamp":"2021-12-07T09:16:24.0","sport":"RUNNING","subSport":"GENERIC","vo2MaxValue":45.0,"fitnessAge":"20","fitnessAgeDescription":"2","analyzerMethod":5,"maxMet":12.734756469726562,"maxMetCategory":"GENERIC","calibratedData":1},{"userProfilePK":95173854,"calendarDate":"2021-12-19","deviceId":3342889666,"updateTimestamp":"2021-12-19T08:28:30.0","sport":"RUNNING","subSport":"GENERIC","vo2MaxValue":44.0,"fitnessAge":"20","fitnessAgeDescription":"1","analyzerMethod":5,"maxMet":12.586273193359375,"maxMetCategory":"GENERIC","calibratedData":1},{"userProfilePK":95173854,"calendarDate":"2022-01-20","deviceId":3342889666,"updateTimestamp":"2022-01-20T03:00:00.0","sport":"WALKING","subSport":"GENERIC","vo2MaxValue":44.0,"fitnessAge":"20","fitnessAgeDescription":"1","analyzerMethod":5,"maxMet":12.555313110351562,"maxMetCategory":"GENERIC","calibratedData":1},{"userProfilePK":95173854,"calendarDate":"2022-01-20","deviceId":3342889666,"updateTimestamp":"2022-01-20T18:53:45.0","sport":"WALKING","subSport":"GENERIC","vo2MaxValue":45.0,"fitnessAge":"20","fitnessAgeDescription":"2","analyzerMethod":5,"maxMet":12.869720458984375,"maxMetCategory":"GENERIC","calibratedData":1},{"userProfilePK":95173854,"calendarDate":"2022-01-20","deviceId":3342889666,"updateTimestamp":"2022-01-22T17:49:10.0","sport":"WALKING","subSport":"GENERIC","vo2MaxValue":44.0,"fitnessAge":"20","fitnessAgeDescription":"1","analyzerMethod":5,"maxMet":12.658798217773438,"maxMetCategory":"GENERIC","calibratedData":1},{"userProfilePK":95173854,"calendarDate":"2022-01-31","deviceId":3342889666,"updateTimestamp":"2022-01-31T16:36:04.0","sport":"RUNNING","subSport":"GENERIC","vo2MaxValue":44.0,"fitnessAge":"20","fitnessAgeDescription":"1","analyzerMethod":5,"maxMet":12.581008911132812,"maxMetCategory":"GENERIC","calibratedData":1},{"userProfilePK":95173854,"calendarDate":"2022-02-16","deviceId":3342889666,"updateTimestamp":"2022-02-16T08:37:04.0","sport":"RUNNING","subSport":"GENERIC","vo2MaxValue":43.0,"fitnessAge":"20","fitnessAgeDescription":"1","analyzerMethod":5,"maxMet":12.312576293945312,"maxMetCategory":"GENERIC","calibratedData":1},{"userProfilePK":95173854,"calendarDate":"2022-02-18","deviceId":3342889666,"updateTimestamp":"2022-02-18T16:50:43.0","sport":"RUNNING","subSport":"GENERIC","vo2MaxValue":43.0,"fitnessAge":"20","fitnessAgeDescription":"1","analyzerMethod":5,"maxMet":12.192703247070312,"maxMetCategory":"GENERIC","calibratedData":1},{"userProfilePK":95173854,"calendarDate":"2022-02-20","deviceId":3342889666,"updateTimestamp":"2022-02-20T09:07:38.0","sport":"RUNNING","subSport":"GENERIC","vo2MaxValue":42.0,"fitnessAge":"20","fitnessAgeDescription":"1","analyzerMethod":5,"maxMet":11.93927001953125,"maxMetCategory":"GENERIC","calibratedData":1},{"userProfilePK":95173854,"calendarDate":"2022-02-23","deviceId":3342889666,"updateTimestamp":"2022-02-23T17:16:34.0","sport":"RUNNING","subSport":"GENERIC","vo2MaxValue":42.0,"fitnessAge":"20","fitnessAgeDescription":"1","analyzerMethod":5,"maxMet":11.89508056640625,"maxMetCategory":"GENERIC","calibratedData":1},{"userProfilePK":95173854,"calendarDate":"2022-02-27","deviceId":3342889666,"updateTimestamp":"2022-02-27T08:49:44.0","sport":"RUNNING","subSport":"GENERIC","vo2MaxValue":41.0,"fitnessAge":"20","fitnessAgeDescription":"1","analyzerMethod":5,"maxMet":11.797821044921875,"maxMetCategory":"GENERIC","calibratedData":1},{"userProfilePK":95173854,"calendarDate":"2022-03-02","deviceId":3342889666,"updateTimestamp":"2022-03-02T16:49:14.0","sport":"RUNNING","subSport":"GENERIC","vo2MaxValue":42.0,"fitnessAge":"20","fitnessAgeDescription":"1","analyzerMethod":5,"maxMet":11.873001098632812,"maxMetCategory":"GENERIC","calibratedData":1},{"userProfilePK":95173854,"calendarDate":"2022-03-08","deviceId":3342889666,"updateTimestamp":"2022-03-08T08:04:42.0","sport":"RUNNING","subSport":"GENERIC","vo2MaxValue":41.0,"fitnessAge":"20","fitnessAgeDescription":"1","analyzerMethod":5,"maxMet":11.7977294921875,"maxMetCategory":"GENERIC","calibratedData":1},{"userProfilePK":95173854,"calendarDate":"2022-03-13","deviceId":3342889666,"updateTimestamp":"2022-03-13T07:53:20.0","sport":"RUNNING","subSport":"GENERIC","vo2MaxValue":42.0,"fitnessAge":"20","fitnessAgeDescription":"1","analyzerMethod":5,"maxMet":11.9185791015625,"maxMetCategory":"GENERIC","calibratedData":1},{"userProfilePK":95173854,"calendarDate":"2022-03-18","deviceId":3342889666,"updateTimestamp":"2022-03-18T14:49:34.0","sport":"RUNNING","subSport":"GENERIC","vo2MaxValue":43.0,"fitnessAge":"20","fitnessAgeDescription":"1","analyzerMethod":5,"maxMet":12.152435302734375,"maxMetCategory":"GENERIC","calibratedData":1},{"userProfilePK":95173854,"calendarDate":"2022-03-20","deviceId":3342889666,"updateTimestamp":"2022-03-20T09:10:34.0","sport":"RUNNING","subSport":"GENERIC","vo2MaxValue":43.0,"fitnessAge":"20","fitnessAgeDescription":"1","analyzerMethod":5,"maxMet":12.162399291992188,"maxMetCategory":"GENERIC","calibratedData":1},{"userProfilePK":95173854,"calendarDate":"2022-03-25","deviceId":3342889666,"updateTimestamp":"2022-03-25T16:36:31.0","sport":"RUNNING","subSport":"GENERIC","vo2MaxValue":43.0,"fitnessAge":"20","fitnessAgeDescription":"1","analyzerMethod":5,"maxMet":12.160903930664062,"maxMetCategory":"GENERIC","calibratedData":1},{"userProfilePK":95173854,"calendarDate":"2022-03-27","deviceId":3342889666,"updateTimestamp":"2022-03-27T17:30:15.0","sport":"RUNNING","subSport":"GENERIC","vo2MaxValue":43.0,"fitnessAge":"20","fitnessAgeDescription":"1","analyzerMethod":5,"maxMet":12.294921875,"maxMetCategory":"GENERIC","calibratedData":1},{"userProfilePK":95173854,"calendarDate":"2022-04-01","deviceId":3342889666,"updateTimestamp":"2022-04-01T16:26:52.0","sport":"RUNNING","subSport":"GENERIC","vo2MaxValue":43.0,"fitnessAge":"20","fitnessAgeDescription":"1","analyzerMethod":5,"maxMet":12.428512573242188,"maxMetCategory":"GENERIC","calibratedData":1},{"userProfilePK":95173854,"calendarDate":"2022-04-03","deviceId":3342889666,"updateTimestamp":"2022-04-03T17:21:53.0","sport":"RUNNING","subSport":"GENERIC","vo2MaxValue":43.0,"fitnessAge":"20","fitnessAgeDescription":"1","analyzerMethod":5,"maxMet":12.421157836914062,"maxMetCategory":"GENERIC","calibratedData":1},{"userProfilePK":95173854,"calendarDate":"2022-04-08","deviceId":3342889666,"updateTimestamp":"2022-04-08T16:26:30.0","sport":"RUNNING","subSport":"GENERIC","vo2MaxValue":44.0,"fitnessAge":"20","fitnessAgeDescription":"1","analyzerMethod":5,"maxMet":12.501998901367188,"maxMetCategory":"GENERIC","calibratedData":1},{"userProfilePK":95173854,"calendarDate":"2022-04-13","deviceId":3342889666,"updateTimestamp":"2022-04-13T17:19:51.0","sport":"RUNNING","subSport":"GENERIC","vo2MaxValue":44.0,"fitnessAge":"20","fitnessAgeDescription":"1","analyzerMethod":5,"maxMet":12.634902954101562,"maxMetCategory":"GENERIC","calibratedData":1},{"userProfilePK":95173854,"calendarDate":"2022-04-15","deviceId":3342889666,"updateTimestamp":"2022-04-15T17:10:57.0","sport":"RUNNING","subSport":"GENERIC","vo2MaxValue":44.0,"fitnessAge":"20","fitnessAgeDescription":"1","analyzerMethod":5,"maxMet":12.692657470703125,"maxMetCategory":"GENERIC","calibratedData":1},{"userProfilePK":95173854,"calendarDate":"2022-04-19","deviceId":3342889666,"updateTimestamp":"2022-04-19T17:24:02.0","sport":"RUNNING","subSport":"GENERIC","vo2MaxValue":44.0,"fitnessAge":"20","fitnessAgeDescription":"1","analyzerMethod":5,"maxMet":12.625640869140625,"maxMetCategory":"GENERIC","calibratedData":1},{"userProfilePK":95173854,"calendarDate":"2022-04-22","deviceId":3342889666,"updateTimestamp":"2022-04-22T15:38:48.0","sport":"RUNNING","subSport":"GENERIC","vo2MaxValue":44.0,"fitnessAge":"20","fitnessAgeDescription":"1","analyzerMethod":5,"maxMet":12.538742065429688,"maxMetCategory":"GENERIC","calibratedData":1},{"userProfilePK":95173854,"calendarDate":"2022-04-30","deviceId":3342889666,"updateTimestamp":"2022-04-30T18:35:00.0","sport":"RUNNING","subSport":"GENERIC","vo2MaxValue":44.0,"fitnessAge":"20","fitnessAgeDescription":"1","analyzerMethod":5,"maxMet":12.617630004882812,"maxMetCategory":"GENERIC","calibratedData":1},{"userProfilePK":95173854,"calendarDate":"2022-05-12","deviceId":3342889666,"updateTimestamp":"2022-05-12T17:24:55.0","sport":"RUNNING","subSport":"GENERIC","vo2MaxValue":44.0,"fitnessAge":"20","fitnessAgeDescription":"1","analyzerMethod":5,"maxMet":12.498306274414062,"maxMetCategory":"GENERIC","calibratedData":1},{"userProfilePK":95173854,"calendarDate":"2022-05-22","deviceId":3342889666,"updateTimestamp":"2022-05-22T16:33:10.0","sport":"RUNNING","subSport":"GENERIC","vo2MaxValue":43.0,"fitnessAge":"20","fitnessAgeDescription":"1","analyzerMethod":5,"maxMet":12.321441650390625,"maxMetCategory":"GENERIC","calibratedData":1},{"userProfilePK":95173854,"calendarDate":"2022-05-28","deviceId":3342889666,"updateTimestamp":"2022-05-28T15:55:10.0","sport":"RUNNING","subSport":"GENERIC","vo2MaxValue":43.0,"fitnessAge":"20","fitnessAgeDescription":"1","analyzerMethod":5,"maxMet":12.293182373046875,"maxMetCategory":"GENERIC","calibratedData":1},{"userProfilePK":95173854,"calendarDate":"2022-05-29","deviceId":3342889666,"updateTimestamp":"2022-05-29T17:32:31.0","sport":"RUNNING","subSport":"GENERIC","vo2MaxValue":43.0,"fitnessAge":"20","fitnessAgeDescription":"1","analyzerMethod":5,"maxMet":12.254226684570312,"maxMetCategory":"GENERIC","calibratedData":1},{"userProfilePK":95173854,"calendarDate":"2022-06-05","deviceId":3342889666,"updateTimestamp":"2022-06-05T17:23:53.0","sport":"RUNNING","subSport":"GENERIC","vo2MaxValue":43.0,"fitnessAge":"20","fitnessAgeDescription":"1","analyzerMethod":5,"maxMet":12.194076538085938,"maxMetCategory":"GENERIC","calibratedData":1},{"userProfilePK":95173854,"calendarDate":"2022-06-14","deviceId":3342889666,"updateTimestamp":"2022-06-14T18:04:14.0","sport":"RUNNING","subSport":"GENERIC","vo2MaxValue":43.0,"fitnessAge":"20","fitnessAgeDescription":"1","analyzerMethod":5,"maxMet":12.295135498046875,"maxMetCategory":"GENERIC","calibratedData":1},{"userProfilePK":95173854,"calendarDate":"2022-06-17","deviceId":3342889666,"updateTimestamp":"2022-06-17T17:07:13.0","sport":"RUNNING","subSport":"GENERIC","vo2MaxValue":43.0,"fitnessAge":"20","fitnessAgeDescription":"1","analyzerMethod":5,"maxMet":12.394210815429688,"maxMetCategory":"GENERIC","calibratedData":1},{"userProfilePK":95173854,"calendarDate":"2022-06-19","deviceId":3342889666,"updateTimestamp":"2022-06-19T17:21:48.0","sport":"RUNNING","subSport":"GENERIC","vo2MaxValue":44.0,"fitnessAge":"20","fitnessAgeDescription":"1","analyzerMethod":5,"maxMet":12.594207763671875,"maxMetCategory":"GENERIC","calibratedData":1}]