[{"key":"c006d6b4-9414-434e-a3fb-d194a701df3f","referenceId":"172cf019-5f04-4725-9758-2af2e2d62457","referenceType":"CUSTOMER","correlationId":null,"consentTypeId":"DI_CONNECT_PRODUCT_IMPROVEMENT_DATA_USAGE","state":"REVOKED","locale":"en-US","source":"com.garmin.android.apps.connectmobile 4.23.1 5090 Dalvik/2.1.0 (Linux; U; Android 10; Pixel 3a Build/QP1A.190711.020.C3)","version":"2","createdDate":"2019-10-06T20:08:49.073Z","consentCreatedDate":"2019-10-06T20:08:49.073Z","actorId":null,"metadata":null}]