[{"sleepStartTimestampGMT":"2021-10-30T20:00:00.0","sleepEndTimestampGMT":"2021-10-31T04:00:00.0","calendarDate":"2021-10-31","sleepWindowConfirmationType":"UNCONFIRMED","retro":false},{"sleepStartTimestampGMT":"2021-10-31T21:34:00.0","sleepEndTimestampGMT":"2021-11-01T05:43:00.0","calendarDate":"2021-11-01","sleepWindowConfirmationType":"ENHANCED_CONFIRMED","deepSleepSeconds":2760,"lightSleepSeconds":18360,"remSleepSeconds":8100,"awakeSleepSeconds":120,"unmeasurableSeconds":0,"averageRespiration":16.0,"lowestRespiration":10.0,"highestRespiration":20.0,"retro":false},{"sleepStartTimestampGMT":"2021-11-01T21:50:00.0","sleepEndTimestampGMT":"2021-11-02T04:37:00.0","calendarDate":"2021-11-02","sleepWindowConfirmationType":"ENHANCED_CONFIRMED","deepSleepSeconds":2700,"lightSleepSeconds":12000,"remSleepSeconds":9360,"awakeSleepSeconds":360,"unmeasurableSeconds":0,"averageRespiration":17.0,"lowestRespiration":13.0,"highestRespiration":21.0,"retro":false},{"sleepStartTimestampGMT":"2021-11-02T21:43:00.0","sleepEndTimestampGMT":"2021-11-03T04:22:00.0","calendarDate":"2021-11-03","sleepWindowConfirmationType":"ENHANCED_CONFIRMED","deepSleepSeconds":1680,"lightSleepSeconds":12960,"remSleepSeconds":8940,"awakeSleepSeconds":360,"unmeasurableSeconds":0,"averageRespiration":16.0,"lowestRespiration":12.0,"highestRespiration":19.0,"retro":false},{"sleepStartTimestampGMT":"2021-11-03T22:02:00.0","sleepEndTimestampGMT":"2021-11-04T07:01:00.0","calendarDate":"2021-11-04","sleepWindowConfirmationType":"ENHANCED_CONFIRMED","deepSleepSeconds":3900,"lightSleepSeconds":18000,"remSleepSeconds":10080,"awakeSleepSeconds":360,"unmeasurableSeconds":0,"averageRespiration":17.0,"lowestRespiration":12.0,"highestRespiration":21.0,"retro":false},{"sleepStartTimestampGMT":"2021-11-04T23:41:00.0","sleepEndTimestampGMT":"2021-11-05T06:33:00.0","calendarDate":"2021-11-05","sleepWindowConfirmationType":"ENHANCED_CONFIRMED","deepSleepSeconds":4080,"lightSleepSeconds":13500,"remSleepSeconds":6840,"awakeSleepSeconds":300,"unmeasurableSeconds":0,"averageRespiration":16.0,"lowestRespiration":12.0,"highestRespiration":20.0,"retro":false},{"sleepStartTimestampGMT":"2021-11-06T00:03:00.0","sleepEndTimestampGMT":"2021-11-06T08:01:00.0","calendarDate":"2021-11-06","sleepWindowConfirmationType":"ENHANCED_CONFIRMED","deepSleepSeconds":2280,"lightSleepSeconds":16140,"remSleepSeconds":10080,"awakeSleepSeconds":180,"unmeasurableSeconds":0,"averageRespiration":16.0,"lowestRespiration":9.0,"highestRespiration":20.0,"retro":false},{"sleepStartTimestampGMT":"2021-11-06T21:40:00.0","sleepEndTimestampGMT":"2021-11-07T07:05:00.0","calendarDate":"2021-11-07","sleepWindowConfirmationType":"ENHANCED_CONFIRMED","deepSleepSeconds":3060,"lightSleepSeconds":20520,"remSleepSeconds":9900,"awakeSleepSeconds":420,"unmeasurableSeconds":0,"averageRespiration":16.0,"lowestRespiration":13.0,"highestRespiration":20.0,"retro":false},{"sleepStartTimestampGMT":"2021-11-07T21:37:00.0","sleepEndTimestampGMT":"2021-11-08T04:29:00.0","calendarDate":"2021-11-08","sleepWindowConfirmationType":"ENHANCED_CONFIRMED","deepSleepSeconds":720,"lightSleepSeconds":13740,"remSleepSeconds":9840,"awakeSleepSeconds":420,"unmeasurableSeconds":0,"averageRespiration":17.0,"lowestRespiration":14.0,"highestRespiration":22.0,"retro":false},{"sleepStartTimestampGMT":"2021-11-08T20:41:00.0","sleepEndTimestampGMT":"2021-11-09T04:44:00.0","calendarDate":"2021-11-09","sleepWindowConfirmationType":"ENHANCED_CONFIRMED","deepSleepSeconds":4680,"lightSleepSeconds":17460,"remSleepSeconds":6540,"awakeSleepSeconds":300,"unmeasurableSeconds":0,"averageRespiration":16.0,"lowestRespiration":12.0,"highestRespiration":19.0,"retro":false},{"sleepStartTimestampGMT":"2021-11-09T19:39:00.0","sleepEndTimestampGMT":"2021-11-10T04:32:00.0","calendarDate":"2021-11-10","sleepWindowConfirmationType":"ENHANCED_CONFIRMED","deepSleepSeconds":1320,"lightSleepSeconds":19080,"remSleepSeconds":11280,"awakeSleepSeconds":300,"unmeasurableSeconds":0,"averageRespiration":15.0,"lowestRespiration":10.0,"highestRespiration":18.0,"retro":false},{"sleepStartTimestampGMT":"2021-11-10T22:34:00.0","sleepEndTimestampGMT":"2021-11-11T06:38:00.0","calendarDate":"2021-11-11","sleepWindowConfirmationType":"ENHANCED_CONFIRMED","deepSleepSeconds":3720,"lightSleepSeconds":13860,"remSleepSeconds":11280,"awakeSleepSeconds":180,"unmeasurableSeconds":0,"averageRespiration":16.0,"lowestRespiration":11.0,"highestRespiration":20.0,"retro":false},{"sleepStartTimestampGMT":"2021-11-11T22:34:00.0","sleepEndTimestampGMT":"2021-11-12T05:17:00.0","calendarDate":"2021-11-12","sleepWindowConfirmationType":"ENHANCED_CONFIRMED","deepSleepSeconds":5280,"lightSleepSeconds":12480,"remSleepSeconds":6060,"awakeSleepSeconds":360,"unmeasurableSeconds":0,"averageRespiration":16.0,"lowestRespiration":11.0,"highestRespiration":20.0,"retro":false},{"sleepStartTimestampGMT":"2021-11-12T21:54:00.0","sleepEndTimestampGMT":"2021-11-13T07:55:00.0","calendarDate":"2021-11-13","sleepWindowConfirmationType":"ENHANCED_CONFIRMED","deepSleepSeconds":4320,"lightSleepSeconds":18720,"remSleepSeconds":11760,"awakeSleepSeconds":1260,"unmeasurableSeconds":0,"averageRespiration":16.0,"lowestRespiration":12.0,"highestRespiration":20.0,"retro":false},{"sleepStartTimestampGMT":"2021-11-13T22:40:00.0","sleepEndTimestampGMT":"2021-11-14T06:06:00.0","calendarDate":"2021-11-14","sleepWindowConfirmationType":"ENHANCED_CONFIRMED","deepSleepSeconds":1200,"lightSleepSeconds":14700,"remSleepSeconds":10680,"awakeSleepSeconds":180,"unmeasurableSeconds":0,"averageRespiration":16.0,"lowestRespiration":10.0,"highestRespiration":22.0,"retro":false},{"sleepStartTimestampGMT":"2021-11-14T22:12:00.0","sleepEndTimestampGMT":"2021-11-15T05:58:00.0","calendarDate":"2021-11-15","sleepWindowConfirmationType":"ENHANCED_CONFIRMED","deepSleepSeconds":2460,"lightSleepSeconds":16620,"remSleepSeconds":8400,"awakeSleepSeconds":480,"unmeasurableSeconds":0,"averageRespiration":17.0,"lowestRespiration":12.0,"highestRespiration":23.0,"retro":false},{"sleepStartTimestampGMT":"2021-11-15T22:27:00.0","sleepEndTimestampGMT":"2021-11-16T04:54:00.0","calendarDate":"2021-11-16","sleepWindowConfirmationType":"ENHANCED_CONFIRMED","deepSleepSeconds":4080,"lightSleepSeconds":13140,"remSleepSeconds":5580,"awakeSleepSeconds":420,"unmeasurableSeconds":0,"averageRespiration":16.0,"lowestRespiration":12.0,"highestRespiration":20.0,"retro":false},{"sleepStartTimestampGMT":"2021-11-16T20:17:00.0","sleepEndTimestampGMT":"2021-11-17T04:44:00.0","calendarDate":"2021-11-17","sleepWindowConfirmationType":"ENHANCED_CONFIRMED","deepSleepSeconds":0,"lightSleepSeconds":19980,"remSleepSeconds":9480,"awakeSleepSeconds":960,"unmeasurableSeconds":0,"averageRespiration":15.0,"lowestRespiration":10.0,"highestRespiration":20.0,"retro":false},{"sleepStartTimestampGMT":"2021-11-17T21:26:00.0","sleepEndTimestampGMT":"2021-11-18T06:37:00.0","calendarDate":"2021-11-18","sleepWindowConfirmationType":"ENHANCED_CONFIRMED","deepSleepSeconds":3120,"lightSleepSeconds":18720,"remSleepSeconds":10980,"awakeSleepSeconds":240,"unmeasurableSeconds":0,"averageRespiration":16.0,"lowestRespiration":12.0,"highestRespiration":20.0,"retro":false},{"sleepStartTimestampGMT":"2021-11-18T21:32:00.0","sleepEndTimestampGMT":"2021-11-19T05:07:00.0","calendarDate":"2021-11-19","sleepWindowConfirmationType":"ENHANCED_CONFIRMED","deepSleepSeconds":2820,"lightSleepSeconds":16800,"remSleepSeconds":7380,"awakeSleepSeconds":300,"unmeasurableSeconds":0,"averageRespiration":16.0,"lowestRespiration":12.0,"highestRespiration":20.0,"retro":false},{"sleepStartTimestampGMT":"2021-11-19T21:52:00.0","sleepEndTimestampGMT":"2021-11-20T07:03:00.0","calendarDate":"2021-11-20","sleepWindowConfirmationType":"ENHANCED_CONFIRMED","deepSleepSeconds":2640,"lightSleepSeconds":20040,"remSleepSeconds":10200,"awakeSleepSeconds":180,"unmeasurableSeconds":0,"averageRespiration":16.0,"lowestRespiration":13.0,"highestRespiration":20.0,"retro":false},{"sleepStartTimestampGMT":"2021-11-20T21:23:00.0","sleepEndTimestampGMT":"2021-11-21T05:35:00.0","calendarDate":"2021-11-21","sleepWindowConfirmationType":"ENHANCED_CONFIRMED","deepSleepSeconds":2340,"lightSleepSeconds":17700,"remSleepSeconds":8940,"awakeSleepSeconds":540,"unmeasurableSeconds":0,"averageRespiration":15.0,"lowestRespiration":12.0,"highestRespiration":22.0,"retro":false},{"sleepStartTimestampGMT":"2021-11-21T22:27:00.0","sleepEndTimestampGMT":"2021-11-22T06:06:00.0","calendarDate":"2021-11-22","sleepWindowConfirmationType":"ENHANCED_CONFIRMED","deepSleepSeconds":3780,"lightSleepSeconds":14640,"remSleepSeconds":8280,"awakeSleepSeconds":840,"unmeasurableSeconds":0,"averageRespiration":16.0,"lowestRespiration":12.0,"highestRespiration":23.0,"retro":false},{"sleepStartTimestampGMT":"2021-11-22T21:56:00.0","sleepEndTimestampGMT":"2021-11-23T04:30:00.0","calendarDate":"2021-11-23","sleepWindowConfirmationType":"ENHANCED_CONFIRMED","deepSleepSeconds":3480,"lightSleepSeconds":12300,"remSleepSeconds":7680,"awakeSleepSeconds":180,"unmeasurableSeconds":0,"averageRespiration":16.0,"lowestRespiration":12.0,"highestRespiration":20.0,"retro":false},{"sleepStartTimestampGMT":"2021-11-23T20:50:00.0","sleepEndTimestampGMT":"2021-11-24T04:43:00.0","calendarDate":"2021-11-24","sleepWindowConfirmationType":"ENHANCED_CONFIRMED","deepSleepSeconds":900,"lightSleepSeconds":19980,"remSleepSeconds":7440,"awakeSleepSeconds":60,"unmeasurableSeconds":0,"averageRespiration":15.0,"lowestRespiration":11.0,"highestRespiration":20.0,"retro":false}]