[{"sleepStartTimestampGMT":"2021-11-24T22:05:00.0","sleepEndTimestampGMT":"2021-11-25T06:14:00.0","calendarDate":"2021-11-25","sleepWindowConfirmationType":"ENHANCED_CONFIRMED","deepSleepSeconds":1920,"lightSleepSeconds":17760,"remSleepSeconds":9360,"awakeSleepSeconds":300,"unmeasurableSeconds":0,"averageRespiration":15.0,"lowestRespiration":12.0,"highestRespiration":19.0,"retro":false},{"sleepStartTimestampGMT":"2021-11-25T22:17:00.0","sleepEndTimestampGMT":"2021-11-26T06:10:00.0","calendarDate":"2021-11-26","sleepWindowConfirmationType":"ENHANCED_CONFIRMED","deepSleepSeconds":3000,"lightSleepSeconds":17220,"remSleepSeconds":7920,"awakeSleepSeconds":240,"unmeasurableSeconds":0,"averageRespiration":16.0,"lowestRespiration":12.0,"highestRespiration":22.0,"retro":false},{"sleepStartTimestampGMT":"2021-11-26T22:40:00.0","sleepEndTimestampGMT":"2021-11-27T06:46:00.0","calendarDate":"2021-11-27","sleepWindowConfirmationType":"ENHANCED_CONFIRMED","deepSleepSeconds":5520,"lightSleepSeconds":15720,"remSleepSeconds":6540,"awakeSleepSeconds":1380,"unmeasurableSeconds":0,"averageRespiration":16.0,"lowestRespiration":12.0,"highestRespiration":20.0,"retro":false},{"sleepStartTimestampGMT":"2021-11-27T22:28:00.0","sleepEndTimestampGMT":"2021-11-28T06:43:00.0","calendarDate":"2021-11-28","sleepWindowConfirmationType":"ENHANCED_CONFIRMED","deepSleepSeconds":4260,"lightSleepSeconds":16140,"remSleepSeconds":9240,"awakeSleepSeconds":60,"unmeasurableSeconds":0,"averageRespiration":16.0,"lowestRespiration":8.0,"highestRespiration":21.0,"retro":false},{"sleepStartTimestampGMT":"2021-11-28T22:36:00.0","sleepEndTimestampGMT":"2021-11-29T07:34:00.0","calendarDate":"2021-11-29","sleepWindowConfirmationType":"ENHANCED_CONFIRMED","deepSleepSeconds":7260,"lightSleepSeconds":18240,"remSleepSeconds":6480,"awakeSleepSeconds":300,"unmeasurableSeconds":0,"averageRespiration":16.0,"lowestRespiration":12.0,"highestRespiration":21.0,"retro":false},{"sleepStartTimestampGMT":"2021-11-29T22:11:00.0","sleepEndTimestampGMT":"2021-11-30T04:42:00.0","calendarDate":"2021-11-30","sleepWindowConfirmationType":"ENHANCED_CONFIRMED","deepSleepSeconds":2460,"lightSleepSeconds":16020,"remSleepSeconds":4740,"awakeSleepSeconds":240,"unmeasurableSeconds":0,"averageRespiration":17.0,"lowestRespiration":12.0,"highestRespiration":21.0,"retro":false},{"sleepStartTimestampGMT":"2021-11-30T20:36:00.0","sleepEndTimestampGMT":"2021-12-01T04:34:00.0","calendarDate":"2021-12-01","sleepWindowConfirmationType":"ENHANCED_CONFIRMED","deepSleepSeconds":3360,"lightSleepSeconds":18180,"remSleepSeconds":6960,"awakeSleepSeconds":180,"unmeasurableSeconds":0,"averageRespiration":15.0,"lowestRespiration":11.0,"highestRespiration":19.0,"retro":false},{"sleepStartTimestampGMT":"2021-12-01T21:43:00.0","sleepEndTimestampGMT":"2021-12-02T06:17:00.0","calendarDate":"2021-12-02","sleepWindowConfirmationType":"ENHANCED_CONFIRMED","deepSleepSeconds":5100,"lightSleepSeconds":18540,"remSleepSeconds":6720,"awakeSleepSeconds":480,"unmeasurableSeconds":0,"averageRespiration":15.0,"lowestRespiration":11.0,"highestRespiration":19.0,"retro":false},{"sleepStartTimestampGMT":"2021-12-02T22:46:00.0","sleepEndTimestampGMT":"2021-12-03T06:05:00.0","calendarDate":"2021-12-03","sleepWindowConfirmationType":"ENHANCED_CONFIRMED","deepSleepSeconds":2220,"lightSleepSeconds":13500,"remSleepSeconds":9960,"awakeSleepSeconds":660,"unmeasurableSeconds":0,"averageRespiration":16.0,"lowestRespiration":13.0,"highestRespiration":21.0,"retro":false},{"sleepStartTimestampGMT":"2021-12-03T21:22:00.0","sleepEndTimestampGMT":"2021-12-04T07:06:00.0","calendarDate":"2021-12-04","sleepWindowConfirmationType":"ENHANCED_CONFIRMED","deepSleepSeconds":3240,"lightSleepSeconds":18600,"remSleepSeconds":13020,"awakeSleepSeconds":180,"unmeasurableSeconds":0,"averageRespiration":16.0,"lowestRespiration":11.0,"highestRespiration":20.0,"retro":false},{"sleepStartTimestampGMT":"2021-12-04T21:57:00.0","sleepEndTimestampGMT":"2021-12-05T06:03:00.0","calendarDate":"2021-12-05","sleepWindowConfirmationType":"ENHANCED_CONFIRMED","deepSleepSeconds":5460,"lightSleepSeconds":15660,"remSleepSeconds":8040,"awakeSleepSeconds":0,"unmeasurableSeconds":0,"averageRespiration":16.0,"lowestRespiration":12.0,"highestRespiration":21.0,"retro":false},{"sleepStartTimestampGMT":"2021-12-05T23:12:00.0","sleepEndTimestampGMT":"2021-12-06T06:48:00.0","calendarDate":"2021-12-06","sleepWindowConfirmationType":"ENHANCED_CONFIRMED","deepSleepSeconds":3780,"lightSleepSeconds":16080,"remSleepSeconds":6720,"awakeSleepSeconds":780,"unmeasurableSeconds":0,"averageRespiration":15.0,"lowestRespiration":8.0,"highestRespiration":18.0,"retro":false},{"sleepStartTimestampGMT":"2021-12-06T22:05:00.0","sleepEndTimestampGMT":"2021-12-07T04:04:00.0","calendarDate":"2021-12-07","sleepWindowConfirmationType":"ENHANCED_CONFIRMED","deepSleepSeconds":3660,"lightSleepSeconds":13440,"remSleepSeconds":4380,"awakeSleepSeconds":60,"unmeasurableSeconds":0,"averageRespiration":16.0,"lowestRespiration":12.0,"highestRespiration":19.0,"retro":false},{"sleepStartTimestampGMT":"2021-12-07T21:02:00.0","sleepEndTimestampGMT":"2021-12-08T06:07:00.0","calendarDate":"2021-12-08","sleepWindowConfirmationType":"ENHANCED_CONFIRMED","deepSleepSeconds":0,"lightSleepSeconds":22740,"remSleepSeconds":9720,"awakeSleepSeconds":240,"unmeasurableSeconds":0,"averageRespiration":16.0,"lowestRespiration":10.0,"highestRespiration":20.0,"retro":false},{"sleepStartTimestampGMT":"2021-12-08T22:17:00.0","sleepEndTimestampGMT":"2021-12-09T06:47:00.0","calendarDate":"2021-12-09","sleepWindowConfirmationType":"ENHANCED_CONFIRMED","deepSleepSeconds":2580,"lightSleepSeconds":16020,"remSleepSeconds":11580,"awakeSleepSeconds":420,"unmeasurableSeconds":0,"averageRespiration":16.0,"lowestRespiration":12.0,"highestRespiration":20.0,"retro":false},{"sleepStartTimestampGMT":"2021-12-09T22:39:00.0","sleepEndTimestampGMT":"2021-12-10T06:42:00.0","calendarDate":"2021-12-10","sleepWindowConfirmationType":"ENHANCED_CONFIRMED","deepSleepSeconds":6000,"lightSleepSeconds":15540,"remSleepSeconds":6960,"awakeSleepSeconds":480,"unmeasurableSeconds":0,"averageRespiration":15.0,"lowestRespiration":11.0,"highestRespiration":21.0,"retro":false},{"sleepStartTimestampGMT":"2021-12-10T22:09:00.0","sleepEndTimestampGMT":"2021-12-11T06:21:00.0","calendarDate":"2021-12-11","sleepWindowConfirmationType":"ENHANCED_CONFIRMED","deepSleepSeconds":2040,"lightSleepSeconds":19680,"remSleepSeconds":6960,"awakeSleepSeconds":840,"unmeasurableSeconds":0,"averageRespiration":15.0,"lowestRespiration":11.0,"highestRespiration":20.0,"retro":false},{"sleepStartTimestampGMT":"2021-12-11T22:25:00.0","sleepEndTimestampGMT":"2021-12-12T04:01:00.0","calendarDate":"2021-12-12","sleepWindowConfirmationType":"ENHANCED_CONFIRMED","deepSleepSeconds":3120,"lightSleepSeconds":9780,"remSleepSeconds":7140,"awakeSleepSeconds":120,"unmeasurableSeconds":0,"averageRespiration":17.0,"lowestRespiration":12.0,"highestRespiration":20.0,"retro":false},{"sleepStartTimestampGMT":"2021-12-12T21:14:00.0","sleepEndTimestampGMT":"2021-12-13T04:13:00.0","calendarDate":"2021-12-13","sleepWindowConfirmationType":"ENHANCED_CONFIRMED","deepSleepSeconds":0,"lightSleepSeconds":19860,"remSleepSeconds":3840,"awakeSleepSeconds":1440,"unmeasurableSeconds":0,"averageRespiration":16.0,"lowestRespiration":11.0,"highestRespiration":22.0,"retro":false},{"sleepStartTimestampGMT":"2021-12-13T20:46:00.0","sleepEndTimestampGMT":"2021-12-14T04:43:00.0","calendarDate":"2021-12-14","sleepWindowConfirmationType":"ENHANCED_CONFIRMED","deepSleepSeconds":6660,"lightSleepSeconds":14940,"remSleepSeconds":6720,"awakeSleepSeconds":300,"unmeasurableSeconds":0,"averageRespiration":16.0,"lowestRespiration":12.0,"highestRespiration":21.0,"retro":false},{"sleepStartTimestampGMT":"2021-12-14T21:26:00.0","sleepEndTimestampGMT":"2021-12-15T05:50:00.0","calendarDate":"2021-12-15","sleepWindowConfirmationType":"ENHANCED_CONFIRMED","deepSleepSeconds":5760,"lightSleepSeconds":19020,"remSleepSeconds":5040,"awakeSleepSeconds":420,"unmeasurableSeconds":0,"averageRespiration":15.0,"lowestRespiration":11.0,"highestRespiration":20.0,"retro":false},{"sleepStartTimestampGMT":"2021-12-15T21:54:00.0","sleepEndTimestampGMT":"2021-12-16T06:40:00.0","calendarDate":"2021-12-16","sleepWindowConfirmationType":"ENHANCED_CONFIRMED","deepSleepSeconds":4620,"lightSleepSeconds":16260,"remSleepSeconds":10140,"awakeSleepSeconds":540,"unmeasurableSeconds":0,"averageRespiration":16.0,"lowestRespiration":11.0,"highestRespiration":20.0,"retro":false},{"sleepStartTimestampGMT":"2021-12-16T22:13:00.0","sleepEndTimestampGMT":"2021-12-17T06:11:00.0","calendarDate":"2021-12-17","sleepWindowConfirmationType":"ENHANCED_CONFIRMED","deepSleepSeconds":5940,"lightSleepSeconds":15480,"remSleepSeconds":6960,"awakeSleepSeconds":300,"unmeasurableSeconds":0,"averageRespiration":15.0,"lowestRespiration":12.0,"highestRespiration":20.0,"retro":false},{"sleepStartTimestampGMT":"2021-12-17T22:20:00.0","sleepEndTimestampGMT":"2021-12-18T08:09:00.0","calendarDate":"2021-12-18","sleepWindowConfirmationType":"ENHANCED_CONFIRMED","deepSleepSeconds":5160,"lightSleepSeconds":18540,"remSleepSeconds":10800,"awakeSleepSeconds":840,"unmeasurableSeconds":0,"averageRespiration":16.0,"lowestRespiration":12.0,"highestRespiration":20.0,"retro":false},{"sleepStartTimestampGMT":"2021-12-18T22:26:00.0","sleepEndTimestampGMT":"2021-12-19T06:13:00.0","calendarDate":"2021-12-19","sleepWindowConfirmationType":"ENHANCED_CONFIRMED","deepSleepSeconds":5040,"lightSleepSeconds":14280,"remSleepSeconds":8100,"awakeSleepSeconds":600,"unmeasurableSeconds":0,"averageRespiration":16.0,"lowestRespiration":12.0,"highestRespiration":21.0,"retro":false},{"sleepStartTimestampGMT":"2021-12-19T21:32:00.0","sleepEndTimestampGMT":"2021-12-20T06:45:00.0","calendarDate":"2021-12-20","sleepWindowConfirmationType":"ENHANCED_CONFIRMED","deepSleepSeconds":6180,"lightSleepSeconds":19380,"remSleepSeconds":7380,"awakeSleepSeconds":240,"unmeasurableSeconds":0,"averageRespiration":15.0,"lowestRespiration":9.0,"highestRespiration":20.0,"retro":false},{"sleepStartTimestampGMT":"2021-12-20T21:59:00.0","sleepEndTimestampGMT":"2021-12-21T04:26:00.0","calendarDate":"2021-12-21","sleepWindowConfirmationType":"ENHANCED_CONFIRMED","deepSleepSeconds":3840,"lightSleepSeconds":13920,"remSleepSeconds":5280,"awakeSleepSeconds":180,"unmeasurableSeconds":0,"averageRespiration":15.0,"lowestRespiration":12.0,"highestRespiration":20.0,"retro":false},{"sleepStartTimestampGMT":"2021-12-21T20:25:00.0","sleepEndTimestampGMT":"2021-12-22T04:48:00.0","calendarDate":"2021-12-22","sleepWindowConfirmationType":"ENHANCED_CONFIRMED","deepSleepSeconds":3540,"lightSleepSeconds":17160,"remSleepSeconds":9360,"awakeSleepSeconds":120,"unmeasurableSeconds":0,"averageRespiration":15.0,"lowestRespiration":11.0,"highestRespiration":20.0,"retro":false},{"sleepStartTimestampGMT":"2021-12-22T22:00:00.0","sleepEndTimestampGMT":"2021-12-23T04:53:00.0","calendarDate":"2021-12-23","sleepWindowConfirmationType":"ENHANCED_CONFIRMED","deepSleepSeconds":4260,"lightSleepSeconds":12420,"remSleepSeconds":7860,"awakeSleepSeconds":240,"unmeasurableSeconds":0,"averageRespiration":16.0,"lowestRespiration":13.0,"highestRespiration":20.0,"retro":false},{"sleepStartTimestampGMT":"2021-12-23T22:27:00.0","sleepEndTimestampGMT":"2021-12-24T06:23:00.0","calendarDate":"2021-12-24","sleepWindowConfirmationType":"ENHANCED_CONFIRMED","deepSleepSeconds":4980,"lightSleepSeconds":14760,"remSleepSeconds":8220,"awakeSleepSeconds":600,"unmeasurableSeconds":0,"averageRespiration":15.0,"lowestRespiration":8.0,"highestRespiration":19.0,"retro":false},{"sleepStartTimestampGMT":"2021-12-24T22:21:00.0","sleepEndTimestampGMT":"2021-12-25T06:04:00.0","calendarDate":"2021-12-25","sleepWindowConfirmationType":"ENHANCED_CONFIRMED","deepSleepSeconds":3900,"lightSleepSeconds":14700,"remSleepSeconds":8880,"awakeSleepSeconds":300,"unmeasurableSeconds":0,"averageRespiration":15.0,"lowestRespiration":11.0,"highestRespiration":21.0,"retro":false},{"sleepStartTimestampGMT":"2021-12-26T01:35:00.0","sleepEndTimestampGMT":"2021-12-26T05:43:00.0","calendarDate":"2021-12-26","sleepWindowConfirmationType":"ENHANCED_CONFIRMED","deepSleepSeconds":3540,"lightSleepSeconds":6840,"remSleepSeconds":4200,"awakeSleepSeconds":300,"unmeasurableSeconds":0,"averageRespiration":16.0,"lowestRespiration":13.0,"highestRespiration":20.0,"retro":false},{"sleepStartTimestampGMT":"2021-12-27T00:05:00.0","sleepEndTimestampGMT":"2021-12-27T10:12:00.0","calendarDate":"2021-12-27","sleepWindowConfirmationType":"ENHANCED_CONFIRMED","deepSleepSeconds":4200,"lightSleepSeconds":18540,"remSleepSeconds":12960,"awakeSleepSeconds":720,"unmeasurableSeconds":0,"averageRespiration":15.0,"lowestRespiration":12.0,"highestRespiration":20.0,"retro":false},{"sleepStartTimestampGMT":"2021-12-28T00:59:00.0","sleepEndTimestampGMT":"2021-12-28T05:58:00.0","calendarDate":"2021-12-28","sleepWindowConfirmationType":"ENHANCED_CONFIRMED","deepSleepSeconds":3840,"lightSleepSeconds":10440,"remSleepSeconds":3420,"awakeSleepSeconds":240,"unmeasurableSeconds":0,"averageRespiration":16.0,"lowestRespiration":12.0,"highestRespiration":20.0,"retro":false},{"sleepStartTimestampGMT":"2021-12-29T01:51:00.0","sleepEndTimestampGMT":"2021-12-29T08:28:00.0","calendarDate":"2021-12-29","sleepWindowConfirmationType":"ENHANCED_CONFIRMED","deepSleepSeconds":4860,"lightSleepSeconds":14460,"remSleepSeconds":4200,"awakeSleepSeconds":300,"unmeasurableSeconds":0,"averageRespiration":16.0,"lowestRespiration":9.0,"highestRespiration":22.0,"retro":false},{"sleepStartTimestampGMT":"2021-12-30T02:49:00.0","sleepEndTimestampGMT":"2021-12-30T10:05:00.0","calendarDate":"2021-12-30","sleepWindowConfirmationType":"ENHANCED_CONFIRMED","deepSleepSeconds":3600,"lightSleepSeconds":18180,"remSleepSeconds":1740,"awakeSleepSeconds":2640,"unmeasurableSeconds":0,"averageRespiration":16.0,"lowestRespiration":10.0,"highestRespiration":20.0,"retro":false},{"sleepStartTimestampGMT":"2021-12-31T03:01:00.0","sleepEndTimestampGMT":"2021-12-31T10:02:00.0","calendarDate":"2021-12-31","sleepWindowConfirmationType":"ENHANCED_CONFIRMED","deepSleepSeconds":4380,"lightSleepSeconds":15480,"remSleepSeconds":1620,"awakeSleepSeconds":3780,"unmeasurableSeconds":0,"averageRespiration":14.0,"lowestRespiration":12.0,"highestRespiration":19.0,"retro":false},{"sleepStartTimestampGMT":"2022-01-01T01:11:00.0","sleepEndTimestampGMT":"2022-01-01T08:11:00.0","calendarDate":"2022-01-01","sleepWindowConfirmationType":"OFF_WRIST","deepSleepSeconds":0,"lightSleepSeconds":0,"awakeSleepSeconds":0,"unmeasurableSeconds":0,"retro":false},{"sleepStartTimestampGMT":"2022-01-02T01:34:00.0","sleepEndTimestampGMT":"2022-01-02T09:32:00.0","calendarDate":"2022-01-02","sleepWindowConfirmationType":"OFF_WRIST","deepSleepSeconds":0,"lightSleepSeconds":0,"awakeSleepSeconds":0,"unmeasurableSeconds":0,"retro":false},{"sleepStartTimestampGMT":"2022-01-03T03:07:00.0","sleepEndTimestampGMT":"2022-01-03T10:07:00.0","calendarDate":"2022-01-03","sleepWindowConfirmationType":"ENHANCED_CONFIRMED","deepSleepSeconds":2940,"lightSleepSeconds":17400,"remSleepSeconds":4020,"awakeSleepSeconds":840,"unmeasurableSeconds":0,"averageRespiration":16.0,"lowestRespiration":12.0,"highestRespiration":19.0,"retro":false},{"sleepStartTimestampGMT":"2022-01-04T04:28:00.0","sleepEndTimestampGMT":"2022-01-04T09:47:00.0","calendarDate":"2022-01-04","sleepWindowConfirmationType":"ENHANCED_CONFIRMED","deepSleepSeconds":3420,"lightSleepSeconds":12540,"remSleepSeconds":3180,"awakeSleepSeconds":0,"unmeasurableSeconds":0,"averageRespiration":15.0,"lowestRespiration":9.0,"highestRespiration":18.0,"retro":false},{"sleepStartTimestampGMT":"2022-01-05T04:19:00.0","sleepEndTimestampGMT":"2022-01-05T12:06:00.0","calendarDate":"2022-01-05","sleepWindowConfirmationType":"ENHANCED_CONFIRMED","deepSleepSeconds":4380,"lightSleepSeconds":17040,"remSleepSeconds":6180,"awakeSleepSeconds":420,"unmeasurableSeconds":0,"averageRespiration":15.0,"lowestRespiration":10.0,"highestRespiration":19.0,"retro":false},{"sleepStartTimestampGMT":"2022-01-06T03:10:00.0","sleepEndTimestampGMT":"2022-01-06T11:41:00.0","calendarDate":"2022-01-06","sleepWindowConfirmationType":"ENHANCED_CONFIRMED","deepSleepSeconds":5400,"lightSleepSeconds":19020,"remSleepSeconds":6000,"awakeSleepSeconds":240,"unmeasurableSeconds":0,"averageRespiration":16.0,"lowestRespiration":11.0,"highestRespiration":21.0,"retro":false},{"sleepStartTimestampGMT":"2022-01-07T02:39:00.0","sleepEndTimestampGMT":"2022-01-07T11:38:00.0","calendarDate":"2022-01-07","sleepWindowConfirmationType":"ENHANCED_CONFIRMED","deepSleepSeconds":1800,"lightSleepSeconds":18000,"remSleepSeconds":12120,"awakeSleepSeconds":420,"unmeasurableSeconds":0,"averageRespiration":16.0,"lowestRespiration":12.0,"highestRespiration":19.0,"retro":false},{"sleepStartTimestampGMT":"2022-01-08T03:28:00.0","sleepEndTimestampGMT":"2022-01-08T09:04:00.0","calendarDate":"2022-01-08","sleepWindowConfirmationType":"ENHANCED_CONFIRMED","deepSleepSeconds":600,"lightSleepSeconds":16140,"remSleepSeconds":3180,"awakeSleepSeconds":240,"unmeasurableSeconds":0,"averageRespiration":16.0,"lowestRespiration":11.0,"highestRespiration":20.0,"retro":false},{"sleepStartTimestampGMT":"2022-01-09T02:59:00.0","sleepEndTimestampGMT":"2022-01-09T11:06:00.0","calendarDate":"2022-01-09","sleepWindowConfirmationType":"ENHANCED_CONFIRMED","deepSleepSeconds":5400,"lightSleepSeconds":16980,"remSleepSeconds":6360,"awakeSleepSeconds":480,"unmeasurableSeconds":0,"averageRespiration":16.0,"lowestRespiration":12.0,"highestRespiration":22.0,"retro":false},{"sleepStartTimestampGMT":"2022-01-10T03:40:00.0","sleepEndTimestampGMT":"2022-01-10T10:32:00.0","calendarDate":"2022-01-10","sleepWindowConfirmationType":"ENHANCED_CONFIRMED","deepSleepSeconds":6000,"lightSleepSeconds":15960,"remSleepSeconds":2580,"awakeSleepSeconds":180,"unmeasurableSeconds":0,"averageRespiration":15.0,"lowestRespiration":11.0,"highestRespiration":19.0,"retro":false},{"sleepStartTimestampGMT":"2022-01-11T04:08:00.0","sleepEndTimestampGMT":"2022-01-11T12:20:00.0","calendarDate":"2022-01-11","sleepWindowConfirmationType":"ENHANCED_CONFIRMED","deepSleepSeconds":3600,"lightSleepSeconds":16140,"remSleepSeconds":7980,"awakeSleepSeconds":1800,"unmeasurableSeconds":0,"averageRespiration":15.0,"lowestRespiration":10.0,"highestRespiration":19.0,"retro":false},{"sleepStartTimestampGMT":"2022-01-12T03:19:00.0","sleepEndTimestampGMT":"2022-01-12T09:33:00.0","calendarDate":"2022-01-12","sleepWindowConfirmationType":"ENHANCED_CONFIRMED","deepSleepSeconds":2580,"lightSleepSeconds":14580,"remSleepSeconds":5280,"awakeSleepSeconds":0,"unmeasurableSeconds":0,"averageRespiration":15.0,"lowestRespiration":11.0,"highestRespiration":23.0,"retro":false},{"sleepStartTimestampGMT":"2022-01-13T02:34:00.0","sleepEndTimestampGMT":"2022-01-13T10:16:00.0","calendarDate":"2022-01-13","sleepWindowConfirmationType":"ENHANCED_CONFIRMED","deepSleepSeconds":0,"lightSleepSeconds":20340,"remSleepSeconds":6780,"awakeSleepSeconds":600,"unmeasurableSeconds":0,"averageRespiration":17.0,"lowestRespiration":11.0,"highestRespiration":25.0,"retro":false},{"sleepStartTimestampGMT":"2022-01-14T03:40:00.0","sleepEndTimestampGMT":"2022-01-14T11:07:00.0","calendarDate":"2022-01-14","sleepWindowConfirmationType":"ENHANCED_CONFIRMED","deepSleepSeconds":3480,"lightSleepSeconds":16320,"remSleepSeconds":6840,"awakeSleepSeconds":180,"unmeasurableSeconds":0,"averageRespiration":15.0,"lowestRespiration":10.0,"highestRespiration":22.0,"retro":false},{"sleepStartTimestampGMT":"2022-01-15T02:46:00.0","sleepEndTimestampGMT":"2022-01-15T11:35:00.0","calendarDate":"2022-01-15","sleepWindowConfirmationType":"ENHANCED_CONFIRMED","deepSleepSeconds":5040,"lightSleepSeconds":19080,"remSleepSeconds":6960,"awakeSleepSeconds":660,"unmeasurableSeconds":0,"averageRespiration":14.0,"lowestRespiration":9.0,"highestRespiration":20.0,"retro":false},{"sleepStartTimestampGMT":"2022-01-16T03:43:00.0","sleepEndTimestampGMT":"2022-01-16T09:34:00.0","calendarDate":"2022-01-16","sleepWindowConfirmationType":"ENHANCED_CONFIRMED","deepSleepSeconds":5160,"lightSleepSeconds":11700,"remSleepSeconds":4140,"awakeSleepSeconds":60,"unmeasurableSeconds":0,"averageRespiration":16.0,"lowestRespiration":13.0,"highestRespiration":20.0,"retro":false},{"sleepStartTimestampGMT":"2022-01-17T03:57:00.0","sleepEndTimestampGMT":"2022-01-17T09:58:00.0","calendarDate":"2022-01-17","sleepWindowConfirmationType":"ENHANCED_CONFIRMED","deepSleepSeconds":3000,"lightSleepSeconds":11760,"remSleepSeconds":6780,"awakeSleepSeconds":120,"unmeasurableSeconds":0,"averageRespiration":16.0,"lowestRespiration":12.0,"highestRespiration":20.0,"retro":false},{"sleepStartTimestampGMT":"2022-01-18T04:58:00.0","sleepEndTimestampGMT":"2022-01-18T11:58:00.0","calendarDate":"2022-01-18","sleepWindowConfirmationType":"ENHANCED_CONFIRMED","deepSleepSeconds":3420,"lightSleepSeconds":13800,"remSleepSeconds":7560,"awakeSleepSeconds":420,"unmeasurableSeconds":0,"averageRespiration":16.0,"lowestRespiration":12.0,"highestRespiration":20.0,"retro":false},{"sleepStartTimestampGMT":"2022-01-19T02:37:00.0","sleepEndTimestampGMT":"2022-01-19T11:44:00.0","calendarDate":"2022-01-19","sleepWindowConfirmationType":"AUTO_CONFIRMED_FINAL","deepSleepSeconds":17340,"lightSleepSeconds":14460,"awakeSleepSeconds":1020,"unmeasurableSeconds":0,"averageRespiration":15.0,"lowestRespiration":13.0,"highestRespiration":19.0,"retro":false},{"sleepStartTimestampGMT":"2022-01-20T02:45:00.0","sleepEndTimestampGMT":"2022-01-20T11:01:00.0","calendarDate":"2022-01-20","sleepWindowConfirmationType":"ENHANCED_CONFIRMED","deepSleepSeconds":720,"lightSleepSeconds":21960,"remSleepSeconds":6900,"awakeSleepSeconds":180,"unmeasurableSeconds":0,"averageRespiration":16.0,"lowestRespiration":12.0,"highestRespiration":21.0,"retro":false},{"sleepStartTimestampGMT":"2022-01-21T01:56:00.0","sleepEndTimestampGMT":"2022-01-21T10:07:00.0","calendarDate":"2022-01-21","sleepWindowConfirmationType":"ENHANCED_CONFIRMED","deepSleepSeconds":600,"lightSleepSeconds":20580,"remSleepSeconds":7440,"awakeSleepSeconds":840,"unmeasurableSeconds":0,"averageRespiration":16.0,"lowestRespiration":12.0,"highestRespiration":19.0,"retro":false},{"sleepStartTimestampGMT":"2022-01-22T04:05:00.0","sleepEndTimestampGMT":"2022-01-22T10:32:00.0","calendarDate":"2022-01-22","sleepWindowConfirmationType":"ENHANCED_CONFIRMED_FINAL","deepSleepSeconds":1320,"lightSleepSeconds":12720,"remSleepSeconds":7560,"awakeSleepSeconds":1620,"unmeasurableSeconds":0,"averageRespiration":15.0,"lowestRespiration":11.0,"highestRespiration":20.0,"retro":false},{"sleepStartTimestampGMT":"2022-01-23T01:56:00.0","sleepEndTimestampGMT":"2022-01-23T11:33:00.0","calendarDate":"2022-01-23","sleepWindowConfirmationType":"ENHANCED_CONFIRMED","deepSleepSeconds":2220,"lightSleepSeconds":20100,"remSleepSeconds":11160,"awakeSleepSeconds":1140,"unmeasurableSeconds":0,"averageRespiration":17.0,"lowestRespiration":13.0,"highestRespiration":20.0,"retro":false},{"sleepStartTimestampGMT":"2022-01-24T02:39:00.0","sleepEndTimestampGMT":"2022-01-24T11:06:00.0","calendarDate":"2022-01-24","sleepWindowConfirmationType":"ENHANCED_CONFIRMED","deepSleepSeconds":2400,"lightSleepSeconds":19260,"remSleepSeconds":8100,"awakeSleepSeconds":660,"unmeasurableSeconds":0,"averageRespiration":20.0,"lowestRespiration":12.0,"highestRespiration":23.0,"retro":false},{"sleepStartTimestampGMT":"2022-01-25T02:38:00.0","sleepEndTimestampGMT":"2022-01-25T11:59:00.0","calendarDate":"2022-01-25","sleepWindowConfirmationType":"ENHANCED_CONFIRMED","deepSleepSeconds":3600,"lightSleepSeconds":19560,"remSleepSeconds":10080,"awakeSleepSeconds":420,"unmeasurableSeconds":0,"averageRespiration":17.0,"lowestRespiration":11.0,"highestRespiration":22.0,"retro":false},{"sleepStartTimestampGMT":"2022-01-26T02:03:00.0","sleepEndTimestampGMT":"2022-01-26T11:02:00.0","calendarDate":"2022-01-26","sleepWindowConfirmationType":"ENHANCED_CONFIRMED","deepSleepSeconds":5160,"lightSleepSeconds":17940,"remSleepSeconds":8880,"awakeSleepSeconds":360,"unmeasurableSeconds":0,"averageRespiration":15.0,"lowestRespiration":9.0,"highestRespiration":20.0,"retro":false},{"sleepStartTimestampGMT":"2022-01-27T03:13:00.0","sleepEndTimestampGMT":"2022-01-27T11:51:00.0","calendarDate":"2022-01-27","sleepWindowConfirmationType":"ENHANCED_CONFIRMED","deepSleepSeconds":4560,"lightSleepSeconds":19680,"remSleepSeconds":6780,"awakeSleepSeconds":60,"unmeasurableSeconds":0,"averageRespiration":17.0,"lowestRespiration":12.0,"highestRespiration":21.0,"retro":false},{"sleepStartTimestampGMT":"2022-01-28T03:22:00.0","sleepEndTimestampGMT":"2022-01-28T12:05:00.0","calendarDate":"2022-01-28","sleepWindowConfirmationType":"ENHANCED_CONFIRMED","deepSleepSeconds":2820,"lightSleepSeconds":21420,"remSleepSeconds":6960,"awakeSleepSeconds":180,"unmeasurableSeconds":0,"averageRespiration":17.0,"lowestRespiration":13.0,"highestRespiration":22.0,"retro":false},{"sleepStartTimestampGMT":"2022-01-29T03:42:00.0","sleepEndTimestampGMT":"2022-01-29T11:38:00.0","calendarDate":"2022-01-29","sleepWindowConfirmationType":"ENHANCED_CONFIRMED","deepSleepSeconds":4140,"lightSleepSeconds":17940,"remSleepSeconds":6240,"awakeSleepSeconds":240,"unmeasurableSeconds":0,"averageRespiration":15.0,"lowestRespiration":12.0,"highestRespiration":20.0,"retro":false},{"sleepStartTimestampGMT":"2022-01-30T08:17:00.0","sleepEndTimestampGMT":"2022-01-30T09:24:00.0","calendarDate":"2022-01-30","sleepWindowConfirmationType":"ENHANCED_CONFIRMED","deepSleepSeconds":120,"lightSleepSeconds":3480,"remSleepSeconds":420,"awakeSleepSeconds":0,"unmeasurableSeconds":0,"averageRespiration":17.0,"lowestRespiration":15.0,"highestRespiration":19.0,"retro":false},{"sleepStartTimestampGMT":"2022-01-30T19:34:00.0","sleepEndTimestampGMT":"2022-01-31T05:45:00.0","calendarDate":"2022-01-31","sleepWindowConfirmationType":"ENHANCED_CONFIRMED","deepSleepSeconds":7260,"lightSleepSeconds":21180,"remSleepSeconds":7740,"awakeSleepSeconds":480,"unmeasurableSeconds":0,"averageRespiration":16.0,"lowestRespiration":12.0,"highestRespiration":22.0,"retro":false},{"sleepStartTimestampGMT":"2022-02-01T01:10:00.0","sleepEndTimestampGMT":"2022-02-01T07:31:00.0","calendarDate":"2022-02-01","sleepWindowConfirmationType":"ENHANCED_CONFIRMED","deepSleepSeconds":3180,"lightSleepSeconds":16080,"remSleepSeconds":3420,"awakeSleepSeconds":180,"unmeasurableSeconds":0,"averageRespiration":16.0,"lowestRespiration":9.0,"highestRespiration":21.0,"retro":false},{"sleepStartTimestampGMT":"2022-02-01T23:32:00.0","sleepEndTimestampGMT":"2022-02-02T06:58:00.0","calendarDate":"2022-02-02","sleepWindowConfirmationType":"ENHANCED_CONFIRMED","deepSleepSeconds":4140,"lightSleepSeconds":17280,"remSleepSeconds":4980,"awakeSleepSeconds":360,"unmeasurableSeconds":0,"averageRespiration":16.0,"lowestRespiration":12.0,"highestRespiration":20.0,"retro":false},{"sleepStartTimestampGMT":"2022-02-02T22:06:00.0","sleepEndTimestampGMT":"2022-02-03T07:26:00.0","calendarDate":"2022-02-03","sleepWindowConfirmationType":"ENHANCED_CONFIRMED","deepSleepSeconds":1680,"lightSleepSeconds":25500,"remSleepSeconds":6300,"awakeSleepSeconds":120,"unmeasurableSeconds":0,"averageRespiration":16.0,"lowestRespiration":11.0,"highestRespiration":25.0,"retro":false},{"sleepStartTimestampGMT":"2022-02-03T23:40:00.0","sleepEndTimestampGMT":"2022-02-04T07:55:00.0","calendarDate":"2022-02-04","sleepWindowConfirmationType":"ENHANCED_CONFIRMED","deepSleepSeconds":1980,"lightSleepSeconds":17940,"remSleepSeconds":9720,"awakeSleepSeconds":60,"unmeasurableSeconds":0,"averageRespiration":16.0,"lowestRespiration":12.0,"highestRespiration":20.0,"retro":false},{"sleepStartTimestampGMT":"2022-02-04T22:32:00.0","sleepEndTimestampGMT":"2022-02-05T09:06:00.0","calendarDate":"2022-02-05","sleepWindowConfirmationType":"ENHANCED_CONFIRMED","deepSleepSeconds":1140,"lightSleepSeconds":22140,"remSleepSeconds":13800,"awakeSleepSeconds":960,"unmeasurableSeconds":0,"averageRespiration":16.0,"lowestRespiration":12.0,"highestRespiration":20.0,"retro":false},{"sleepStartTimestampGMT":"2022-02-05T22:21:00.0","sleepEndTimestampGMT":"2022-02-06T06:19:00.0","calendarDate":"2022-02-06","sleepWindowConfirmationType":"ENHANCED_CONFIRMED","deepSleepSeconds":3960,"lightSleepSeconds":17880,"remSleepSeconds":6420,"awakeSleepSeconds":420,"unmeasurableSeconds":0,"averageRespiration":15.0,"lowestRespiration":11.0,"highestRespiration":20.0,"retro":false},{"sleepStartTimestampGMT":"2022-02-06T22:09:00.0","sleepEndTimestampGMT":"2022-02-07T06:10:00.0","calendarDate":"2022-02-07","sleepWindowConfirmationType":"ENHANCED_CONFIRMED","deepSleepSeconds":3000,"lightSleepSeconds":16860,"remSleepSeconds":8520,"awakeSleepSeconds":480,"unmeasurableSeconds":0,"averageRespiration":16.0,"lowestRespiration":12.0,"highestRespiration":22.0,"retro":false},{"sleepStartTimestampGMT":"2022-02-07T21:43:00.0","sleepEndTimestampGMT":"2022-02-08T05:50:00.0","calendarDate":"2022-02-08","sleepWindowConfirmationType":"ENHANCED_CONFIRMED","deepSleepSeconds":1980,"lightSleepSeconds":20520,"remSleepSeconds":6360,"awakeSleepSeconds":360,"unmeasurableSeconds":0,"averageRespiration":17.0,"lowestRespiration":11.0,"highestRespiration":21.0,"retro":false},{"sleepStartTimestampGMT":"2022-02-08T22:23:00.0","sleepEndTimestampGMT":"2022-02-09T06:18:00.0","calendarDate":"2022-02-09","sleepWindowConfirmationType":"ENHANCED_CONFIRMED","deepSleepSeconds":4080,"lightSleepSeconds":15300,"remSleepSeconds":8520,"awakeSleepSeconds":600,"unmeasurableSeconds":0,"averageRespiration":15.0,"lowestRespiration":11.0,"highestRespiration":20.0,"retro":false},{"sleepStartTimestampGMT":"2022-02-09T22:53:00.0","sleepEndTimestampGMT":"2022-02-10T06:43:00.0","calendarDate":"2022-02-10","sleepWindowConfirmationType":"ENHANCED_CONFIRMED","deepSleepSeconds":5700,"lightSleepSeconds":15480,"remSleepSeconds":6900,"awakeSleepSeconds":120,"unmeasurableSeconds":0,"averageRespiration":16.0,"lowestRespiration":9.0,"highestRespiration":21.0,"retro":false},{"sleepStartTimestampGMT":"2022-02-10T23:07:00.0","sleepEndTimestampGMT":"2022-02-11T07:21:00.0","calendarDate":"2022-02-11","sleepWindowConfirmationType":"ENHANCED_CONFIRMED","deepSleepSeconds":3960,"lightSleepSeconds":19560,"remSleepSeconds":6000,"awakeSleepSeconds":120,"unmeasurableSeconds":0,"averageRespiration":16.0,"lowestRespiration":12.0,"highestRespiration":21.0,"retro":false},{"sleepStartTimestampGMT":"2022-02-11T22:34:00.0","sleepEndTimestampGMT":"2022-02-12T07:28:00.0","calendarDate":"2022-02-12","sleepWindowConfirmationType":"ENHANCED_CONFIRMED","deepSleepSeconds":4680,"lightSleepSeconds":16380,"remSleepSeconds":9660,"awakeSleepSeconds":1320,"unmeasurableSeconds":0,"averageRespiration":16.0,"lowestRespiration":11.0,"highestRespiration":20.0,"retro":false},{"sleepStartTimestampGMT":"2022-02-12T21:52:00.0","sleepEndTimestampGMT":"2022-02-13T06:57:00.0","calendarDate":"2022-02-13","sleepWindowConfirmationType":"ENHANCED_CONFIRMED","deepSleepSeconds":4740,"lightSleepSeconds":18060,"remSleepSeconds":9360,"awakeSleepSeconds":540,"unmeasurableSeconds":0,"averageRespiration":16.0,"lowestRespiration":10.0,"highestRespiration":22.0,"retro":false},{"sleepStartTimestampGMT":"2022-02-13T22:33:00.0","sleepEndTimestampGMT":"2022-02-14T06:50:00.0","calendarDate":"2022-02-14","sleepWindowConfirmationType":"ENHANCED_CONFIRMED","deepSleepSeconds":4200,"lightSleepSeconds":19080,"remSleepSeconds":6240,"awakeSleepSeconds":300,"unmeasurableSeconds":0,"averageRespiration":16.0,"lowestRespiration":12.0,"highestRespiration":20.0,"retro":false},{"sleepStartTimestampGMT":"2022-02-14T22:21:00.0","sleepEndTimestampGMT":"2022-02-15T05:33:00.0","calendarDate":"2022-02-15","sleepWindowConfirmationType":"ENHANCED_CONFIRMED","deepSleepSeconds":3540,"lightSleepSeconds":16440,"remSleepSeconds":5700,"awakeSleepSeconds":240,"unmeasurableSeconds":0,"averageRespiration":17.0,"lowestRespiration":13.0,"highestRespiration":21.0,"retro":false},{"sleepStartTimestampGMT":"2022-02-15T23:03:00.0","sleepEndTimestampGMT":"2022-02-16T07:09:00.0","calendarDate":"2022-02-16","sleepWindowConfirmationType":"ENHANCED_CONFIRMED","deepSleepSeconds":5880,"lightSleepSeconds":13500,"remSleepSeconds":9600,"awakeSleepSeconds":180,"unmeasurableSeconds":0,"averageRespiration":16.0,"lowestRespiration":11.0,"highestRespiration":20.0,"retro":false},{"sleepStartTimestampGMT":"2022-02-16T22:18:00.0","sleepEndTimestampGMT":"2022-02-17T06:27:00.0","calendarDate":"2022-02-17","sleepWindowConfirmationType":"ENHANCED_CONFIRMED","deepSleepSeconds":4440,"lightSleepSeconds":17940,"remSleepSeconds":6660,"awakeSleepSeconds":300,"unmeasurableSeconds":0,"averageRespiration":16.0,"lowestRespiration":12.0,"highestRespiration":22.0,"retro":false},{"sleepStartTimestampGMT":"2022-02-17T22:58:00.0","sleepEndTimestampGMT":"2022-02-18T05:55:00.0","calendarDate":"2022-02-18","sleepWindowConfirmationType":"ENHANCED_CONFIRMED","deepSleepSeconds":2400,"lightSleepSeconds":14760,"remSleepSeconds":7560,"awakeSleepSeconds":300,"unmeasurableSeconds":0,"averageRespiration":16.0,"lowestRespiration":12.0,"highestRespiration":21.0,"retro":false},{"sleepStartTimestampGMT":"2022-02-18T22:25:00.0","sleepEndTimestampGMT":"2022-02-19T08:03:00.0","calendarDate":"2022-02-19","sleepWindowConfirmationType":"ENHANCED_CONFIRMED","deepSleepSeconds":5340,"lightSleepSeconds":20820,"remSleepSeconds":8100,"awakeSleepSeconds":420,"unmeasurableSeconds":0,"averageRespiration":16.0,"lowestRespiration":12.0,"highestRespiration":20.0,"retro":false},{"sleepStartTimestampGMT":"2022-02-19T23:16:00.0","sleepEndTimestampGMT":"2022-02-20T07:13:00.0","calendarDate":"2022-02-20","sleepWindowConfirmationType":"ENHANCED_CONFIRMED","deepSleepSeconds":2340,"lightSleepSeconds":18840,"remSleepSeconds":7260,"awakeSleepSeconds":180,"unmeasurableSeconds":0,"averageRespiration":16.0,"lowestRespiration":12.0,"highestRespiration":21.0,"retro":false},{"sleepStartTimestampGMT":"2022-02-20T22:11:00.0","sleepEndTimestampGMT":"2022-02-21T05:20:00.0","calendarDate":"2022-02-21","sleepWindowConfirmationType":"ENHANCED_CONFIRMED","deepSleepSeconds":2880,"lightSleepSeconds":13260,"remSleepSeconds":9360,"awakeSleepSeconds":240,"unmeasurableSeconds":0,"averageRespiration":16.0,"lowestRespiration":13.0,"highestRespiration":24.0,"retro":false},{"sleepStartTimestampGMT":"2022-02-21T21:48:00.0","sleepEndTimestampGMT":"2022-02-22T05:50:00.0","calendarDate":"2022-02-22","sleepWindowConfirmationType":"ENHANCED_CONFIRMED","deepSleepSeconds":3420,"lightSleepSeconds":19380,"remSleepSeconds":4080,"awakeSleepSeconds":2040,"unmeasurableSeconds":0,"averageRespiration":16.0,"lowestRespiration":12.0,"highestRespiration":21.0,"retro":false},{"sleepStartTimestampGMT":"2022-02-22T20:55:00.0","sleepEndTimestampGMT":"2022-02-23T06:12:00.0","calendarDate":"2022-02-23","sleepWindowConfirmationType":"ENHANCED_CONFIRMED","deepSleepSeconds":6060,"lightSleepSeconds":18000,"remSleepSeconds":9120,"awakeSleepSeconds":240,"unmeasurableSeconds":0,"averageRespiration":16.0,"lowestRespiration":11.0,"highestRespiration":21.0,"retro":false},{"sleepStartTimestampGMT":"2022-02-23T22:22:00.0","sleepEndTimestampGMT":"2022-02-24T06:06:00.0","calendarDate":"2022-02-24","sleepWindowConfirmationType":"ENHANCED_CONFIRMED","deepSleepSeconds":240,"lightSleepSeconds":20220,"remSleepSeconds":7320,"awakeSleepSeconds":60,"unmeasurableSeconds":0,"averageRespiration":15.0,"lowestRespiration":11.0,"highestRespiration":20.0,"retro":false},{"sleepStartTimestampGMT":"2022-02-24T22:50:00.0","sleepEndTimestampGMT":"2022-02-25T05:20:00.0","calendarDate":"2022-02-25","sleepWindowConfirmationType":"ENHANCED_CONFIRMED","deepSleepSeconds":6480,"lightSleepSeconds":11160,"remSleepSeconds":5580,"awakeSleepSeconds":180,"unmeasurableSeconds":0,"averageRespiration":17.0,"lowestRespiration":12.0,"highestRespiration":20.0,"retro":false},{"sleepStartTimestampGMT":"2022-02-25T22:17:00.0","sleepEndTimestampGMT":"2022-02-26T06:49:00.0","calendarDate":"2022-02-26","sleepWindowConfirmationType":"ENHANCED_CONFIRMED","deepSleepSeconds":4440,"lightSleepSeconds":16620,"remSleepSeconds":9300,"awakeSleepSeconds":360,"unmeasurableSeconds":0,"averageRespiration":16.0,"lowestRespiration":12.0,"highestRespiration":22.0,"retro":false},{"sleepStartTimestampGMT":"2022-02-26T22:10:00.0","sleepEndTimestampGMT":"2022-02-27T06:29:00.0","calendarDate":"2022-02-27","sleepWindowConfirmationType":"ENHANCED_CONFIRMED","deepSleepSeconds":2640,"lightSleepSeconds":19920,"remSleepSeconds":7140,"awakeSleepSeconds":240,"unmeasurableSeconds":0,"averageRespiration":17.0,"lowestRespiration":12.0,"highestRespiration":22.0,"retro":false},{"sleepStartTimestampGMT":"2022-02-27T21:56:00.0","sleepEndTimestampGMT":"2022-02-28T06:14:00.0","calendarDate":"2022-02-28","sleepWindowConfirmationType":"ENHANCED_CONFIRMED","deepSleepSeconds":5280,"lightSleepSeconds":16260,"remSleepSeconds":7920,"awakeSleepSeconds":420,"unmeasurableSeconds":0,"averageRespiration":15.0,"lowestRespiration":9.0,"highestRespiration":20.0,"retro":false},{"sleepStartTimestampGMT":"2022-02-28T22:43:00.0","sleepEndTimestampGMT":"2022-03-01T06:02:00.0","calendarDate":"2022-03-01","sleepWindowConfirmationType":"ENHANCED_CONFIRMED","deepSleepSeconds":4740,"lightSleepSeconds":13440,"remSleepSeconds":7980,"awakeSleepSeconds":180,"unmeasurableSeconds":0,"averageRespiration":16.0,"lowestRespiration":12.0,"highestRespiration":22.0,"retro":false},{"sleepStartTimestampGMT":"2022-03-01T22:31:00.0","sleepEndTimestampGMT":"2022-03-02T06:06:00.0","calendarDate":"2022-03-02","sleepWindowConfirmationType":"ENHANCED_CONFIRMED","deepSleepSeconds":3600,"lightSleepSeconds":13860,"remSleepSeconds":8100,"awakeSleepSeconds":1740,"unmeasurableSeconds":0,"averageRespiration":16.0,"lowestRespiration":12.0,"highestRespiration":21.0,"retro":false},{"sleepStartTimestampGMT":"2022-03-02T21:45:00.0","sleepEndTimestampGMT":"2022-03-03T07:29:00.0","calendarDate":"2022-03-03","sleepWindowConfirmationType":"ENHANCED_CONFIRMED","deepSleepSeconds":3780,"lightSleepSeconds":19800,"remSleepSeconds":11100,"awakeSleepSeconds":360,"unmeasurableSeconds":0,"averageRespiration":16.0,"lowestRespiration":11.0,"highestRespiration":22.0,"retro":false},{"sleepStartTimestampGMT":"2022-03-03T22:41:00.0","sleepEndTimestampGMT":"2022-03-04T06:35:00.0","calendarDate":"2022-03-04","sleepWindowConfirmationType":"ENHANCED_CONFIRMED","deepSleepSeconds":3420,"lightSleepSeconds":14400,"remSleepSeconds":10440,"awakeSleepSeconds":180,"unmeasurableSeconds":0,"averageRespiration":16.0,"lowestRespiration":11.0,"highestRespiration":20.0,"retro":false}]