[{"sleepStartTimestampGMT":"2022-03-04T22:31:00.0","sleepEndTimestampGMT":"2022-03-05T07:25:00.0","calendarDate":"2022-03-05","sleepWindowConfirmationType":"ENHANCED_CONFIRMED","deepSleepSeconds":4560,"lightSleepSeconds":18180,"remSleepSeconds":8640,"awakeSleepSeconds":660,"unmeasurableSeconds":0,"averageRespiration":16.0,"lowestRespiration":12.0,"highestRespiration":20.0,"retro":false},{"sleepStartTimestampGMT":"2022-03-05T22:15:00.0","sleepEndTimestampGMT":"2022-03-06T05:33:00.0","calendarDate":"2022-03-06","sleepWindowConfirmationType":"ENHANCED_CONFIRMED","deepSleepSeconds":5220,"lightSleepSeconds":13260,"remSleepSeconds":7440,"awakeSleepSeconds":360,"unmeasurableSeconds":0,"averageRespiration":16.0,"lowestRespiration":12.0,"highestRespiration":21.0,"retro":false},{"sleepStartTimestampGMT":"2022-03-06T22:12:00.0","sleepEndTimestampGMT":"2022-03-07T05:18:00.0","calendarDate":"2022-03-07","sleepWindowConfirmationType":"ENHANCED_CONFIRMED","deepSleepSeconds":7080,"lightSleepSeconds":12480,"remSleepSeconds":5640,"awakeSleepSeconds":360,"unmeasurableSeconds":0,"averageRespiration":15.0,"lowestRespiration":9.0,"highestRespiration":20.0,"retro":false},{"sleepStartTimestampGMT":"2022-03-07T22:24:00.0","sleepEndTimestampGMT":"2022-03-08T05:06:00.0","calendarDate":"2022-03-08","sleepWindowConfirmationType":"ENHANCED_CONFIRMED","deepSleepSeconds":2280,"lightSleepSeconds":13440,"remSleepSeconds":8160,"awakeSleepSeconds":240,"unmeasurableSeconds":0,"averageRespiration":16.0,"lowestRespiration":12.0,"highestRespiration":18.0,"retro":false},{"sleepStartTimestampGMT":"2022-03-08T22:14:00.0","sleepEndTimestampGMT":"2022-03-09T05:30:00.0","calendarDate":"2022-03-09","sleepWindowConfirmationType":"ENHANCED_CONFIRMED","deepSleepSeconds":4860,"lightSleepSeconds":14280,"remSleepSeconds":6840,"awakeSleepSeconds":180,"unmeasurableSeconds":0,"averageRespiration":15.0,"lowestRespiration":11.0,"highestRespiration":19.0,"retro":false},{"sleepStartTimestampGMT":"2022-03-09T22:39:00.0","sleepEndTimestampGMT":"2022-03-10T06:01:00.0","calendarDate":"2022-03-10","sleepWindowConfirmationType":"ENHANCED_CONFIRMED","deepSleepSeconds":4260,"lightSleepSeconds":16680,"remSleepSeconds":5340,"awakeSleepSeconds":240,"unmeasurableSeconds":0,"averageRespiration":14.0,"lowestRespiration":9.0,"highestRespiration":20.0,"retro":false},{"sleepStartTimestampGMT":"2022-03-10T22:17:00.0","sleepEndTimestampGMT":"2022-03-11T07:05:00.0","calendarDate":"2022-03-11","sleepWindowConfirmationType":"ENHANCED_CONFIRMED","deepSleepSeconds":6360,"lightSleepSeconds":16320,"remSleepSeconds":8640,"awakeSleepSeconds":360,"unmeasurableSeconds":0,"averageRespiration":15.0,"lowestRespiration":11.0,"highestRespiration":20.0,"retro":false},{"sleepStartTimestampGMT":"2022-03-11T22:12:00.0","sleepEndTimestampGMT":"2022-03-12T07:13:00.0","calendarDate":"2022-03-12","sleepWindowConfirmationType":"ENHANCED_CONFIRMED","deepSleepSeconds":6540,"lightSleepSeconds":16080,"remSleepSeconds":9600,"awakeSleepSeconds":240,"unmeasurableSeconds":0,"averageRespiration":15.0,"lowestRespiration":11.0,"highestRespiration":20.0,"retro":false},{"sleepStartTimestampGMT":"2022-03-12T22:17:00.0","sleepEndTimestampGMT":"2022-03-13T06:01:00.0","calendarDate":"2022-03-13","sleepWindowConfirmationType":"ENHANCED_CONFIRMED","deepSleepSeconds":4920,"lightSleepSeconds":16920,"remSleepSeconds":5580,"awakeSleepSeconds":420,"unmeasurableSeconds":0,"averageRespiration":14.0,"lowestRespiration":9.0,"highestRespiration":20.0,"retro":false},{"sleepStartTimestampGMT":"2022-03-13T21:28:00.0","sleepEndTimestampGMT":"2022-03-14T04:44:00.0","calendarDate":"2022-03-14","sleepWindowConfirmationType":"ENHANCED_CONFIRMED","deepSleepSeconds":2640,"lightSleepSeconds":13680,"remSleepSeconds":9540,"awakeSleepSeconds":300,"unmeasurableSeconds":0,"averageRespiration":16.0,"lowestRespiration":12.0,"highestRespiration":21.0,"retro":false},{"sleepStartTimestampGMT":"2022-03-14T22:36:00.0","sleepEndTimestampGMT":"2022-03-15T06:17:00.0","calendarDate":"2022-03-15","sleepWindowConfirmationType":"ENHANCED_CONFIRMED","deepSleepSeconds":5520,"lightSleepSeconds":13320,"remSleepSeconds":8460,"awakeSleepSeconds":360,"unmeasurableSeconds":0,"averageRespiration":15.0,"lowestRespiration":12.0,"highestRespiration":20.0,"retro":false},{"sleepStartTimestampGMT":"2022-03-15T21:46:00.0","sleepEndTimestampGMT":"2022-03-16T03:47:00.0","calendarDate":"2022-03-16","sleepWindowConfirmationType":"ENHANCED_CONFIRMED","deepSleepSeconds":4020,"lightSleepSeconds":12300,"remSleepSeconds":5160,"awakeSleepSeconds":180,"unmeasurableSeconds":0,"averageRespiration":16.0,"lowestRespiration":9.0,"highestRespiration":21.0,"retro":false},{"sleepStartTimestampGMT":"2022-03-16T19:49:00.0","sleepEndTimestampGMT":"2022-03-17T03:49:00.0","calendarDate":"2022-03-17","sleepWindowConfirmationType":"ENHANCED_CONFIRMED","deepSleepSeconds":3360,"lightSleepSeconds":17700,"remSleepSeconds":7560,"awakeSleepSeconds":180,"unmeasurableSeconds":0,"averageRespiration":15.0,"lowestRespiration":9.0,"highestRespiration":19.0,"retro":false},{"sleepStartTimestampGMT":"2022-03-17T21:05:00.0","sleepEndTimestampGMT":"2022-03-18T06:56:00.0","calendarDate":"2022-03-18","sleepWindowConfirmationType":"ENHANCED_CONFIRMED","deepSleepSeconds":4920,"lightSleepSeconds":19740,"remSleepSeconds":10380,"awakeSleepSeconds":420,"unmeasurableSeconds":0,"averageRespiration":15.0,"lowestRespiration":9.0,"highestRespiration":21.0,"retro":false},{"sleepStartTimestampGMT":"2022-03-18T21:56:00.0","sleepEndTimestampGMT":"2022-03-19T07:24:00.0","calendarDate":"2022-03-19","sleepWindowConfirmationType":"ENHANCED_CONFIRMED","deepSleepSeconds":5160,"lightSleepSeconds":18540,"remSleepSeconds":10260,"awakeSleepSeconds":120,"unmeasurableSeconds":0,"averageRespiration":16.0,"lowestRespiration":13.0,"highestRespiration":20.0,"retro":false},{"sleepStartTimestampGMT":"2022-03-20T00:02:00.0","sleepEndTimestampGMT":"2022-03-20T06:03:00.0","calendarDate":"2022-03-20","sleepWindowConfirmationType":"ENHANCED_CONFIRMED","deepSleepSeconds":2880,"lightSleepSeconds":10260,"remSleepSeconds":8280,"awakeSleepSeconds":240,"unmeasurableSeconds":0,"averageRespiration":15.0,"lowestRespiration":9.0,"highestRespiration":21.0,"retro":false},{"sleepStartTimestampGMT":"2022-03-20T21:32:00.0","sleepEndTimestampGMT":"2022-03-21T03:50:00.0","calendarDate":"2022-03-21","sleepWindowConfirmationType":"ENHANCED_CONFIRMED","deepSleepSeconds":3900,"lightSleepSeconds":13860,"remSleepSeconds":4680,"awakeSleepSeconds":240,"unmeasurableSeconds":0,"averageRespiration":15.0,"lowestRespiration":12.0,"highestRespiration":21.0,"retro":false},{"sleepStartTimestampGMT":"2022-03-21T21:35:00.0","sleepEndTimestampGMT":"2022-03-22T04:27:00.0","calendarDate":"2022-03-22","sleepWindowConfirmationType":"ENHANCED_CONFIRMED","deepSleepSeconds":6660,"lightSleepSeconds":12240,"remSleepSeconds":5580,"awakeSleepSeconds":240,"unmeasurableSeconds":0,"averageRespiration":15.0,"lowestRespiration":12.0,"highestRespiration":18.0,"retro":false},{"sleepStartTimestampGMT":"2022-03-22T21:05:00.0","sleepEndTimestampGMT":"2022-03-23T05:06:00.0","calendarDate":"2022-03-23","sleepWindowConfirmationType":"ENHANCED_CONFIRMED","deepSleepSeconds":4680,"lightSleepSeconds":18960,"remSleepSeconds":4800,"awakeSleepSeconds":420,"unmeasurableSeconds":0,"averageRespiration":15.0,"lowestRespiration":11.0,"highestRespiration":18.0,"retro":false},{"sleepStartTimestampGMT":"2022-03-23T22:12:00.0","sleepEndTimestampGMT":"2022-03-24T05:41:00.0","calendarDate":"2022-03-24","sleepWindowConfirmationType":"ENHANCED_CONFIRMED","deepSleepSeconds":3540,"lightSleepSeconds":16140,"remSleepSeconds":6960,"awakeSleepSeconds":300,"unmeasurableSeconds":0,"averageRespiration":15.0,"lowestRespiration":9.0,"highestRespiration":20.0,"retro":false},{"sleepStartTimestampGMT":"2022-03-24T22:14:00.0","sleepEndTimestampGMT":"2022-03-25T05:38:00.0","calendarDate":"2022-03-25","sleepWindowConfirmationType":"ENHANCED_CONFIRMED","deepSleepSeconds":5820,"lightSleepSeconds":16800,"remSleepSeconds":3780,"awakeSleepSeconds":240,"unmeasurableSeconds":0,"averageRespiration":16.0,"lowestRespiration":12.0,"highestRespiration":20.0,"retro":false},{"sleepStartTimestampGMT":"2022-03-25T21:55:00.0","sleepEndTimestampGMT":"2022-03-26T04:38:00.0","calendarDate":"2022-03-26","sleepWindowConfirmationType":"ENHANCED_CONFIRMED","deepSleepSeconds":3480,"lightSleepSeconds":16560,"remSleepSeconds":3960,"awakeSleepSeconds":180,"unmeasurableSeconds":0,"averageRespiration":16.0,"lowestRespiration":12.0,"highestRespiration":20.0,"retro":false},{"sleepStartTimestampGMT":"2022-03-26T20:48:00.0","sleepEndTimestampGMT":"2022-03-27T04:48:00.0","calendarDate":"2022-03-27","sleepWindowConfirmationType":"ENHANCED_CONFIRMED","deepSleepSeconds":2160,"lightSleepSeconds":17700,"remSleepSeconds":8520,"awakeSleepSeconds":420,"unmeasurableSeconds":0,"averageRespiration":15.0,"lowestRespiration":10.0,"highestRespiration":19.0,"retro":false},{"sleepStartTimestampGMT":"2022-03-27T20:43:00.0","sleepEndTimestampGMT":"2022-03-28T03:15:00.0","calendarDate":"2022-03-28","sleepWindowConfirmationType":"ENHANCED_CONFIRMED","deepSleepSeconds":3720,"lightSleepSeconds":15480,"remSleepSeconds":4080,"awakeSleepSeconds":240,"unmeasurableSeconds":0,"averageRespiration":17.0,"lowestRespiration":13.0,"highestRespiration":20.0,"retro":false},{"sleepStartTimestampGMT":"2022-03-28T20:34:00.0","sleepEndTimestampGMT":"2022-03-29T05:53:00.0","calendarDate":"2022-03-29","sleepWindowConfirmationType":"ENHANCED_CONFIRMED","deepSleepSeconds":7440,"lightSleepSeconds":16320,"remSleepSeconds":9660,"awakeSleepSeconds":120,"unmeasurableSeconds":0,"averageRespiration":16.0,"lowestRespiration":12.0,"highestRespiration":20.0,"retro":false},{"sleepStartTimestampGMT":"2022-03-29T21:20:00.0","sleepEndTimestampGMT":"2022-03-30T04:00:00.0","calendarDate":"2022-03-30","sleepWindowConfirmationType":"ENHANCED_CONFIRMED","deepSleepSeconds":4680,"lightSleepSeconds":15420,"remSleepSeconds":3540,"awakeSleepSeconds":360,"unmeasurableSeconds":0,"averageRespiration":16.0,"lowestRespiration":12.0,"highestRespiration":19.0,"retro":false},{"sleepStartTimestampGMT":"2022-03-30T19:34:00.0","sleepEndTimestampGMT":"2022-03-31T02:51:00.0","calendarDate":"2022-03-31","sleepWindowConfirmationType":"ENHANCED_CONFIRMED","deepSleepSeconds":4500,"lightSleepSeconds":14880,"remSleepSeconds":6420,"awakeSleepSeconds":420,"unmeasurableSeconds":0,"averageRespiration":15.0,"lowestRespiration":12.0,"highestRespiration":19.0,"retro":false},{"sleepStartTimestampGMT":"2022-03-31T20:54:00.0","sleepEndTimestampGMT":"2022-04-01T05:50:00.0","calendarDate":"2022-04-01","sleepWindowConfirmationType":"ENHANCED_CONFIRMED","deepSleepSeconds":3180,"lightSleepSeconds":21840,"remSleepSeconds":6960,"awakeSleepSeconds":180,"unmeasurableSeconds":0,"averageRespiration":15.0,"lowestRespiration":11.0,"highestRespiration":19.0,"retro":false},{"sleepStartTimestampGMT":"2022-04-01T22:08:00.0","sleepEndTimestampGMT":"2022-04-02T06:08:00.0","calendarDate":"2022-04-02","sleepWindowConfirmationType":"ENHANCED_CONFIRMED","deepSleepSeconds":1920,"lightSleepSeconds":16740,"remSleepSeconds":9480,"awakeSleepSeconds":660,"unmeasurableSeconds":0,"averageRespiration":16.0,"lowestRespiration":12.0,"highestRespiration":20.0,"retro":false},{"sleepStartTimestampGMT":"2022-04-02T20:42:00.0","sleepEndTimestampGMT":"2022-04-03T04:01:00.0","calendarDate":"2022-04-03","sleepWindowConfirmationType":"ENHANCED_CONFIRMED","deepSleepSeconds":5100,"lightSleepSeconds":16080,"remSleepSeconds":4680,"awakeSleepSeconds":480,"unmeasurableSeconds":0,"averageRespiration":16.0,"lowestRespiration":12.0,"highestRespiration":21.0,"retro":false},{"sleepStartTimestampGMT":"2022-04-03T20:45:00.0","sleepEndTimestampGMT":"2022-04-04T04:45:00.0","calendarDate":"2022-04-04","sleepWindowConfirmationType":"ENHANCED_CONFIRMED","deepSleepSeconds":5400,"lightSleepSeconds":16500,"remSleepSeconds":6420,"awakeSleepSeconds":480,"unmeasurableSeconds":0,"averageRespiration":15.0,"lowestRespiration":12.0,"highestRespiration":20.0,"retro":false},{"sleepStartTimestampGMT":"2022-04-04T21:11:00.0","sleepEndTimestampGMT":"2022-04-05T04:03:00.0","calendarDate":"2022-04-05","sleepWindowConfirmationType":"ENHANCED_CONFIRMED","deepSleepSeconds":5220,"lightSleepSeconds":12840,"remSleepSeconds":6360,"awakeSleepSeconds":300,"unmeasurableSeconds":0,"averageRespiration":15.0,"lowestRespiration":11.0,"highestRespiration":21.0,"retro":false},{"sleepStartTimestampGMT":"2022-04-05T20:49:00.0","sleepEndTimestampGMT":"2022-04-06T03:21:00.0","calendarDate":"2022-04-06","sleepWindowConfirmationType":"ENHANCED_CONFIRMED","deepSleepSeconds":5220,"lightSleepSeconds":15060,"remSleepSeconds":2640,"awakeSleepSeconds":600,"unmeasurableSeconds":0,"averageRespiration":15.0,"lowestRespiration":9.0,"highestRespiration":20.0,"retro":false},{"sleepStartTimestampGMT":"2022-04-06T20:02:00.0","sleepEndTimestampGMT":"2022-04-07T03:16:00.0","calendarDate":"2022-04-07","sleepWindowConfirmationType":"ENHANCED_CONFIRMED","deepSleepSeconds":3480,"lightSleepSeconds":16620,"remSleepSeconds":5700,"awakeSleepSeconds":240,"unmeasurableSeconds":0,"averageRespiration":14.0,"lowestRespiration":11.0,"highestRespiration":18.0,"retro":false},{"sleepStartTimestampGMT":"2022-04-07T21:40:00.0","sleepEndTimestampGMT":"2022-04-08T06:05:00.0","calendarDate":"2022-04-08","sleepWindowConfirmationType":"ENHANCED_CONFIRMED","deepSleepSeconds":6060,"lightSleepSeconds":16440,"remSleepSeconds":7500,"awakeSleepSeconds":300,"unmeasurableSeconds":0,"averageRespiration":16.0,"lowestRespiration":10.0,"highestRespiration":21.0,"retro":false},{"sleepStartTimestampGMT":"2022-04-08T21:01:00.0","sleepEndTimestampGMT":"2022-04-09T06:02:00.0","calendarDate":"2022-04-09","sleepWindowConfirmationType":"ENHANCED_CONFIRMED","deepSleepSeconds":3600,"lightSleepSeconds":19380,"remSleepSeconds":9180,"awakeSleepSeconds":300,"unmeasurableSeconds":0,"averageRespiration":16.0,"lowestRespiration":11.0,"highestRespiration":19.0,"retro":false},{"sleepStartTimestampGMT":"2022-04-09T21:51:00.0","sleepEndTimestampGMT":"2022-04-10T03:32:00.0","calendarDate":"2022-04-10","sleepWindowConfirmationType":"ENHANCED_CONFIRMED","deepSleepSeconds":5700,"lightSleepSeconds":13200,"remSleepSeconds":1500,"awakeSleepSeconds":60,"unmeasurableSeconds":0,"averageRespiration":16.0,"lowestRespiration":12.0,"highestRespiration":21.0,"retro":false},{"sleepStartTimestampGMT":"2022-04-10T20:24:00.0","sleepEndTimestampGMT":"2022-04-11T03:22:00.0","calendarDate":"2022-04-11","sleepWindowConfirmationType":"ENHANCED_CONFIRMED","deepSleepSeconds":2640,"lightSleepSeconds":16320,"remSleepSeconds":6060,"awakeSleepSeconds":60,"unmeasurableSeconds":0,"averageRespiration":16.0,"lowestRespiration":12.0,"highestRespiration":20.0,"retro":false},{"sleepStartTimestampGMT":"2022-04-11T21:05:00.0","sleepEndTimestampGMT":"2022-04-12T04:20:00.0","calendarDate":"2022-04-12","sleepWindowConfirmationType":"ENHANCED_CONFIRMED","deepSleepSeconds":5280,"lightSleepSeconds":13140,"remSleepSeconds":7560,"awakeSleepSeconds":120,"unmeasurableSeconds":0,"averageRespiration":16.0,"lowestRespiration":12.0,"highestRespiration":21.0,"retro":false},{"sleepStartTimestampGMT":"2022-04-12T21:48:00.0","sleepEndTimestampGMT":"2022-04-13T03:32:00.0","calendarDate":"2022-04-13","sleepWindowConfirmationType":"ENHANCED_CONFIRMED","deepSleepSeconds":4320,"lightSleepSeconds":11580,"remSleepSeconds":4380,"awakeSleepSeconds":360,"unmeasurableSeconds":0,"averageRespiration":16.0,"lowestRespiration":12.0,"highestRespiration":20.0,"retro":false},{"sleepStartTimestampGMT":"2022-04-13T19:54:00.0","sleepEndTimestampGMT":"2022-04-14T03:53:00.0","calendarDate":"2022-04-14","sleepWindowConfirmationType":"ENHANCED_CONFIRMED","deepSleepSeconds":1920,"lightSleepSeconds":19800,"remSleepSeconds":6600,"awakeSleepSeconds":420,"unmeasurableSeconds":0,"averageRespiration":15.0,"lowestRespiration":10.0,"highestRespiration":20.0,"retro":false},{"sleepStartTimestampGMT":"2022-04-14T20:20:00.0","sleepEndTimestampGMT":"2022-04-15T06:20:00.0","calendarDate":"2022-04-15","sleepWindowConfirmationType":"ENHANCED_CONFIRMED","deepSleepSeconds":5820,"lightSleepSeconds":18900,"remSleepSeconds":8940,"awakeSleepSeconds":2340,"unmeasurableSeconds":0,"averageRespiration":15.0,"lowestRespiration":11.0,"highestRespiration":20.0,"retro":false},{"sleepStartTimestampGMT":"2022-04-15T20:51:00.0","sleepEndTimestampGMT":"2022-04-16T05:09:00.0","calendarDate":"2022-04-16","sleepWindowConfirmationType":"ENHANCED_CONFIRMED","deepSleepSeconds":0,"lightSleepSeconds":21660,"remSleepSeconds":7200,"awakeSleepSeconds":1020,"unmeasurableSeconds":0,"averageRespiration":15.0,"lowestRespiration":11.0,"highestRespiration":22.0,"retro":false},{"sleepStartTimestampGMT":"2022-04-16T20:01:00.0","sleepEndTimestampGMT":"2022-04-17T04:37:00.0","calendarDate":"2022-04-17","sleepWindowConfirmationType":"ENHANCED_CONFIRMED","deepSleepSeconds":3600,"lightSleepSeconds":17880,"remSleepSeconds":9300,"awakeSleepSeconds":180,"unmeasurableSeconds":0,"averageRespiration":17.0,"lowestRespiration":12.0,"highestRespiration":21.0,"retro":false},{"sleepStartTimestampGMT":"2022-04-17T21:00:00.0","sleepEndTimestampGMT":"2022-04-18T03:20:00.0","calendarDate":"2022-04-18","sleepWindowConfirmationType":"ENHANCED_CONFIRMED","deepSleepSeconds":4800,"lightSleepSeconds":11880,"remSleepSeconds":5760,"awakeSleepSeconds":360,"unmeasurableSeconds":0,"averageRespiration":16.0,"lowestRespiration":12.0,"highestRespiration":20.0,"retro":false},{"sleepStartTimestampGMT":"2022-04-18T20:31:00.0","sleepEndTimestampGMT":"2022-04-19T04:36:00.0","calendarDate":"2022-04-19","sleepWindowConfirmationType":"ENHANCED_CONFIRMED","deepSleepSeconds":5340,"lightSleepSeconds":17160,"remSleepSeconds":6480,"awakeSleepSeconds":120,"unmeasurableSeconds":0,"averageRespiration":16.0,"lowestRespiration":12.0,"highestRespiration":20.0,"retro":false},{"sleepStartTimestampGMT":"2022-04-19T20:38:00.0","sleepEndTimestampGMT":"2022-04-20T03:21:00.0","calendarDate":"2022-04-20","sleepWindowConfirmationType":"ENHANCED_CONFIRMED","deepSleepSeconds":4020,"lightSleepSeconds":13620,"remSleepSeconds":6180,"awakeSleepSeconds":360,"unmeasurableSeconds":0,"averageRespiration":16.0,"lowestRespiration":12.0,"highestRespiration":20.0,"retro":false},{"sleepStartTimestampGMT":"2022-04-20T20:52:00.0","sleepEndTimestampGMT":"2022-04-21T05:08:00.0","calendarDate":"2022-04-21","sleepWindowConfirmationType":"ENHANCED_CONFIRMED","deepSleepSeconds":4560,"lightSleepSeconds":16620,"remSleepSeconds":8340,"awakeSleepSeconds":240,"unmeasurableSeconds":0,"averageRespiration":15.0,"lowestRespiration":9.0,"highestRespiration":21.0,"retro":false},{"sleepStartTimestampGMT":"2022-04-21T21:15:00.0","sleepEndTimestampGMT":"2022-04-22T06:42:00.0","calendarDate":"2022-04-22","sleepWindowConfirmationType":"ENHANCED_CONFIRMED","deepSleepSeconds":4380,"lightSleepSeconds":16740,"remSleepSeconds":11100,"awakeSleepSeconds":1800,"unmeasurableSeconds":0,"averageRespiration":16.0,"lowestRespiration":12.0,"highestRespiration":20.0,"retro":false},{"sleepStartTimestampGMT":"2022-04-22T21:42:00.0","sleepEndTimestampGMT":"2022-04-23T05:59:00.0","calendarDate":"2022-04-23","sleepWindowConfirmationType":"ENHANCED_CONFIRMED","deepSleepSeconds":2700,"lightSleepSeconds":20520,"remSleepSeconds":6180,"awakeSleepSeconds":420,"unmeasurableSeconds":0,"averageRespiration":16.0,"lowestRespiration":10.0,"highestRespiration":21.0,"retro":false},{"sleepStartTimestampGMT":"2022-04-23T21:45:00.0","sleepEndTimestampGMT":"2022-04-24T04:36:00.0","calendarDate":"2022-04-24","sleepWindowConfirmationType":"ENHANCED_CONFIRMED","deepSleepSeconds":4260,"lightSleepSeconds":13320,"remSleepSeconds":6780,"awakeSleepSeconds":300,"unmeasurableSeconds":0,"averageRespiration":16.0,"lowestRespiration":12.0,"highestRespiration":21.0,"retro":false},{"sleepStartTimestampGMT":"2022-04-24T20:53:00.0","sleepEndTimestampGMT":"2022-04-25T03:25:00.0","calendarDate":"2022-04-25","sleepWindowConfirmationType":"ENHANCED_CONFIRMED","deepSleepSeconds":4320,"lightSleepSeconds":11760,"remSleepSeconds":7260,"awakeSleepSeconds":180,"unmeasurableSeconds":0,"averageRespiration":16.0,"lowestRespiration":13.0,"highestRespiration":20.0,"retro":false},{"sleepStartTimestampGMT":"2022-04-25T20:33:00.0","sleepEndTimestampGMT":"2022-04-26T03:18:00.0","calendarDate":"2022-04-26","sleepWindowConfirmationType":"ENHANCED_CONFIRMED","deepSleepSeconds":8700,"lightSleepSeconds":9540,"remSleepSeconds":5820,"awakeSleepSeconds":240,"unmeasurableSeconds":0,"averageRespiration":15.0,"lowestRespiration":12.0,"highestRespiration":18.0,"retro":false},{"sleepStartTimestampGMT":"2022-04-26T20:51:00.0","sleepEndTimestampGMT":"2022-04-27T04:42:00.0","calendarDate":"2022-04-27","sleepWindowConfirmationType":"ENHANCED_CONFIRMED","deepSleepSeconds":2760,"lightSleepSeconds":15240,"remSleepSeconds":9300,"awakeSleepSeconds":960,"unmeasurableSeconds":0,"averageRespiration":16.0,"lowestRespiration":12.0,"highestRespiration":21.0,"retro":false},{"sleepStartTimestampGMT":"2022-04-27T21:06:00.0","sleepEndTimestampGMT":"2022-04-28T05:55:00.0","calendarDate":"2022-04-28","sleepWindowConfirmationType":"ENHANCED_CONFIRMED","deepSleepSeconds":1740,"lightSleepSeconds":21480,"remSleepSeconds":7800,"awakeSleepSeconds":720,"unmeasurableSeconds":0,"averageRespiration":16.0,"lowestRespiration":12.0,"highestRespiration":20.0,"retro":false},{"sleepStartTimestampGMT":"2022-04-28T21:36:00.0","sleepEndTimestampGMT":"2022-04-29T05:18:00.0","calendarDate":"2022-04-29","sleepWindowConfirmationType":"ENHANCED_CONFIRMED","deepSleepSeconds":4680,"lightSleepSeconds":13320,"remSleepSeconds":9420,"awakeSleepSeconds":300,"unmeasurableSeconds":0,"averageRespiration":16.0,"lowestRespiration":12.0,"highestRespiration":20.0,"retro":false},{"sleepStartTimestampGMT":"2022-04-29T20:55:00.0","sleepEndTimestampGMT":"2022-04-30T05:50:00.0","calendarDate":"2022-04-30","sleepWindowConfirmationType":"ENHANCED_CONFIRMED","deepSleepSeconds":4320,"lightSleepSeconds":17580,"remSleepSeconds":8760,"awakeSleepSeconds":1440,"unmeasurableSeconds":0,"averageRespiration":15.0,"lowestRespiration":12.0,"highestRespiration":20.0,"retro":false},{"sleepStartTimestampGMT":"2022-04-30T21:50:00.0","sleepEndTimestampGMT":"2022-05-01T06:17:00.0","calendarDate":"2022-05-01","sleepWindowConfirmationType":"ENHANCED_CONFIRMED","deepSleepSeconds":4680,"lightSleepSeconds":16800,"remSleepSeconds":8160,"awakeSleepSeconds":780,"unmeasurableSeconds":0,"averageRespiration":15.0,"lowestRespiration":9.0,"highestRespiration":20.0,"retro":false},{"sleepStartTimestampGMT":"2022-05-01T21:59:00.0","sleepEndTimestampGMT":"2022-05-02T06:10:00.0","calendarDate":"2022-05-02","sleepWindowConfirmationType":"ENHANCED_CONFIRMED","deepSleepSeconds":2400,"lightSleepSeconds":19680,"remSleepSeconds":6780,"awakeSleepSeconds":600,"unmeasurableSeconds":0,"averageRespiration":16.0,"lowestRespiration":11.0,"highestRespiration":20.0,"retro":false},{"sleepStartTimestampGMT":"2022-05-02T22:31:00.0","sleepEndTimestampGMT":"2022-05-03T04:17:00.0","calendarDate":"2022-05-03","sleepWindowConfirmationType":"ENHANCED_CONFIRMED","deepSleepSeconds":2520,"lightSleepSeconds":11580,"remSleepSeconds":6360,"awakeSleepSeconds":300,"unmeasurableSeconds":0,"averageRespiration":17.0,"lowestRespiration":12.0,"highestRespiration":21.0,"retro":false},{"sleepStartTimestampGMT":"2022-05-03T22:37:00.0","sleepEndTimestampGMT":"2022-05-04T05:47:00.0","calendarDate":"2022-05-04","sleepWindowConfirmationType":"ENHANCED_CONFIRMED","deepSleepSeconds":3480,"lightSleepSeconds":14880,"remSleepSeconds":6840,"awakeSleepSeconds":600,"unmeasurableSeconds":0,"averageRespiration":16.0,"lowestRespiration":13.0,"highestRespiration":23.0,"retro":false},{"sleepStartTimestampGMT":"2022-05-04T22:43:00.0","sleepEndTimestampGMT":"2022-05-05T07:15:00.0","calendarDate":"2022-05-05","sleepWindowConfirmationType":"ENHANCED_CONFIRMED","deepSleepSeconds":2100,"lightSleepSeconds":20340,"remSleepSeconds":7440,"awakeSleepSeconds":840,"unmeasurableSeconds":0,"averageRespiration":16.0,"lowestRespiration":12.0,"highestRespiration":21.0,"retro":false},{"sleepStartTimestampGMT":"2022-05-05T22:28:00.0","sleepEndTimestampGMT":"2022-05-06T06:24:00.0","calendarDate":"2022-05-06","sleepWindowConfirmationType":"ENHANCED_CONFIRMED","deepSleepSeconds":5160,"lightSleepSeconds":16320,"remSleepSeconds":6720,"awakeSleepSeconds":360,"unmeasurableSeconds":0,"averageRespiration":17.0,"lowestRespiration":12.0,"highestRespiration":22.0,"retro":false},{"sleepStartTimestampGMT":"2022-05-06T22:23:00.0","sleepEndTimestampGMT":"2022-05-07T07:38:00.0","calendarDate":"2022-05-07","sleepWindowConfirmationType":"ENHANCED_CONFIRMED","deepSleepSeconds":6900,"lightSleepSeconds":20340,"remSleepSeconds":5940,"awakeSleepSeconds":120,"unmeasurableSeconds":0,"averageRespiration":16.0,"lowestRespiration":12.0,"highestRespiration":19.0,"retro":false},{"sleepStartTimestampGMT":"2022-05-07T22:37:00.0","sleepEndTimestampGMT":"2022-05-08T05:35:00.0","calendarDate":"2022-05-08","sleepWindowConfirmationType":"ENHANCED_CONFIRMED","deepSleepSeconds":4020,"lightSleepSeconds":14820,"remSleepSeconds":5940,"awakeSleepSeconds":300,"unmeasurableSeconds":0,"averageRespiration":15.0,"lowestRespiration":11.0,"highestRespiration":20.0,"retro":false},{"sleepStartTimestampGMT":"2022-05-08T21:07:00.0","sleepEndTimestampGMT":"2022-05-09T03:30:00.0","calendarDate":"2022-05-09","sleepWindowConfirmationType":"ENHANCED_CONFIRMED","deepSleepSeconds":5820,"lightSleepSeconds":10920,"remSleepSeconds":6120,"awakeSleepSeconds":120,"unmeasurableSeconds":0,"averageRespiration":16.0,"lowestRespiration":12.0,"highestRespiration":22.0,"retro":false},{"sleepStartTimestampGMT":"2022-05-09T20:35:00.0","sleepEndTimestampGMT":"2022-05-10T03:18:00.0","calendarDate":"2022-05-10","sleepWindowConfirmationType":"ENHANCED_CONFIRMED","deepSleepSeconds":5460,"lightSleepSeconds":13560,"remSleepSeconds":4920,"awakeSleepSeconds":240,"unmeasurableSeconds":0,"averageRespiration":16.0,"lowestRespiration":11.0,"highestRespiration":21.0,"retro":false},{"sleepStartTimestampGMT":"2022-05-10T20:03:00.0","sleepEndTimestampGMT":"2022-05-11T04:02:00.0","calendarDate":"2022-05-11","sleepWindowConfirmationType":"ENHANCED_CONFIRMED","deepSleepSeconds":4560,"lightSleepSeconds":14940,"remSleepSeconds":8700,"awakeSleepSeconds":540,"unmeasurableSeconds":0,"averageRespiration":16.0,"lowestRespiration":12.0,"highestRespiration":20.0,"retro":false},{"sleepStartTimestampGMT":"2022-05-11T21:32:00.0","sleepEndTimestampGMT":"2022-05-12T05:02:00.0","calendarDate":"2022-05-12","sleepWindowConfirmationType":"ENHANCED_CONFIRMED","deepSleepSeconds":5700,"lightSleepSeconds":13560,"remSleepSeconds":7380,"awakeSleepSeconds":360,"unmeasurableSeconds":0,"averageRespiration":16.0,"lowestRespiration":12.0,"highestRespiration":20.0,"retro":false},{"sleepStartTimestampGMT":"2022-05-12T21:27:00.0","sleepEndTimestampGMT":"2022-05-13T07:08:00.0","calendarDate":"2022-05-13","sleepWindowConfirmationType":"ENHANCED_CONFIRMED","deepSleepSeconds":3300,"lightSleepSeconds":18660,"remSleepSeconds":12240,"awakeSleepSeconds":660,"unmeasurableSeconds":0,"averageRespiration":16.0,"lowestRespiration":12.0,"highestRespiration":19.0,"retro":false},{"sleepStartTimestampGMT":"2022-05-13T21:38:00.0","sleepEndTimestampGMT":"2022-05-14T04:07:00.0","calendarDate":"2022-05-14","sleepWindowConfirmationType":"ENHANCED_CONFIRMED","deepSleepSeconds":2880,"lightSleepSeconds":14100,"remSleepSeconds":6120,"awakeSleepSeconds":240,"unmeasurableSeconds":0,"averageRespiration":15.0,"lowestRespiration":9.0,"highestRespiration":20.0,"retro":false},{"sleepStartTimestampGMT":"2022-05-14T20:47:00.0","sleepEndTimestampGMT":"2022-05-15T05:21:00.0","calendarDate":"2022-05-15","sleepWindowConfirmationType":"ENHANCED_CONFIRMED","deepSleepSeconds":3780,"lightSleepSeconds":17880,"remSleepSeconds":8100,"awakeSleepSeconds":1080,"unmeasurableSeconds":0,"averageRespiration":15.0,"lowestRespiration":11.0,"highestRespiration":20.0,"retro":false},{"sleepStartTimestampGMT":"2022-05-15T21:02:00.0","sleepEndTimestampGMT":"2022-05-16T03:20:00.0","calendarDate":"2022-05-16","sleepWindowConfirmationType":"ENHANCED_CONFIRMED","deepSleepSeconds":4500,"lightSleepSeconds":15420,"remSleepSeconds":2580,"awakeSleepSeconds":180,"unmeasurableSeconds":0,"averageRespiration":16.0,"lowestRespiration":12.0,"highestRespiration":20.0,"retro":false},{"sleepStartTimestampGMT":"2022-05-16T20:05:00.0","sleepEndTimestampGMT":"2022-05-17T05:01:00.0","calendarDate":"2022-05-17","sleepWindowConfirmationType":"ENHANCED_CONFIRMED","deepSleepSeconds":5340,"lightSleepSeconds":16680,"remSleepSeconds":9720,"awakeSleepSeconds":420,"unmeasurableSeconds":0,"averageRespiration":15.0,"lowestRespiration":12.0,"highestRespiration":19.0,"retro":false},{"sleepStartTimestampGMT":"2022-05-17T20:31:00.0","sleepEndTimestampGMT":"2022-05-18T03:27:00.0","calendarDate":"2022-05-18","sleepWindowConfirmationType":"ENHANCED_CONFIRMED","deepSleepSeconds":4080,"lightSleepSeconds":12600,"remSleepSeconds":7200,"awakeSleepSeconds":1080,"unmeasurableSeconds":0,"averageRespiration":16.0,"lowestRespiration":12.0,"highestRespiration":20.0,"retro":false},{"sleepStartTimestampGMT":"2022-05-18T21:31:00.0","sleepEndTimestampGMT":"2022-05-19T04:04:00.0","calendarDate":"2022-05-19","sleepWindowConfirmationType":"ENHANCED_CONFIRMED","deepSleepSeconds":6240,"lightSleepSeconds":12300,"remSleepSeconds":4320,"awakeSleepSeconds":720,"unmeasurableSeconds":0,"averageRespiration":16.0,"lowestRespiration":12.0,"highestRespiration":20.0,"retro":false},{"sleepStartTimestampGMT":"2022-05-19T21:12:00.0","sleepEndTimestampGMT":"2022-05-20T04:57:00.0","calendarDate":"2022-05-20","sleepWindowConfirmationType":"ENHANCED_CONFIRMED","deepSleepSeconds":5880,"lightSleepSeconds":15600,"remSleepSeconds":6120,"awakeSleepSeconds":300,"unmeasurableSeconds":0,"averageRespiration":15.0,"lowestRespiration":10.0,"highestRespiration":18.0,"retro":false},{"sleepStartTimestampGMT":"2022-05-20T22:13:00.0","sleepEndTimestampGMT":"2022-05-21T06:33:00.0","calendarDate":"2022-05-21","sleepWindowConfirmationType":"ENHANCED_CONFIRMED","deepSleepSeconds":2820,"lightSleepSeconds":16980,"remSleepSeconds":9540,"awakeSleepSeconds":660,"unmeasurableSeconds":0,"averageRespiration":15.0,"lowestRespiration":12.0,"highestRespiration":19.0,"retro":false},{"sleepStartTimestampGMT":"2022-05-21T20:54:00.0","sleepEndTimestampGMT":"2022-05-22T04:38:00.0","calendarDate":"2022-05-22","sleepWindowConfirmationType":"ENHANCED_CONFIRMED","deepSleepSeconds":4920,"lightSleepSeconds":15120,"remSleepSeconds":7440,"awakeSleepSeconds":360,"unmeasurableSeconds":0,"averageRespiration":16.0,"lowestRespiration":12.0,"highestRespiration":21.0,"retro":false},{"sleepStartTimestampGMT":"2022-05-22T20:26:00.0","sleepEndTimestampGMT":"2022-05-23T02:05:00.0","calendarDate":"2022-05-23","sleepWindowConfirmationType":"ENHANCED_CONFIRMED","deepSleepSeconds":4080,"lightSleepSeconds":12300,"remSleepSeconds":3780,"awakeSleepSeconds":180,"unmeasurableSeconds":0,"averageRespiration":16.0,"lowestRespiration":12.0,"highestRespiration":21.0,"retro":false},{"sleepStartTimestampGMT":"2022-05-23T20:11:00.0","sleepEndTimestampGMT":"2022-05-24T02:11:00.0","calendarDate":"2022-05-24","sleepWindowConfirmationType":"ENHANCED_CONFIRMED","deepSleepSeconds":7260,"lightSleepSeconds":9960,"remSleepSeconds":4260,"awakeSleepSeconds":120,"unmeasurableSeconds":0,"averageRespiration":16.0,"lowestRespiration":13.0,"highestRespiration":19.0,"retro":false},{"sleepStartTimestampGMT":"2022-05-24T21:10:00.0","sleepEndTimestampGMT":"2022-05-25T03:17:00.0","calendarDate":"2022-05-25","sleepWindowConfirmationType":"ENHANCED_CONFIRMED","deepSleepSeconds":2940,"lightSleepSeconds":14460,"remSleepSeconds":3960,"awakeSleepSeconds":660,"unmeasurableSeconds":0,"averageRespiration":15.0,"lowestRespiration":10.0,"highestRespiration":20.0,"retro":false},{"sleepStartTimestampGMT":"2022-05-25T20:35:00.0","sleepEndTimestampGMT":"2022-05-26T04:23:00.0","calendarDate":"2022-05-26","sleepWindowConfirmationType":"ENHANCED_CONFIRMED","deepSleepSeconds":5940,"lightSleepSeconds":12960,"remSleepSeconds":8820,"awakeSleepSeconds":360,"unmeasurableSeconds":0,"averageRespiration":16.0,"lowestRespiration":13.0,"highestRespiration":19.0,"retro":false},{"sleepStartTimestampGMT":"2022-05-26T20:56:00.0","sleepEndTimestampGMT":"2022-05-27T04:35:00.0","calendarDate":"2022-05-27","sleepWindowConfirmationType":"ENHANCED_CONFIRMED","deepSleepSeconds":1860,"lightSleepSeconds":16560,"remSleepSeconds":8880,"awakeSleepSeconds":240,"unmeasurableSeconds":0,"averageRespiration":15.0,"lowestRespiration":11.0,"highestRespiration":18.0,"retro":false},{"sleepStartTimestampGMT":"2022-05-27T20:48:00.0","sleepEndTimestampGMT":"2022-05-28T05:27:00.0","calendarDate":"2022-05-28","sleepWindowConfirmationType":"AUTO_CONFIRMED_FINAL","deepSleepSeconds":11700,"lightSleepSeconds":18840,"awakeSleepSeconds":600,"unmeasurableSeconds":0,"averageRespiration":14.0,"lowestRespiration":1.0,"highestRespiration":21.0,"retro":false},{"sleepStartTimestampGMT":"2022-05-28T22:12:00.0","sleepEndTimestampGMT":"2022-05-29T05:21:00.0","calendarDate":"2022-05-29","sleepWindowConfirmationType":"ENHANCED_CONFIRMED","deepSleepSeconds":3180,"lightSleepSeconds":15900,"remSleepSeconds":6180,"awakeSleepSeconds":480,"unmeasurableSeconds":0,"averageRespiration":17.0,"lowestRespiration":12.0,"highestRespiration":20.0,"retro":false},{"sleepStartTimestampGMT":"2022-05-29T21:20:00.0","sleepEndTimestampGMT":"2022-05-30T03:22:00.0","calendarDate":"2022-05-30","sleepWindowConfirmationType":"ENHANCED_CONFIRMED","deepSleepSeconds":2460,"lightSleepSeconds":14580,"remSleepSeconds":4200,"awakeSleepSeconds":480,"unmeasurableSeconds":0,"averageRespiration":16.0,"lowestRespiration":12.0,"highestRespiration":19.0,"retro":false},{"sleepStartTimestampGMT":"2022-05-30T21:22:00.0","sleepEndTimestampGMT":"2022-05-31T04:38:00.0","calendarDate":"2022-05-31","sleepWindowConfirmationType":"ENHANCED_CONFIRMED","deepSleepSeconds":5400,"lightSleepSeconds":14220,"remSleepSeconds":6000,"awakeSleepSeconds":540,"unmeasurableSeconds":0,"averageRespiration":16.0,"lowestRespiration":13.0,"highestRespiration":21.0,"retro":false},{"sleepStartTimestampGMT":"2022-05-31T20:47:00.0","sleepEndTimestampGMT":"2022-06-01T03:27:00.0","calendarDate":"2022-06-01","sleepWindowConfirmationType":"ENHANCED_CONFIRMED","deepSleepSeconds":5640,"lightSleepSeconds":13320,"remSleepSeconds":4440,"awakeSleepSeconds":600,"unmeasurableSeconds":0,"averageRespiration":17.0,"lowestRespiration":11.0,"highestRespiration":24.0,"retro":false},{"sleepStartTimestampGMT":"2022-06-01T19:34:00.0","sleepEndTimestampGMT":"2022-06-02T03:35:00.0","calendarDate":"2022-06-02","sleepWindowConfirmationType":"ENHANCED_CONFIRMED","deepSleepSeconds":3600,"lightSleepSeconds":20280,"remSleepSeconds":4500,"awakeSleepSeconds":480,"unmeasurableSeconds":0,"averageRespiration":15.0,"lowestRespiration":11.0,"highestRespiration":21.0,"retro":false},{"sleepStartTimestampGMT":"2022-06-02T20:19:00.0","sleepEndTimestampGMT":"2022-06-03T04:49:00.0","calendarDate":"2022-06-03","sleepWindowConfirmationType":"ENHANCED_CONFIRMED","deepSleepSeconds":4020,"lightSleepSeconds":17580,"remSleepSeconds":8700,"awakeSleepSeconds":300,"unmeasurableSeconds":0,"averageRespiration":17.0,"lowestRespiration":12.0,"highestRespiration":22.0,"retro":false},{"sleepStartTimestampGMT":"2022-06-03T20:47:00.0","sleepEndTimestampGMT":"2022-06-04T06:43:00.0","calendarDate":"2022-06-04","sleepWindowConfirmationType":"ENHANCED_CONFIRMED","deepSleepSeconds":5280,"lightSleepSeconds":21780,"remSleepSeconds":7560,"awakeSleepSeconds":1140,"unmeasurableSeconds":0,"averageRespiration":16.0,"lowestRespiration":11.0,"highestRespiration":22.0,"retro":false},{"sleepStartTimestampGMT":"2022-06-04T21:25:00.0","sleepEndTimestampGMT":"2022-06-05T06:42:00.0","calendarDate":"2022-06-05","sleepWindowConfirmationType":"ENHANCED_CONFIRMED","deepSleepSeconds":5400,"lightSleepSeconds":18780,"remSleepSeconds":8940,"awakeSleepSeconds":300,"unmeasurableSeconds":0,"averageRespiration":16.0,"lowestRespiration":11.0,"highestRespiration":21.0,"retro":false},{"sleepStartTimestampGMT":"2022-06-05T20:20:00.0","sleepEndTimestampGMT":"2022-06-06T03:13:00.0","calendarDate":"2022-06-06","sleepWindowConfirmationType":"ENHANCED_CONFIRMED","deepSleepSeconds":4320,"lightSleepSeconds":15480,"remSleepSeconds":4920,"awakeSleepSeconds":60,"unmeasurableSeconds":0,"averageRespiration":17.0,"lowestRespiration":12.0,"highestRespiration":21.0,"retro":false},{"sleepStartTimestampGMT":"2022-06-06T21:57:00.0","sleepEndTimestampGMT":"2022-06-07T05:16:00.0","calendarDate":"2022-06-07","sleepWindowConfirmationType":"ENHANCED_CONFIRMED","deepSleepSeconds":2640,"lightSleepSeconds":14760,"remSleepSeconds":8760,"awakeSleepSeconds":180,"unmeasurableSeconds":0,"averageRespiration":16.0,"lowestRespiration":12.0,"highestRespiration":20.0,"retro":false},{"sleepStartTimestampGMT":"2022-06-07T20:14:00.0","sleepEndTimestampGMT":"2022-06-08T03:17:00.0","calendarDate":"2022-06-08","sleepWindowConfirmationType":"ENHANCED_CONFIRMED","deepSleepSeconds":5280,"lightSleepSeconds":16140,"remSleepSeconds":3660,"awakeSleepSeconds":300,"unmeasurableSeconds":0,"averageRespiration":16.0,"lowestRespiration":11.0,"highestRespiration":20.0,"retro":false},{"sleepStartTimestampGMT":"2022-06-08T20:25:00.0","sleepEndTimestampGMT":"2022-06-09T03:17:00.0","calendarDate":"2022-06-09","sleepWindowConfirmationType":"ENHANCED_CONFIRMED","deepSleepSeconds":5520,"lightSleepSeconds":14880,"remSleepSeconds":3960,"awakeSleepSeconds":360,"unmeasurableSeconds":0,"averageRespiration":16.0,"lowestRespiration":11.0,"highestRespiration":21.0,"retro":false},{"sleepStartTimestampGMT":"2022-06-09T20:27:00.0","sleepEndTimestampGMT":"2022-06-10T03:19:00.0","calendarDate":"2022-06-10","sleepWindowConfirmationType":"ENHANCED_CONFIRMED","deepSleepSeconds":6660,"lightSleepSeconds":12960,"remSleepSeconds":4740,"awakeSleepSeconds":360,"unmeasurableSeconds":0,"averageRespiration":15.0,"lowestRespiration":11.0,"highestRespiration":20.0,"retro":false},{"sleepStartTimestampGMT":"2022-06-10T20:57:00.0","sleepEndTimestampGMT":"2022-06-11T03:32:00.0","calendarDate":"2022-06-11","sleepWindowConfirmationType":"ENHANCED_CONFIRMED","deepSleepSeconds":4620,"lightSleepSeconds":11340,"remSleepSeconds":7620,"awakeSleepSeconds":120,"unmeasurableSeconds":0,"averageRespiration":17.0,"lowestRespiration":11.0,"highestRespiration":21.0,"retro":false},{"sleepStartTimestampGMT":"2022-06-11T21:00:00.0","sleepEndTimestampGMT":"2022-06-12T05:19:00.0","calendarDate":"2022-06-12","sleepWindowConfirmationType":"ENHANCED_CONFIRMED","deepSleepSeconds":4140,"lightSleepSeconds":17340,"remSleepSeconds":7980,"awakeSleepSeconds":480,"unmeasurableSeconds":0,"averageRespiration":15.0,"lowestRespiration":12.0,"highestRespiration":18.0,"retro":false}]