[{"sleepStartTimestampGMT":"2018-05-26T20:00:00.0","sleepEndTimestampGMT":"2018-05-27T04:00:00.0","calendarDate":"2018-05-27","sleepWindowConfirmationType":"UNCONFIRMED","retro":false},{"sleepStartTimestampGMT":"2018-05-27T11:03:00.0","sleepEndTimestampGMT":"2018-05-27T19:10:00.0","calendarDate":"2018-05-28","sleepWindowConfirmationType":"OFF_WRIST","deepSleepSeconds":24120,"lightSleepSeconds":4380,"awakeSleepSeconds":720,"unmeasurableSeconds":0,"retro":false},{"sleepStartTimestampGMT":"2018-05-28T19:01:00.0","sleepEndTimestampGMT":"2018-05-29T03:01:00.0","calendarDate":"2018-05-29","sleepWindowConfirmationType":"UNCONFIRMED","retro":false},{"sleepStartTimestampGMT":"2018-05-29T20:57:00.0","sleepEndTimestampGMT":"2018-05-30T03:59:00.0","calendarDate":"2018-05-30","sleepWindowConfirmationType":"AUTO_CONFIRMED_FINAL","deepSleepSeconds":10020,"lightSleepSeconds":14820,"awakeSleepSeconds":480,"unmeasurableSeconds":0,"retro":false},{"sleepStartTimestampGMT":"2018-05-30T22:18:00.0","sleepEndTimestampGMT":"2018-05-31T05:19:00.0","calendarDate":"2018-05-31","sleepWindowConfirmationType":"OFF_WRIST","deepSleepSeconds":23700,"lightSleepSeconds":1260,"awakeSleepSeconds":300,"unmeasurableSeconds":0,"retro":false},{"sleepStartTimestampGMT":"2018-05-31T19:01:00.0","sleepEndTimestampGMT":"2018-06-01T03:01:00.0","calendarDate":"2018-06-01","sleepWindowConfirmationType":"UNCONFIRMED","retro":false},{"sleepStartTimestampGMT":"2018-06-01T17:21:00.0","sleepEndTimestampGMT":"2018-06-02T04:29:00.0","calendarDate":"2018-06-02","sleepWindowConfirmationType":"OFF_WRIST","deepSleepSeconds":38640,"lightSleepSeconds":1440,"awakeSleepSeconds":0,"unmeasurableSeconds":0,"retro":false},{"sleepStartTimestampGMT":"2018-06-02T20:48:00.0","sleepEndTimestampGMT":"2018-06-03T03:57:00.0","calendarDate":"2018-06-03","sleepWindowConfirmationType":"OFF_WRIST","deepSleepSeconds":24720,"lightSleepSeconds":720,"awakeSleepSeconds":300,"unmeasurableSeconds":0,"retro":false},{"sleepStartTimestampGMT":"2018-06-03T18:12:00.0","sleepEndTimestampGMT":"2018-06-04T04:04:00.0","calendarDate":"2018-06-04","sleepWindowConfirmationType":"OFF_WRIST","deepSleepSeconds":33180,"lightSleepSeconds":2040,"awakeSleepSeconds":300,"unmeasurableSeconds":0,"retro":false},{"sleepStartTimestampGMT":"2018-06-04T17:24:00.0","sleepEndTimestampGMT":"2018-06-05T03:49:00.0","calendarDate":"2018-06-05","sleepWindowConfirmationType":"OFF_WRIST","deepSleepSeconds":36420,"lightSleepSeconds":780,"awakeSleepSeconds":300,"unmeasurableSeconds":0,"retro":false},{"sleepStartTimestampGMT":"2018-06-05T17:32:00.0","sleepEndTimestampGMT":"2018-06-06T03:54:00.0","calendarDate":"2018-06-06","sleepWindowConfirmationType":"OFF_WRIST","deepSleepSeconds":35640,"lightSleepSeconds":1320,"awakeSleepSeconds":360,"unmeasurableSeconds":0,"retro":false},{"sleepStartTimestampGMT":"2018-06-06T19:01:00.0","sleepEndTimestampGMT":"2018-06-07T03:01:00.0","calendarDate":"2018-06-07","sleepWindowConfirmationType":"UNCONFIRMED","retro":false},{"sleepStartTimestampGMT":"2018-06-07T19:01:00.0","sleepEndTimestampGMT":"2018-06-08T03:01:00.0","calendarDate":"2018-06-08","sleepWindowConfirmationType":"UNCONFIRMED","retro":false},{"sleepStartTimestampGMT":"2018-06-08T19:01:00.0","sleepEndTimestampGMT":"2018-06-09T03:01:00.0","calendarDate":"2018-06-09","sleepWindowConfirmationType":"UNCONFIRMED","retro":false},{"sleepStartTimestampGMT":"2018-06-09T19:01:00.0","sleepEndTimestampGMT":"2018-06-10T03:01:00.0","calendarDate":"2018-06-10","sleepWindowConfirmationType":"UNCONFIRMED","retro":false},{"sleepStartTimestampGMT":"2018-06-10T17:22:00.0","sleepEndTimestampGMT":"2018-06-11T03:52:00.0","calendarDate":"2018-06-11","sleepWindowConfirmationType":"OFF_WRIST","deepSleepSeconds":34620,"lightSleepSeconds":2880,"awakeSleepSeconds":300,"unmeasurableSeconds":0,"retro":false},{"sleepStartTimestampGMT":"2018-06-11T20:54:00.0","sleepEndTimestampGMT":"2018-06-12T03:59:00.0","calendarDate":"2018-06-12","sleepWindowConfirmationType":"OFF_WRIST","deepSleepSeconds":24480,"lightSleepSeconds":1020,"awakeSleepSeconds":0,"unmeasurableSeconds":0,"retro":false},{"sleepStartTimestampGMT":"2018-06-12T19:36:00.0","sleepEndTimestampGMT":"2018-06-13T05:02:00.0","calendarDate":"2018-06-13","sleepWindowConfirmationType":"OFF_WRIST","deepSleepSeconds":32940,"lightSleepSeconds":1020,"awakeSleepSeconds":0,"unmeasurableSeconds":0,"retro":false},{"sleepStartTimestampGMT":"2018-06-13T19:01:00.0","sleepEndTimestampGMT":"2018-06-14T03:01:00.0","calendarDate":"2018-06-14","sleepWindowConfirmationType":"UNCONFIRMED","retro":false},{"sleepStartTimestampGMT":"2018-06-14T19:01:00.0","sleepEndTimestampGMT":"2018-06-15T03:01:00.0","calendarDate":"2018-06-15","sleepWindowConfirmationType":"UNCONFIRMED","retro":false},{"sleepStartTimestampGMT":"2018-06-15T19:01:00.0","sleepEndTimestampGMT":"2018-06-16T03:01:00.0","calendarDate":"2018-06-16","sleepWindowConfirmationType":"UNCONFIRMED","retro":false},{"sleepStartTimestampGMT":"2018-06-16T19:01:00.0","sleepEndTimestampGMT":"2018-06-17T03:01:00.0","calendarDate":"2018-06-17","sleepWindowConfirmationType":"UNCONFIRMED","retro":false},{"sleepStartTimestampGMT":"2018-06-17T11:28:00.0","sleepEndTimestampGMT":"2018-06-17T23:07:00.0","calendarDate":"2018-06-18","sleepWindowConfirmationType":"OFF_WRIST","deepSleepSeconds":40560,"lightSleepSeconds":1380,"awakeSleepSeconds":0,"unmeasurableSeconds":0,"retro":false},{"sleepStartTimestampGMT":"2018-06-18T19:01:00.0","sleepEndTimestampGMT":"2018-06-19T03:01:00.0","calendarDate":"2018-06-19","sleepWindowConfirmationType":"UNCONFIRMED","retro":false},{"sleepStartTimestampGMT":"2018-06-19T19:01:00.0","sleepEndTimestampGMT":"2018-06-20T03:01:00.0","calendarDate":"2018-06-20","sleepWindowConfirmationType":"UNCONFIRMED","retro":false},{"sleepStartTimestampGMT":"2018-06-20T19:01:00.0","sleepEndTimestampGMT":"2018-06-21T03:01:00.0","calendarDate":"2018-06-21","sleepWindowConfirmationType":"UNCONFIRMED","retro":false},{"sleepStartTimestampGMT":"2018-06-21T19:01:00.0","sleepEndTimestampGMT":"2018-06-22T03:01:00.0","calendarDate":"2018-06-22","sleepWindowConfirmationType":"UNCONFIRMED","retro":false},{"sleepStartTimestampGMT":"2018-06-22T19:01:00.0","sleepEndTimestampGMT":"2018-06-23T03:01:00.0","calendarDate":"2018-06-23","sleepWindowConfirmationType":"UNCONFIRMED","retro":false},{"sleepStartTimestampGMT":"2018-06-23T19:01:00.0","sleepEndTimestampGMT":"2018-06-24T03:01:00.0","calendarDate":"2018-06-24","sleepWindowConfirmationType":"UNCONFIRMED","retro":false},{"sleepStartTimestampGMT":"2018-06-24T19:01:00.0","sleepEndTimestampGMT":"2018-06-25T03:01:00.0","calendarDate":"2018-06-25","sleepWindowConfirmationType":"UNCONFIRMED","retro":false},{"sleepStartTimestampGMT":"2018-06-25T19:03:00.0","sleepEndTimestampGMT":"2018-06-26T06:37:00.0","calendarDate":"2018-06-26","sleepWindowConfirmationType":"OFF_WRIST","deepSleepSeconds":40200,"lightSleepSeconds":1440,"awakeSleepSeconds":0,"unmeasurableSeconds":0,"retro":false},{"sleepStartTimestampGMT":"2018-06-26T19:01:00.0","sleepEndTimestampGMT":"2018-06-27T03:01:00.0","calendarDate":"2018-06-27","sleepWindowConfirmationType":"UNCONFIRMED","retro":false},{"sleepStartTimestampGMT":"2018-06-27T19:01:00.0","sleepEndTimestampGMT":"2018-06-28T03:01:00.0","calendarDate":"2018-06-28","sleepWindowConfirmationType":"UNCONFIRMED","retro":false},{"sleepStartTimestampGMT":"2018-06-28T19:01:00.0","sleepEndTimestampGMT":"2018-06-29T03:01:00.0","calendarDate":"2018-06-29","sleepWindowConfirmationType":"UNCONFIRMED","retro":false},{"sleepStartTimestampGMT":"2018-06-29T19:01:00.0","sleepEndTimestampGMT":"2018-06-30T03:01:00.0","calendarDate":"2018-06-30","sleepWindowConfirmationType":"UNCONFIRMED","retro":false},{"sleepStartTimestampGMT":"2018-06-30T19:01:00.0","sleepEndTimestampGMT":"2018-07-01T03:01:00.0","calendarDate":"2018-07-01","sleepWindowConfirmationType":"UNCONFIRMED","retro":false},{"sleepStartTimestampGMT":"2018-07-01T17:33:00.0","sleepEndTimestampGMT":"2018-07-02T03:50:00.0","calendarDate":"2018-07-02","sleepWindowConfirmationType":"OFF_WRIST","deepSleepSeconds":32520,"lightSleepSeconds":4080,"awakeSleepSeconds":420,"unmeasurableSeconds":0,"retro":false},{"sleepStartTimestampGMT":"2018-07-02T19:01:00.0","sleepEndTimestampGMT":"2018-07-03T03:01:00.0","calendarDate":"2018-07-03","sleepWindowConfirmationType":"UNCONFIRMED","retro":false},{"sleepStartTimestampGMT":"2018-07-03T11:23:00.0","sleepEndTimestampGMT":"2018-07-03T19:59:00.0","calendarDate":"2018-07-04","sleepWindowConfirmationType":"OFF_WRIST","deepSleepSeconds":28200,"lightSleepSeconds":2760,"awakeSleepSeconds":0,"unmeasurableSeconds":0,"retro":false},{"sleepStartTimestampGMT":"2018-07-04T17:25:00.0","sleepEndTimestampGMT":"2018-07-04T21:22:00.0","calendarDate":"2018-07-05","sleepWindowConfirmationType":"OFF_WRIST","deepSleepSeconds":12780,"lightSleepSeconds":1440,"awakeSleepSeconds":0,"unmeasurableSeconds":0,"retro":false},{"sleepStartTimestampGMT":"2018-07-05T19:01:00.0","sleepEndTimestampGMT":"2018-07-06T03:01:00.0","calendarDate":"2018-07-06","sleepWindowConfirmationType":"UNCONFIRMED","retro":false},{"sleepStartTimestampGMT":"2018-07-06T19:01:00.0","sleepEndTimestampGMT":"2018-07-07T03:01:00.0","calendarDate":"2018-07-07","sleepWindowConfirmationType":"UNCONFIRMED","retro":false},{"sleepStartTimestampGMT":"2018-07-07T14:17:00.0","sleepEndTimestampGMT":"2018-07-07T20:57:00.0","calendarDate":"2018-07-08","sleepWindowConfirmationType":"OFF_WRIST","deepSleepSeconds":0,"lightSleepSeconds":0,"awakeSleepSeconds":0,"unmeasurableSeconds":0,"retro":false},{"sleepStartTimestampGMT":"2018-07-08T19:01:00.0","sleepEndTimestampGMT":"2018-07-09T03:01:00.0","calendarDate":"2018-07-09","sleepWindowConfirmationType":"UNCONFIRMED","retro":false},{"sleepStartTimestampGMT":"2018-07-09T19:01:00.0","sleepEndTimestampGMT":"2018-07-10T03:01:00.0","calendarDate":"2018-07-10","sleepWindowConfirmationType":"UNCONFIRMED","retro":false},{"sleepStartTimestampGMT":"2018-07-10T19:01:00.0","sleepEndTimestampGMT":"2018-07-11T03:01:00.0","calendarDate":"2018-07-11","sleepWindowConfirmationType":"UNCONFIRMED","retro":false},{"sleepStartTimestampGMT":"2018-07-11T19:01:00.0","sleepEndTimestampGMT":"2018-07-12T03:01:00.0","calendarDate":"2018-07-12","sleepWindowConfirmationType":"UNCONFIRMED","retro":false},{"sleepStartTimestampGMT":"2018-07-12T11:23:00.0","sleepEndTimestampGMT":"2018-07-12T21:02:00.0","calendarDate":"2018-07-13","sleepWindowConfirmationType":"OFF_WRIST","deepSleepSeconds":0,"lightSleepSeconds":0,"awakeSleepSeconds":0,"unmeasurableSeconds":0,"retro":false},{"sleepStartTimestampGMT":"2018-07-13T19:01:00.0","sleepEndTimestampGMT":"2018-07-14T03:01:00.0","calendarDate":"2018-07-14","sleepWindowConfirmationType":"UNCONFIRMED","retro":false},{"sleepStartTimestampGMT":"2018-07-14T19:01:00.0","sleepEndTimestampGMT":"2018-07-15T03:01:00.0","calendarDate":"2018-07-15","sleepWindowConfirmationType":"UNCONFIRMED","retro":false},{"sleepStartTimestampGMT":"2018-07-15T19:01:00.0","sleepEndTimestampGMT":"2018-07-16T03:01:00.0","calendarDate":"2018-07-16","sleepWindowConfirmationType":"UNCONFIRMED","retro":false},{"sleepStartTimestampGMT":"2018-07-16T21:09:00.0","sleepEndTimestampGMT":"2018-07-17T06:28:00.0","calendarDate":"2018-07-17","sleepWindowConfirmationType":"OFF_WRIST","deepSleepSeconds":0,"lightSleepSeconds":0,"awakeSleepSeconds":0,"unmeasurableSeconds":0,"retro":false},{"sleepStartTimestampGMT":"2018-07-17T19:01:00.0","sleepEndTimestampGMT":"2018-07-18T03:01:00.0","calendarDate":"2018-07-18","sleepWindowConfirmationType":"UNCONFIRMED","retro":false},{"sleepStartTimestampGMT":"2018-07-18T19:01:00.0","sleepEndTimestampGMT":"2018-07-19T03:01:00.0","calendarDate":"2018-07-19","sleepWindowConfirmationType":"UNCONFIRMED","retro":false},{"sleepStartTimestampGMT":"2018-07-19T19:01:00.0","sleepEndTimestampGMT":"2018-07-20T03:01:00.0","calendarDate":"2018-07-20","sleepWindowConfirmationType":"UNCONFIRMED","retro":false},{"sleepStartTimestampGMT":"2018-07-20T19:01:00.0","sleepEndTimestampGMT":"2018-07-21T03:01:00.0","calendarDate":"2018-07-21","sleepWindowConfirmationType":"UNCONFIRMED","retro":false},{"sleepStartTimestampGMT":"2018-07-21T19:01:00.0","sleepEndTimestampGMT":"2018-07-22T03:01:00.0","calendarDate":"2018-07-22","sleepWindowConfirmationType":"UNCONFIRMED","retro":false},{"sleepStartTimestampGMT":"2018-07-22T19:01:00.0","sleepEndTimestampGMT":"2018-07-23T03:01:00.0","calendarDate":"2018-07-23","sleepWindowConfirmationType":"UNCONFIRMED","retro":false}]