[{"sleepStartTimestampGMT":"2018-10-31T22:18:00.0","sleepEndTimestampGMT":"2018-11-01T04:20:00.0","calendarDate":"2018-11-01","sleepWindowConfirmationType":"AUTO_CONFIRMED_FINAL","deepSleepSeconds":8160,"lightSleepSeconds":13260,"awakeSleepSeconds":300,"unmeasurableSeconds":0,"retro":false},{"sleepStartTimestampGMT":"2018-11-01T21:53:00.0","sleepEndTimestampGMT":"2018-11-02T06:16:00.0","calendarDate":"2018-11-02","sleepWindowConfirmationType":"AUTO_CONFIRMED_FINAL","deepSleepSeconds":15180,"lightSleepSeconds":14520,"awakeSleepSeconds":480,"unmeasurableSeconds":0,"retro":false},{"sleepStartTimestampGMT":"2018-11-02T23:10:00.0","sleepEndTimestampGMT":"2018-11-03T07:50:00.0","calendarDate":"2018-11-03","sleepWindowConfirmationType":"AUTO_CONFIRMED_FINAL","deepSleepSeconds":12120,"lightSleepSeconds":19080,"awakeSleepSeconds":0,"unmeasurableSeconds":0,"retro":false},{"sleepStartTimestampGMT":"2018-11-03T22:20:00.0","sleepEndTimestampGMT":"2018-11-04T06:22:00.0","calendarDate":"2018-11-04","sleepWindowConfirmationType":"AUTO_CONFIRMED_FINAL","deepSleepSeconds":8460,"lightSleepSeconds":19500,"awakeSleepSeconds":960,"unmeasurableSeconds":0,"retro":false},{"sleepStartTimestampGMT":"2018-11-04T21:21:00.0","sleepEndTimestampGMT":"2018-11-05T06:27:00.0","calendarDate":"2018-11-05","sleepWindowConfirmationType":"AUTO_CONFIRMED_FINAL","deepSleepSeconds":15720,"lightSleepSeconds":16800,"awakeSleepSeconds":240,"unmeasurableSeconds":0,"retro":false},{"sleepStartTimestampGMT":"2018-11-05T22:34:00.0","sleepEndTimestampGMT":"2018-11-06T06:27:00.0","calendarDate":"2018-11-06","sleepWindowConfirmationType":"AUTO_CONFIRMED_FINAL","deepSleepSeconds":7920,"lightSleepSeconds":20160,"awakeSleepSeconds":300,"unmeasurableSeconds":0,"retro":false},{"sleepStartTimestampGMT":"2018-11-06T22:49:00.0","sleepEndTimestampGMT":"2018-11-07T07:01:00.0","calendarDate":"2018-11-07","sleepWindowConfirmationType":"AUTO_CONFIRMED_FINAL","deepSleepSeconds":6480,"lightSleepSeconds":22740,"awakeSleepSeconds":300,"unmeasurableSeconds":0,"retro":false},{"sleepStartTimestampGMT":"2018-11-08T00:24:00.0","sleepEndTimestampGMT":"2018-11-08T07:03:00.0","calendarDate":"2018-11-08","sleepWindowConfirmationType":"AUTO_CONFIRMED_FINAL","deepSleepSeconds":8640,"lightSleepSeconds":13800,"awakeSleepSeconds":1500,"unmeasurableSeconds":0,"retro":false},{"sleepStartTimestampGMT":"2018-11-08T23:10:00.0","sleepEndTimestampGMT":"2018-11-09T06:03:00.0","calendarDate":"2018-11-09","sleepWindowConfirmationType":"AUTO_CONFIRMED_FINAL","deepSleepSeconds":6060,"lightSleepSeconds":18420,"awakeSleepSeconds":300,"unmeasurableSeconds":0,"retro":false},{"sleepStartTimestampGMT":"2018-11-09T23:52:00.0","sleepEndTimestampGMT":"2018-11-10T07:59:00.0","calendarDate":"2018-11-10","sleepWindowConfirmationType":"AUTO_CONFIRMED_FINAL","deepSleepSeconds":13260,"lightSleepSeconds":15360,"awakeSleepSeconds":600,"unmeasurableSeconds":0,"retro":false},{"sleepStartTimestampGMT":"2018-11-10T22:42:00.0","sleepEndTimestampGMT":"2018-11-11T07:02:00.0","calendarDate":"2018-11-11","sleepWindowConfirmationType":"AUTO_CONFIRMED_FINAL","deepSleepSeconds":5220,"lightSleepSeconds":24540,"awakeSleepSeconds":240,"unmeasurableSeconds":0,"retro":false},{"sleepStartTimestampGMT":"2018-11-11T20:00:00.0","sleepEndTimestampGMT":"2018-11-12T04:00:00.0","calendarDate":"2018-11-12","sleepWindowConfirmationType":"UNCONFIRMED","retro":false},{"sleepStartTimestampGMT":"2018-11-12T23:02:00.0","sleepEndTimestampGMT":"2018-11-13T07:50:00.0","calendarDate":"2018-11-13","sleepWindowConfirmationType":"AUTO_CONFIRMED_FINAL","deepSleepSeconds":9480,"lightSleepSeconds":21900,"awakeSleepSeconds":300,"unmeasurableSeconds":0,"retro":false},{"sleepStartTimestampGMT":"2018-11-13T23:33:00.0","sleepEndTimestampGMT":"2018-11-14T07:37:00.0","calendarDate":"2018-11-14","sleepWindowConfirmationType":"AUTO_CONFIRMED_FINAL","deepSleepSeconds":9000,"lightSleepSeconds":19320,"awakeSleepSeconds":720,"unmeasurableSeconds":0,"retro":false},{"sleepStartTimestampGMT":"2018-11-15T00:20:00.0","sleepEndTimestampGMT":"2018-11-15T07:10:00.0","calendarDate":"2018-11-15","sleepWindowConfirmationType":"AUTO_CONFIRMED_FINAL","deepSleepSeconds":8700,"lightSleepSeconds":15300,"awakeSleepSeconds":600,"unmeasurableSeconds":0,"retro":false},{"sleepStartTimestampGMT":"2018-11-15T22:43:00.0","sleepEndTimestampGMT":"2018-11-16T07:36:00.0","calendarDate":"2018-11-16","sleepWindowConfirmationType":"AUTO_CONFIRMED_FINAL","deepSleepSeconds":4560,"lightSleepSeconds":27060,"awakeSleepSeconds":360,"unmeasurableSeconds":0,"retro":false},{"sleepStartTimestampGMT":"2018-11-16T23:28:00.0","sleepEndTimestampGMT":"2018-11-17T07:59:00.0","calendarDate":"2018-11-17","sleepWindowConfirmationType":"AUTO_CONFIRMED_FINAL","deepSleepSeconds":8160,"lightSleepSeconds":22200,"awakeSleepSeconds":300,"unmeasurableSeconds":0,"retro":false},{"sleepStartTimestampGMT":"2018-11-17T23:17:00.0","sleepEndTimestampGMT":"2018-11-18T07:55:00.0","calendarDate":"2018-11-18","sleepWindowConfirmationType":"AUTO_CONFIRMED_FINAL","deepSleepSeconds":11880,"lightSleepSeconds":18720,"awakeSleepSeconds":480,"unmeasurableSeconds":0,"retro":false},{"sleepStartTimestampGMT":"2018-11-18T22:10:00.0","sleepEndTimestampGMT":"2018-11-19T06:57:00.0","calendarDate":"2018-11-19","sleepWindowConfirmationType":"AUTO_CONFIRMED_FINAL","deepSleepSeconds":11760,"lightSleepSeconds":19260,"awakeSleepSeconds":600,"unmeasurableSeconds":0,"retro":false},{"sleepStartTimestampGMT":"2018-11-19T23:07:00.0","sleepEndTimestampGMT":"2018-11-20T06:51:00.0","calendarDate":"2018-11-20","sleepWindowConfirmationType":"AUTO_CONFIRMED_FINAL","deepSleepSeconds":8700,"lightSleepSeconds":18720,"awakeSleepSeconds":420,"unmeasurableSeconds":0,"retro":false},{"sleepStartTimestampGMT":"2018-11-21T00:02:00.0","sleepEndTimestampGMT":"2018-11-21T07:18:00.0","calendarDate":"2018-11-21","sleepWindowConfirmationType":"AUTO_CONFIRMED_FINAL","deepSleepSeconds":8820,"lightSleepSeconds":16620,"awakeSleepSeconds":720,"unmeasurableSeconds":0,"retro":false},{"sleepStartTimestampGMT":"2018-11-21T23:33:00.0","sleepEndTimestampGMT":"2018-11-22T06:54:00.0","calendarDate":"2018-11-22","sleepWindowConfirmationType":"AUTO_CONFIRMED_FINAL","deepSleepSeconds":7740,"lightSleepSeconds":18180,"awakeSleepSeconds":540,"unmeasurableSeconds":0,"retro":false},{"sleepStartTimestampGMT":"2018-11-23T00:03:00.0","sleepEndTimestampGMT":"2018-11-23T09:10:00.0","calendarDate":"2018-11-23","sleepWindowConfirmationType":"AUTO_CONFIRMED_FINAL","deepSleepSeconds":7920,"lightSleepSeconds":23940,"awakeSleepSeconds":960,"unmeasurableSeconds":0,"retro":false},{"sleepStartTimestampGMT":"2018-11-23T22:43:00.0","sleepEndTimestampGMT":"2018-11-24T08:34:00.0","calendarDate":"2018-11-24","sleepWindowConfirmationType":"AUTO_CONFIRMED_FINAL","deepSleepSeconds":13920,"lightSleepSeconds":20880,"awakeSleepSeconds":660,"unmeasurableSeconds":0,"retro":false},{"sleepStartTimestampGMT":"2018-11-24T21:49:00.0","sleepEndTimestampGMT":"2018-11-25T10:01:00.0","calendarDate":"2018-11-25","sleepWindowConfirmationType":"OFF_WRIST","deepSleepSeconds":0,"lightSleepSeconds":0,"awakeSleepSeconds":0,"unmeasurableSeconds":0,"retro":false},{"sleepStartTimestampGMT":"2018-11-25T20:36:00.0","sleepEndTimestampGMT":"2018-11-26T06:57:00.0","calendarDate":"2018-11-26","sleepWindowConfirmationType":"OFF_WRIST","deepSleepSeconds":0,"lightSleepSeconds":0,"awakeSleepSeconds":0,"unmeasurableSeconds":0,"retro":false},{"sleepStartTimestampGMT":"2018-11-26T20:40:00.0","sleepEndTimestampGMT":"2018-11-27T07:17:00.0","calendarDate":"2018-11-27","sleepWindowConfirmationType":"OFF_WRIST","deepSleepSeconds":0,"lightSleepSeconds":0,"awakeSleepSeconds":0,"unmeasurableSeconds":0,"retro":false},{"sleepStartTimestampGMT":"2018-11-27T21:48:00.0","sleepEndTimestampGMT":"2018-11-28T11:21:00.0","calendarDate":"2018-11-28","sleepWindowConfirmationType":"OFF_WRIST","deepSleepSeconds":0,"lightSleepSeconds":0,"awakeSleepSeconds":0,"unmeasurableSeconds":0,"retro":false},{"sleepStartTimestampGMT":"2018-11-28T21:49:00.0","sleepEndTimestampGMT":"2018-11-29T08:18:00.0","calendarDate":"2018-11-29","sleepWindowConfirmationType":"OFF_WRIST","deepSleepSeconds":0,"lightSleepSeconds":0,"awakeSleepSeconds":0,"unmeasurableSeconds":0,"retro":false},{"sleepStartTimestampGMT":"2018-11-29T22:21:00.0","sleepEndTimestampGMT":"2018-11-30T08:52:00.0","calendarDate":"2018-11-30","sleepWindowConfirmationType":"OFF_WRIST","deepSleepSeconds":0,"lightSleepSeconds":0,"awakeSleepSeconds":0,"unmeasurableSeconds":0,"retro":false},{"sleepStartTimestampGMT":"2018-11-30T22:12:00.0","sleepEndTimestampGMT":"2018-12-01T09:15:00.0","calendarDate":"2018-12-01","sleepWindowConfirmationType":"OFF_WRIST","deepSleepSeconds":0,"lightSleepSeconds":0,"awakeSleepSeconds":0,"unmeasurableSeconds":0,"retro":false},{"sleepStartTimestampGMT":"2018-12-01T22:10:00.0","sleepEndTimestampGMT":"2018-12-02T08:34:00.0","calendarDate":"2018-12-02","sleepWindowConfirmationType":"OFF_WRIST","deepSleepSeconds":0,"lightSleepSeconds":0,"awakeSleepSeconds":0,"unmeasurableSeconds":0,"retro":false},{"sleepStartTimestampGMT":"2018-12-02T22:17:00.0","sleepEndTimestampGMT":"2018-12-03T06:22:00.0","calendarDate":"2018-12-03","sleepWindowConfirmationType":"AUTO_CONFIRMED_FINAL","deepSleepSeconds":12120,"lightSleepSeconds":16680,"awakeSleepSeconds":300,"unmeasurableSeconds":0,"retro":false},{"sleepStartTimestampGMT":"2018-12-03T22:26:00.0","sleepEndTimestampGMT":"2018-12-04T07:03:00.0","calendarDate":"2018-12-04","sleepWindowConfirmationType":"AUTO_CONFIRMED_FINAL","deepSleepSeconds":9660,"lightSleepSeconds":21060,"awakeSleepSeconds":300,"unmeasurableSeconds":0,"retro":false},{"sleepStartTimestampGMT":"2018-12-04T23:16:00.0","sleepEndTimestampGMT":"2018-12-05T07:01:00.0","calendarDate":"2018-12-05","sleepWindowConfirmationType":"AUTO_CONFIRMED_FINAL","deepSleepSeconds":9240,"lightSleepSeconds":17940,"awakeSleepSeconds":720,"unmeasurableSeconds":0,"retro":false},{"sleepStartTimestampGMT":"2018-12-05T23:27:00.0","sleepEndTimestampGMT":"2018-12-06T07:27:00.0","calendarDate":"2018-12-06","sleepWindowConfirmationType":"AUTO_CONFIRMED_FINAL","deepSleepSeconds":7620,"lightSleepSeconds":20400,"awakeSleepSeconds":780,"unmeasurableSeconds":0,"retro":false},{"sleepStartTimestampGMT":"2018-12-06T23:42:00.0","sleepEndTimestampGMT":"2018-12-07T08:28:00.0","calendarDate":"2018-12-07","sleepWindowConfirmationType":"AUTO_CONFIRMED_FINAL","deepSleepSeconds":8640,"lightSleepSeconds":22620,"awakeSleepSeconds":300,"unmeasurableSeconds":0,"retro":false},{"sleepStartTimestampGMT":"2018-12-07T23:12:00.0","sleepEndTimestampGMT":"2018-12-08T07:41:00.0","calendarDate":"2018-12-08","sleepWindowConfirmationType":"AUTO_CONFIRMED_FINAL","deepSleepSeconds":11460,"lightSleepSeconds":18540,"awakeSleepSeconds":540,"unmeasurableSeconds":0,"retro":false},{"sleepStartTimestampGMT":"2018-12-08T21:17:00.0","sleepEndTimestampGMT":"2018-12-09T07:05:00.0","calendarDate":"2018-12-09","sleepWindowConfirmationType":"AUTO_CONFIRMED_FINAL","deepSleepSeconds":9600,"lightSleepSeconds":24900,"awakeSleepSeconds":780,"unmeasurableSeconds":0,"retro":false},{"sleepStartTimestampGMT":"2018-12-09T23:15:00.0","sleepEndTimestampGMT":"2018-12-10T07:35:00.0","calendarDate":"2018-12-10","sleepWindowConfirmationType":"AUTO_CONFIRMED_FINAL","deepSleepSeconds":6780,"lightSleepSeconds":22620,"awakeSleepSeconds":600,"unmeasurableSeconds":0,"retro":false},{"sleepStartTimestampGMT":"2018-12-10T22:45:00.0","sleepEndTimestampGMT":"2018-12-11T05:01:00.0","calendarDate":"2018-12-11","sleepWindowConfirmationType":"AUTO_CONFIRMED_FINAL","deepSleepSeconds":4440,"lightSleepSeconds":17820,"awakeSleepSeconds":300,"unmeasurableSeconds":0,"retro":false},{"sleepStartTimestampGMT":"2018-12-11T23:29:00.0","sleepEndTimestampGMT":"2018-12-12T06:35:00.0","calendarDate":"2018-12-12","sleepWindowConfirmationType":"AUTO_CONFIRMED_FINAL","deepSleepSeconds":10980,"lightSleepSeconds":14220,"awakeSleepSeconds":360,"unmeasurableSeconds":0,"retro":false},{"sleepStartTimestampGMT":"2018-12-12T22:49:00.0","sleepEndTimestampGMT":"2018-12-13T05:39:00.0","calendarDate":"2018-12-13","sleepWindowConfirmationType":"AUTO_CONFIRMED_FINAL","deepSleepSeconds":5520,"lightSleepSeconds":18720,"awakeSleepSeconds":360,"unmeasurableSeconds":0,"retro":false},{"sleepStartTimestampGMT":"2018-12-13T23:06:00.0","sleepEndTimestampGMT":"2018-12-14T05:53:00.0","calendarDate":"2018-12-14","sleepWindowConfirmationType":"AUTO_CONFIRMED_FINAL","deepSleepSeconds":10740,"lightSleepSeconds":13320,"awakeSleepSeconds":360,"unmeasurableSeconds":0,"retro":false},{"sleepStartTimestampGMT":"2018-12-15T00:30:00.0","sleepEndTimestampGMT":"2018-12-15T06:01:00.0","calendarDate":"2018-12-15","sleepWindowConfirmationType":"AUTO_CONFIRMED_FINAL","deepSleepSeconds":5160,"lightSleepSeconds":14160,"awakeSleepSeconds":540,"unmeasurableSeconds":0,"retro":false},{"sleepStartTimestampGMT":"2018-12-15T23:46:00.0","sleepEndTimestampGMT":"2018-12-16T08:18:00.0","calendarDate":"2018-12-16","sleepWindowConfirmationType":"AUTO_CONFIRMED_FINAL","deepSleepSeconds":9480,"lightSleepSeconds":20940,"awakeSleepSeconds":300,"unmeasurableSeconds":0,"retro":false},{"sleepStartTimestampGMT":"2018-12-16T21:33:00.0","sleepEndTimestampGMT":"2018-12-17T04:38:00.0","calendarDate":"2018-12-17","sleepWindowConfirmationType":"AUTO_CONFIRMED_FINAL","deepSleepSeconds":4980,"lightSleepSeconds":19740,"awakeSleepSeconds":780,"unmeasurableSeconds":0,"retro":false},{"sleepStartTimestampGMT":"2018-12-17T21:43:00.0","sleepEndTimestampGMT":"2018-12-18T04:51:00.0","calendarDate":"2018-12-18","sleepWindowConfirmationType":"AUTO_CONFIRMED_FINAL","deepSleepSeconds":11760,"lightSleepSeconds":13620,"awakeSleepSeconds":300,"unmeasurableSeconds":0,"retro":false},{"sleepStartTimestampGMT":"2018-12-18T21:55:00.0","sleepEndTimestampGMT":"2018-12-19T04:47:00.0","calendarDate":"2018-12-19","sleepWindowConfirmationType":"AUTO_CONFIRMED_FINAL","deepSleepSeconds":7380,"lightSleepSeconds":16680,"awakeSleepSeconds":660,"unmeasurableSeconds":0,"retro":false},{"sleepStartTimestampGMT":"2018-12-19T23:17:00.0","sleepEndTimestampGMT":"2018-12-20T06:27:00.0","calendarDate":"2018-12-20","sleepWindowConfirmationType":"AUTO_CONFIRMED_FINAL","deepSleepSeconds":6780,"lightSleepSeconds":18480,"awakeSleepSeconds":540,"unmeasurableSeconds":0,"retro":false},{"sleepStartTimestampGMT":"2018-12-20T22:12:00.0","sleepEndTimestampGMT":"2018-12-21T07:12:00.0","calendarDate":"2018-12-21","sleepWindowConfirmationType":"AUTO_CONFIRMED_FINAL","deepSleepSeconds":10800,"lightSleepSeconds":21240,"awakeSleepSeconds":360,"unmeasurableSeconds":0,"retro":false},{"sleepStartTimestampGMT":"2018-12-21T21:18:00.0","sleepEndTimestampGMT":"2018-12-22T07:41:00.0","calendarDate":"2018-12-22","sleepWindowConfirmationType":"AUTO_CONFIRMED_FINAL","deepSleepSeconds":10620,"lightSleepSeconds":26040,"awakeSleepSeconds":720,"unmeasurableSeconds":0,"retro":false},{"sleepStartTimestampGMT":"2018-12-22T22:58:00.0","sleepEndTimestampGMT":"2018-12-23T06:52:00.0","calendarDate":"2018-12-23","sleepWindowConfirmationType":"AUTO_CONFIRMED_FINAL","deepSleepSeconds":10500,"lightSleepSeconds":17340,"awakeSleepSeconds":600,"unmeasurableSeconds":0,"retro":false},{"sleepStartTimestampGMT":"2018-12-23T21:51:00.0","sleepEndTimestampGMT":"2018-12-24T04:45:00.0","calendarDate":"2018-12-24","sleepWindowConfirmationType":"AUTO_CONFIRMED_FINAL","deepSleepSeconds":9180,"lightSleepSeconds":15120,"awakeSleepSeconds":540,"unmeasurableSeconds":0,"retro":false},{"sleepStartTimestampGMT":"2018-12-24T22:35:00.0","sleepEndTimestampGMT":"2018-12-25T06:01:00.0","calendarDate":"2018-12-25","sleepWindowConfirmationType":"AUTO_CONFIRMED_FINAL","deepSleepSeconds":11820,"lightSleepSeconds":14400,"awakeSleepSeconds":540,"unmeasurableSeconds":0,"retro":false},{"sleepStartTimestampGMT":"2018-12-25T21:47:00.0","sleepEndTimestampGMT":"2018-12-26T06:36:00.0","calendarDate":"2018-12-26","sleepWindowConfirmationType":"AUTO_CONFIRMED_FINAL","deepSleepSeconds":5820,"lightSleepSeconds":25320,"awakeSleepSeconds":600,"unmeasurableSeconds":0,"retro":false},{"sleepStartTimestampGMT":"2018-12-27T00:08:00.0","sleepEndTimestampGMT":"2018-12-27T07:26:00.0","calendarDate":"2018-12-27","sleepWindowConfirmationType":"AUTO_CONFIRMED_FINAL","deepSleepSeconds":10020,"lightSleepSeconds":16020,"awakeSleepSeconds":240,"unmeasurableSeconds":0,"retro":false},{"sleepStartTimestampGMT":"2018-12-27T22:42:00.0","sleepEndTimestampGMT":"2018-12-28T08:13:00.0","calendarDate":"2018-12-28","sleepWindowConfirmationType":"AUTO_CONFIRMED_FINAL","deepSleepSeconds":8160,"lightSleepSeconds":25560,"awakeSleepSeconds":540,"unmeasurableSeconds":0,"retro":false},{"sleepStartTimestampGMT":"2018-12-28T19:27:00.0","sleepEndTimestampGMT":"2018-12-29T11:31:00.0","calendarDate":"2018-12-29","sleepWindowConfirmationType":"OFF_WRIST","deepSleepSeconds":0,"lightSleepSeconds":0,"awakeSleepSeconds":0,"unmeasurableSeconds":0,"retro":false},{"sleepStartTimestampGMT":"2018-12-29T19:02:00.0","sleepEndTimestampGMT":"2018-12-30T11:26:00.0","calendarDate":"2018-12-30","sleepWindowConfirmationType":"OFF_WRIST","deepSleepSeconds":0,"lightSleepSeconds":0,"awakeSleepSeconds":0,"unmeasurableSeconds":0,"retro":false},{"sleepStartTimestampGMT":"2018-12-30T21:38:00.0","sleepEndTimestampGMT":"2018-12-31T06:30:00.0","calendarDate":"2018-12-31","sleepWindowConfirmationType":"AUTO_CONFIRMED_FINAL","deepSleepSeconds":14820,"lightSleepSeconds":15780,"awakeSleepSeconds":1320,"unmeasurableSeconds":0,"retro":false},{"sleepStartTimestampGMT":"2019-01-01T00:27:00.0","sleepEndTimestampGMT":"2019-01-01T07:30:00.0","calendarDate":"2019-01-01","sleepWindowConfirmationType":"AUTO_CONFIRMED_FINAL","deepSleepSeconds":9960,"lightSleepSeconds":15300,"awakeSleepSeconds":120,"unmeasurableSeconds":0,"retro":false},{"sleepStartTimestampGMT":"2019-01-01T22:49:00.0","sleepEndTimestampGMT":"2019-01-02T07:03:00.0","calendarDate":"2019-01-02","sleepWindowConfirmationType":"AUTO_CONFIRMED_FINAL","deepSleepSeconds":10440,"lightSleepSeconds":18600,"awakeSleepSeconds":600,"unmeasurableSeconds":0,"retro":false},{"sleepStartTimestampGMT":"2019-01-02T22:10:00.0","sleepEndTimestampGMT":"2019-01-03T06:56:00.0","calendarDate":"2019-01-03","sleepWindowConfirmationType":"AUTO_CONFIRMED_FINAL","deepSleepSeconds":14100,"lightSleepSeconds":16800,"awakeSleepSeconds":660,"unmeasurableSeconds":0,"retro":false},{"sleepStartTimestampGMT":"2019-01-03T23:44:00.0","sleepEndTimestampGMT":"2019-01-04T09:39:00.0","calendarDate":"2019-01-04","sleepWindowConfirmationType":"AUTO_CONFIRMED_FINAL","deepSleepSeconds":22920,"lightSleepSeconds":12420,"awakeSleepSeconds":360,"unmeasurableSeconds":0,"retro":false},{"sleepStartTimestampGMT":"2019-01-04T23:39:00.0","sleepEndTimestampGMT":"2019-01-05T08:10:00.0","calendarDate":"2019-01-05","sleepWindowConfirmationType":"AUTO_CONFIRMED_FINAL","deepSleepSeconds":10920,"lightSleepSeconds":18900,"awakeSleepSeconds":840,"unmeasurableSeconds":0,"retro":false},{"sleepStartTimestampGMT":"2019-01-05T23:27:00.0","sleepEndTimestampGMT":"2019-01-06T07:21:00.0","calendarDate":"2019-01-06","sleepWindowConfirmationType":"AUTO_CONFIRMED_FINAL","deepSleepSeconds":9900,"lightSleepSeconds":18540,"awakeSleepSeconds":0,"unmeasurableSeconds":0,"retro":false},{"sleepStartTimestampGMT":"2019-01-06T23:36:00.0","sleepEndTimestampGMT":"2019-01-07T07:29:00.0","calendarDate":"2019-01-07","sleepWindowConfirmationType":"AUTO_CONFIRMED_FINAL","deepSleepSeconds":13920,"lightSleepSeconds":14040,"awakeSleepSeconds":420,"unmeasurableSeconds":0,"retro":false},{"sleepStartTimestampGMT":"2019-01-07T23:55:00.0","sleepEndTimestampGMT":"2019-01-08T07:28:00.0","calendarDate":"2019-01-08","sleepWindowConfirmationType":"AUTO_CONFIRMED","deepSleepSeconds":12600,"lightSleepSeconds":14100,"awakeSleepSeconds":480,"unmeasurableSeconds":0,"retro":false},{"sleepStartTimestampGMT":"2019-01-08T18:31:00.0","sleepEndTimestampGMT":"2019-01-09T07:50:00.0","calendarDate":"2019-01-09","sleepWindowConfirmationType":"OFF_WRIST","deepSleepSeconds":0,"lightSleepSeconds":0,"awakeSleepSeconds":0,"unmeasurableSeconds":0,"retro":false},{"sleepStartTimestampGMT":"2019-01-09T18:31:00.0","sleepEndTimestampGMT":"2019-01-10T06:33:00.0","calendarDate":"2019-01-10","sleepWindowConfirmationType":"OFF_WRIST","deepSleepSeconds":0,"lightSleepSeconds":0,"awakeSleepSeconds":0,"unmeasurableSeconds":0,"retro":false},{"sleepStartTimestampGMT":"2019-01-11T00:22:00.0","sleepEndTimestampGMT":"2019-01-11T07:26:00.0","calendarDate":"2019-01-11","sleepWindowConfirmationType":"AUTO_CONFIRMED_FINAL","deepSleepSeconds":10020,"lightSleepSeconds":15180,"awakeSleepSeconds":240,"unmeasurableSeconds":0,"retro":false},{"sleepStartTimestampGMT":"2019-01-11T23:04:00.0","sleepEndTimestampGMT":"2019-01-12T07:11:00.0","calendarDate":"2019-01-12","sleepWindowConfirmationType":"AUTO_CONFIRMED_FINAL","deepSleepSeconds":9240,"lightSleepSeconds":19320,"awakeSleepSeconds":660,"unmeasurableSeconds":0,"retro":false},{"sleepStartTimestampGMT":"2019-01-12T18:31:00.0","sleepEndTimestampGMT":"2019-01-13T05:37:00.0","calendarDate":"2019-01-13","sleepWindowConfirmationType":"OFF_WRIST","deepSleepSeconds":0,"lightSleepSeconds":0,"awakeSleepSeconds":0,"unmeasurableSeconds":0,"retro":false},{"sleepStartTimestampGMT":"2019-01-13T22:50:00.0","sleepEndTimestampGMT":"2019-01-14T06:48:00.0","calendarDate":"2019-01-14","sleepWindowConfirmationType":"OFF_WRIST","deepSleepSeconds":0,"lightSleepSeconds":0,"awakeSleepSeconds":0,"unmeasurableSeconds":0,"retro":false},{"sleepStartTimestampGMT":"2019-01-14T23:37:00.0","sleepEndTimestampGMT":"2019-01-15T08:19:00.0","calendarDate":"2019-01-15","sleepWindowConfirmationType":"OFF_WRIST","deepSleepSeconds":0,"lightSleepSeconds":0,"awakeSleepSeconds":0,"unmeasurableSeconds":0,"retro":false},{"sleepStartTimestampGMT":"2019-01-16T00:55:00.0","sleepEndTimestampGMT":"2019-01-16T10:23:00.0","calendarDate":"2019-01-16","sleepWindowConfirmationType":"OFF_WRIST","deepSleepSeconds":0,"lightSleepSeconds":0,"awakeSleepSeconds":0,"unmeasurableSeconds":0,"retro":false},{"sleepStartTimestampGMT":"2019-01-16T23:12:00.0","sleepEndTimestampGMT":"2019-01-17T13:41:00.0","calendarDate":"2019-01-17","sleepWindowConfirmationType":"OFF_WRIST","deepSleepSeconds":0,"lightSleepSeconds":0,"awakeSleepSeconds":0,"unmeasurableSeconds":0,"retro":false},{"sleepStartTimestampGMT":"2019-01-17T21:02:00.0","sleepEndTimestampGMT":"2019-01-18T13:26:00.0","calendarDate":"2019-01-18","sleepWindowConfirmationType":"OFF_WRIST","deepSleepSeconds":0,"lightSleepSeconds":0,"awakeSleepSeconds":0,"unmeasurableSeconds":0,"retro":false},{"sleepStartTimestampGMT":"2019-01-18T21:02:00.0","sleepEndTimestampGMT":"2019-01-19T13:26:00.0","calendarDate":"2019-01-19","sleepWindowConfirmationType":"OFF_WRIST","deepSleepSeconds":0,"lightSleepSeconds":0,"awakeSleepSeconds":0,"unmeasurableSeconds":0,"retro":false},{"sleepStartTimestampGMT":"2019-01-19T23:49:00.0","sleepEndTimestampGMT":"2019-01-20T12:32:00.0","calendarDate":"2019-01-20","sleepWindowConfirmationType":"OFF_WRIST","deepSleepSeconds":0,"lightSleepSeconds":0,"awakeSleepSeconds":0,"unmeasurableSeconds":0,"retro":false},{"sleepStartTimestampGMT":"2019-01-20T21:02:00.0","sleepEndTimestampGMT":"2019-01-21T13:26:00.0","calendarDate":"2019-01-21","sleepWindowConfirmationType":"OFF_WRIST","deepSleepSeconds":0,"lightSleepSeconds":0,"awakeSleepSeconds":0,"unmeasurableSeconds":0,"retro":false},{"sleepStartTimestampGMT":"2019-01-21T20:31:00.0","sleepEndTimestampGMT":"2019-01-22T07:23:00.0","calendarDate":"2019-01-22","sleepWindowConfirmationType":"OFF_WRIST","deepSleepSeconds":0,"lightSleepSeconds":0,"awakeSleepSeconds":0,"unmeasurableSeconds":0,"retro":false},{"sleepStartTimestampGMT":"2019-01-22T20:32:00.0","sleepEndTimestampGMT":"2019-01-23T06:32:00.0","calendarDate":"2019-01-23","sleepWindowConfirmationType":"OFF_WRIST","deepSleepSeconds":0,"lightSleepSeconds":0,"awakeSleepSeconds":0,"unmeasurableSeconds":0,"retro":false},{"sleepStartTimestampGMT":"2019-01-23T20:31:00.0","sleepEndTimestampGMT":"2019-01-24T06:33:00.0","calendarDate":"2019-01-24","sleepWindowConfirmationType":"OFF_WRIST","deepSleepSeconds":0,"lightSleepSeconds":0,"awakeSleepSeconds":0,"unmeasurableSeconds":0,"retro":false},{"sleepStartTimestampGMT":"2019-01-24T21:32:00.0","sleepEndTimestampGMT":"2019-01-25T06:56:00.0","calendarDate":"2019-01-25","sleepWindowConfirmationType":"OFF_WRIST","deepSleepSeconds":0,"lightSleepSeconds":0,"awakeSleepSeconds":0,"unmeasurableSeconds":0,"retro":false},{"sleepStartTimestampGMT":"2019-01-25T21:27:00.0","sleepEndTimestampGMT":"2019-01-26T13:31:00.0","calendarDate":"2019-01-26","sleepWindowConfirmationType":"OFF_WRIST","deepSleepSeconds":0,"lightSleepSeconds":0,"awakeSleepSeconds":0,"unmeasurableSeconds":0,"retro":false},{"sleepStartTimestampGMT":"2019-01-26T23:57:00.0","sleepEndTimestampGMT":"2019-01-27T13:51:00.0","calendarDate":"2019-01-27","sleepWindowConfirmationType":"OFF_WRIST","deepSleepSeconds":0,"lightSleepSeconds":0,"awakeSleepSeconds":0,"unmeasurableSeconds":0,"retro":false},{"sleepStartTimestampGMT":"2019-01-27T23:04:00.0","sleepEndTimestampGMT":"2019-01-28T08:15:00.0","calendarDate":"2019-01-28","sleepWindowConfirmationType":"AUTO_CONFIRMED_FINAL","deepSleepSeconds":12840,"lightSleepSeconds":19740,"awakeSleepSeconds":480,"unmeasurableSeconds":0,"retro":false},{"sleepStartTimestampGMT":"2019-01-28T22:18:00.0","sleepEndTimestampGMT":"2019-01-29T07:21:00.0","calendarDate":"2019-01-29","sleepWindowConfirmationType":"AUTO_CONFIRMED_FINAL","deepSleepSeconds":12060,"lightSleepSeconds":20160,"awakeSleepSeconds":360,"unmeasurableSeconds":0,"retro":false},{"sleepStartTimestampGMT":"2019-01-29T22:37:00.0","sleepEndTimestampGMT":"2019-01-30T09:07:00.0","calendarDate":"2019-01-30","sleepWindowConfirmationType":"OFF_WRIST","deepSleepSeconds":0,"lightSleepSeconds":0,"awakeSleepSeconds":0,"unmeasurableSeconds":0,"retro":false},{"sleepStartTimestampGMT":"2019-01-30T21:15:00.0","sleepEndTimestampGMT":"2019-01-31T08:22:00.0","calendarDate":"2019-01-31","sleepWindowConfirmationType":"OFF_WRIST","deepSleepSeconds":0,"lightSleepSeconds":0,"awakeSleepSeconds":0,"unmeasurableSeconds":0,"retro":false},{"sleepStartTimestampGMT":"2019-01-31T23:24:00.0","sleepEndTimestampGMT":"2019-02-01T08:35:00.0","calendarDate":"2019-02-01","sleepWindowConfirmationType":"AUTO_CONFIRMED_FINAL","deepSleepSeconds":12420,"lightSleepSeconds":20220,"awakeSleepSeconds":420,"unmeasurableSeconds":0,"retro":false},{"sleepStartTimestampGMT":"2019-02-01T23:22:00.0","sleepEndTimestampGMT":"2019-02-02T07:37:00.0","calendarDate":"2019-02-02","sleepWindowConfirmationType":"AUTO_CONFIRMED_FINAL","deepSleepSeconds":12480,"lightSleepSeconds":16620,"awakeSleepSeconds":600,"unmeasurableSeconds":0,"retro":false},{"sleepStartTimestampGMT":"2019-02-02T23:25:00.0","sleepEndTimestampGMT":"2019-02-03T08:34:00.0","calendarDate":"2019-02-03","sleepWindowConfirmationType":"AUTO_CONFIRMED_FINAL","deepSleepSeconds":15780,"lightSleepSeconds":16980,"awakeSleepSeconds":180,"unmeasurableSeconds":0,"retro":false},{"sleepStartTimestampGMT":"2019-02-03T20:32:00.0","sleepEndTimestampGMT":"2019-02-04T09:16:00.0","calendarDate":"2019-02-04","sleepWindowConfirmationType":"OFF_WRIST","deepSleepSeconds":0,"lightSleepSeconds":0,"awakeSleepSeconds":0,"unmeasurableSeconds":0,"retro":false},{"sleepStartTimestampGMT":"2019-02-04T21:07:00.0","sleepEndTimestampGMT":"2019-02-05T06:43:00.0","calendarDate":"2019-02-05","sleepWindowConfirmationType":"OFF_WRIST","deepSleepSeconds":0,"lightSleepSeconds":0,"awakeSleepSeconds":0,"unmeasurableSeconds":0,"retro":false},{"sleepStartTimestampGMT":"2019-02-05T20:07:00.0","sleepEndTimestampGMT":"2019-02-06T05:43:00.0","calendarDate":"2019-02-06","sleepWindowConfirmationType":"OFF_WRIST","deepSleepSeconds":0,"lightSleepSeconds":0,"awakeSleepSeconds":0,"unmeasurableSeconds":0,"retro":false},{"sleepStartTimestampGMT":"2019-02-06T18:31:00.0","sleepEndTimestampGMT":"2019-02-07T04:48:00.0","calendarDate":"2019-02-07","sleepWindowConfirmationType":"OFF_WRIST","deepSleepSeconds":0,"lightSleepSeconds":0,"awakeSleepSeconds":0,"unmeasurableSeconds":0,"retro":false},{"sleepStartTimestampGMT":"2019-02-07T21:58:00.0","sleepEndTimestampGMT":"2019-02-08T07:02:00.0","calendarDate":"2019-02-08","sleepWindowConfirmationType":"OFF_WRIST","deepSleepSeconds":0,"lightSleepSeconds":0,"awakeSleepSeconds":0,"unmeasurableSeconds":0,"retro":false}]