[{"sleepStartTimestampGMT":"2018-07-23T19:01:00.0","sleepEndTimestampGMT":"2018-07-24T03:01:00.0","calendarDate":"2018-07-24","sleepWindowConfirmationType":"UNCONFIRMED","retro":false},{"sleepStartTimestampGMT":"2018-07-24T19:01:00.0","sleepEndTimestampGMT":"2018-07-25T03:01:00.0","calendarDate":"2018-07-25","sleepWindowConfirmationType":"UNCONFIRMED","retro":false},{"sleepStartTimestampGMT":"2018-07-25T19:01:00.0","sleepEndTimestampGMT":"2018-07-26T03:01:00.0","calendarDate":"2018-07-26","sleepWindowConfirmationType":"UNCONFIRMED","retro":false},{"sleepStartTimestampGMT":"2018-07-26T19:01:00.0","sleepEndTimestampGMT":"2018-07-27T03:01:00.0","calendarDate":"2018-07-27","sleepWindowConfirmationType":"UNCONFIRMED","retro":false},{"sleepStartTimestampGMT":"2018-07-27T19:01:00.0","sleepEndTimestampGMT":"2018-07-28T03:01:00.0","calendarDate":"2018-07-28","sleepWindowConfirmationType":"UNCONFIRMED","retro":false},{"sleepStartTimestampGMT":"2018-07-28T17:34:00.0","sleepEndTimestampGMT":"2018-07-29T04:28:00.0","calendarDate":"2018-07-29","sleepWindowConfirmationType":"OFF_WRIST","deepSleepSeconds":0,"lightSleepSeconds":0,"awakeSleepSeconds":0,"unmeasurableSeconds":0,"retro":false},{"sleepStartTimestampGMT":"2018-07-29T17:23:00.0","sleepEndTimestampGMT":"2018-07-30T05:12:00.0","calendarDate":"2018-07-30","sleepWindowConfirmationType":"OFF_WRIST","deepSleepSeconds":0,"lightSleepSeconds":0,"awakeSleepSeconds":0,"unmeasurableSeconds":0,"retro":false},{"sleepStartTimestampGMT":"2018-07-30T19:07:00.0","sleepEndTimestampGMT":"2018-07-31T07:00:00.0","calendarDate":"2018-07-31","sleepWindowConfirmationType":"OFF_WRIST","deepSleepSeconds":0,"lightSleepSeconds":0,"awakeSleepSeconds":0,"unmeasurableSeconds":0,"retro":false},{"sleepStartTimestampGMT":"2018-07-31T19:01:00.0","sleepEndTimestampGMT":"2018-08-01T03:01:00.0","calendarDate":"2018-08-01","sleepWindowConfirmationType":"UNCONFIRMED","retro":false},{"sleepStartTimestampGMT":"2018-08-01T19:01:00.0","sleepEndTimestampGMT":"2018-08-02T03:01:00.0","calendarDate":"2018-08-02","sleepWindowConfirmationType":"UNCONFIRMED","retro":false},{"sleepStartTimestampGMT":"2018-08-02T19:01:00.0","sleepEndTimestampGMT":"2018-08-03T03:01:00.0","calendarDate":"2018-08-03","sleepWindowConfirmationType":"UNCONFIRMED","retro":false},{"sleepStartTimestampGMT":"2018-08-03T20:33:00.0","sleepEndTimestampGMT":"2018-08-04T06:42:00.0","calendarDate":"2018-08-04","sleepWindowConfirmationType":"OFF_WRIST","deepSleepSeconds":0,"lightSleepSeconds":0,"awakeSleepSeconds":0,"unmeasurableSeconds":0,"retro":false},{"sleepStartTimestampGMT":"2018-08-04T21:53:00.0","sleepEndTimestampGMT":"2018-08-05T06:37:00.0","calendarDate":"2018-08-05","sleepWindowConfirmationType":"OFF_WRIST","deepSleepSeconds":0,"lightSleepSeconds":0,"awakeSleepSeconds":0,"unmeasurableSeconds":0,"retro":false},{"sleepStartTimestampGMT":"2018-08-05T20:23:00.0","sleepEndTimestampGMT":"2018-08-06T06:37:00.0","calendarDate":"2018-08-06","sleepWindowConfirmationType":"OFF_WRIST","deepSleepSeconds":0,"lightSleepSeconds":0,"awakeSleepSeconds":0,"unmeasurableSeconds":0,"retro":false},{"sleepStartTimestampGMT":"2018-08-06T19:01:00.0","sleepEndTimestampGMT":"2018-08-07T03:01:00.0","calendarDate":"2018-08-07","sleepWindowConfirmationType":"UNCONFIRMED","retro":false},{"sleepStartTimestampGMT":"2018-08-07T19:01:00.0","sleepEndTimestampGMT":"2018-08-08T03:01:00.0","calendarDate":"2018-08-08","sleepWindowConfirmationType":"UNCONFIRMED","retro":false},{"sleepStartTimestampGMT":"2018-08-08T19:01:00.0","sleepEndTimestampGMT":"2018-08-09T03:01:00.0","calendarDate":"2018-08-09","sleepWindowConfirmationType":"UNCONFIRMED","retro":false},{"sleepStartTimestampGMT":"2018-08-09T19:01:00.0","sleepEndTimestampGMT":"2018-08-10T03:01:00.0","calendarDate":"2018-08-10","sleepWindowConfirmationType":"UNCONFIRMED","retro":false},{"sleepStartTimestampGMT":"2018-08-10T17:08:00.0","sleepEndTimestampGMT":"2018-08-10T20:00:00.0","calendarDate":"2018-08-11","sleepWindowConfirmationType":"OFF_WRIST","deepSleepSeconds":0,"lightSleepSeconds":0,"awakeSleepSeconds":0,"unmeasurableSeconds":0,"retro":false},{"sleepStartTimestampGMT":"2018-08-11T22:13:00.0","sleepEndTimestampGMT":"2018-08-12T06:32:00.0","calendarDate":"2018-08-12","sleepWindowConfirmationType":"OFF_WRIST","deepSleepSeconds":0,"lightSleepSeconds":0,"awakeSleepSeconds":0,"unmeasurableSeconds":0,"retro":false},{"sleepStartTimestampGMT":"2018-08-12T15:03:00.0","sleepEndTimestampGMT":"2018-08-12T21:02:00.0","calendarDate":"2018-08-13","sleepWindowConfirmationType":"OFF_WRIST","deepSleepSeconds":0,"lightSleepSeconds":0,"awakeSleepSeconds":0,"unmeasurableSeconds":0,"retro":false},{"sleepStartTimestampGMT":"2018-08-13T19:00:00.0","sleepEndTimestampGMT":"2018-08-14T03:00:00.0","calendarDate":"2018-08-14","sleepWindowConfirmationType":"UNCONFIRMED","retro":false},{"sleepStartTimestampGMT":"2018-08-14T17:04:00.0","sleepEndTimestampGMT":"2018-08-15T03:53:00.0","calendarDate":"2018-08-15","sleepWindowConfirmationType":"OFF_WRIST","deepSleepSeconds":0,"lightSleepSeconds":0,"awakeSleepSeconds":0,"unmeasurableSeconds":0,"retro":false},{"sleepStartTimestampGMT":"2018-08-15T19:30:00.0","sleepEndTimestampGMT":"2018-08-16T06:59:00.0","calendarDate":"2018-08-16","sleepWindowConfirmationType":"OFF_WRIST","deepSleepSeconds":0,"lightSleepSeconds":0,"awakeSleepSeconds":0,"unmeasurableSeconds":0,"retro":false},{"sleepStartTimestampGMT":"2018-08-16T19:00:00.0","sleepEndTimestampGMT":"2018-08-17T03:00:00.0","calendarDate":"2018-08-17","sleepWindowConfirmationType":"UNCONFIRMED","retro":false},{"sleepStartTimestampGMT":"2018-08-17T19:00:00.0","sleepEndTimestampGMT":"2018-08-18T03:00:00.0","calendarDate":"2018-08-18","sleepWindowConfirmationType":"UNCONFIRMED","retro":false},{"sleepStartTimestampGMT":"2018-08-18T19:00:00.0","sleepEndTimestampGMT":"2018-08-19T03:00:00.0","calendarDate":"2018-08-19","sleepWindowConfirmationType":"UNCONFIRMED","retro":false},{"sleepStartTimestampGMT":"2018-08-19T19:00:00.0","sleepEndTimestampGMT":"2018-08-20T03:00:00.0","calendarDate":"2018-08-20","sleepWindowConfirmationType":"UNCONFIRMED","retro":false},{"sleepStartTimestampGMT":"2018-08-20T17:12:00.0","sleepEndTimestampGMT":"2018-08-21T04:21:00.0","calendarDate":"2018-08-21","sleepWindowConfirmationType":"OFF_WRIST","deepSleepSeconds":0,"lightSleepSeconds":0,"awakeSleepSeconds":0,"unmeasurableSeconds":0,"retro":false},{"sleepStartTimestampGMT":"2018-08-21T17:30:00.0","sleepEndTimestampGMT":"2018-08-22T04:51:00.0","calendarDate":"2018-08-22","sleepWindowConfirmationType":"OFF_WRIST","deepSleepSeconds":0,"lightSleepSeconds":0,"awakeSleepSeconds":0,"unmeasurableSeconds":0,"retro":false},{"sleepStartTimestampGMT":"2018-08-22T16:47:00.0","sleepEndTimestampGMT":"2018-08-23T03:56:00.0","calendarDate":"2018-08-23","sleepWindowConfirmationType":"OFF_WRIST","deepSleepSeconds":0,"lightSleepSeconds":0,"awakeSleepSeconds":0,"unmeasurableSeconds":0,"retro":false},{"sleepStartTimestampGMT":"2018-08-23T19:15:00.0","sleepEndTimestampGMT":"2018-08-24T06:59:00.0","calendarDate":"2018-08-24","sleepWindowConfirmationType":"OFF_WRIST","deepSleepSeconds":0,"lightSleepSeconds":0,"awakeSleepSeconds":0,"unmeasurableSeconds":0,"retro":false},{"sleepStartTimestampGMT":"2018-08-24T19:00:00.0","sleepEndTimestampGMT":"2018-08-25T03:00:00.0","calendarDate":"2018-08-25","sleepWindowConfirmationType":"UNCONFIRMED","retro":false},{"sleepStartTimestampGMT":"2018-08-25T15:17:00.0","sleepEndTimestampGMT":"2018-08-25T20:41:00.0","calendarDate":"2018-08-26","sleepWindowConfirmationType":"OFF_WRIST","deepSleepSeconds":0,"lightSleepSeconds":0,"awakeSleepSeconds":0,"unmeasurableSeconds":0,"retro":false},{"sleepStartTimestampGMT":"2018-08-26T19:00:00.0","sleepEndTimestampGMT":"2018-08-27T03:00:00.0","calendarDate":"2018-08-27","sleepWindowConfirmationType":"UNCONFIRMED","retro":false},{"sleepStartTimestampGMT":"2018-08-27T22:05:00.0","sleepEndTimestampGMT":"2018-08-28T05:06:00.0","calendarDate":"2018-08-28","sleepWindowConfirmationType":"AUTO_CONFIRMED_FINAL","deepSleepSeconds":5220,"lightSleepSeconds":19740,"awakeSleepSeconds":300,"unmeasurableSeconds":0,"retro":false},{"sleepStartTimestampGMT":"2018-08-28T21:28:00.0","sleepEndTimestampGMT":"2018-08-29T03:55:00.0","calendarDate":"2018-08-29","sleepWindowConfirmationType":"AUTO_CONFIRMED_FINAL","deepSleepSeconds":8100,"lightSleepSeconds":15120,"awakeSleepSeconds":0,"unmeasurableSeconds":0,"retro":false},{"sleepStartTimestampGMT":"2018-08-29T19:43:00.0","sleepEndTimestampGMT":"2018-08-30T05:29:00.0","calendarDate":"2018-08-30","sleepWindowConfirmationType":"AUTO_CONFIRMED","deepSleepSeconds":9960,"lightSleepSeconds":24540,"awakeSleepSeconds":660,"unmeasurableSeconds":0,"retro":false},{"sleepStartTimestampGMT":"2018-08-30T21:40:00.0","sleepEndTimestampGMT":"2018-08-31T06:26:00.0","calendarDate":"2018-08-31","sleepWindowConfirmationType":"AUTO_CONFIRMED_FINAL","deepSleepSeconds":15420,"lightSleepSeconds":16140,"awakeSleepSeconds":0,"unmeasurableSeconds":0,"retro":false},{"sleepStartTimestampGMT":"2018-08-31T22:16:00.0","sleepEndTimestampGMT":"2018-09-01T06:31:00.0","calendarDate":"2018-09-01","sleepWindowConfirmationType":"AUTO_CONFIRMED_FINAL","deepSleepSeconds":7200,"lightSleepSeconds":21840,"awakeSleepSeconds":660,"unmeasurableSeconds":0,"retro":false},{"sleepStartTimestampGMT":"2018-09-01T21:58:00.0","sleepEndTimestampGMT":"2018-09-02T06:11:00.0","calendarDate":"2018-09-02","sleepWindowConfirmationType":"AUTO_CONFIRMED_FINAL","deepSleepSeconds":5940,"lightSleepSeconds":23520,"awakeSleepSeconds":120,"unmeasurableSeconds":0,"retro":false},{"sleepStartTimestampGMT":"2018-09-02T20:03:00.0","sleepEndTimestampGMT":"2018-09-03T05:35:00.0","calendarDate":"2018-09-03","sleepWindowConfirmationType":"OFF_WRIST","deepSleepSeconds":0,"lightSleepSeconds":0,"awakeSleepSeconds":0,"unmeasurableSeconds":0,"retro":false},{"sleepStartTimestampGMT":"2018-09-03T19:00:00.0","sleepEndTimestampGMT":"2018-09-04T03:00:00.0","calendarDate":"2018-09-04","sleepWindowConfirmationType":"UNCONFIRMED","retro":false},{"sleepStartTimestampGMT":"2018-09-04T19:00:00.0","sleepEndTimestampGMT":"2018-09-05T03:00:00.0","calendarDate":"2018-09-05","sleepWindowConfirmationType":"UNCONFIRMED","retro":false},{"sleepStartTimestampGMT":"2018-09-05T19:00:00.0","sleepEndTimestampGMT":"2018-09-06T03:00:00.0","calendarDate":"2018-09-06","sleepWindowConfirmationType":"UNCONFIRMED","retro":false},{"sleepStartTimestampGMT":"2018-09-06T19:00:00.0","sleepEndTimestampGMT":"2018-09-07T03:00:00.0","calendarDate":"2018-09-07","sleepWindowConfirmationType":"UNCONFIRMED","retro":false},{"sleepStartTimestampGMT":"2018-09-07T21:00:00.0","sleepEndTimestampGMT":"2018-09-08T08:59:00.0","calendarDate":"2018-09-08","sleepWindowConfirmationType":"OFF_WRIST","deepSleepSeconds":0,"lightSleepSeconds":0,"awakeSleepSeconds":0,"unmeasurableSeconds":0,"retro":false},{"sleepStartTimestampGMT":"2018-09-09T02:04:00.0","sleepEndTimestampGMT":"2018-09-09T08:18:00.0","calendarDate":"2018-09-09","sleepWindowConfirmationType":"AUTO_CONFIRMED_FINAL","deepSleepSeconds":7260,"lightSleepSeconds":14880,"awakeSleepSeconds":300,"unmeasurableSeconds":0,"retro":false},{"sleepStartTimestampGMT":"2018-09-09T20:50:00.0","sleepEndTimestampGMT":"2018-09-10T08:11:00.0","calendarDate":"2018-09-10","sleepWindowConfirmationType":"OFF_WRIST","deepSleepSeconds":0,"lightSleepSeconds":0,"awakeSleepSeconds":0,"unmeasurableSeconds":0,"retro":false},{"sleepStartTimestampGMT":"2018-09-11T00:20:00.0","sleepEndTimestampGMT":"2018-09-11T08:59:00.0","calendarDate":"2018-09-11","sleepWindowConfirmationType":"OFF_WRIST","deepSleepSeconds":0,"lightSleepSeconds":0,"awakeSleepSeconds":0,"unmeasurableSeconds":0,"retro":false},{"sleepStartTimestampGMT":"2018-09-11T21:00:00.0","sleepEndTimestampGMT":"2018-09-12T05:00:00.0","calendarDate":"2018-09-12","sleepWindowConfirmationType":"UNCONFIRMED","retro":false},{"sleepStartTimestampGMT":"2018-09-12T23:38:00.0","sleepEndTimestampGMT":"2018-09-13T07:17:00.0","calendarDate":"2018-09-13","sleepWindowConfirmationType":"AUTO_CONFIRMED_FINAL","deepSleepSeconds":7440,"lightSleepSeconds":19620,"awakeSleepSeconds":480,"unmeasurableSeconds":0,"retro":false},{"sleepStartTimestampGMT":"2018-09-13T23:37:00.0","sleepEndTimestampGMT":"2018-09-14T05:41:00.0","calendarDate":"2018-09-14","sleepWindowConfirmationType":"AUTO_CONFIRMED","deepSleepSeconds":8280,"lightSleepSeconds":12000,"awakeSleepSeconds":1560,"unmeasurableSeconds":0,"retro":false},{"sleepStartTimestampGMT":"2018-09-14T18:55:00.0","sleepEndTimestampGMT":"2018-09-15T01:31:00.0","calendarDate":"2018-09-15","sleepWindowConfirmationType":"AUTO_CONFIRMED_FINAL","deepSleepSeconds":8040,"lightSleepSeconds":14460,"awakeSleepSeconds":1260,"unmeasurableSeconds":0,"retro":false},{"sleepStartTimestampGMT":"2018-09-15T18:14:00.0","sleepEndTimestampGMT":"2018-09-16T02:01:00.0","calendarDate":"2018-09-16","sleepWindowConfirmationType":"AUTO_CONFIRMED_FINAL","deepSleepSeconds":8400,"lightSleepSeconds":18780,"awakeSleepSeconds":840,"unmeasurableSeconds":0,"retro":false},{"sleepStartTimestampGMT":"2018-09-16T18:48:00.0","sleepEndTimestampGMT":"2018-09-16T20:53:00.0","calendarDate":"2018-09-17","sleepWindowConfirmationType":"AUTO_CONFIRMED","deepSleepSeconds":1140,"lightSleepSeconds":5340,"awakeSleepSeconds":1020,"unmeasurableSeconds":0,"retro":false},{"sleepStartTimestampGMT":"2018-09-17T17:16:00.0","sleepEndTimestampGMT":"2018-09-18T02:59:00.0","calendarDate":"2018-09-18","sleepWindowConfirmationType":"OFF_WRIST","deepSleepSeconds":0,"lightSleepSeconds":0,"awakeSleepSeconds":0,"unmeasurableSeconds":0,"retro":false},{"sleepStartTimestampGMT":"2018-09-18T17:53:00.0","sleepEndTimestampGMT":"2018-09-19T01:35:00.0","calendarDate":"2018-09-19","sleepWindowConfirmationType":"AUTO_CONFIRMED_FINAL","deepSleepSeconds":8280,"lightSleepSeconds":16140,"awakeSleepSeconds":3300,"unmeasurableSeconds":0,"retro":false},{"sleepStartTimestampGMT":"2018-09-19T18:37:00.0","sleepEndTimestampGMT":"2018-09-20T02:59:00.0","calendarDate":"2018-09-20","sleepWindowConfirmationType":"AUTO_CONFIRMED_FINAL","deepSleepSeconds":15960,"lightSleepSeconds":14100,"awakeSleepSeconds":60,"unmeasurableSeconds":0,"retro":false},{"sleepStartTimestampGMT":"2018-09-20T15:00:00.0","sleepEndTimestampGMT":"2018-09-20T23:00:00.0","calendarDate":"2018-09-21","sleepWindowConfirmationType":"UNCONFIRMED","retro":false},{"sleepStartTimestampGMT":"2018-09-21T22:24:00.0","sleepEndTimestampGMT":"2018-09-22T02:59:00.0","calendarDate":"2018-09-22","sleepWindowConfirmationType":"OFF_WRIST","deepSleepSeconds":0,"lightSleepSeconds":0,"awakeSleepSeconds":0,"unmeasurableSeconds":0,"retro":false},{"sleepStartTimestampGMT":"2018-09-22T15:00:00.0","sleepEndTimestampGMT":"2018-09-22T23:00:00.0","calendarDate":"2018-09-23","sleepWindowConfirmationType":"UNCONFIRMED","retro":false},{"sleepStartTimestampGMT":"2018-09-23T15:00:00.0","sleepEndTimestampGMT":"2018-09-23T23:00:00.0","calendarDate":"2018-09-24","sleepWindowConfirmationType":"UNCONFIRMED","retro":false},{"sleepStartTimestampGMT":"2018-09-24T20:57:00.0","sleepEndTimestampGMT":"2018-09-25T01:25:00.0","calendarDate":"2018-09-25","sleepWindowConfirmationType":"AUTO_CONFIRMED_FINAL","deepSleepSeconds":3900,"lightSleepSeconds":8580,"awakeSleepSeconds":3600,"unmeasurableSeconds":0,"retro":false},{"sleepStartTimestampGMT":"2018-09-25T15:22:00.0","sleepEndTimestampGMT":"2018-09-26T02:41:00.0","calendarDate":"2018-09-26","sleepWindowConfirmationType":"OFF_WRIST","deepSleepSeconds":0,"lightSleepSeconds":0,"awakeSleepSeconds":0,"unmeasurableSeconds":0,"retro":false},{"sleepStartTimestampGMT":"2018-09-26T14:47:00.0","sleepEndTimestampGMT":"2018-09-27T02:36:00.0","calendarDate":"2018-09-27","sleepWindowConfirmationType":"OFF_WRIST","deepSleepSeconds":0,"lightSleepSeconds":0,"awakeSleepSeconds":0,"unmeasurableSeconds":0,"retro":false},{"sleepStartTimestampGMT":"2018-09-27T15:00:00.0","sleepEndTimestampGMT":"2018-09-27T23:00:00.0","calendarDate":"2018-09-28","sleepWindowConfirmationType":"UNCONFIRMED","retro":false},{"sleepStartTimestampGMT":"2018-09-28T15:00:00.0","sleepEndTimestampGMT":"2018-09-28T23:00:00.0","calendarDate":"2018-09-29","sleepWindowConfirmationType":"UNCONFIRMED","retro":false},{"sleepStartTimestampGMT":"2018-09-29T15:22:00.0","sleepEndTimestampGMT":"2018-09-30T02:16:00.0","calendarDate":"2018-09-30","sleepWindowConfirmationType":"OFF_WRIST","deepSleepSeconds":0,"lightSleepSeconds":0,"awakeSleepSeconds":0,"unmeasurableSeconds":0,"retro":false},{"sleepStartTimestampGMT":"2018-09-30T21:32:00.0","sleepEndTimestampGMT":"2018-10-01T08:46:00.0","calendarDate":"2018-10-01","sleepWindowConfirmationType":"OFF_WRIST","deepSleepSeconds":0,"lightSleepSeconds":0,"awakeSleepSeconds":0,"unmeasurableSeconds":0,"retro":false},{"sleepStartTimestampGMT":"2018-10-01T19:53:00.0","sleepEndTimestampGMT":"2018-10-02T07:46:00.0","calendarDate":"2018-10-02","sleepWindowConfirmationType":"OFF_WRIST","deepSleepSeconds":0,"lightSleepSeconds":0,"awakeSleepSeconds":0,"unmeasurableSeconds":0,"retro":false},{"sleepStartTimestampGMT":"2018-10-03T01:38:00.0","sleepEndTimestampGMT":"2018-10-03T06:30:00.0","calendarDate":"2018-10-03","sleepWindowConfirmationType":"OFF_WRIST","deepSleepSeconds":0,"lightSleepSeconds":0,"awakeSleepSeconds":0,"unmeasurableSeconds":0,"retro":false},{"sleepStartTimestampGMT":"2018-10-03T20:37:00.0","sleepEndTimestampGMT":"2018-10-04T04:01:00.0","calendarDate":"2018-10-04","sleepWindowConfirmationType":"AUTO_CONFIRMED_FINAL","deepSleepSeconds":8520,"lightSleepSeconds":17640,"awakeSleepSeconds":480,"unmeasurableSeconds":0,"retro":false},{"sleepStartTimestampGMT":"2018-10-04T19:00:00.0","sleepEndTimestampGMT":"2018-10-05T03:00:00.0","calendarDate":"2018-10-05","sleepWindowConfirmationType":"UNCONFIRMED","retro":false},{"sleepStartTimestampGMT":"2018-10-05T23:50:00.0","sleepEndTimestampGMT":"2018-10-06T06:59:00.0","calendarDate":"2018-10-06","sleepWindowConfirmationType":"AUTO_CONFIRMED_FINAL","deepSleepSeconds":9600,"lightSleepSeconds":15960,"awakeSleepSeconds":180,"unmeasurableSeconds":0,"retro":false},{"sleepStartTimestampGMT":"2018-10-06T20:24:00.0","sleepEndTimestampGMT":"2018-10-07T04:29:00.0","calendarDate":"2018-10-07","sleepWindowConfirmationType":"OFF_WRIST","deepSleepSeconds":0,"lightSleepSeconds":0,"awakeSleepSeconds":0,"unmeasurableSeconds":0,"retro":false},{"sleepStartTimestampGMT":"2018-10-07T17:52:00.0","sleepEndTimestampGMT":"2018-10-08T05:36:00.0","calendarDate":"2018-10-08","sleepWindowConfirmationType":"OFF_WRIST","deepSleepSeconds":0,"lightSleepSeconds":0,"awakeSleepSeconds":0,"unmeasurableSeconds":0,"retro":false},{"sleepStartTimestampGMT":"2018-10-08T19:42:00.0","sleepEndTimestampGMT":"2018-10-09T06:31:00.0","calendarDate":"2018-10-09","sleepWindowConfirmationType":"OFF_WRIST","deepSleepSeconds":0,"lightSleepSeconds":0,"awakeSleepSeconds":0,"unmeasurableSeconds":0,"retro":false},{"sleepStartTimestampGMT":"2018-10-09T20:25:00.0","sleepEndTimestampGMT":"2018-10-10T05:28:00.0","calendarDate":"2018-10-10","sleepWindowConfirmationType":"OFF_WRIST","deepSleepSeconds":0,"lightSleepSeconds":0,"awakeSleepSeconds":0,"unmeasurableSeconds":0,"retro":false},{"sleepStartTimestampGMT":"2018-10-10T19:00:00.0","sleepEndTimestampGMT":"2018-10-11T03:00:00.0","calendarDate":"2018-10-11","sleepWindowConfirmationType":"UNCONFIRMED","retro":false},{"sleepStartTimestampGMT":"2018-10-11T22:57:00.0","sleepEndTimestampGMT":"2018-10-12T06:59:00.0","calendarDate":"2018-10-12","sleepWindowConfirmationType":"OFF_WRIST","deepSleepSeconds":0,"lightSleepSeconds":0,"awakeSleepSeconds":0,"unmeasurableSeconds":0,"retro":false},{"sleepStartTimestampGMT":"2018-10-12T19:00:00.0","sleepEndTimestampGMT":"2018-10-13T03:00:00.0","calendarDate":"2018-10-13","sleepWindowConfirmationType":"UNCONFIRMED","retro":false},{"sleepStartTimestampGMT":"2018-10-13T21:41:00.0","sleepEndTimestampGMT":"2018-10-14T06:54:00.0","calendarDate":"2018-10-14","sleepWindowConfirmationType":"OFF_WRIST","deepSleepSeconds":0,"lightSleepSeconds":0,"awakeSleepSeconds":0,"unmeasurableSeconds":0,"retro":false},{"sleepStartTimestampGMT":"2018-10-14T20:10:00.0","sleepEndTimestampGMT":"2018-10-15T06:46:00.0","calendarDate":"2018-10-15","sleepWindowConfirmationType":"OFF_WRIST","deepSleepSeconds":0,"lightSleepSeconds":0,"awakeSleepSeconds":0,"unmeasurableSeconds":0,"retro":false},{"sleepStartTimestampGMT":"2018-10-15T17:47:00.0","sleepEndTimestampGMT":"2018-10-16T05:26:00.0","calendarDate":"2018-10-16","sleepWindowConfirmationType":"OFF_WRIST","deepSleepSeconds":0,"lightSleepSeconds":0,"awakeSleepSeconds":0,"unmeasurableSeconds":0,"retro":false},{"sleepStartTimestampGMT":"2018-10-16T19:00:00.0","sleepEndTimestampGMT":"2018-10-17T03:00:00.0","calendarDate":"2018-10-17","sleepWindowConfirmationType":"UNCONFIRMED","retro":false},{"sleepStartTimestampGMT":"2018-10-17T22:58:00.0","sleepEndTimestampGMT":"2018-10-18T06:35:00.0","calendarDate":"2018-10-18","sleepWindowConfirmationType":"OFF_WRIST","deepSleepSeconds":0,"lightSleepSeconds":0,"awakeSleepSeconds":0,"unmeasurableSeconds":0,"retro":false},{"sleepStartTimestampGMT":"2018-10-18T23:58:00.0","sleepEndTimestampGMT":"2018-10-19T06:59:00.0","calendarDate":"2018-10-19","sleepWindowConfirmationType":"OFF_WRIST","deepSleepSeconds":0,"lightSleepSeconds":0,"awakeSleepSeconds":0,"unmeasurableSeconds":0,"retro":false},{"sleepStartTimestampGMT":"2018-10-19T19:00:00.0","sleepEndTimestampGMT":"2018-10-20T03:00:00.0","calendarDate":"2018-10-20","sleepWindowConfirmationType":"UNCONFIRMED","retro":false},{"sleepStartTimestampGMT":"2018-10-20T19:00:00.0","sleepEndTimestampGMT":"2018-10-21T03:00:00.0","calendarDate":"2018-10-21","sleepWindowConfirmationType":"UNCONFIRMED","retro":false},{"sleepStartTimestampGMT":"2018-10-21T21:48:00.0","sleepEndTimestampGMT":"2018-10-22T05:38:00.0","calendarDate":"2018-10-22","sleepWindowConfirmationType":"AUTO_CONFIRMED_FINAL","deepSleepSeconds":6540,"lightSleepSeconds":21480,"awakeSleepSeconds":180,"unmeasurableSeconds":0,"retro":false},{"sleepStartTimestampGMT":"2018-10-22T20:54:00.0","sleepEndTimestampGMT":"2018-10-23T05:59:00.0","calendarDate":"2018-10-23","sleepWindowConfirmationType":"AUTO_CONFIRMED_FINAL","deepSleepSeconds":11280,"lightSleepSeconds":20940,"awakeSleepSeconds":480,"unmeasurableSeconds":0,"retro":false},{"sleepStartTimestampGMT":"2018-10-23T21:47:00.0","sleepEndTimestampGMT":"2018-10-24T06:15:00.0","calendarDate":"2018-10-24","sleepWindowConfirmationType":"AUTO_CONFIRMED_FINAL","deepSleepSeconds":9780,"lightSleepSeconds":20280,"awakeSleepSeconds":420,"unmeasurableSeconds":0,"retro":false},{"sleepStartTimestampGMT":"2018-10-24T21:46:00.0","sleepEndTimestampGMT":"2018-10-25T02:25:00.0","calendarDate":"2018-10-25","sleepWindowConfirmationType":"AUTO_CONFIRMED_FINAL","deepSleepSeconds":3840,"lightSleepSeconds":12300,"awakeSleepSeconds":600,"unmeasurableSeconds":0,"retro":false},{"sleepStartTimestampGMT":"2018-10-25T20:31:00.0","sleepEndTimestampGMT":"2018-10-26T05:42:00.0","calendarDate":"2018-10-26","sleepWindowConfirmationType":"AUTO_CONFIRMED_FINAL","deepSleepSeconds":12600,"lightSleepSeconds":19740,"awakeSleepSeconds":720,"unmeasurableSeconds":0,"retro":false},{"sleepStartTimestampGMT":"2018-10-26T20:08:00.0","sleepEndTimestampGMT":"2018-10-27T05:23:00.0","calendarDate":"2018-10-27","sleepWindowConfirmationType":"AUTO_CONFIRMED_FINAL","deepSleepSeconds":12660,"lightSleepSeconds":19920,"awakeSleepSeconds":720,"unmeasurableSeconds":0,"retro":false},{"sleepStartTimestampGMT":"2018-10-27T21:57:00.0","sleepEndTimestampGMT":"2018-10-28T06:21:00.0","calendarDate":"2018-10-28","sleepWindowConfirmationType":"AUTO_CONFIRMED_FINAL","deepSleepSeconds":13680,"lightSleepSeconds":16200,"awakeSleepSeconds":360,"unmeasurableSeconds":0,"retro":false},{"sleepStartTimestampGMT":"2018-10-28T21:08:00.0","sleepEndTimestampGMT":"2018-10-29T06:19:00.0","calendarDate":"2018-10-29","sleepWindowConfirmationType":"AUTO_CONFIRMED_FINAL","deepSleepSeconds":11220,"lightSleepSeconds":21060,"awakeSleepSeconds":780,"unmeasurableSeconds":0,"retro":false},{"sleepStartTimestampGMT":"2018-10-29T23:31:00.0","sleepEndTimestampGMT":"2018-10-30T06:02:00.0","calendarDate":"2018-10-30","sleepWindowConfirmationType":"AUTO_CONFIRMED_FINAL","deepSleepSeconds":5160,"lightSleepSeconds":17520,"awakeSleepSeconds":780,"unmeasurableSeconds":0,"retro":false},{"sleepStartTimestampGMT":"2018-10-30T21:48:00.0","sleepEndTimestampGMT":"2018-10-31T05:28:00.0","calendarDate":"2018-10-31","sleepWindowConfirmationType":"AUTO_CONFIRMED_FINAL","deepSleepSeconds":10620,"lightSleepSeconds":16680,"awakeSleepSeconds":300,"unmeasurableSeconds":0,"retro":false}]