[{"sleepStartTimestampGMT":"2019-02-08T19:22:00.0","sleepEndTimestampGMT":"2019-02-09T08:04:00.0","calendarDate":"2019-02-09","sleepWindowConfirmationType":"OFF_WRIST","deepSleepSeconds":0,"lightSleepSeconds":0,"awakeSleepSeconds":0,"unmeasurableSeconds":0,"retro":false},{"sleepStartTimestampGMT":"2019-02-09T23:06:00.0","sleepEndTimestampGMT":"2019-02-10T07:11:00.0","calendarDate":"2019-02-10","sleepWindowConfirmationType":"AUTO_CONFIRMED_FINAL","deepSleepSeconds":5460,"lightSleepSeconds":22260,"awakeSleepSeconds":1380,"unmeasurableSeconds":0,"retro":false},{"sleepStartTimestampGMT":"2019-02-11T01:46:00.0","sleepEndTimestampGMT":"2019-02-11T07:52:00.0","calendarDate":"2019-02-11","sleepWindowConfirmationType":"OFF_WRIST","deepSleepSeconds":0,"lightSleepSeconds":0,"awakeSleepSeconds":0,"unmeasurableSeconds":0,"retro":false},{"sleepStartTimestampGMT":"2019-02-11T21:27:00.0","sleepEndTimestampGMT":"2019-02-12T11:51:00.0","calendarDate":"2019-02-12","sleepWindowConfirmationType":"OFF_WRIST","deepSleepSeconds":0,"lightSleepSeconds":0,"awakeSleepSeconds":0,"unmeasurableSeconds":0,"retro":false},{"sleepStartTimestampGMT":"2019-02-12T22:58:00.0","sleepEndTimestampGMT":"2019-02-13T07:50:00.0","calendarDate":"2019-02-13","sleepWindowConfirmationType":"OFF_WRIST","deepSleepSeconds":0,"lightSleepSeconds":0,"awakeSleepSeconds":0,"unmeasurableSeconds":0,"retro":false},{"sleepStartTimestampGMT":"2019-02-13T22:28:00.0","sleepEndTimestampGMT":"2019-02-14T07:31:00.0","calendarDate":"2019-02-14","sleepWindowConfirmationType":"OFF_WRIST","deepSleepSeconds":0,"lightSleepSeconds":0,"awakeSleepSeconds":0,"unmeasurableSeconds":0,"retro":false},{"sleepStartTimestampGMT":"2019-02-14T23:13:00.0","sleepEndTimestampGMT":"2019-02-15T08:12:00.0","calendarDate":"2019-02-15","sleepWindowConfirmationType":"OFF_WRIST","deepSleepSeconds":0,"lightSleepSeconds":0,"awakeSleepSeconds":0,"unmeasurableSeconds":0,"retro":false},{"sleepStartTimestampGMT":"2019-02-15T23:55:00.0","sleepEndTimestampGMT":"2019-02-16T08:46:00.0","calendarDate":"2019-02-16","sleepWindowConfirmationType":"OFF_WRIST","deepSleepSeconds":0,"lightSleepSeconds":0,"awakeSleepSeconds":0,"unmeasurableSeconds":0,"retro":false},{"sleepStartTimestampGMT":"2019-02-16T18:31:00.0","sleepEndTimestampGMT":"2019-02-17T04:43:00.0","calendarDate":"2019-02-17","sleepWindowConfirmationType":"OFF_WRIST","deepSleepSeconds":0,"lightSleepSeconds":0,"awakeSleepSeconds":0,"unmeasurableSeconds":0,"retro":false},{"sleepStartTimestampGMT":"2019-02-17T18:31:00.0","sleepEndTimestampGMT":"2019-02-18T04:41:00.0","calendarDate":"2019-02-18","sleepWindowConfirmationType":"OFF_WRIST","deepSleepSeconds":0,"lightSleepSeconds":0,"awakeSleepSeconds":0,"unmeasurableSeconds":0,"retro":false},{"sleepStartTimestampGMT":"2019-02-18T18:31:00.0","sleepEndTimestampGMT":"2019-02-19T04:48:00.0","calendarDate":"2019-02-19","sleepWindowConfirmationType":"OFF_WRIST","deepSleepSeconds":0,"lightSleepSeconds":0,"awakeSleepSeconds":0,"unmeasurableSeconds":0,"retro":false},{"sleepStartTimestampGMT":"2019-02-19T18:31:00.0","sleepEndTimestampGMT":"2019-02-20T05:46:00.0","calendarDate":"2019-02-20","sleepWindowConfirmationType":"OFF_WRIST","deepSleepSeconds":0,"lightSleepSeconds":0,"awakeSleepSeconds":0,"unmeasurableSeconds":0,"retro":false},{"sleepStartTimestampGMT":"2019-02-20T21:19:00.0","sleepEndTimestampGMT":"2019-02-21T06:13:00.0","calendarDate":"2019-02-21","sleepWindowConfirmationType":"OFF_WRIST","deepSleepSeconds":0,"lightSleepSeconds":0,"awakeSleepSeconds":0,"unmeasurableSeconds":0,"retro":false},{"sleepStartTimestampGMT":"2019-02-21T23:44:00.0","sleepEndTimestampGMT":"2019-02-22T07:21:00.0","calendarDate":"2019-02-22","sleepWindowConfirmationType":"OFF_WRIST","deepSleepSeconds":0,"lightSleepSeconds":0,"awakeSleepSeconds":0,"unmeasurableSeconds":0,"retro":false},{"sleepStartTimestampGMT":"2019-02-22T19:44:00.0","sleepEndTimestampGMT":"2019-02-23T06:56:00.0","calendarDate":"2019-02-23","sleepWindowConfirmationType":"OFF_WRIST","deepSleepSeconds":0,"lightSleepSeconds":0,"awakeSleepSeconds":0,"unmeasurableSeconds":0,"retro":false},{"sleepStartTimestampGMT":"2019-02-24T00:30:00.0","sleepEndTimestampGMT":"2019-02-24T06:50:00.0","calendarDate":"2019-02-24","sleepWindowConfirmationType":"OFF_WRIST","deepSleepSeconds":0,"lightSleepSeconds":0,"awakeSleepSeconds":0,"unmeasurableSeconds":0,"retro":false},{"sleepStartTimestampGMT":"2019-02-24T23:13:00.0","sleepEndTimestampGMT":"2019-02-25T06:15:00.0","calendarDate":"2019-02-25","sleepWindowConfirmationType":"OFF_WRIST","deepSleepSeconds":0,"lightSleepSeconds":0,"awakeSleepSeconds":0,"unmeasurableSeconds":0,"retro":false},{"sleepStartTimestampGMT":"2019-02-25T22:09:00.0","sleepEndTimestampGMT":"2019-02-26T03:13:00.0","calendarDate":"2019-02-26","sleepWindowConfirmationType":"AUTO_CONFIRMED_FINAL","deepSleepSeconds":4080,"lightSleepSeconds":12840,"awakeSleepSeconds":1320,"unmeasurableSeconds":0,"retro":false},{"sleepStartTimestampGMT":"2019-02-26T20:02:00.0","sleepEndTimestampGMT":"2019-02-27T12:26:00.0","calendarDate":"2019-02-27","sleepWindowConfirmationType":"OFF_WRIST","deepSleepSeconds":0,"lightSleepSeconds":0,"awakeSleepSeconds":0,"unmeasurableSeconds":0,"retro":false},{"sleepStartTimestampGMT":"2019-02-27T18:31:00.0","sleepEndTimestampGMT":"2019-02-28T06:42:00.0","calendarDate":"2019-02-28","sleepWindowConfirmationType":"OFF_WRIST","deepSleepSeconds":0,"lightSleepSeconds":0,"awakeSleepSeconds":0,"unmeasurableSeconds":0,"retro":false},{"sleepStartTimestampGMT":"2019-02-28T18:52:00.0","sleepEndTimestampGMT":"2019-03-01T10:16:00.0","calendarDate":"2019-03-01","sleepWindowConfirmationType":"OFF_WRIST","deepSleepSeconds":0,"lightSleepSeconds":0,"awakeSleepSeconds":0,"unmeasurableSeconds":0,"retro":false},{"sleepStartTimestampGMT":"2019-03-01T19:02:00.0","sleepEndTimestampGMT":"2019-03-02T11:26:00.0","calendarDate":"2019-03-02","sleepWindowConfirmationType":"OFF_WRIST","deepSleepSeconds":0,"lightSleepSeconds":0,"awakeSleepSeconds":0,"unmeasurableSeconds":0,"retro":false},{"sleepStartTimestampGMT":"2019-03-02T18:31:00.0","sleepEndTimestampGMT":"2019-03-03T04:41:00.0","calendarDate":"2019-03-03","sleepWindowConfirmationType":"OFF_WRIST","deepSleepSeconds":0,"lightSleepSeconds":0,"awakeSleepSeconds":0,"unmeasurableSeconds":0,"retro":false},{"sleepStartTimestampGMT":"2019-03-03T20:00:00.0","sleepEndTimestampGMT":"2019-03-04T08:00:00.0","calendarDate":"2019-03-04","sleepWindowConfirmationType":"UNCONFIRMED","retro":false},{"sleepStartTimestampGMT":"2019-03-04T18:31:00.0","sleepEndTimestampGMT":"2019-03-05T04:46:00.0","calendarDate":"2019-03-05","sleepWindowConfirmationType":"OFF_WRIST","deepSleepSeconds":0,"lightSleepSeconds":0,"awakeSleepSeconds":0,"unmeasurableSeconds":0,"retro":false},{"sleepStartTimestampGMT":"2019-03-05T18:31:00.0","sleepEndTimestampGMT":"2019-03-06T05:43:00.0","calendarDate":"2019-03-06","sleepWindowConfirmationType":"OFF_WRIST","deepSleepSeconds":0,"lightSleepSeconds":0,"awakeSleepSeconds":0,"unmeasurableSeconds":0,"retro":false},{"sleepStartTimestampGMT":"2019-03-06T18:31:00.0","sleepEndTimestampGMT":"2019-03-07T07:49:00.0","calendarDate":"2019-03-07","sleepWindowConfirmationType":"OFF_WRIST","deepSleepSeconds":0,"lightSleepSeconds":0,"awakeSleepSeconds":0,"unmeasurableSeconds":0,"retro":false},{"sleepStartTimestampGMT":"2019-03-07T22:42:00.0","sleepEndTimestampGMT":"2019-03-08T09:01:00.0","calendarDate":"2019-03-08","sleepWindowConfirmationType":"OFF_WRIST","deepSleepSeconds":0,"lightSleepSeconds":0,"awakeSleepSeconds":0,"unmeasurableSeconds":0,"retro":false},{"sleepStartTimestampGMT":"2019-03-08T18:37:00.0","sleepEndTimestampGMT":"2019-03-09T08:02:00.0","calendarDate":"2019-03-09","sleepWindowConfirmationType":"OFF_WRIST","deepSleepSeconds":0,"lightSleepSeconds":0,"awakeSleepSeconds":0,"unmeasurableSeconds":0,"retro":false},{"sleepStartTimestampGMT":"2019-03-09T18:31:00.0","sleepEndTimestampGMT":"2019-03-10T04:39:00.0","calendarDate":"2019-03-10","sleepWindowConfirmationType":"OFF_WRIST","deepSleepSeconds":0,"lightSleepSeconds":0,"awakeSleepSeconds":0,"unmeasurableSeconds":0,"retro":false},{"sleepStartTimestampGMT":"2019-03-10T21:30:00.0","sleepEndTimestampGMT":"2019-03-11T04:40:00.0","calendarDate":"2019-03-11","sleepWindowConfirmationType":"AUTO_CONFIRMED_FINAL","deepSleepSeconds":3060,"lightSleepSeconds":22140,"awakeSleepSeconds":600,"unmeasurableSeconds":0,"retro":false},{"sleepStartTimestampGMT":"2019-03-11T22:37:00.0","sleepEndTimestampGMT":"2019-03-12T05:52:00.0","calendarDate":"2019-03-12","sleepWindowConfirmationType":"AUTO_CONFIRMED_FINAL","deepSleepSeconds":8220,"lightSleepSeconds":17460,"awakeSleepSeconds":420,"unmeasurableSeconds":0,"retro":false},{"sleepStartTimestampGMT":"2019-03-12T22:21:00.0","sleepEndTimestampGMT":"2019-03-13T06:41:00.0","calendarDate":"2019-03-13","sleepWindowConfirmationType":"AUTO_CONFIRMED_FINAL","deepSleepSeconds":11400,"lightSleepSeconds":17880,"awakeSleepSeconds":720,"unmeasurableSeconds":0,"retro":false},{"sleepStartTimestampGMT":"2019-03-13T23:43:00.0","sleepEndTimestampGMT":"2019-03-14T06:35:00.0","calendarDate":"2019-03-14","sleepWindowConfirmationType":"AUTO_CONFIRMED_FINAL","deepSleepSeconds":11220,"lightSleepSeconds":12840,"awakeSleepSeconds":660,"unmeasurableSeconds":0,"retro":false},{"sleepStartTimestampGMT":"2019-03-14T22:41:00.0","sleepEndTimestampGMT":"2019-03-15T08:23:00.0","calendarDate":"2019-03-15","sleepWindowConfirmationType":"AUTO_CONFIRMED_FINAL","deepSleepSeconds":14520,"lightSleepSeconds":19620,"awakeSleepSeconds":780,"unmeasurableSeconds":0,"retro":false},{"sleepStartTimestampGMT":"2019-03-15T23:21:00.0","sleepEndTimestampGMT":"2019-03-16T07:57:00.0","calendarDate":"2019-03-16","sleepWindowConfirmationType":"AUTO_CONFIRMED_FINAL","deepSleepSeconds":4080,"lightSleepSeconds":26880,"awakeSleepSeconds":0,"unmeasurableSeconds":0,"retro":false},{"sleepStartTimestampGMT":"2019-03-16T23:43:00.0","sleepEndTimestampGMT":"2019-03-17T08:33:00.0","calendarDate":"2019-03-17","sleepWindowConfirmationType":"AUTO_CONFIRMED_FINAL","deepSleepSeconds":8520,"lightSleepSeconds":21900,"awakeSleepSeconds":1380,"unmeasurableSeconds":0,"retro":false},{"sleepStartTimestampGMT":"2019-03-17T22:30:00.0","sleepEndTimestampGMT":"2019-03-18T06:56:00.0","calendarDate":"2019-03-18","sleepWindowConfirmationType":"AUTO_CONFIRMED_FINAL","deepSleepSeconds":13680,"lightSleepSeconds":15900,"awakeSleepSeconds":780,"unmeasurableSeconds":0,"retro":false},{"sleepStartTimestampGMT":"2019-03-18T22:54:00.0","sleepEndTimestampGMT":"2019-03-19T06:24:00.0","calendarDate":"2019-03-19","sleepWindowConfirmationType":"AUTO_CONFIRMED_FINAL","deepSleepSeconds":6540,"lightSleepSeconds":19860,"awakeSleepSeconds":600,"unmeasurableSeconds":0,"retro":false},{"sleepStartTimestampGMT":"2019-03-19T21:56:00.0","sleepEndTimestampGMT":"2019-03-20T04:31:00.0","calendarDate":"2019-03-20","sleepWindowConfirmationType":"AUTO_CONFIRMED_FINAL","deepSleepSeconds":7860,"lightSleepSeconds":15420,"awakeSleepSeconds":420,"unmeasurableSeconds":0,"retro":false},{"sleepStartTimestampGMT":"2019-03-20T22:43:00.0","sleepEndTimestampGMT":"2019-03-21T04:01:00.0","calendarDate":"2019-03-21","sleepWindowConfirmationType":"AUTO_CONFIRMED_FINAL","deepSleepSeconds":6780,"lightSleepSeconds":11700,"awakeSleepSeconds":600,"unmeasurableSeconds":0,"retro":false},{"sleepStartTimestampGMT":"2019-03-21T19:54:00.0","sleepEndTimestampGMT":"2019-03-22T05:55:00.0","calendarDate":"2019-03-22","sleepWindowConfirmationType":"AUTO_CONFIRMED_FINAL","deepSleepSeconds":10980,"lightSleepSeconds":24780,"awakeSleepSeconds":300,"unmeasurableSeconds":0,"retro":false},{"sleepStartTimestampGMT":"2019-03-22T21:04:00.0","sleepEndTimestampGMT":"2019-03-23T04:34:00.0","calendarDate":"2019-03-23","sleepWindowConfirmationType":"AUTO_CONFIRMED_FINAL","deepSleepSeconds":16980,"lightSleepSeconds":9420,"awakeSleepSeconds":600,"unmeasurableSeconds":0,"retro":false},{"sleepStartTimestampGMT":"2019-03-23T20:58:00.0","sleepEndTimestampGMT":"2019-03-24T06:21:00.0","calendarDate":"2019-03-24","sleepWindowConfirmationType":"AUTO_CONFIRMED_FINAL","deepSleepSeconds":11100,"lightSleepSeconds":21900,"awakeSleepSeconds":780,"unmeasurableSeconds":0,"retro":false},{"sleepStartTimestampGMT":"2019-03-24T18:31:00.0","sleepEndTimestampGMT":"2019-03-25T02:36:00.0","calendarDate":"2019-03-25","sleepWindowConfirmationType":"AUTO_CONFIRMED_FINAL","deepSleepSeconds":10800,"lightSleepSeconds":17400,"awakeSleepSeconds":900,"unmeasurableSeconds":0,"retro":false},{"sleepStartTimestampGMT":"2019-03-25T22:01:00.0","sleepEndTimestampGMT":"2019-03-26T05:58:00.0","calendarDate":"2019-03-26","sleepWindowConfirmationType":"AUTO_CONFIRMED_FINAL","deepSleepSeconds":12120,"lightSleepSeconds":16200,"awakeSleepSeconds":300,"unmeasurableSeconds":0,"retro":false},{"sleepStartTimestampGMT":"2019-03-26T21:47:00.0","sleepEndTimestampGMT":"2019-03-27T05:51:00.0","calendarDate":"2019-03-27","sleepWindowConfirmationType":"AUTO_CONFIRMED_FINAL","deepSleepSeconds":10620,"lightSleepSeconds":18120,"awakeSleepSeconds":300,"unmeasurableSeconds":0,"retro":false},{"sleepStartTimestampGMT":"2019-03-27T22:39:00.0","sleepEndTimestampGMT":"2019-03-28T06:30:00.0","calendarDate":"2019-03-28","sleepWindowConfirmationType":"AUTO_CONFIRMED_FINAL","deepSleepSeconds":13080,"lightSleepSeconds":14640,"awakeSleepSeconds":540,"unmeasurableSeconds":0,"retro":false},{"sleepStartTimestampGMT":"2019-03-28T22:04:00.0","sleepEndTimestampGMT":"2019-03-29T05:26:00.0","calendarDate":"2019-03-29","sleepWindowConfirmationType":"AUTO_CONFIRMED_FINAL","deepSleepSeconds":6120,"lightSleepSeconds":19740,"awakeSleepSeconds":660,"unmeasurableSeconds":0,"retro":false},{"sleepStartTimestampGMT":"2019-03-29T21:55:00.0","sleepEndTimestampGMT":"2019-03-30T06:40:00.0","calendarDate":"2019-03-30","sleepWindowConfirmationType":"AUTO_CONFIRMED_FINAL","deepSleepSeconds":8400,"lightSleepSeconds":22560,"awakeSleepSeconds":540,"unmeasurableSeconds":0,"retro":false},{"sleepStartTimestampGMT":"2019-03-30T20:56:00.0","sleepEndTimestampGMT":"2019-03-31T06:31:00.0","calendarDate":"2019-03-31","sleepWindowConfirmationType":"AUTO_CONFIRMED_FINAL","deepSleepSeconds":8220,"lightSleepSeconds":25080,"awakeSleepSeconds":1200,"unmeasurableSeconds":0,"retro":false},{"sleepStartTimestampGMT":"2019-03-31T21:21:00.0","sleepEndTimestampGMT":"2019-04-01T05:22:00.0","calendarDate":"2019-04-01","sleepWindowConfirmationType":"AUTO_CONFIRMED_FINAL","deepSleepSeconds":9480,"lightSleepSeconds":19200,"awakeSleepSeconds":180,"unmeasurableSeconds":0,"retro":false},{"sleepStartTimestampGMT":"2019-04-01T22:13:00.0","sleepEndTimestampGMT":"2019-04-02T06:14:00.0","calendarDate":"2019-04-02","sleepWindowConfirmationType":"AUTO_CONFIRMED_FINAL","deepSleepSeconds":7620,"lightSleepSeconds":20460,"awakeSleepSeconds":780,"unmeasurableSeconds":0,"retro":false},{"sleepStartTimestampGMT":"2019-04-02T22:49:00.0","sleepEndTimestampGMT":"2019-04-03T05:26:00.0","calendarDate":"2019-04-03","sleepWindowConfirmationType":"AUTO_CONFIRMED_FINAL","deepSleepSeconds":12600,"lightSleepSeconds":10680,"awakeSleepSeconds":540,"unmeasurableSeconds":0,"retro":false},{"sleepStartTimestampGMT":"2019-04-03T19:00:00.0","sleepEndTimestampGMT":"2019-04-04T07:00:00.0","calendarDate":"2019-04-04","sleepWindowConfirmationType":"UNCONFIRMED","retro":false},{"sleepStartTimestampGMT":"2019-04-04T22:42:00.0","sleepEndTimestampGMT":"2019-04-05T05:39:00.0","calendarDate":"2019-04-05","sleepWindowConfirmationType":"AUTO_CONFIRMED_FINAL","deepSleepSeconds":7020,"lightSleepSeconds":17400,"awakeSleepSeconds":600,"unmeasurableSeconds":0,"retro":false},{"sleepStartTimestampGMT":"2019-04-05T22:25:00.0","sleepEndTimestampGMT":"2019-04-06T06:52:00.0","calendarDate":"2019-04-06","sleepWindowConfirmationType":"AUTO_CONFIRMED_FINAL","deepSleepSeconds":12480,"lightSleepSeconds":17640,"awakeSleepSeconds":300,"unmeasurableSeconds":0,"retro":false},{"sleepStartTimestampGMT":"2019-04-06T22:12:00.0","sleepEndTimestampGMT":"2019-04-07T05:16:00.0","calendarDate":"2019-04-07","sleepWindowConfirmationType":"AUTO_CONFIRMED_FINAL","deepSleepSeconds":11760,"lightSleepSeconds":13020,"awakeSleepSeconds":660,"unmeasurableSeconds":0,"retro":false},{"sleepStartTimestampGMT":"2019-04-07T22:10:00.0","sleepEndTimestampGMT":"2019-04-08T05:07:00.0","calendarDate":"2019-04-08","sleepWindowConfirmationType":"AUTO_CONFIRMED_FINAL","deepSleepSeconds":9360,"lightSleepSeconds":15240,"awakeSleepSeconds":420,"unmeasurableSeconds":0,"retro":false},{"sleepStartTimestampGMT":"2019-04-08T22:26:00.0","sleepEndTimestampGMT":"2019-04-09T03:58:00.0","calendarDate":"2019-04-09","sleepWindowConfirmationType":"AUTO_CONFIRMED_FINAL","deepSleepSeconds":13560,"lightSleepSeconds":5760,"awakeSleepSeconds":600,"unmeasurableSeconds":0,"retro":false},{"sleepStartTimestampGMT":"2019-04-09T22:25:00.0","sleepEndTimestampGMT":"2019-04-10T05:34:00.0","calendarDate":"2019-04-10","sleepWindowConfirmationType":"AUTO_CONFIRMED_FINAL","deepSleepSeconds":10920,"lightSleepSeconds":14280,"awakeSleepSeconds":540,"unmeasurableSeconds":0,"retro":false},{"sleepStartTimestampGMT":"2019-04-10T21:15:00.0","sleepEndTimestampGMT":"2019-04-11T05:28:00.0","calendarDate":"2019-04-11","sleepWindowConfirmationType":"AUTO_CONFIRMED_FINAL","deepSleepSeconds":11700,"lightSleepSeconds":17340,"awakeSleepSeconds":540,"unmeasurableSeconds":0,"retro":false},{"sleepStartTimestampGMT":"2019-04-11T21:58:00.0","sleepEndTimestampGMT":"2019-04-12T05:39:00.0","calendarDate":"2019-04-12","sleepWindowConfirmationType":"AUTO_CONFIRMED_FINAL","deepSleepSeconds":11940,"lightSleepSeconds":15540,"awakeSleepSeconds":180,"unmeasurableSeconds":0,"retro":false},{"sleepStartTimestampGMT":"2019-04-12T21:43:00.0","sleepEndTimestampGMT":"2019-04-13T06:41:00.0","calendarDate":"2019-04-13","sleepWindowConfirmationType":"AUTO_CONFIRMED_FINAL","deepSleepSeconds":9960,"lightSleepSeconds":21600,"awakeSleepSeconds":720,"unmeasurableSeconds":0,"retro":false},{"sleepStartTimestampGMT":"2019-04-13T21:56:00.0","sleepEndTimestampGMT":"2019-04-14T06:12:00.0","calendarDate":"2019-04-14","sleepWindowConfirmationType":"AUTO_CONFIRMED_FINAL","deepSleepSeconds":13140,"lightSleepSeconds":15960,"awakeSleepSeconds":660,"unmeasurableSeconds":0,"retro":false},{"sleepStartTimestampGMT":"2019-04-14T21:54:00.0","sleepEndTimestampGMT":"2019-04-15T05:30:00.0","calendarDate":"2019-04-15","sleepWindowConfirmationType":"AUTO_CONFIRMED_FINAL","deepSleepSeconds":6780,"lightSleepSeconds":20100,"awakeSleepSeconds":480,"unmeasurableSeconds":0,"retro":false},{"sleepStartTimestampGMT":"2019-04-15T20:39:00.0","sleepEndTimestampGMT":"2019-04-16T05:27:00.0","calendarDate":"2019-04-16","sleepWindowConfirmationType":"AUTO_CONFIRMED_FINAL","deepSleepSeconds":16200,"lightSleepSeconds":12540,"awakeSleepSeconds":2940,"unmeasurableSeconds":0,"retro":false},{"sleepStartTimestampGMT":"2019-04-16T22:17:00.0","sleepEndTimestampGMT":"2019-04-17T06:24:00.0","calendarDate":"2019-04-17","sleepWindowConfirmationType":"AUTO_CONFIRMED_FINAL","deepSleepSeconds":12240,"lightSleepSeconds":16440,"awakeSleepSeconds":540,"unmeasurableSeconds":0,"retro":false},{"sleepStartTimestampGMT":"2019-04-17T21:48:00.0","sleepEndTimestampGMT":"2019-04-18T05:46:00.0","calendarDate":"2019-04-18","sleepWindowConfirmationType":"AUTO_CONFIRMED_FINAL","deepSleepSeconds":8640,"lightSleepSeconds":19440,"awakeSleepSeconds":600,"unmeasurableSeconds":0,"retro":false},{"sleepStartTimestampGMT":"2019-04-18T22:10:00.0","sleepEndTimestampGMT":"2019-04-19T07:01:00.0","calendarDate":"2019-04-19","sleepWindowConfirmationType":"AUTO_CONFIRMED_FINAL","deepSleepSeconds":11940,"lightSleepSeconds":19080,"awakeSleepSeconds":840,"unmeasurableSeconds":0,"retro":false},{"sleepStartTimestampGMT":"2019-04-19T21:35:00.0","sleepEndTimestampGMT":"2019-04-20T06:49:00.0","calendarDate":"2019-04-20","sleepWindowConfirmationType":"AUTO_CONFIRMED_FINAL","deepSleepSeconds":11400,"lightSleepSeconds":21060,"awakeSleepSeconds":780,"unmeasurableSeconds":0,"retro":false},{"sleepStartTimestampGMT":"2019-04-20T22:10:00.0","sleepEndTimestampGMT":"2019-04-21T05:49:00.0","calendarDate":"2019-04-21","sleepWindowConfirmationType":"AUTO_CONFIRMED_FINAL","deepSleepSeconds":12240,"lightSleepSeconds":14040,"awakeSleepSeconds":1260,"unmeasurableSeconds":0,"retro":false},{"sleepStartTimestampGMT":"2019-04-21T22:07:00.0","sleepEndTimestampGMT":"2019-04-22T05:31:00.0","calendarDate":"2019-04-22","sleepWindowConfirmationType":"AUTO_CONFIRMED_FINAL","deepSleepSeconds":8340,"lightSleepSeconds":17700,"awakeSleepSeconds":600,"unmeasurableSeconds":0,"retro":false},{"sleepStartTimestampGMT":"2019-04-22T21:49:00.0","sleepEndTimestampGMT":"2019-04-23T05:01:00.0","calendarDate":"2019-04-23","sleepWindowConfirmationType":"AUTO_CONFIRMED_FINAL","deepSleepSeconds":8520,"lightSleepSeconds":17220,"awakeSleepSeconds":180,"unmeasurableSeconds":0,"retro":false},{"sleepStartTimestampGMT":"2019-04-23T21:33:00.0","sleepEndTimestampGMT":"2019-04-24T06:24:00.0","calendarDate":"2019-04-24","sleepWindowConfirmationType":"AUTO_CONFIRMED_FINAL","deepSleepSeconds":12540,"lightSleepSeconds":18660,"awakeSleepSeconds":660,"unmeasurableSeconds":0,"retro":false},{"sleepStartTimestampGMT":"2019-04-24T22:29:00.0","sleepEndTimestampGMT":"2019-04-25T04:17:00.0","calendarDate":"2019-04-25","sleepWindowConfirmationType":"AUTO_CONFIRMED_FINAL","deepSleepSeconds":9480,"lightSleepSeconds":10800,"awakeSleepSeconds":600,"unmeasurableSeconds":0,"retro":false},{"sleepStartTimestampGMT":"2019-04-25T22:09:00.0","sleepEndTimestampGMT":"2019-04-26T07:04:00.0","calendarDate":"2019-04-26","sleepWindowConfirmationType":"AUTO_CONFIRMED_FINAL","deepSleepSeconds":14400,"lightSleepSeconds":16920,"awakeSleepSeconds":780,"unmeasurableSeconds":0,"retro":false},{"sleepStartTimestampGMT":"2019-04-26T22:00:00.0","sleepEndTimestampGMT":"2019-04-27T07:00:00.0","calendarDate":"2019-04-27","sleepWindowConfirmationType":"AUTO_CONFIRMED_FINAL","deepSleepSeconds":8040,"lightSleepSeconds":24000,"awakeSleepSeconds":360,"unmeasurableSeconds":0,"retro":false},{"sleepStartTimestampGMT":"2019-04-27T21:48:00.0","sleepEndTimestampGMT":"2019-04-28T05:22:00.0","calendarDate":"2019-04-28","sleepWindowConfirmationType":"AUTO_CONFIRMED_FINAL","deepSleepSeconds":17520,"lightSleepSeconds":8340,"awakeSleepSeconds":1380,"unmeasurableSeconds":0,"retro":false},{"sleepStartTimestampGMT":"2019-04-28T20:10:00.0","sleepEndTimestampGMT":"2019-04-29T03:23:00.0","calendarDate":"2019-04-29","sleepWindowConfirmationType":"AUTO_CONFIRMED_FINAL","deepSleepSeconds":9840,"lightSleepSeconds":13080,"awakeSleepSeconds":3060,"unmeasurableSeconds":0,"retro":false},{"sleepStartTimestampGMT":"2019-04-29T21:10:00.0","sleepEndTimestampGMT":"2019-04-30T03:48:00.0","calendarDate":"2019-04-30","sleepWindowConfirmationType":"AUTO_CONFIRMED_FINAL","deepSleepSeconds":6780,"lightSleepSeconds":16740,"awakeSleepSeconds":360,"unmeasurableSeconds":0,"retro":false},{"sleepStartTimestampGMT":"2019-04-30T21:54:00.0","sleepEndTimestampGMT":"2019-05-01T06:29:00.0","calendarDate":"2019-05-01","sleepWindowConfirmationType":"AUTO_CONFIRMED_FINAL","deepSleepSeconds":8400,"lightSleepSeconds":21900,"awakeSleepSeconds":600,"unmeasurableSeconds":0,"retro":false},{"sleepStartTimestampGMT":"2019-05-01T21:12:00.0","sleepEndTimestampGMT":"2019-05-02T04:02:00.0","calendarDate":"2019-05-02","sleepWindowConfirmationType":"AUTO_CONFIRMED_FINAL","deepSleepSeconds":5100,"lightSleepSeconds":19140,"awakeSleepSeconds":360,"unmeasurableSeconds":0,"retro":false},{"sleepStartTimestampGMT":"2019-05-02T22:48:00.0","sleepEndTimestampGMT":"2019-05-03T05:28:00.0","calendarDate":"2019-05-03","sleepWindowConfirmationType":"AUTO_CONFIRMED_FINAL","deepSleepSeconds":9240,"lightSleepSeconds":14580,"awakeSleepSeconds":180,"unmeasurableSeconds":0,"retro":false},{"sleepStartTimestampGMT":"2019-05-03T21:38:00.0","sleepEndTimestampGMT":"2019-05-04T05:28:00.0","calendarDate":"2019-05-04","sleepWindowConfirmationType":"AUTO_CONFIRMED_FINAL","deepSleepSeconds":6120,"lightSleepSeconds":21780,"awakeSleepSeconds":300,"unmeasurableSeconds":0,"retro":false},{"sleepStartTimestampGMT":"2019-05-04T20:47:00.0","sleepEndTimestampGMT":"2019-05-05T03:30:00.0","calendarDate":"2019-05-05","sleepWindowConfirmationType":"AUTO_CONFIRMED_FINAL","deepSleepSeconds":7020,"lightSleepSeconds":16860,"awakeSleepSeconds":300,"unmeasurableSeconds":0,"retro":false},{"sleepStartTimestampGMT":"2019-05-05T20:56:00.0","sleepEndTimestampGMT":"2019-05-06T03:33:00.0","calendarDate":"2019-05-06","sleepWindowConfirmationType":"AUTO_CONFIRMED_FINAL","deepSleepSeconds":12240,"lightSleepSeconds":11280,"awakeSleepSeconds":300,"unmeasurableSeconds":0,"retro":false},{"sleepStartTimestampGMT":"2019-05-06T21:29:00.0","sleepEndTimestampGMT":"2019-05-07T05:23:00.0","calendarDate":"2019-05-07","sleepWindowConfirmationType":"AUTO_CONFIRMED_FINAL","deepSleepSeconds":9360,"lightSleepSeconds":18480,"awakeSleepSeconds":600,"unmeasurableSeconds":0,"retro":false},{"sleepStartTimestampGMT":"2019-05-07T21:36:00.0","sleepEndTimestampGMT":"2019-05-08T04:31:00.0","calendarDate":"2019-05-08","sleepWindowConfirmationType":"AUTO_CONFIRMED_FINAL","deepSleepSeconds":10920,"lightSleepSeconds":13320,"awakeSleepSeconds":660,"unmeasurableSeconds":0,"retro":false},{"sleepStartTimestampGMT":"2019-05-08T23:38:00.0","sleepEndTimestampGMT":"2019-05-09T05:48:00.0","calendarDate":"2019-05-09","sleepWindowConfirmationType":"AUTO_CONFIRMED_FINAL","deepSleepSeconds":6960,"lightSleepSeconds":14760,"awakeSleepSeconds":480,"unmeasurableSeconds":0,"retro":false},{"sleepStartTimestampGMT":"2019-05-09T20:06:00.0","sleepEndTimestampGMT":"2019-05-10T05:11:00.0","calendarDate":"2019-05-10","sleepWindowConfirmationType":"AUTO_CONFIRMED_FINAL","deepSleepSeconds":13980,"lightSleepSeconds":17940,"awakeSleepSeconds":780,"unmeasurableSeconds":0,"retro":false},{"sleepStartTimestampGMT":"2019-05-10T21:32:00.0","sleepEndTimestampGMT":"2019-05-11T12:36:00.0","calendarDate":"2019-05-11","sleepWindowConfirmationType":"OFF_WRIST","deepSleepSeconds":0,"lightSleepSeconds":0,"awakeSleepSeconds":0,"unmeasurableSeconds":0,"retro":false},{"sleepStartTimestampGMT":"2019-05-11T22:02:00.0","sleepEndTimestampGMT":"2019-05-12T12:01:00.0","calendarDate":"2019-05-12","sleepWindowConfirmationType":"OFF_WRIST","deepSleepSeconds":0,"lightSleepSeconds":0,"awakeSleepSeconds":0,"unmeasurableSeconds":0,"retro":false},{"sleepStartTimestampGMT":"2019-05-12T21:39:00.0","sleepEndTimestampGMT":"2019-05-13T08:06:00.0","calendarDate":"2019-05-13","sleepWindowConfirmationType":"OFF_WRIST","deepSleepSeconds":0,"lightSleepSeconds":0,"awakeSleepSeconds":0,"unmeasurableSeconds":0,"retro":false},{"sleepStartTimestampGMT":"2019-05-13T21:20:00.0","sleepEndTimestampGMT":"2019-05-14T05:38:00.0","calendarDate":"2019-05-14","sleepWindowConfirmationType":"AUTO_CONFIRMED_FINAL","deepSleepSeconds":17340,"lightSleepSeconds":12240,"awakeSleepSeconds":300,"unmeasurableSeconds":0,"retro":false},{"sleepStartTimestampGMT":"2019-05-14T23:21:00.0","sleepEndTimestampGMT":"2019-05-15T06:53:00.0","calendarDate":"2019-05-15","sleepWindowConfirmationType":"AUTO_CONFIRMED_FINAL","deepSleepSeconds":9480,"lightSleepSeconds":17400,"awakeSleepSeconds":240,"unmeasurableSeconds":0,"retro":false},{"sleepStartTimestampGMT":"2019-05-15T21:39:00.0","sleepEndTimestampGMT":"2019-05-16T06:12:00.0","calendarDate":"2019-05-16","sleepWindowConfirmationType":"AUTO_CONFIRMED_FINAL","deepSleepSeconds":11100,"lightSleepSeconds":18720,"awakeSleepSeconds":960,"unmeasurableSeconds":0,"retro":false},{"sleepStartTimestampGMT":"2019-05-16T21:47:00.0","sleepEndTimestampGMT":"2019-05-17T06:21:00.0","calendarDate":"2019-05-17","sleepWindowConfirmationType":"AUTO_CONFIRMED_FINAL","deepSleepSeconds":14640,"lightSleepSeconds":15660,"awakeSleepSeconds":540,"unmeasurableSeconds":0,"retro":false},{"sleepStartTimestampGMT":"2019-05-17T22:10:00.0","sleepEndTimestampGMT":"2019-05-18T07:53:00.0","calendarDate":"2019-05-18","sleepWindowConfirmationType":"AUTO_CONFIRMED_FINAL","deepSleepSeconds":15300,"lightSleepSeconds":19020,"awakeSleepSeconds":660,"unmeasurableSeconds":0,"retro":false},{"sleepStartTimestampGMT":"2019-05-18T22:28:00.0","sleepEndTimestampGMT":"2019-05-19T07:09:00.0","calendarDate":"2019-05-19","sleepWindowConfirmationType":"AUTO_CONFIRMED_FINAL","deepSleepSeconds":15120,"lightSleepSeconds":15780,"awakeSleepSeconds":360,"unmeasurableSeconds":0,"retro":false}]