[{"sleepStartTimestampGMT":"2019-05-19T21:25:00.0","sleepEndTimestampGMT":"2019-05-20T05:37:00.0","calendarDate":"2019-05-20","sleepWindowConfirmationType":"OFF_WRIST","deepSleepSeconds":0,"lightSleepSeconds":0,"awakeSleepSeconds":0,"unmeasurableSeconds":0,"retro":false},{"sleepStartTimestampGMT":"2019-05-20T23:06:00.0","sleepEndTimestampGMT":"2019-05-21T05:51:00.0","calendarDate":"2019-05-21","sleepWindowConfirmationType":"AUTO_CONFIRMED_FINAL","deepSleepSeconds":8100,"lightSleepSeconds":15900,"awakeSleepSeconds":300,"unmeasurableSeconds":0,"retro":false},{"sleepStartTimestampGMT":"2019-05-22T00:08:00.0","sleepEndTimestampGMT":"2019-05-22T06:44:00.0","calendarDate":"2019-05-22","sleepWindowConfirmationType":"AUTO_CONFIRMED_FINAL","deepSleepSeconds":8340,"lightSleepSeconds":15120,"awakeSleepSeconds":300,"unmeasurableSeconds":0,"retro":false},{"sleepStartTimestampGMT":"2019-05-23T00:02:00.0","sleepEndTimestampGMT":"2019-05-23T07:10:00.0","calendarDate":"2019-05-23","sleepWindowConfirmationType":"AUTO_CONFIRMED_FINAL","deepSleepSeconds":8940,"lightSleepSeconds":16260,"awakeSleepSeconds":480,"unmeasurableSeconds":0,"retro":false},{"sleepStartTimestampGMT":"2019-05-23T23:21:00.0","sleepEndTimestampGMT":"2019-05-24T07:31:00.0","calendarDate":"2019-05-24","sleepWindowConfirmationType":"AUTO_CONFIRMED_FINAL","deepSleepSeconds":8820,"lightSleepSeconds":20280,"awakeSleepSeconds":300,"unmeasurableSeconds":0,"retro":false},{"sleepStartTimestampGMT":"2019-05-25T01:25:00.0","sleepEndTimestampGMT":"2019-05-25T08:39:00.0","calendarDate":"2019-05-25","sleepWindowConfirmationType":"AUTO_CONFIRMED_FINAL","deepSleepSeconds":11700,"lightSleepSeconds":12840,"awakeSleepSeconds":1500,"unmeasurableSeconds":0,"retro":false},{"sleepStartTimestampGMT":"2019-05-26T00:56:00.0","sleepEndTimestampGMT":"2019-05-26T08:12:00.0","calendarDate":"2019-05-26","sleepWindowConfirmationType":"AUTO_CONFIRMED_FINAL","deepSleepSeconds":8760,"lightSleepSeconds":16800,"awakeSleepSeconds":600,"unmeasurableSeconds":0,"retro":false},{"sleepStartTimestampGMT":"2019-05-27T00:13:00.0","sleepEndTimestampGMT":"2019-05-27T08:09:00.0","calendarDate":"2019-05-27","sleepWindowConfirmationType":"AUTO_CONFIRMED_FINAL","deepSleepSeconds":9780,"lightSleepSeconds":17940,"awakeSleepSeconds":840,"unmeasurableSeconds":0,"retro":false},{"sleepStartTimestampGMT":"2019-05-27T21:00:00.0","sleepEndTimestampGMT":"2019-05-28T09:00:00.0","calendarDate":"2019-05-28","sleepWindowConfirmationType":"UNCONFIRMED","retro":false},{"sleepStartTimestampGMT":"2019-05-28T21:48:00.0","sleepEndTimestampGMT":"2019-05-29T06:00:00.0","calendarDate":"2019-05-29","sleepWindowConfirmationType":"AUTO_CONFIRMED_FINAL","deepSleepSeconds":10380,"lightSleepSeconds":18780,"awakeSleepSeconds":360,"unmeasurableSeconds":0,"retro":false},{"sleepStartTimestampGMT":"2019-05-29T22:35:00.0","sleepEndTimestampGMT":"2019-05-30T06:01:00.0","calendarDate":"2019-05-30","sleepWindowConfirmationType":"AUTO_CONFIRMED_FINAL","deepSleepSeconds":9840,"lightSleepSeconds":16620,"awakeSleepSeconds":300,"unmeasurableSeconds":0,"retro":false},{"sleepStartTimestampGMT":"2019-05-30T22:53:00.0","sleepEndTimestampGMT":"2019-05-31T06:46:00.0","calendarDate":"2019-05-31","sleepWindowConfirmationType":"AUTO_CONFIRMED_FINAL","deepSleepSeconds":15420,"lightSleepSeconds":12780,"awakeSleepSeconds":180,"unmeasurableSeconds":0,"retro":false},{"sleepStartTimestampGMT":"2019-05-31T23:13:00.0","sleepEndTimestampGMT":"2019-06-01T08:02:00.0","calendarDate":"2019-06-01","sleepWindowConfirmationType":"AUTO_CONFIRMED_FINAL","deepSleepSeconds":15180,"lightSleepSeconds":16020,"awakeSleepSeconds":540,"unmeasurableSeconds":0,"retro":false},{"sleepStartTimestampGMT":"2019-06-01T23:23:00.0","sleepEndTimestampGMT":"2019-06-02T06:41:00.0","calendarDate":"2019-06-02","sleepWindowConfirmationType":"AUTO_CONFIRMED_FINAL","deepSleepSeconds":16740,"lightSleepSeconds":8700,"awakeSleepSeconds":840,"unmeasurableSeconds":0,"retro":false},{"sleepStartTimestampGMT":"2019-06-02T21:08:00.0","sleepEndTimestampGMT":"2019-06-03T05:34:00.0","calendarDate":"2019-06-03","sleepWindowConfirmationType":"AUTO_CONFIRMED_FINAL","deepSleepSeconds":9420,"lightSleepSeconds":20340,"awakeSleepSeconds":600,"unmeasurableSeconds":0,"retro":false},{"sleepStartTimestampGMT":"2019-06-03T23:23:00.0","sleepEndTimestampGMT":"2019-06-04T05:51:00.0","calendarDate":"2019-06-04","sleepWindowConfirmationType":"AUTO_CONFIRMED_FINAL","deepSleepSeconds":10800,"lightSleepSeconds":12060,"awakeSleepSeconds":420,"unmeasurableSeconds":0,"retro":false},{"sleepStartTimestampGMT":"2019-06-04T21:49:00.0","sleepEndTimestampGMT":"2019-06-05T05:51:00.0","calendarDate":"2019-06-05","sleepWindowConfirmationType":"AUTO_CONFIRMED_FINAL","deepSleepSeconds":15180,"lightSleepSeconds":13020,"awakeSleepSeconds":720,"unmeasurableSeconds":0,"retro":false},{"sleepStartTimestampGMT":"2019-06-05T21:06:00.0","sleepEndTimestampGMT":"2019-06-06T05:51:00.0","calendarDate":"2019-06-06","sleepWindowConfirmationType":"AUTO_CONFIRMED_FINAL","deepSleepSeconds":15240,"lightSleepSeconds":15720,"awakeSleepSeconds":540,"unmeasurableSeconds":0,"retro":false},{"sleepStartTimestampGMT":"2019-06-06T20:57:00.0","sleepEndTimestampGMT":"2019-06-07T05:51:00.0","calendarDate":"2019-06-07","sleepWindowConfirmationType":"AUTO_CONFIRMED_FINAL","deepSleepSeconds":8880,"lightSleepSeconds":21960,"awakeSleepSeconds":1200,"unmeasurableSeconds":0,"retro":false},{"sleepStartTimestampGMT":"2019-06-07T22:54:00.0","sleepEndTimestampGMT":"2019-06-08T08:02:00.0","calendarDate":"2019-06-08","sleepWindowConfirmationType":"AUTO_CONFIRMED_FINAL","deepSleepSeconds":14520,"lightSleepSeconds":17640,"awakeSleepSeconds":720,"unmeasurableSeconds":0,"retro":false},{"sleepStartTimestampGMT":"2019-06-08T22:44:00.0","sleepEndTimestampGMT":"2019-06-09T07:47:00.0","calendarDate":"2019-06-09","sleepWindowConfirmationType":"AUTO_CONFIRMED_FINAL","deepSleepSeconds":11400,"lightSleepSeconds":21120,"awakeSleepSeconds":60,"unmeasurableSeconds":0,"retro":false},{"sleepStartTimestampGMT":"2019-06-09T21:22:00.0","sleepEndTimestampGMT":"2019-06-10T05:51:00.0","calendarDate":"2019-06-10","sleepWindowConfirmationType":"OFF_WRIST","deepSleepSeconds":0,"lightSleepSeconds":0,"awakeSleepSeconds":0,"unmeasurableSeconds":0,"retro":false},{"sleepStartTimestampGMT":"2019-06-10T22:49:00.0","sleepEndTimestampGMT":"2019-06-11T06:42:00.0","calendarDate":"2019-06-11","sleepWindowConfirmationType":"AUTO_CONFIRMED_FINAL","deepSleepSeconds":16260,"lightSleepSeconds":11160,"awakeSleepSeconds":960,"unmeasurableSeconds":0,"retro":false},{"sleepStartTimestampGMT":"2019-06-11T22:09:00.0","sleepEndTimestampGMT":"2019-06-12T05:51:00.0","calendarDate":"2019-06-12","sleepWindowConfirmationType":"AUTO_CONFIRMED_FINAL","deepSleepSeconds":10140,"lightSleepSeconds":16560,"awakeSleepSeconds":1020,"unmeasurableSeconds":0,"retro":false},{"sleepStartTimestampGMT":"2019-06-12T22:16:00.0","sleepEndTimestampGMT":"2019-06-13T05:51:00.0","calendarDate":"2019-06-13","sleepWindowConfirmationType":"AUTO_CONFIRMED_FINAL","deepSleepSeconds":13020,"lightSleepSeconds":13560,"awakeSleepSeconds":720,"unmeasurableSeconds":0,"retro":false},{"sleepStartTimestampGMT":"2019-06-13T21:59:00.0","sleepEndTimestampGMT":"2019-06-14T06:31:00.0","calendarDate":"2019-06-14","sleepWindowConfirmationType":"AUTO_CONFIRMED_FINAL","deepSleepSeconds":10380,"lightSleepSeconds":20040,"awakeSleepSeconds":300,"unmeasurableSeconds":0,"retro":false},{"sleepStartTimestampGMT":"2019-06-14T22:50:00.0","sleepEndTimestampGMT":"2019-06-15T08:08:00.0","calendarDate":"2019-06-15","sleepWindowConfirmationType":"AUTO_CONFIRMED_FINAL","deepSleepSeconds":10680,"lightSleepSeconds":21660,"awakeSleepSeconds":1140,"unmeasurableSeconds":0,"retro":false},{"sleepStartTimestampGMT":"2019-06-15T23:23:00.0","sleepEndTimestampGMT":"2019-06-16T08:04:00.0","calendarDate":"2019-06-16","sleepWindowConfirmationType":"AUTO_CONFIRMED_FINAL","deepSleepSeconds":12840,"lightSleepSeconds":17940,"awakeSleepSeconds":480,"unmeasurableSeconds":0,"retro":false},{"sleepStartTimestampGMT":"2019-06-16T22:50:00.0","sleepEndTimestampGMT":"2019-06-17T06:18:00.0","calendarDate":"2019-06-17","sleepWindowConfirmationType":"AUTO_CONFIRMED_FINAL","deepSleepSeconds":6360,"lightSleepSeconds":19980,"awakeSleepSeconds":540,"unmeasurableSeconds":0,"retro":false},{"sleepStartTimestampGMT":"2019-06-17T21:44:00.0","sleepEndTimestampGMT":"2019-06-18T05:31:00.0","calendarDate":"2019-06-18","sleepWindowConfirmationType":"AUTO_CONFIRMED_FINAL","deepSleepSeconds":13440,"lightSleepSeconds":13260,"awakeSleepSeconds":1320,"unmeasurableSeconds":0,"retro":false},{"sleepStartTimestampGMT":"2019-06-19T00:13:00.0","sleepEndTimestampGMT":"2019-06-19T05:57:00.0","calendarDate":"2019-06-19","sleepWindowConfirmationType":"AUTO_CONFIRMED_FINAL","deepSleepSeconds":7200,"lightSleepSeconds":12900,"awakeSleepSeconds":540,"unmeasurableSeconds":0,"retro":false},{"sleepStartTimestampGMT":"2019-06-19T21:40:00.0","sleepEndTimestampGMT":"2019-06-20T06:52:00.0","calendarDate":"2019-06-20","sleepWindowConfirmationType":"AUTO_CONFIRMED_FINAL","deepSleepSeconds":14640,"lightSleepSeconds":17700,"awakeSleepSeconds":780,"unmeasurableSeconds":0,"retro":false},{"sleepStartTimestampGMT":"2019-06-20T21:50:00.0","sleepEndTimestampGMT":"2019-06-21T07:12:00.0","calendarDate":"2019-06-21","sleepWindowConfirmationType":"AUTO_CONFIRMED_FINAL","deepSleepSeconds":15240,"lightSleepSeconds":17580,"awakeSleepSeconds":900,"unmeasurableSeconds":0,"retro":false},{"sleepStartTimestampGMT":"2019-06-21T20:57:00.0","sleepEndTimestampGMT":"2019-06-22T06:18:00.0","calendarDate":"2019-06-22","sleepWindowConfirmationType":"AUTO_CONFIRMED_FINAL","deepSleepSeconds":10260,"lightSleepSeconds":22500,"awakeSleepSeconds":900,"unmeasurableSeconds":0,"retro":false},{"sleepStartTimestampGMT":"2019-06-22T21:25:00.0","sleepEndTimestampGMT":"2019-06-23T05:49:00.0","calendarDate":"2019-06-23","sleepWindowConfirmationType":"AUTO_CONFIRMED_FINAL","deepSleepSeconds":8580,"lightSleepSeconds":21120,"awakeSleepSeconds":540,"unmeasurableSeconds":0,"retro":false},{"sleepStartTimestampGMT":"2019-06-23T21:42:00.0","sleepEndTimestampGMT":"2019-06-24T06:32:00.0","calendarDate":"2019-06-24","sleepWindowConfirmationType":"AUTO_CONFIRMED_FINAL","deepSleepSeconds":12600,"lightSleepSeconds":18600,"awakeSleepSeconds":600,"unmeasurableSeconds":0,"retro":false},{"sleepStartTimestampGMT":"2019-06-25T03:48:00.0","sleepEndTimestampGMT":"2019-06-25T07:53:00.0","calendarDate":"2019-06-25","sleepWindowConfirmationType":"AUTO_CONFIRMED_FINAL","deepSleepSeconds":4920,"lightSleepSeconds":9240,"awakeSleepSeconds":540,"unmeasurableSeconds":0,"retro":false},{"sleepStartTimestampGMT":"2019-06-25T21:18:00.0","sleepEndTimestampGMT":"2019-06-26T06:13:00.0","calendarDate":"2019-06-26","sleepWindowConfirmationType":"AUTO_CONFIRMED_FINAL","deepSleepSeconds":16440,"lightSleepSeconds":13500,"awakeSleepSeconds":2160,"unmeasurableSeconds":0,"retro":false},{"sleepStartTimestampGMT":"2019-06-26T21:57:00.0","sleepEndTimestampGMT":"2019-06-27T06:36:00.0","calendarDate":"2019-06-27","sleepWindowConfirmationType":"AUTO_CONFIRMED_FINAL","deepSleepSeconds":12120,"lightSleepSeconds":18540,"awakeSleepSeconds":480,"unmeasurableSeconds":0,"retro":false},{"sleepStartTimestampGMT":"2019-06-27T21:45:00.0","sleepEndTimestampGMT":"2019-06-28T06:11:00.0","calendarDate":"2019-06-28","sleepWindowConfirmationType":"AUTO_CONFIRMED_FINAL","deepSleepSeconds":12960,"lightSleepSeconds":16680,"awakeSleepSeconds":720,"unmeasurableSeconds":0,"retro":false},{"sleepStartTimestampGMT":"2019-06-28T22:24:00.0","sleepEndTimestampGMT":"2019-06-29T07:26:00.0","calendarDate":"2019-06-29","sleepWindowConfirmationType":"AUTO_CONFIRMED_FINAL","deepSleepSeconds":11280,"lightSleepSeconds":20580,"awakeSleepSeconds":660,"unmeasurableSeconds":0,"retro":false},{"sleepStartTimestampGMT":"2019-06-29T23:21:00.0","sleepEndTimestampGMT":"2019-06-30T07:49:00.0","calendarDate":"2019-06-30","sleepWindowConfirmationType":"AUTO_CONFIRMED_FINAL","deepSleepSeconds":11640,"lightSleepSeconds":18180,"awakeSleepSeconds":660,"unmeasurableSeconds":0,"retro":false},{"sleepStartTimestampGMT":"2019-06-30T22:26:00.0","sleepEndTimestampGMT":"2019-07-01T07:05:00.0","calendarDate":"2019-07-01","sleepWindowConfirmationType":"AUTO_CONFIRMED_FINAL","deepSleepSeconds":14400,"lightSleepSeconds":16200,"awakeSleepSeconds":540,"unmeasurableSeconds":0,"retro":false},{"sleepStartTimestampGMT":"2019-07-01T21:37:00.0","sleepEndTimestampGMT":"2019-07-02T06:24:00.0","calendarDate":"2019-07-02","sleepWindowConfirmationType":"AUTO_CONFIRMED_FINAL","deepSleepSeconds":15060,"lightSleepSeconds":16140,"awakeSleepSeconds":420,"unmeasurableSeconds":0,"retro":false},{"sleepStartTimestampGMT":"2019-07-02T22:56:00.0","sleepEndTimestampGMT":"2019-07-03T05:24:00.0","calendarDate":"2019-07-03","sleepWindowConfirmationType":"AUTO_CONFIRMED_FINAL","deepSleepSeconds":13080,"lightSleepSeconds":9540,"awakeSleepSeconds":660,"unmeasurableSeconds":0,"retro":false},{"sleepStartTimestampGMT":"2019-07-03T21:46:00.0","sleepEndTimestampGMT":"2019-07-04T03:29:00.0","calendarDate":"2019-07-04","sleepWindowConfirmationType":"AUTO_CONFIRMED_FINAL","deepSleepSeconds":7260,"lightSleepSeconds":12960,"awakeSleepSeconds":360,"unmeasurableSeconds":0,"retro":false},{"sleepStartTimestampGMT":"2019-07-04T20:16:00.0","sleepEndTimestampGMT":"2019-07-05T06:37:00.0","calendarDate":"2019-07-05","sleepWindowConfirmationType":"AUTO_CONFIRMED_FINAL","deepSleepSeconds":18420,"lightSleepSeconds":17220,"awakeSleepSeconds":1620,"unmeasurableSeconds":0,"retro":false},{"sleepStartTimestampGMT":"2019-07-05T20:57:00.0","sleepEndTimestampGMT":"2019-07-06T06:13:00.0","calendarDate":"2019-07-06","sleepWindowConfirmationType":"AUTO_CONFIRMED_FINAL","deepSleepSeconds":9900,"lightSleepSeconds":22440,"awakeSleepSeconds":1020,"unmeasurableSeconds":0,"retro":false},{"sleepStartTimestampGMT":"2019-07-06T22:34:00.0","sleepEndTimestampGMT":"2019-07-07T07:05:00.0","calendarDate":"2019-07-07","sleepWindowConfirmationType":"AUTO_CONFIRMED_FINAL","deepSleepSeconds":12180,"lightSleepSeconds":17760,"awakeSleepSeconds":720,"unmeasurableSeconds":0,"retro":false},{"sleepStartTimestampGMT":"2019-07-07T21:37:00.0","sleepEndTimestampGMT":"2019-07-08T06:19:00.0","calendarDate":"2019-07-08","sleepWindowConfirmationType":"AUTO_CONFIRMED_FINAL","deepSleepSeconds":14940,"lightSleepSeconds":16200,"awakeSleepSeconds":180,"unmeasurableSeconds":0,"retro":false},{"sleepStartTimestampGMT":"2019-07-08T21:32:00.0","sleepEndTimestampGMT":"2019-07-09T05:31:00.0","calendarDate":"2019-07-09","sleepWindowConfirmationType":"AUTO_CONFIRMED_FINAL","deepSleepSeconds":12960,"lightSleepSeconds":15360,"awakeSleepSeconds":420,"unmeasurableSeconds":0,"retro":false},{"sleepStartTimestampGMT":"2019-07-09T22:06:00.0","sleepEndTimestampGMT":"2019-07-10T05:31:00.0","calendarDate":"2019-07-10","sleepWindowConfirmationType":"AUTO_CONFIRMED_FINAL","deepSleepSeconds":10980,"lightSleepSeconds":15060,"awakeSleepSeconds":660,"unmeasurableSeconds":0,"retro":false},{"sleepStartTimestampGMT":"2019-07-10T22:43:00.0","sleepEndTimestampGMT":"2019-07-11T05:15:00.0","calendarDate":"2019-07-11","sleepWindowConfirmationType":"AUTO_CONFIRMED_FINAL","deepSleepSeconds":6720,"lightSleepSeconds":16380,"awakeSleepSeconds":420,"unmeasurableSeconds":0,"retro":false},{"sleepStartTimestampGMT":"2019-07-11T21:45:00.0","sleepEndTimestampGMT":"2019-07-12T06:01:00.0","calendarDate":"2019-07-12","sleepWindowConfirmationType":"AUTO_CONFIRMED_FINAL","deepSleepSeconds":12900,"lightSleepSeconds":16140,"awakeSleepSeconds":720,"unmeasurableSeconds":0,"retro":false},{"sleepStartTimestampGMT":"2019-07-12T22:20:00.0","sleepEndTimestampGMT":"2019-07-13T07:13:00.0","calendarDate":"2019-07-13","sleepWindowConfirmationType":"AUTO_CONFIRMED_FINAL","deepSleepSeconds":9960,"lightSleepSeconds":21780,"awakeSleepSeconds":240,"unmeasurableSeconds":0,"retro":false},{"sleepStartTimestampGMT":"2019-07-13T23:37:00.0","sleepEndTimestampGMT":"2019-07-14T08:22:00.0","calendarDate":"2019-07-14","sleepWindowConfirmationType":"AUTO_CONFIRMED_FINAL","deepSleepSeconds":13320,"lightSleepSeconds":17100,"awakeSleepSeconds":1080,"unmeasurableSeconds":0,"retro":false},{"sleepStartTimestampGMT":"2019-07-14T22:36:00.0","sleepEndTimestampGMT":"2019-07-15T05:58:00.0","calendarDate":"2019-07-15","sleepWindowConfirmationType":"AUTO_CONFIRMED_FINAL","deepSleepSeconds":8580,"lightSleepSeconds":17340,"awakeSleepSeconds":600,"unmeasurableSeconds":0,"retro":false},{"sleepStartTimestampGMT":"2019-07-15T22:46:00.0","sleepEndTimestampGMT":"2019-07-16T06:04:00.0","calendarDate":"2019-07-16","sleepWindowConfirmationType":"AUTO_CONFIRMED_FINAL","deepSleepSeconds":8700,"lightSleepSeconds":16860,"awakeSleepSeconds":720,"unmeasurableSeconds":0,"retro":false},{"sleepStartTimestampGMT":"2019-07-16T22:38:00.0","sleepEndTimestampGMT":"2019-07-17T06:01:00.0","calendarDate":"2019-07-17","sleepWindowConfirmationType":"AUTO_CONFIRMED_FINAL","deepSleepSeconds":12540,"lightSleepSeconds":13500,"awakeSleepSeconds":540,"unmeasurableSeconds":0,"retro":false},{"sleepStartTimestampGMT":"2019-07-17T22:58:00.0","sleepEndTimestampGMT":"2019-07-18T07:32:00.0","calendarDate":"2019-07-18","sleepWindowConfirmationType":"AUTO_CONFIRMED_FINAL","deepSleepSeconds":16800,"lightSleepSeconds":12660,"awakeSleepSeconds":1380,"unmeasurableSeconds":0,"retro":false},{"sleepStartTimestampGMT":"2019-07-18T23:30:00.0","sleepEndTimestampGMT":"2019-07-19T06:29:00.0","calendarDate":"2019-07-19","sleepWindowConfirmationType":"AUTO_CONFIRMED_FINAL","deepSleepSeconds":12000,"lightSleepSeconds":12840,"awakeSleepSeconds":300,"unmeasurableSeconds":0,"retro":false},{"sleepStartTimestampGMT":"2019-07-19T22:55:00.0","sleepEndTimestampGMT":"2019-07-20T08:40:00.0","calendarDate":"2019-07-20","sleepWindowConfirmationType":"AUTO_CONFIRMED_FINAL","deepSleepSeconds":8340,"lightSleepSeconds":25200,"awakeSleepSeconds":1560,"unmeasurableSeconds":0,"retro":false},{"sleepStartTimestampGMT":"2019-07-20T23:37:00.0","sleepEndTimestampGMT":"2019-07-21T09:02:00.0","calendarDate":"2019-07-21","sleepWindowConfirmationType":"AUTO_CONFIRMED_FINAL","deepSleepSeconds":7020,"lightSleepSeconds":26100,"awakeSleepSeconds":780,"unmeasurableSeconds":0,"retro":false},{"sleepStartTimestampGMT":"2019-07-21T23:04:00.0","sleepEndTimestampGMT":"2019-07-22T03:54:00.0","calendarDate":"2019-07-22","sleepWindowConfirmationType":"AUTO_CONFIRMED_FINAL","deepSleepSeconds":6060,"lightSleepSeconds":10800,"awakeSleepSeconds":540,"unmeasurableSeconds":0,"retro":false},{"sleepStartTimestampGMT":"2019-07-22T22:20:00.0","sleepEndTimestampGMT":"2019-07-23T06:01:00.0","calendarDate":"2019-07-23","sleepWindowConfirmationType":"AUTO_CONFIRMED_FINAL","deepSleepSeconds":12000,"lightSleepSeconds":15120,"awakeSleepSeconds":540,"unmeasurableSeconds":0,"retro":false},{"sleepStartTimestampGMT":"2019-07-23T23:02:00.0","sleepEndTimestampGMT":"2019-07-24T07:42:00.0","calendarDate":"2019-07-24","sleepWindowConfirmationType":"AUTO_CONFIRMED_FINAL","deepSleepSeconds":13800,"lightSleepSeconds":16980,"awakeSleepSeconds":420,"unmeasurableSeconds":0,"retro":false},{"sleepStartTimestampGMT":"2019-07-24T22:07:00.0","sleepEndTimestampGMT":"2019-07-25T05:23:00.0","calendarDate":"2019-07-25","sleepWindowConfirmationType":"AUTO_CONFIRMED_FINAL","deepSleepSeconds":5400,"lightSleepSeconds":19200,"awakeSleepSeconds":1560,"unmeasurableSeconds":0,"retro":false},{"sleepStartTimestampGMT":"2019-07-25T22:50:00.0","sleepEndTimestampGMT":"2019-07-26T05:28:00.0","calendarDate":"2019-07-26","sleepWindowConfirmationType":"AUTO_CONFIRMED_FINAL","deepSleepSeconds":7440,"lightSleepSeconds":15600,"awakeSleepSeconds":840,"unmeasurableSeconds":0,"retro":false},{"sleepStartTimestampGMT":"2019-07-26T23:21:00.0","sleepEndTimestampGMT":"2019-07-27T06:50:00.0","calendarDate":"2019-07-27","sleepWindowConfirmationType":"AUTO_CONFIRMED_FINAL","deepSleepSeconds":9300,"lightSleepSeconds":17340,"awakeSleepSeconds":300,"unmeasurableSeconds":0,"retro":false},{"sleepStartTimestampGMT":"2019-07-27T23:30:00.0","sleepEndTimestampGMT":"2019-07-28T07:13:00.0","calendarDate":"2019-07-28","sleepWindowConfirmationType":"AUTO_CONFIRMED_FINAL","deepSleepSeconds":9960,"lightSleepSeconds":16620,"awakeSleepSeconds":1200,"unmeasurableSeconds":0,"retro":false},{"sleepStartTimestampGMT":"2019-07-28T22:42:00.0","sleepEndTimestampGMT":"2019-07-29T05:31:00.0","calendarDate":"2019-07-29","sleepWindowConfirmationType":"AUTO_CONFIRMED_FINAL","deepSleepSeconds":9420,"lightSleepSeconds":14640,"awakeSleepSeconds":480,"unmeasurableSeconds":0,"retro":false},{"sleepStartTimestampGMT":"2019-07-29T21:30:00.0","sleepEndTimestampGMT":"2019-07-30T06:28:00.0","calendarDate":"2019-07-30","sleepWindowConfirmationType":"AUTO_CONFIRMED_FINAL","deepSleepSeconds":12300,"lightSleepSeconds":19680,"awakeSleepSeconds":300,"unmeasurableSeconds":0,"retro":false},{"sleepStartTimestampGMT":"2019-07-30T22:22:00.0","sleepEndTimestampGMT":"2019-07-31T06:02:00.0","calendarDate":"2019-07-31","sleepWindowConfirmationType":"AUTO_CONFIRMED_FINAL","deepSleepSeconds":8940,"lightSleepSeconds":18180,"awakeSleepSeconds":480,"unmeasurableSeconds":0,"retro":false},{"sleepStartTimestampGMT":"2019-07-31T22:14:00.0","sleepEndTimestampGMT":"2019-08-01T06:05:00.0","calendarDate":"2019-08-01","sleepWindowConfirmationType":"AUTO_CONFIRMED_FINAL","deepSleepSeconds":9900,"lightSleepSeconds":18240,"awakeSleepSeconds":120,"unmeasurableSeconds":0,"retro":false},{"sleepStartTimestampGMT":"2019-08-02T00:10:00.0","sleepEndTimestampGMT":"2019-08-02T07:11:00.0","calendarDate":"2019-08-02","sleepWindowConfirmationType":"AUTO_CONFIRMED_FINAL","deepSleepSeconds":7320,"lightSleepSeconds":17940,"awakeSleepSeconds":0,"unmeasurableSeconds":0,"retro":false},{"sleepStartTimestampGMT":"2019-08-02T19:31:00.0","sleepEndTimestampGMT":"2019-08-03T09:21:00.0","calendarDate":"2019-08-03","sleepWindowConfirmationType":"OFF_WRIST","deepSleepSeconds":0,"lightSleepSeconds":0,"awakeSleepSeconds":0,"unmeasurableSeconds":0,"retro":false},{"sleepStartTimestampGMT":"2019-08-03T22:14:00.0","sleepEndTimestampGMT":"2019-08-04T07:40:00.0","calendarDate":"2019-08-04","sleepWindowConfirmationType":"AUTO_CONFIRMED_FINAL","deepSleepSeconds":8520,"lightSleepSeconds":24000,"awakeSleepSeconds":1440,"unmeasurableSeconds":0,"retro":false},{"sleepStartTimestampGMT":"2019-08-04T21:41:00.0","sleepEndTimestampGMT":"2019-08-05T04:00:00.0","calendarDate":"2019-08-05","sleepWindowConfirmationType":"AUTO_CONFIRMED_FINAL","deepSleepSeconds":6720,"lightSleepSeconds":15540,"awakeSleepSeconds":480,"unmeasurableSeconds":0,"retro":false},{"sleepStartTimestampGMT":"2019-08-05T22:09:00.0","sleepEndTimestampGMT":"2019-08-06T06:01:00.0","calendarDate":"2019-08-06","sleepWindowConfirmationType":"AUTO_CONFIRMED_FINAL","deepSleepSeconds":11940,"lightSleepSeconds":15780,"awakeSleepSeconds":600,"unmeasurableSeconds":0,"retro":false},{"sleepStartTimestampGMT":"2019-08-06T21:26:00.0","sleepEndTimestampGMT":"2019-08-07T05:31:00.0","calendarDate":"2019-08-07","sleepWindowConfirmationType":"AUTO_CONFIRMED_FINAL","deepSleepSeconds":14760,"lightSleepSeconds":13800,"awakeSleepSeconds":540,"unmeasurableSeconds":0,"retro":false},{"sleepStartTimestampGMT":"2019-08-07T21:29:00.0","sleepEndTimestampGMT":"2019-08-08T05:03:00.0","calendarDate":"2019-08-08","sleepWindowConfirmationType":"AUTO_CONFIRMED_FINAL","deepSleepSeconds":8760,"lightSleepSeconds":18000,"awakeSleepSeconds":480,"unmeasurableSeconds":0,"retro":false},{"sleepStartTimestampGMT":"2019-08-08T21:36:00.0","sleepEndTimestampGMT":"2019-08-09T05:30:00.0","calendarDate":"2019-08-09","sleepWindowConfirmationType":"AUTO_CONFIRMED_FINAL","deepSleepSeconds":11580,"lightSleepSeconds":16500,"awakeSleepSeconds":360,"unmeasurableSeconds":0,"retro":false},{"sleepStartTimestampGMT":"2019-08-09T23:04:00.0","sleepEndTimestampGMT":"2019-08-10T09:17:00.0","calendarDate":"2019-08-10","sleepWindowConfirmationType":"AUTO_CONFIRMED_FINAL","deepSleepSeconds":15660,"lightSleepSeconds":19200,"awakeSleepSeconds":1920,"unmeasurableSeconds":0,"retro":false},{"sleepStartTimestampGMT":"2019-08-10T22:40:00.0","sleepEndTimestampGMT":"2019-08-11T06:43:00.0","calendarDate":"2019-08-11","sleepWindowConfirmationType":"AUTO_CONFIRMED_FINAL","deepSleepSeconds":12360,"lightSleepSeconds":16140,"awakeSleepSeconds":480,"unmeasurableSeconds":0,"retro":false},{"sleepStartTimestampGMT":"2019-08-11T22:23:00.0","sleepEndTimestampGMT":"2019-08-12T05:35:00.0","calendarDate":"2019-08-12","sleepWindowConfirmationType":"AUTO_CONFIRMED_FINAL","deepSleepSeconds":9300,"lightSleepSeconds":16440,"awakeSleepSeconds":180,"unmeasurableSeconds":0,"retro":false},{"sleepStartTimestampGMT":"2019-08-12T22:22:00.0","sleepEndTimestampGMT":"2019-08-13T06:33:00.0","calendarDate":"2019-08-13","sleepWindowConfirmationType":"AUTO_CONFIRMED_FINAL","deepSleepSeconds":12240,"lightSleepSeconds":16440,"awakeSleepSeconds":780,"unmeasurableSeconds":0,"retro":false},{"sleepStartTimestampGMT":"2019-08-13T22:27:00.0","sleepEndTimestampGMT":"2019-08-14T05:30:00.0","calendarDate":"2019-08-14","sleepWindowConfirmationType":"AUTO_CONFIRMED_FINAL","deepSleepSeconds":7740,"lightSleepSeconds":16860,"awakeSleepSeconds":780,"unmeasurableSeconds":0,"retro":false},{"sleepStartTimestampGMT":"2019-08-14T21:47:00.0","sleepEndTimestampGMT":"2019-08-15T05:31:00.0","calendarDate":"2019-08-15","sleepWindowConfirmationType":"AUTO_CONFIRMED_FINAL","deepSleepSeconds":9120,"lightSleepSeconds":18120,"awakeSleepSeconds":600,"unmeasurableSeconds":0,"retro":false},{"sleepStartTimestampGMT":"2019-08-15T21:59:00.0","sleepEndTimestampGMT":"2019-08-16T08:04:00.0","calendarDate":"2019-08-16","sleepWindowConfirmationType":"AUTO_CONFIRMED_FINAL","deepSleepSeconds":16380,"lightSleepSeconds":19320,"awakeSleepSeconds":600,"unmeasurableSeconds":0,"retro":false},{"sleepStartTimestampGMT":"2019-08-17T00:13:00.0","sleepEndTimestampGMT":"2019-08-17T09:08:00.0","calendarDate":"2019-08-17","sleepWindowConfirmationType":"OFF_WRIST","deepSleepSeconds":0,"lightSleepSeconds":0,"awakeSleepSeconds":0,"unmeasurableSeconds":0,"retro":false},{"sleepStartTimestampGMT":"2019-08-18T00:36:00.0","sleepEndTimestampGMT":"2019-08-18T08:23:00.0","calendarDate":"2019-08-18","sleepWindowConfirmationType":"AUTO_CONFIRMED_FINAL","deepSleepSeconds":12060,"lightSleepSeconds":15300,"awakeSleepSeconds":660,"unmeasurableSeconds":0,"retro":false},{"sleepStartTimestampGMT":"2019-08-18T23:56:00.0","sleepEndTimestampGMT":"2019-08-19T07:22:00.0","calendarDate":"2019-08-19","sleepWindowConfirmationType":"AUTO_CONFIRMED_FINAL","deepSleepSeconds":11760,"lightSleepSeconds":14160,"awakeSleepSeconds":840,"unmeasurableSeconds":0,"retro":false},{"sleepStartTimestampGMT":"2019-08-20T00:02:00.0","sleepEndTimestampGMT":"2019-08-20T08:10:00.0","calendarDate":"2019-08-20","sleepWindowConfirmationType":"AUTO_CONFIRMED_FINAL","deepSleepSeconds":12060,"lightSleepSeconds":16320,"awakeSleepSeconds":900,"unmeasurableSeconds":0,"retro":false},{"sleepStartTimestampGMT":"2019-08-20T19:49:00.0","sleepEndTimestampGMT":"2019-08-21T05:51:00.0","calendarDate":"2019-08-21","sleepWindowConfirmationType":"AUTO_CONFIRMED_FINAL","deepSleepSeconds":13500,"lightSleepSeconds":19500,"awakeSleepSeconds":3120,"unmeasurableSeconds":0,"retro":false},{"sleepStartTimestampGMT":"2019-08-21T22:10:00.0","sleepEndTimestampGMT":"2019-08-22T05:16:00.0","calendarDate":"2019-08-22","sleepWindowConfirmationType":"AUTO_CONFIRMED_FINAL","deepSleepSeconds":5880,"lightSleepSeconds":19080,"awakeSleepSeconds":600,"unmeasurableSeconds":0,"retro":false},{"sleepStartTimestampGMT":"2019-08-22T21:42:00.0","sleepEndTimestampGMT":"2019-08-23T05:31:00.0","calendarDate":"2019-08-23","sleepWindowConfirmationType":"AUTO_CONFIRMED_FINAL","deepSleepSeconds":9240,"lightSleepSeconds":18600,"awakeSleepSeconds":300,"unmeasurableSeconds":0,"retro":false},{"sleepStartTimestampGMT":"2019-08-23T22:48:00.0","sleepEndTimestampGMT":"2019-08-24T06:53:00.0","calendarDate":"2019-08-24","sleepWindowConfirmationType":"AUTO_CONFIRMED_FINAL","deepSleepSeconds":6720,"lightSleepSeconds":21720,"awakeSleepSeconds":660,"unmeasurableSeconds":0,"retro":false},{"sleepStartTimestampGMT":"2019-08-24T23:27:00.0","sleepEndTimestampGMT":"2019-08-25T06:56:00.0","calendarDate":"2019-08-25","sleepWindowConfirmationType":"AUTO_CONFIRMED_FINAL","deepSleepSeconds":8460,"lightSleepSeconds":17100,"awakeSleepSeconds":1380,"unmeasurableSeconds":0,"retro":false},{"sleepStartTimestampGMT":"2019-08-25T22:39:00.0","sleepEndTimestampGMT":"2019-08-26T06:46:00.0","calendarDate":"2019-08-26","sleepWindowConfirmationType":"AUTO_CONFIRMED_FINAL","deepSleepSeconds":8820,"lightSleepSeconds":19500,"awakeSleepSeconds":900,"unmeasurableSeconds":0,"retro":false},{"sleepStartTimestampGMT":"2019-08-26T21:53:00.0","sleepEndTimestampGMT":"2019-08-27T05:28:00.0","calendarDate":"2019-08-27","sleepWindowConfirmationType":"AUTO_CONFIRMED_FINAL","deepSleepSeconds":7920,"lightSleepSeconds":18840,"awakeSleepSeconds":540,"unmeasurableSeconds":0,"retro":false}]