[{"sleepStartTimestampGMT":"2019-08-27T21:36:00.0","sleepEndTimestampGMT":"2019-08-28T05:53:00.0","calendarDate":"2019-08-28","sleepWindowConfirmationType":"AUTO_CONFIRMED_FINAL","deepSleepSeconds":5580,"lightSleepSeconds":22200,"awakeSleepSeconds":2040,"unmeasurableSeconds":0,"retro":false},{"sleepStartTimestampGMT":"2019-08-28T21:27:00.0","sleepEndTimestampGMT":"2019-08-29T05:45:00.0","calendarDate":"2019-08-29","sleepWindowConfirmationType":"AUTO_CONFIRMED_FINAL","deepSleepSeconds":8280,"lightSleepSeconds":20640,"awakeSleepSeconds":960,"unmeasurableSeconds":0,"retro":false},{"sleepStartTimestampGMT":"2019-08-29T21:59:00.0","sleepEndTimestampGMT":"2019-08-30T05:38:00.0","calendarDate":"2019-08-30","sleepWindowConfirmationType":"AUTO_CONFIRMED_FINAL","deepSleepSeconds":7380,"lightSleepSeconds":19800,"awakeSleepSeconds":360,"unmeasurableSeconds":0,"retro":false},{"sleepStartTimestampGMT":"2019-08-30T22:45:00.0","sleepEndTimestampGMT":"2019-08-31T06:53:00.0","calendarDate":"2019-08-31","sleepWindowConfirmationType":"AUTO_CONFIRMED_FINAL","deepSleepSeconds":12180,"lightSleepSeconds":16140,"awakeSleepSeconds":960,"unmeasurableSeconds":0,"retro":false},{"sleepStartTimestampGMT":"2019-08-31T23:43:00.0","sleepEndTimestampGMT":"2019-09-01T08:40:00.0","calendarDate":"2019-09-01","sleepWindowConfirmationType":"AUTO_CONFIRMED_FINAL","deepSleepSeconds":13080,"lightSleepSeconds":17520,"awakeSleepSeconds":1620,"unmeasurableSeconds":0,"retro":false},{"sleepStartTimestampGMT":"2019-09-01T22:11:00.0","sleepEndTimestampGMT":"2019-09-02T06:05:00.0","calendarDate":"2019-09-02","sleepWindowConfirmationType":"AUTO_CONFIRMED_FINAL","deepSleepSeconds":11100,"lightSleepSeconds":16020,"awakeSleepSeconds":1320,"unmeasurableSeconds":0,"retro":false},{"sleepStartTimestampGMT":"2019-09-02T20:57:00.0","sleepEndTimestampGMT":"2019-09-03T05:46:00.0","calendarDate":"2019-09-03","sleepWindowConfirmationType":"AUTO_CONFIRMED_FINAL","deepSleepSeconds":14040,"lightSleepSeconds":16920,"awakeSleepSeconds":780,"unmeasurableSeconds":0,"retro":false},{"sleepStartTimestampGMT":"2019-09-03T22:01:00.0","sleepEndTimestampGMT":"2019-09-04T05:31:00.0","calendarDate":"2019-09-04","sleepWindowConfirmationType":"AUTO_CONFIRMED_FINAL","deepSleepSeconds":12900,"lightSleepSeconds":13680,"awakeSleepSeconds":420,"unmeasurableSeconds":0,"retro":false},{"sleepStartTimestampGMT":"2019-09-04T21:30:00.0","sleepEndTimestampGMT":"2019-09-05T05:31:00.0","calendarDate":"2019-09-05","sleepWindowConfirmationType":"AUTO_CONFIRMED_FINAL","deepSleepSeconds":11580,"lightSleepSeconds":16440,"awakeSleepSeconds":840,"unmeasurableSeconds":0,"retro":false},{"sleepStartTimestampGMT":"2019-09-05T21:23:00.0","sleepEndTimestampGMT":"2019-09-06T05:55:00.0","calendarDate":"2019-09-06","sleepWindowConfirmationType":"AUTO_CONFIRMED_FINAL","deepSleepSeconds":9540,"lightSleepSeconds":20700,"awakeSleepSeconds":480,"unmeasurableSeconds":0,"retro":false},{"sleepStartTimestampGMT":"2019-09-07T01:06:00.0","sleepEndTimestampGMT":"2019-09-07T08:35:00.0","calendarDate":"2019-09-07","sleepWindowConfirmationType":"AUTO_CONFIRMED_FINAL","deepSleepSeconds":9900,"lightSleepSeconds":14940,"awakeSleepSeconds":2100,"unmeasurableSeconds":0,"retro":false},{"sleepStartTimestampGMT":"2019-09-07T22:36:00.0","sleepEndTimestampGMT":"2019-09-08T08:23:00.0","calendarDate":"2019-09-08","sleepWindowConfirmationType":"AUTO_CONFIRMED_FINAL","deepSleepSeconds":7440,"lightSleepSeconds":26700,"awakeSleepSeconds":1080,"unmeasurableSeconds":0,"retro":false},{"sleepStartTimestampGMT":"2019-09-08T21:57:00.0","sleepEndTimestampGMT":"2019-09-09T05:41:00.0","calendarDate":"2019-09-09","sleepWindowConfirmationType":"AUTO_CONFIRMED_FINAL","deepSleepSeconds":9300,"lightSleepSeconds":18000,"awakeSleepSeconds":540,"unmeasurableSeconds":0,"retro":false},{"sleepStartTimestampGMT":"2019-09-09T22:27:00.0","sleepEndTimestampGMT":"2019-09-10T05:55:00.0","calendarDate":"2019-09-10","sleepWindowConfirmationType":"AUTO_CONFIRMED_FINAL","deepSleepSeconds":7980,"lightSleepSeconds":17820,"awakeSleepSeconds":1080,"unmeasurableSeconds":0,"retro":false},{"sleepStartTimestampGMT":"2019-09-10T21:50:00.0","sleepEndTimestampGMT":"2019-09-11T05:30:00.0","calendarDate":"2019-09-11","sleepWindowConfirmationType":"AUTO_CONFIRMED","deepSleepSeconds":11280,"lightSleepSeconds":15720,"awakeSleepSeconds":600,"unmeasurableSeconds":0,"retro":false},{"sleepStartTimestampGMT":"2019-09-14T00:56:00.0","sleepEndTimestampGMT":"2019-09-14T08:22:00.0","calendarDate":"2019-09-14","sleepWindowConfirmationType":"AUTO_CONFIRMED_FINAL","deepSleepSeconds":11220,"lightSleepSeconds":14880,"awakeSleepSeconds":660,"unmeasurableSeconds":0,"retro":false},{"sleepStartTimestampGMT":"2019-09-15T05:44:00.0","sleepEndTimestampGMT":"2019-09-15T12:11:00.0","calendarDate":"2019-09-15","sleepWindowConfirmationType":"AUTO_CONFIRMED_FINAL","deepSleepSeconds":6000,"lightSleepSeconds":16500,"awakeSleepSeconds":720,"unmeasurableSeconds":0,"retro":false},{"sleepStartTimestampGMT":"2019-09-15T22:11:00.0","sleepEndTimestampGMT":"2019-09-16T05:55:00.0","calendarDate":"2019-09-16","sleepWindowConfirmationType":"AUTO_CONFIRMED_FINAL","deepSleepSeconds":5520,"lightSleepSeconds":21840,"awakeSleepSeconds":480,"unmeasurableSeconds":0,"retro":false},{"sleepStartTimestampGMT":"2019-09-16T21:36:00.0","sleepEndTimestampGMT":"2019-09-17T06:31:00.0","calendarDate":"2019-09-17","sleepWindowConfirmationType":"AUTO_CONFIRMED_FINAL","deepSleepSeconds":16140,"lightSleepSeconds":13680,"awakeSleepSeconds":2280,"unmeasurableSeconds":0,"retro":false},{"sleepStartTimestampGMT":"2019-09-17T22:52:00.0","sleepEndTimestampGMT":"2019-09-18T05:11:00.0","calendarDate":"2019-09-18","sleepWindowConfirmationType":"AUTO_CONFIRMED_FINAL","deepSleepSeconds":9960,"lightSleepSeconds":12300,"awakeSleepSeconds":480,"unmeasurableSeconds":0,"retro":false},{"sleepStartTimestampGMT":"2019-09-18T22:14:00.0","sleepEndTimestampGMT":"2019-09-19T05:20:00.0","calendarDate":"2019-09-19","sleepWindowConfirmationType":"AUTO_CONFIRMED_FINAL","deepSleepSeconds":7740,"lightSleepSeconds":17400,"awakeSleepSeconds":420,"unmeasurableSeconds":0,"retro":false},{"sleepStartTimestampGMT":"2019-09-19T22:00:00.0","sleepEndTimestampGMT":"2019-09-20T06:13:00.0","calendarDate":"2019-09-20","sleepWindowConfirmationType":"AUTO_CONFIRMED_FINAL","deepSleepSeconds":5460,"lightSleepSeconds":23580,"awakeSleepSeconds":540,"unmeasurableSeconds":0,"retro":false},{"sleepStartTimestampGMT":"2019-09-20T23:03:00.0","sleepEndTimestampGMT":"2019-09-21T07:40:00.0","calendarDate":"2019-09-21","sleepWindowConfirmationType":"AUTO_CONFIRMED_FINAL","deepSleepSeconds":8100,"lightSleepSeconds":22200,"awakeSleepSeconds":720,"unmeasurableSeconds":0,"retro":false},{"sleepStartTimestampGMT":"2019-09-21T22:20:00.0","sleepEndTimestampGMT":"2019-09-22T06:42:00.0","calendarDate":"2019-09-22","sleepWindowConfirmationType":"AUTO_CONFIRMED_FINAL","deepSleepSeconds":7080,"lightSleepSeconds":22440,"awakeSleepSeconds":600,"unmeasurableSeconds":0,"retro":false},{"sleepStartTimestampGMT":"2019-09-22T21:46:00.0","sleepEndTimestampGMT":"2019-09-23T06:17:00.0","calendarDate":"2019-09-23","sleepWindowConfirmationType":"AUTO_CONFIRMED_FINAL","deepSleepSeconds":12720,"lightSleepSeconds":17280,"awakeSleepSeconds":660,"unmeasurableSeconds":0,"retro":false},{"sleepStartTimestampGMT":"2019-09-23T22:52:00.0","sleepEndTimestampGMT":"2019-09-24T06:57:00.0","calendarDate":"2019-09-24","sleepWindowConfirmationType":"AUTO_CONFIRMED_FINAL","deepSleepSeconds":7020,"lightSleepSeconds":21300,"awakeSleepSeconds":780,"unmeasurableSeconds":0,"retro":false},{"sleepStartTimestampGMT":"2019-09-24T22:48:00.0","sleepEndTimestampGMT":"2019-09-25T06:08:00.0","calendarDate":"2019-09-25","sleepWindowConfirmationType":"AUTO_CONFIRMED_FINAL","deepSleepSeconds":11220,"lightSleepSeconds":14460,"awakeSleepSeconds":720,"unmeasurableSeconds":0,"retro":false},{"sleepStartTimestampGMT":"2019-09-26T04:01:00.0","sleepEndTimestampGMT":"2019-09-26T10:59:00.0","calendarDate":"2019-09-26","sleepWindowConfirmationType":"OFF_WRIST","deepSleepSeconds":0,"lightSleepSeconds":0,"awakeSleepSeconds":0,"unmeasurableSeconds":0,"retro":false},{"sleepStartTimestampGMT":"2019-09-26T22:56:00.0","sleepEndTimestampGMT":"2019-09-27T06:36:00.0","calendarDate":"2019-09-27","sleepWindowConfirmationType":"AUTO_CONFIRMED_FINAL","deepSleepSeconds":13680,"lightSleepSeconds":12540,"awakeSleepSeconds":1380,"unmeasurableSeconds":0,"retro":false},{"sleepStartTimestampGMT":"2019-09-27T18:02:00.0","sleepEndTimestampGMT":"2019-09-28T10:21:00.0","calendarDate":"2019-09-28","sleepWindowConfirmationType":"OFF_WRIST","deepSleepSeconds":0,"lightSleepSeconds":0,"awakeSleepSeconds":0,"unmeasurableSeconds":0,"retro":false},{"sleepStartTimestampGMT":"2019-09-28T21:39:00.0","sleepEndTimestampGMT":"2019-09-29T05:49:00.0","calendarDate":"2019-09-29","sleepWindowConfirmationType":"OFF_WRIST","deepSleepSeconds":0,"lightSleepSeconds":0,"awakeSleepSeconds":0,"unmeasurableSeconds":0,"retro":false},{"sleepStartTimestampGMT":"2019-09-29T22:27:00.0","sleepEndTimestampGMT":"2019-09-30T07:09:00.0","calendarDate":"2019-09-30","sleepWindowConfirmationType":"AUTO_CONFIRMED_FINAL","deepSleepSeconds":13860,"lightSleepSeconds":16920,"awakeSleepSeconds":540,"unmeasurableSeconds":0,"retro":false},{"sleepStartTimestampGMT":"2019-09-30T23:51:00.0","sleepEndTimestampGMT":"2019-10-01T07:42:00.0","calendarDate":"2019-10-01","sleepWindowConfirmationType":"AUTO_CONFIRMED_FINAL","deepSleepSeconds":8640,"lightSleepSeconds":19140,"awakeSleepSeconds":480,"unmeasurableSeconds":0,"retro":false},{"sleepStartTimestampGMT":"2019-10-01T22:43:00.0","sleepEndTimestampGMT":"2019-10-02T03:56:00.0","calendarDate":"2019-10-02","sleepWindowConfirmationType":"AUTO_CONFIRMED_FINAL","deepSleepSeconds":5400,"lightSleepSeconds":12960,"awakeSleepSeconds":420,"unmeasurableSeconds":0,"retro":false},{"sleepStartTimestampGMT":"2019-10-02T21:00:00.0","sleepEndTimestampGMT":"2019-10-03T03:56:00.0","calendarDate":"2019-10-03","sleepWindowConfirmationType":"AUTO_CONFIRMED_FINAL","deepSleepSeconds":6000,"lightSleepSeconds":18360,"awakeSleepSeconds":600,"unmeasurableSeconds":0,"retro":false},{"sleepStartTimestampGMT":"2019-10-03T21:43:00.0","sleepEndTimestampGMT":"2019-10-04T06:25:00.0","calendarDate":"2019-10-04","sleepWindowConfirmationType":"AUTO_CONFIRMED_FINAL","deepSleepSeconds":7560,"lightSleepSeconds":22980,"awakeSleepSeconds":780,"unmeasurableSeconds":0,"retro":false},{"sleepStartTimestampGMT":"2019-10-04T21:20:00.0","sleepEndTimestampGMT":"2019-10-05T06:24:00.0","calendarDate":"2019-10-05","sleepWindowConfirmationType":"AUTO_CONFIRMED_FINAL","deepSleepSeconds":16680,"lightSleepSeconds":15240,"awakeSleepSeconds":720,"unmeasurableSeconds":0,"retro":false},{"sleepStartTimestampGMT":"2019-10-05T20:35:00.0","sleepEndTimestampGMT":"2019-10-06T04:18:00.0","calendarDate":"2019-10-06","sleepWindowConfirmationType":"AUTO_CONFIRMED_FINAL","deepSleepSeconds":3840,"lightSleepSeconds":21540,"awakeSleepSeconds":2400,"unmeasurableSeconds":0,"retro":false},{"sleepStartTimestampGMT":"2019-10-06T23:00:00.0","sleepEndTimestampGMT":"2019-10-07T06:01:00.0","calendarDate":"2019-10-07","sleepWindowConfirmationType":"AUTO_CONFIRMED_FINAL","deepSleepSeconds":11460,"lightSleepSeconds":13200,"awakeSleepSeconds":600,"unmeasurableSeconds":0,"retro":false},{"sleepStartTimestampGMT":"2019-10-07T22:36:00.0","sleepEndTimestampGMT":"2019-10-08T06:48:00.0","calendarDate":"2019-10-08","sleepWindowConfirmationType":"AUTO_CONFIRMED","deepSleepSeconds":11460,"lightSleepSeconds":17100,"awakeSleepSeconds":960,"unmeasurableSeconds":0,"retro":false},{"sleepStartTimestampGMT":"2019-10-23T23:01:00.0","sleepEndTimestampGMT":"2019-10-24T05:31:00.0","calendarDate":"2019-10-24","sleepWindowConfirmationType":"AUTO_CONFIRMED_FINAL","deepSleepSeconds":10260,"lightSleepSeconds":12600,"awakeSleepSeconds":540,"unmeasurableSeconds":0,"retro":false},{"sleepStartTimestampGMT":"2019-10-24T23:44:00.0","sleepEndTimestampGMT":"2019-10-25T06:54:00.0","calendarDate":"2019-10-25","sleepWindowConfirmationType":"AUTO_CONFIRMED_FINAL","deepSleepSeconds":9600,"lightSleepSeconds":16200,"awakeSleepSeconds":0,"unmeasurableSeconds":0,"retro":false},{"sleepStartTimestampGMT":"2019-10-26T00:45:00.0","sleepEndTimestampGMT":"2019-10-26T08:33:00.0","calendarDate":"2019-10-26","sleepWindowConfirmationType":"AUTO_CONFIRMED_FINAL","deepSleepSeconds":11280,"lightSleepSeconds":16260,"awakeSleepSeconds":540,"unmeasurableSeconds":0,"retro":false},{"sleepStartTimestampGMT":"2019-10-27T02:01:00.0","sleepEndTimestampGMT":"2019-10-27T07:35:00.0","calendarDate":"2019-10-27","sleepWindowConfirmationType":"AUTO_CONFIRMED_FINAL","deepSleepSeconds":7320,"lightSleepSeconds":12120,"awakeSleepSeconds":600,"unmeasurableSeconds":0,"retro":false},{"sleepStartTimestampGMT":"2019-10-28T01:00:00.0","sleepEndTimestampGMT":"2019-10-28T07:20:00.0","calendarDate":"2019-10-28","sleepWindowConfirmationType":"AUTO_CONFIRMED_FINAL","deepSleepSeconds":9300,"lightSleepSeconds":12660,"awakeSleepSeconds":840,"unmeasurableSeconds":0,"retro":false},{"sleepStartTimestampGMT":"2019-10-29T01:07:00.0","sleepEndTimestampGMT":"2019-10-29T08:14:00.0","calendarDate":"2019-10-29","sleepWindowConfirmationType":"AUTO_CONFIRMED_FINAL","deepSleepSeconds":11640,"lightSleepSeconds":13440,"awakeSleepSeconds":540,"unmeasurableSeconds":0,"retro":false},{"sleepStartTimestampGMT":"2019-10-29T22:38:00.0","sleepEndTimestampGMT":"2019-10-30T07:57:00.0","calendarDate":"2019-10-30","sleepWindowConfirmationType":"AUTO_CONFIRMED_FINAL","deepSleepSeconds":12060,"lightSleepSeconds":19380,"awakeSleepSeconds":2100,"unmeasurableSeconds":0,"retro":false},{"sleepStartTimestampGMT":"2019-10-30T23:48:00.0","sleepEndTimestampGMT":"2019-10-31T06:46:00.0","calendarDate":"2019-10-31","sleepWindowConfirmationType":"AUTO_CONFIRMED_FINAL","deepSleepSeconds":9840,"lightSleepSeconds":14700,"awakeSleepSeconds":540,"unmeasurableSeconds":0,"retro":false},{"sleepStartTimestampGMT":"2019-10-31T22:42:00.0","sleepEndTimestampGMT":"2019-11-01T13:41:00.0","calendarDate":"2019-11-01","sleepWindowConfirmationType":"OFF_WRIST","deepSleepSeconds":0,"lightSleepSeconds":0,"awakeSleepSeconds":0,"unmeasurableSeconds":0,"retro":false},{"sleepStartTimestampGMT":"2019-11-01T20:37:00.0","sleepEndTimestampGMT":"2019-11-02T10:30:00.0","calendarDate":"2019-11-02","sleepWindowConfirmationType":"OFF_WRIST","deepSleepSeconds":0,"lightSleepSeconds":0,"awakeSleepSeconds":0,"unmeasurableSeconds":0,"retro":false},{"sleepStartTimestampGMT":"2019-11-03T00:08:00.0","sleepEndTimestampGMT":"2019-11-03T09:28:00.0","calendarDate":"2019-11-03","sleepWindowConfirmationType":"AUTO_CONFIRMED_FINAL","deepSleepSeconds":13080,"lightSleepSeconds":20040,"awakeSleepSeconds":480,"unmeasurableSeconds":0,"retro":false},{"sleepStartTimestampGMT":"2019-11-03T22:45:00.0","sleepEndTimestampGMT":"2019-11-04T07:36:00.0","calendarDate":"2019-11-04","sleepWindowConfirmationType":"AUTO_CONFIRMED_FINAL","deepSleepSeconds":11940,"lightSleepSeconds":18780,"awakeSleepSeconds":1140,"unmeasurableSeconds":0,"retro":false},{"sleepStartTimestampGMT":"2019-11-04T23:41:00.0","sleepEndTimestampGMT":"2019-11-05T06:54:00.0","calendarDate":"2019-11-05","sleepWindowConfirmationType":"AUTO_CONFIRMED_FINAL","deepSleepSeconds":9960,"lightSleepSeconds":15660,"awakeSleepSeconds":360,"unmeasurableSeconds":0,"retro":false},{"sleepStartTimestampGMT":"2019-11-06T00:13:00.0","sleepEndTimestampGMT":"2019-11-06T07:18:00.0","calendarDate":"2019-11-06","sleepWindowConfirmationType":"AUTO_CONFIRMED_FINAL","deepSleepSeconds":9120,"lightSleepSeconds":14760,"awakeSleepSeconds":1620,"unmeasurableSeconds":0,"retro":false},{"sleepStartTimestampGMT":"2019-11-07T00:15:00.0","sleepEndTimestampGMT":"2019-11-07T06:51:00.0","calendarDate":"2019-11-07","sleepWindowConfirmationType":"AUTO_CONFIRMED_FINAL","deepSleepSeconds":5460,"lightSleepSeconds":17700,"awakeSleepSeconds":600,"unmeasurableSeconds":0,"retro":false},{"sleepStartTimestampGMT":"2019-11-08T00:05:00.0","sleepEndTimestampGMT":"2019-11-08T07:55:00.0","calendarDate":"2019-11-08","sleepWindowConfirmationType":"AUTO_CONFIRMED_FINAL","deepSleepSeconds":14760,"lightSleepSeconds":12780,"awakeSleepSeconds":660,"unmeasurableSeconds":0,"retro":false},{"sleepStartTimestampGMT":"2019-11-09T01:02:00.0","sleepEndTimestampGMT":"2019-11-09T08:56:00.0","calendarDate":"2019-11-09","sleepWindowConfirmationType":"AUTO_CONFIRMED_FINAL","deepSleepSeconds":9840,"lightSleepSeconds":16680,"awakeSleepSeconds":1920,"unmeasurableSeconds":0,"retro":false},{"sleepStartTimestampGMT":"2019-11-09T23:58:00.0","sleepEndTimestampGMT":"2019-11-10T08:50:00.0","calendarDate":"2019-11-10","sleepWindowConfirmationType":"AUTO_CONFIRMED_FINAL","deepSleepSeconds":9000,"lightSleepSeconds":22380,"awakeSleepSeconds":540,"unmeasurableSeconds":0,"retro":false},{"sleepStartTimestampGMT":"2019-11-11T00:21:00.0","sleepEndTimestampGMT":"2019-11-11T08:30:00.0","calendarDate":"2019-11-11","sleepWindowConfirmationType":"AUTO_CONFIRMED_FINAL","deepSleepSeconds":8340,"lightSleepSeconds":19560,"awakeSleepSeconds":1440,"unmeasurableSeconds":0,"retro":false},{"sleepStartTimestampGMT":"2019-11-11T23:45:00.0","sleepEndTimestampGMT":"2019-11-12T07:41:00.0","calendarDate":"2019-11-12","sleepWindowConfirmationType":"AUTO_CONFIRMED_FINAL","deepSleepSeconds":13200,"lightSleepSeconds":14760,"awakeSleepSeconds":600,"unmeasurableSeconds":0,"retro":false},{"sleepStartTimestampGMT":"2019-11-12T23:45:00.0","sleepEndTimestampGMT":"2019-11-13T07:18:00.0","calendarDate":"2019-11-13","sleepWindowConfirmationType":"AUTO_CONFIRMED_FINAL","deepSleepSeconds":8760,"lightSleepSeconds":17580,"awakeSleepSeconds":840,"unmeasurableSeconds":0,"retro":false},{"sleepStartTimestampGMT":"2019-11-14T00:07:00.0","sleepEndTimestampGMT":"2019-11-14T07:58:00.0","calendarDate":"2019-11-14","sleepWindowConfirmationType":"AUTO_CONFIRMED_FINAL","deepSleepSeconds":11340,"lightSleepSeconds":16200,"awakeSleepSeconds":720,"unmeasurableSeconds":0,"retro":false},{"sleepStartTimestampGMT":"2019-11-15T00:25:00.0","sleepEndTimestampGMT":"2019-11-15T07:57:00.0","calendarDate":"2019-11-15","sleepWindowConfirmationType":"AUTO_CONFIRMED_FINAL","deepSleepSeconds":4620,"lightSleepSeconds":21540,"awakeSleepSeconds":960,"unmeasurableSeconds":0,"retro":false},{"sleepStartTimestampGMT":"2019-11-16T00:04:00.0","sleepEndTimestampGMT":"2019-11-16T08:46:00.0","calendarDate":"2019-11-16","sleepWindowConfirmationType":"AUTO_CONFIRMED_FINAL","deepSleepSeconds":7260,"lightSleepSeconds":23340,"awakeSleepSeconds":720,"unmeasurableSeconds":0,"retro":false},{"sleepStartTimestampGMT":"2019-11-17T01:21:00.0","sleepEndTimestampGMT":"2019-11-17T08:40:00.0","calendarDate":"2019-11-17","sleepWindowConfirmationType":"AUTO_CONFIRMED_FINAL","deepSleepSeconds":7320,"lightSleepSeconds":18300,"awakeSleepSeconds":720,"unmeasurableSeconds":0,"retro":false},{"sleepStartTimestampGMT":"2019-11-17T23:12:00.0","sleepEndTimestampGMT":"2019-11-18T07:50:00.0","calendarDate":"2019-11-18","sleepWindowConfirmationType":"AUTO_CONFIRMED_FINAL","deepSleepSeconds":7800,"lightSleepSeconds":22440,"awakeSleepSeconds":840,"unmeasurableSeconds":0,"retro":false},{"sleepStartTimestampGMT":"2019-11-18T20:39:00.0","sleepEndTimestampGMT":"2019-11-19T07:00:00.0","calendarDate":"2019-11-19","sleepWindowConfirmationType":"AUTO_CONFIRMED_FINAL","deepSleepSeconds":22260,"lightSleepSeconds":14160,"awakeSleepSeconds":840,"unmeasurableSeconds":0,"retro":false},{"sleepStartTimestampGMT":"2019-11-19T23:04:00.0","sleepEndTimestampGMT":"2019-11-20T05:56:00.0","calendarDate":"2019-11-20","sleepWindowConfirmationType":"AUTO_CONFIRMED_FINAL","deepSleepSeconds":9300,"lightSleepSeconds":15120,"awakeSleepSeconds":300,"unmeasurableSeconds":0,"retro":false},{"sleepStartTimestampGMT":"2019-11-20T23:35:00.0","sleepEndTimestampGMT":"2019-11-21T06:51:00.0","calendarDate":"2019-11-21","sleepWindowConfirmationType":"AUTO_CONFIRMED_FINAL","deepSleepSeconds":4500,"lightSleepSeconds":21120,"awakeSleepSeconds":540,"unmeasurableSeconds":0,"retro":false},{"sleepStartTimestampGMT":"2019-11-21T23:28:00.0","sleepEndTimestampGMT":"2019-11-22T07:49:00.0","calendarDate":"2019-11-22","sleepWindowConfirmationType":"AUTO_CONFIRMED_FINAL","deepSleepSeconds":10680,"lightSleepSeconds":18480,"awakeSleepSeconds":900,"unmeasurableSeconds":0,"retro":false},{"sleepStartTimestampGMT":"2019-11-23T00:30:00.0","sleepEndTimestampGMT":"2019-11-23T09:05:00.0","calendarDate":"2019-11-23","sleepWindowConfirmationType":"AUTO_CONFIRMED_FINAL","deepSleepSeconds":9540,"lightSleepSeconds":20400,"awakeSleepSeconds":960,"unmeasurableSeconds":0,"retro":false},{"sleepStartTimestampGMT":"2019-11-24T00:37:00.0","sleepEndTimestampGMT":"2019-11-24T09:39:00.0","calendarDate":"2019-11-24","sleepWindowConfirmationType":"AUTO_CONFIRMED_FINAL","deepSleepSeconds":17940,"lightSleepSeconds":13740,"awakeSleepSeconds":840,"unmeasurableSeconds":0,"retro":false},{"sleepStartTimestampGMT":"2019-11-25T00:10:00.0","sleepEndTimestampGMT":"2019-11-25T08:01:00.0","calendarDate":"2019-11-25","sleepWindowConfirmationType":"AUTO_CONFIRMED_FINAL","deepSleepSeconds":7080,"lightSleepSeconds":20460,"awakeSleepSeconds":720,"unmeasurableSeconds":0,"retro":false},{"sleepStartTimestampGMT":"2019-11-26T02:15:00.0","sleepEndTimestampGMT":"2019-11-26T08:16:00.0","calendarDate":"2019-11-26","sleepWindowConfirmationType":"AUTO_CONFIRMED_FINAL","deepSleepSeconds":5940,"lightSleepSeconds":14340,"awakeSleepSeconds":1380,"unmeasurableSeconds":0,"retro":false},{"sleepStartTimestampGMT":"2019-11-26T22:51:00.0","sleepEndTimestampGMT":"2019-11-27T07:21:00.0","calendarDate":"2019-11-27","sleepWindowConfirmationType":"AUTO_CONFIRMED_FINAL","deepSleepSeconds":9120,"lightSleepSeconds":20220,"awakeSleepSeconds":1260,"unmeasurableSeconds":0,"retro":false},{"sleepStartTimestampGMT":"2019-11-27T23:31:00.0","sleepEndTimestampGMT":"2019-11-28T07:25:00.0","calendarDate":"2019-11-28","sleepWindowConfirmationType":"AUTO_CONFIRMED_FINAL","deepSleepSeconds":7740,"lightSleepSeconds":20100,"awakeSleepSeconds":600,"unmeasurableSeconds":0,"retro":false},{"sleepStartTimestampGMT":"2019-11-29T00:14:00.0","sleepEndTimestampGMT":"2019-11-29T07:01:00.0","calendarDate":"2019-11-29","sleepWindowConfirmationType":"AUTO_CONFIRMED_FINAL","deepSleepSeconds":8460,"lightSleepSeconds":15360,"awakeSleepSeconds":600,"unmeasurableSeconds":0,"retro":false},{"sleepStartTimestampGMT":"2019-11-30T00:52:00.0","sleepEndTimestampGMT":"2019-11-30T09:45:00.0","calendarDate":"2019-11-30","sleepWindowConfirmationType":"AUTO_CONFIRMED_FINAL","deepSleepSeconds":11280,"lightSleepSeconds":19620,"awakeSleepSeconds":1080,"unmeasurableSeconds":0,"retro":false},{"sleepStartTimestampGMT":"2019-11-30T23:35:00.0","sleepEndTimestampGMT":"2019-12-01T08:26:00.0","calendarDate":"2019-12-01","sleepWindowConfirmationType":"AUTO_CONFIRMED_FINAL","deepSleepSeconds":9780,"lightSleepSeconds":20280,"awakeSleepSeconds":1800,"unmeasurableSeconds":0,"retro":false},{"sleepStartTimestampGMT":"2019-12-02T01:13:00.0","sleepEndTimestampGMT":"2019-12-02T07:35:00.0","calendarDate":"2019-12-02","sleepWindowConfirmationType":"AUTO_CONFIRMED_FINAL","deepSleepSeconds":10320,"lightSleepSeconds":12000,"awakeSleepSeconds":600,"unmeasurableSeconds":0,"retro":false},{"sleepStartTimestampGMT":"2019-12-03T00:32:00.0","sleepEndTimestampGMT":"2019-12-03T13:59:00.0","calendarDate":"2019-12-03","sleepWindowConfirmationType":"OFF_WRIST","deepSleepSeconds":0,"lightSleepSeconds":0,"awakeSleepSeconds":0,"unmeasurableSeconds":0,"retro":false},{"sleepStartTimestampGMT":"2019-12-03T20:31:00.0","sleepEndTimestampGMT":"2019-12-04T06:31:00.0","calendarDate":"2019-12-04","sleepWindowConfirmationType":"OFF_WRIST","deepSleepSeconds":0,"lightSleepSeconds":0,"awakeSleepSeconds":0,"unmeasurableSeconds":0,"retro":false},{"sleepStartTimestampGMT":"2019-12-05T00:34:00.0","sleepEndTimestampGMT":"2019-12-05T08:08:00.0","calendarDate":"2019-12-05","sleepWindowConfirmationType":"AUTO_CONFIRMED","deepSleepSeconds":6420,"lightSleepSeconds":19860,"awakeSleepSeconds":960,"unmeasurableSeconds":0,"retro":false}]