{"id":363626029,"profileId":69302226,"displayName":"5b657e05-93a8-488c-a2b4-a7ec37ae16fd","fullName":"Alex Bihshtein","userName":"alexbihsh@gmail.com","profileImageUrlLarge":"https://s3.amazonaws.com/garmin-connect-prod/profile_images/79932488-ea51-4111-9d87-767f148df847-69302226.png","profileImageUrlMedium":"https://s3.amazonaws.com/garmin-connect-prod/profile_images/a6dcc36e-6abf-40d4-8acf-e0d075a1bab2-69302226.png","profileImageUrlSmall":"https://s3.amazonaws.com/garmin-connect-prod/profile_images/721f6f6e-7e5c-4e22-90dd-d36215475802-69302226.png","runningTrainingSpeed":0.0,"cyclingTrainingSpeed":0.0,"cyclingMaxAvgPower":0.0,"swimmingTrainingSpeed":0.0,"profileVisibility":"private","activityStartVisibility":"public","activityMapVisibility":"public","courseVisibility":"public","activityHeartRateVisibility":"public","activityPowerVisibility":"public","badgeVisibility":"following","showAge":false,"showWeight":false,"showHeight":false,"showWeightClass":false,"showAgeRange":false,"showGender":false,"showActivityClass":false,"showVO2Max":false,"showPersonalRecords":true,"showLast12Months":true,"showLifetimeTotals":true,"showUpcomingEvents":true,"showRecentFavorites":true,"showRecentDevice":true,"showRecentGear":false,"showBadges":true,"nameApproved":true,"makeGolfScorecardsPrivate":true,"allowGolfLiveScoring":false,"allowGolfScoringByConnections":true,"userLevel":3,"userPoint":65,"levelUpdateDate":"2019-06-05T11:17:05.0","levelIsViewed":false,"levelUpdateDateGMT":"2019-06-05T11:17:05.0","userPro":false}