[{"userProfilePK":69302226,"calendarDate":{"date":"May 27, 2018 12:00:00 AM"},"uuid":"9e0df72676484fa4b1ab520838b15de3","durationInMilliseconds":86400000,"totalKilocalories":2070.0,"activeKilocalories":122.0,"bmrKilocalories":1948.0,"wellnessKilocalories":2070.0,"remainingKilocalories":2070.0,"wellnessTotalKilocalories":2070.0,"wellnessActiveKilocalories":122.0,"totalSteps":2032,"dailyStepGoal":10000,"totalDistanceMeters":1579,"wellnessDistanceMeters":1579,"wellnessStartTimeGmt":{"date":"May 26, 2018 10:00:00 PM"},"wellnessEndTimeGmt":{"date":"May 27, 2018 10:00:00 PM"},"wellnessStartTimeLocal":{"date":"May 27, 2018 12:00:00 AM"},"wellnessEndTimeLocal":{"date":"May 28, 2018 12:00:00 AM"},"highlyActiveSeconds":555,"activeSeconds":2020,"moderateIntensityMinutes":0,"vigorousIntensityMinutes":0,"userIntensityMinutesGoal":150,"userFloorsAscendedGoal":10,"minHeartRate":63,"maxHeartRate":144,"restingHeartRate":63,"currentDayRestingHeartRate":63,"restingHeartRateTimestamp":"May 27, 2018 10:00:00 PM","includesWellnessData":true,"includesActivityData":false,"includesCalorieConsumedData":false,"source":0,"allDayStress":{},"minAvgHeartRate":66,"maxAvgHeartRate":144,"version":86400001},{"userProfilePK":69302226,"calendarDate":{"date":"May 28, 2018 12:00:00 AM"},"uuid":"8afd0b541369429087eed51eb3299a23","durationInMilliseconds":86400000,"totalKilocalories":2399.0,"activeKilocalories":451.0,"bmrKilocalories":1948.0,"wellnessKilocalories":2399.0,"remainingKilocalories":2399.0,"wellnessTotalKilocalories":2399.0,"wellnessActiveKilocalories":451.0,"totalSteps":5165,"dailyStepGoal":9250,"totalDistanceMeters":4107,"wellnessDistanceMeters":4107,"wellnessStartTimeGmt":{"date":"May 27, 2018 9:01:00 PM"},"wellnessEndTimeGmt":{"date":"May 28, 2018 9:01:00 PM"},"wellnessStartTimeLocal":{"date":"May 28, 2018 12:00:00 AM"},"wellnessEndTimeLocal":{"date":"May 29, 2018 12:00:00 AM"},"highlyActiveSeconds":3870,"activeSeconds":2760,"moderateIntensityMinutes":0,"vigorousIntensityMinutes":0,"userIntensityMinutesGoal":150,"userFloorsAscendedGoal":10,"minHeartRate":66,"maxHeartRate":165,"restingHeartRate":64,"currentDayRestingHeartRate":66,"restingHeartRateTimestamp":"May 28, 2018 9:01:00 PM","includesWellnessData":true,"includesActivityData":false,"includesCalorieConsumedData":false,"source":0,"allDayStress":{},"minAvgHeartRate":67,"maxAvgHeartRate":164,"version":86400001},{"userProfilePK":69302226,"calendarDate":{"date":"May 29, 2018 12:00:00 AM"},"uuid":"4f92d8e3c9954fb6b0701ac8c65e94ee","durationInMilliseconds":86400000,"totalKilocalories":2738.0,"activeKilocalories":790.0,"bmrKilocalories":1948.0,"wellnessKilocalories":2738.0,"burnedKilocalories":0.0,"remainingKilocalories":2738.0,"wellnessTotalKilocalories":2738.0,"wellnessActiveKilocalories":790.0,"totalSteps":12457,"dailyStepGoal":8787,"totalDistanceMeters":12293,"wellnessDistanceMeters":12293,"wellnessStartTimeGmt":{"date":"May 28, 2018 9:01:00 PM"},"wellnessEndTimeGmt":{"date":"May 29, 2018 9:01:00 PM"},"wellnessStartTimeLocal":{"date":"May 29, 2018 12:00:00 AM"},"wellnessEndTimeLocal":{"date":"May 30, 2018 12:00:00 AM"},"highlyActiveSeconds":5400,"activeSeconds":3840,"moderateIntensityMinutes":19,"vigorousIntensityMinutes":24,"userIntensityMinutesGoal":150,"userFloorsAscendedGoal":10,"minHeartRate":56,"maxHeartRate":170,"restingHeartRate":61,"currentDayRestingHeartRate":56,"restingHeartRateTimestamp":"May 29, 2018 9:01:00 PM","includesWellnessData":true,"includesActivityData":true,"includesCalorieConsumedData":false,"source":0,"allDayStress":{},"minAvgHeartRate":56,"maxAvgHeartRate":169,"version":86400001},{"userProfilePK":69302226,"calendarDate":{"date":"May 30, 2018 12:00:00 AM"},"uuid":"bff64601ec0847e0bcbe754ba1fc20b0","durationInMilliseconds":86400000,"totalKilocalories":2219.0,"activeKilocalories":271.0,"bmrKilocalories":1948.0,"wellnessKilocalories":2219.0,"remainingKilocalories":2219.0,"wellnessTotalKilocalories":2219.0,"wellnessActiveKilocalories":271.0,"totalSteps":5123,"dailyStepGoal":9138,"totalDistanceMeters":3982,"wellnessDistanceMeters":3982,"wellnessStartTimeGmt":{"date":"May 29, 2018 9:01:00 PM"},"wellnessEndTimeGmt":{"date":"May 30, 2018 9:01:00 PM"},"wellnessStartTimeLocal":{"date":"May 30, 2018 12:00:00 AM"},"wellnessEndTimeLocal":{"date":"May 31, 2018 12:00:00 AM"},"highlyActiveSeconds":3339,"activeSeconds":4005,"moderateIntensityMinutes":0,"vigorousIntensityMinutes":0,"userIntensityMinutesGoal":150,"userFloorsAscendedGoal":10,"minHeartRate":55,"maxHeartRate":150,"restingHeartRate":63,"currentDayRestingHeartRate":69,"restingHeartRateTimestamp":"May 30, 2018 9:01:00 PM","includesWellnessData":true,"includesActivityData":false,"includesCalorieConsumedData":false,"source":0,"allDayStress":{},"minAvgHeartRate":56,"maxAvgHeartRate":138,"version":43620023},{"userProfilePK":69302226,"calendarDate":{"date":"May 31, 2018 12:00:00 AM"},"uuid":"dcec37ebec60468eb2f8924dd76e4191","durationInMilliseconds":86400000,"totalKilocalories":2861.0,"activeKilocalories":913.0,"bmrKilocalories":1948.0,"wellnessKilocalories":2861.0,"burnedKilocalories":0.0,"remainingKilocalories":2861.0,"wellnessTotalKilocalories":2861.0,"wellnessActiveKilocalories":913.0,"totalSteps":13419,"dailyStepGoal":8937,"totalDistanceMeters":13306,"wellnessDistanceMeters":13306,"wellnessStartTimeGmt":{"date":"May 30, 2018 9:01:00 PM"},"wellnessEndTimeGmt":{"date":"May 31, 2018 9:01:00 PM"},"wellnessStartTimeLocal":{"date":"May 31, 2018 12:00:00 AM"},"wellnessEndTimeLocal":{"date":"Jun 1, 2018 12:00:00 AM"},"highlyActiveSeconds":5628,"activeSeconds":3395,"moderateIntensityMinutes":8,"vigorousIntensityMinutes":36,"userIntensityMinutesGoal":150,"userFloorsAscendedGoal":10,"minHeartRate":60,"maxHeartRate":175,"restingHeartRate":62,"currentDayRestingHeartRate":60,"restingHeartRateTimestamp":"May 31, 2018 9:01:00 PM","includesWellnessData":true,"includesActivityData":true,"includesCalorieConsumedData":false,"source":0,"allDayStress":{},"minAvgHeartRate":60,"maxAvgHeartRate":175,"version":12060045},{"userProfilePK":69302226,"calendarDate":{"date":"Jun 1, 2018 12:00:00 AM"},"uuid":"20c654bda07b45e29f570fd30923d298","durationInMilliseconds":86400000,"totalKilocalories":2017.0,"activeKilocalories":69.0,"bmrKilocalories":1948.0,"wellnessKilocalories":2017.0,"remainingKilocalories":2017.0,"wellnessTotalKilocalories":2017.0,"wellnessActiveKilocalories":69.0,"totalSteps":857,"dailyStepGoal":9294,"totalDistanceMeters":663,"wellnessDistanceMeters":663,"wellnessStartTimeGmt":{"date":"May 31, 2018 9:01:00 PM"},"wellnessEndTimeGmt":{"date":"Jun 1, 2018 9:01:00 PM"},"wellnessStartTimeLocal":{"date":"Jun 1, 2018 12:00:00 AM"},"wellnessEndTimeLocal":{"date":"Jun 2, 2018 12:00:00 AM"},"highlyActiveSeconds":340,"activeSeconds":1080,"moderateIntensityMinutes":0,"vigorousIntensityMinutes":0,"userIntensityMinutesGoal":150,"userFloorsAscendedGoal":10,"minHeartRate":52,"maxHeartRate":143,"restingHeartRate":61,"currentDayRestingHeartRate":52,"restingHeartRateTimestamp":"Jun 1, 2018 9:01:00 PM","includesWellnessData":true,"includesActivityData":false,"includesCalorieConsumedData":false,"source":0,"allDayStress":{},"minAvgHeartRate":53,"maxAvgHeartRate":129,"version":48840006},{"userProfilePK":69302226,"calendarDate":{"date":"Jun 2, 2018 12:00:00 AM"},"uuid":"3722033d8bec4a08974eb8cbd7c2011e","durationInMilliseconds":86400000,"totalKilocalories":2103.0,"activeKilocalories":155.0,"bmrKilocalories":1948.0,"wellnessKilocalories":2103.0,"remainingKilocalories":2103.0,"wellnessTotalKilocalories":2103.0,"wellnessActiveKilocalories":155.0,"totalSteps":2210,"dailyStepGoal":9294,"totalDistanceMeters":1723,"wellnessDistanceMeters":1723,"wellnessStartTimeGmt":{"date":"Jun 1, 2018 9:01:00 PM"},"wellnessEndTimeGmt":{"date":"Jun 2, 2018 9:01:00 PM"},"wellnessStartTimeLocal":{"date":"Jun 2, 2018 12:00:00 AM"},"wellnessEndTimeLocal":{"date":"Jun 3, 2018 12:00:00 AM"},"highlyActiveSeconds":1160,"activeSeconds":1230,"moderateIntensityMinutes":0,"vigorousIntensityMinutes":0,"userIntensityMinutesGoal":150,"userFloorsAscendedGoal":10,"minHeartRate":73,"maxHeartRate":136,"restingHeartRate":62,"currentDayRestingHeartRate":73,"restingHeartRateTimestamp":"Jun 2, 2018 9:01:00 PM","includesWellnessData":true,"includesActivityData":false,"includesCalorieConsumedData":false,"source":0,"allDayStress":{},"minAvgHeartRate":75,"maxAvgHeartRate":136,"version":8880031},{"userProfilePK":69302226,"calendarDate":{"date":"Jun 3, 2018 12:00:00 AM"},"uuid":"fe3672821e044c8697de68effa5ea692","durationInMilliseconds":86400000,"totalKilocalories":2711.0,"activeKilocalories":763.0,"bmrKilocalories":1948.0,"wellnessKilocalories":2711.0,"burnedKilocalories":0.0,"remainingKilocalories":2711.0,"wellnessTotalKilocalories":2711.0,"wellnessActiveKilocalories":763.0,"totalSteps":12048,"dailyStepGoal":8939,"totalDistanceMeters":12329,"wellnessDistanceMeters":12329,"wellnessStartTimeGmt":{"date":"Jun 2, 2018 9:01:00 PM"},"wellnessEndTimeGmt":{"date":"Jun 3, 2018 9:01:00 PM"},"wellnessStartTimeLocal":{"date":"Jun 3, 2018 12:00:00 AM"},"wellnessEndTimeLocal":{"date":"Jun 4, 2018 12:00:00 AM"},"highlyActiveSeconds":5655,"activeSeconds":2577,"moderateIntensityMinutes":14,"vigorousIntensityMinutes":29,"userIntensityMinutesGoal":150,"userFloorsAscendedGoal":10,"minHeartRate":57,"maxHeartRate":174,"restingHeartRate":61,"currentDayRestingHeartRate":57,"restingHeartRateTimestamp":"Jun 3, 2018 9:01:00 PM","includesWellnessData":true,"includesActivityData":true,"includesCalorieConsumedData":false,"source":0,"allDayStress":{},"minAvgHeartRate":59,"maxAvgHeartRate":173,"version":9360044},{"userProfilePK":69302226,"calendarDate":{"date":"Jun 4, 2018 12:00:00 AM"},"uuid":"4ec46090d34b4cd4a4b1252e2319de82","durationInMilliseconds":86400000,"totalKilocalories":2263.0,"activeKilocalories":315.0,"bmrKilocalories":1948.0,"wellnessKilocalories":2263.0,"remainingKilocalories":2263.0,"wellnessTotalKilocalories":2263.0,"wellnessActiveKilocalories":315.0,"totalSteps":4592,"dailyStepGoal":9296,"totalDistanceMeters":3552,"wellnessDistanceMeters":3552,"wellnessStartTimeGmt":{"date":"Jun 3, 2018 9:01:00 PM"},"wellnessEndTimeGmt":{"date":"Jun 4, 2018 9:01:00 PM"},"wellnessStartTimeLocal":{"date":"Jun 4, 2018 12:00:00 AM"},"wellnessEndTimeLocal":{"date":"Jun 5, 2018 12:00:00 AM"},"highlyActiveSeconds":2290,"activeSeconds":2430,"moderateIntensityMinutes":0,"vigorousIntensityMinutes":0,"userIntensityMinutesGoal":150,"userFloorsAscendedGoal":10,"minHeartRate":54,"maxHeartRate":159,"restingHeartRate":60,"currentDayRestingHeartRate":54,"restingHeartRateTimestamp":"Jun 4, 2018 9:01:00 PM","includesWellnessData":true,"includesActivityData":false,"includesCalorieConsumedData":false,"source":0,"allDayStress":{},"minAvgHeartRate":55,"maxAvgHeartRate":158,"version":25680031},{"userProfilePK":69302226,"calendarDate":{"date":"Jun 5, 2018 12:00:00 AM"},"uuid":"6a9e7f242f1e4b94a544f3b063819ed5","durationInMilliseconds":86400000,"totalKilocalories":2790.0,"activeKilocalories":842.0,"bmrKilocalories":1948.0,"wellnessKilocalories":2790.0,"burnedKilocalories":0.0,"remainingKilocalories":2790.0,"wellnessTotalKilocalories":2790.0,"wellnessActiveKilocalories":842.0,"totalSteps":11820,"dailyStepGoal":9060,"totalDistanceMeters":11759,"wellnessDistanceMeters":11759,"wellnessStartTimeGmt":{"date":"Jun 4, 2018 9:01:00 PM"},"wellnessEndTimeGmt":{"date":"Jun 5, 2018 9:01:00 PM"},"wellnessStartTimeLocal":{"date":"Jun 5, 2018 12:00:00 AM"},"wellnessEndTimeLocal":{"date":"Jun 6, 2018 12:00:00 AM"},"highlyActiveSeconds":5040,"activeSeconds":3060,"moderateIntensityMinutes":26,"vigorousIntensityMinutes":18,"userIntensityMinutesGoal":150,"userFloorsAscendedGoal":10,"minHeartRate":65,"maxHeartRate":175,"restingHeartRate":61,"currentDayRestingHeartRate":65,"restingHeartRateTimestamp":"Jun 5, 2018 9:01:00 PM","includesWellnessData":true,"includesActivityData":true,"includesCalorieConsumedData":false,"source":0,"allDayStress":{},"minAvgHeartRate":70,"maxAvgHeartRate":174,"version":25020032},{"userProfilePK":69302226,"calendarDate":{"date":"Jun 6, 2018 12:00:00 AM"},"uuid":"cd1e0fefdcce4123b5fa23d38aaff6c8","durationInMilliseconds":74700000,"totalKilocalories":1980.0,"activeKilocalories":296.0,"bmrKilocalories":1684.0,"wellnessKilocalories":1980.0,"remainingKilocalories":1980.0,"wellnessTotalKilocalories":1980.0,"wellnessActiveKilocalories":296.0,"totalSteps":3846,"dailyStepGoal":9422,"totalDistanceMeters":2987,"wellnessDistanceMeters":2987,"wellnessStartTimeGmt":{"date":"Jun 5, 2018 9:01:00 PM"},"wellnessEndTimeGmt":{"date":"Jun 6, 2018 5:46:00 PM"},"wellnessStartTimeLocal":{"date":"Jun 6, 2018 12:00:00 AM"},"wellnessEndTimeLocal":{"date":"Jun 6, 2018 8:45:00 PM"},"highlyActiveSeconds":1950,"activeSeconds":2535,"moderateIntensityMinutes":0,"vigorousIntensityMinutes":0,"userIntensityMinutesGoal":150,"userFloorsAscendedGoal":10,"minHeartRate":67,"maxHeartRate":161,"restingHeartRate":61,"currentDayRestingHeartRate":67,"restingHeartRateTimestamp":"Jun 6, 2018 5:46:00 PM","includesWellnessData":true,"includesActivityData":false,"includesCalorieConsumedData":false,"source":0,"allDayStress":{},"minAvgHeartRate":69,"maxAvgHeartRate":150,"version":25200012},{"userProfilePK":69302226,"calendarDate":{"date":"Jun 7, 2018 12:00:00 AM"},"uuid":"6ac178352d4149ff86978d53ca38e0a2","durationInMilliseconds":86400000,"totalKilocalories":2580.0,"activeKilocalories":632.0,"bmrKilocalories":1948.0,"wellnessKilocalories":2580.0,"burnedKilocalories":0.0,"remainingKilocalories":2580.0,"wellnessTotalKilocalories":2580.0,"wellnessActiveKilocalories":632.0,"totalSteps":10460,"dailyStepGoal":9422,"totalDistanceMeters":10804,"wellnessDistanceMeters":10804,"wellnessStartTimeGmt":{"date":"Jun 6, 2018 9:01:00 PM"},"wellnessEndTimeGmt":{"date":"Jun 7, 2018 9:01:00 PM"},"wellnessStartTimeLocal":{"date":"Jun 7, 2018 12:00:00 AM"},"wellnessEndTimeLocal":{"date":"Jun 8, 2018 12:00:00 AM"},"highlyActiveSeconds":4035,"activeSeconds":3075,"moderateIntensityMinutes":16,"vigorousIntensityMinutes":18,"userIntensityMinutesGoal":150,"userFloorsAscendedGoal":10,"minHeartRate":54,"maxHeartRate":169,"restingHeartRate":59,"currentDayRestingHeartRate":54,"restingHeartRateTimestamp":"Jun 7, 2018 9:01:00 PM","includesWellnessData":true,"includesActivityData":true,"includesCalorieConsumedData":false,"source":0,"allDayStress":{},"minAvgHeartRate":57,"maxAvgHeartRate":169,"version":28440030},{"userProfilePK":69302226,"calendarDate":{"date":"Jun 8, 2018 12:00:00 AM"},"uuid":"23a819d6aa2b412a861611c502eed39a","durationInMilliseconds":86400000,"totalKilocalories":2054.0,"activeKilocalories":106.0,"bmrKilocalories":1948.0,"wellnessKilocalories":2054.0,"remainingKilocalories":2054.0,"wellnessTotalKilocalories":2054.0,"wellnessActiveKilocalories":106.0,"totalSteps":3392,"dailyStepGoal":9596,"totalDistanceMeters":2624,"wellnessDistanceMeters":2624,"wellnessStartTimeGmt":{"date":"Jun 7, 2018 9:01:00 PM"},"wellnessEndTimeGmt":{"date":"Jun 8, 2018 9:01:00 PM"},"wellnessStartTimeLocal":{"date":"Jun 8, 2018 12:00:00 AM"},"wellnessEndTimeLocal":{"date":"Jun 9, 2018 12:00:00 AM"},"highlyActiveSeconds":1140,"activeSeconds":2280,"moderateIntensityMinutes":0,"vigorousIntensityMinutes":0,"userIntensityMinutesGoal":150,"userFloorsAscendedGoal":10,"minHeartRate":56,"maxHeartRate":156,"restingHeartRate":59,"currentDayRestingHeartRate":56,"restingHeartRateTimestamp":"Jun 8, 2018 9:01:00 PM","includesWellnessData":true,"includesActivityData":false,"includesCalorieConsumedData":false,"source":0,"allDayStress":{},"minAvgHeartRate":58,"maxAvgHeartRate":156,"version":70500009},{"userProfilePK":69302226,"calendarDate":{"date":"Jun 9, 2018 12:00:00 AM"},"uuid":"4e0c9d8a24e94d528da3e711e511e6f2","durationInMilliseconds":86400000,"totalKilocalories":1948.0,"activeKilocalories":0.0,"bmrKilocalories":1948.0,"wellnessKilocalories":1948.0,"remainingKilocalories":1948.0,"wellnessTotalKilocalories":1948.0,"wellnessActiveKilocalories":0.0,"totalSteps":0,"dailyStepGoal":9285,"totalDistanceMeters":0,"wellnessDistanceMeters":0,"wellnessStartTimeGmt":{"date":"Jun 8, 2018 9:01:00 PM"},"wellnessEndTimeGmt":{"date":"Jun 9, 2018 9:01:00 PM"},"wellnessStartTimeLocal":{"date":"Jun 9, 2018 12:00:00 AM"},"wellnessEndTimeLocal":{"date":"Jun 10, 2018 12:00:00 AM"},"highlyActiveSeconds":0,"activeSeconds":0,"moderateIntensityMinutes":0,"vigorousIntensityMinutes":0,"userIntensityMinutesGoal":150,"userFloorsAscendedGoal":10,"minHeartRate":60,"maxHeartRate":61,"restingHeartRate":57,"currentDayRestingHeartRate":60,"restingHeartRateTimestamp":"Jun 9, 2018 9:01:00 PM","includesWellnessData":true,"includesActivityData":false,"includesCalorieConsumedData":false,"source":0,"allDayStress":{},"minAvgHeartRate":60,"maxAvgHeartRate":61,"version":86400001},{"userProfilePK":69302226,"calendarDate":{"date":"Jun 10, 2018 12:00:00 AM"},"uuid":"94efee80f235439da121b583f9b1fc13","durationInMilliseconds":86400000,"totalKilocalories":2427.0,"activeKilocalories":479.0,"bmrKilocalories":1948.0,"wellnessKilocalories":2427.0,"burnedKilocalories":0.0,"remainingKilocalories":2427.0,"wellnessTotalKilocalories":2427.0,"wellnessActiveKilocalories":479.0,"totalSteps":10216,"dailyStepGoal":9285,"totalDistanceMeters":9844,"wellnessDistanceMeters":9844,"wellnessStartTimeGmt":{"date":"Jun 9, 2018 9:01:00 PM"},"wellnessEndTimeGmt":{"date":"Jun 10, 2018 9:01:00 PM"},"wellnessStartTimeLocal":{"date":"Jun 10, 2018 12:00:00 AM"},"wellnessEndTimeLocal":{"date":"Jun 11, 2018 12:00:00 AM"},"highlyActiveSeconds":4023,"activeSeconds":2311,"moderateIntensityMinutes":17,"vigorousIntensityMinutes":9,"userIntensityMinutesGoal":150,"userFloorsAscendedGoal":10,"minHeartRate":50,"maxHeartRate":169,"restingHeartRate":56,"currentDayRestingHeartRate":50,"restingHeartRateTimestamp":"Jun 10, 2018 9:01:00 PM","includesWellnessData":true,"includesActivityData":true,"includesCalorieConsumedData":false,"source":0,"allDayStress":{},"minAvgHeartRate":53,"maxAvgHeartRate":168,"version":25800022},{"userProfilePK":69302226,"calendarDate":{"date":"Jun 11, 2018 12:00:00 AM"},"uuid":"175fb28006ad433aa40faf96711c56e1","durationInMilliseconds":86400000,"totalKilocalories":2147.0,"activeKilocalories":199.0,"bmrKilocalories":1948.0,"wellnessKilocalories":2147.0,"remainingKilocalories":2147.0,"wellnessTotalKilocalories":2147.0,"wellnessActiveKilocalories":199.0,"totalSteps":4828,"dailyStepGoal":9424,"totalDistanceMeters":3735,"wellnessDistanceMeters":3735,"wellnessStartTimeGmt":{"date":"Jun 10, 2018 9:01:00 PM"},"wellnessEndTimeGmt":{"date":"Jun 11, 2018 9:01:00 PM"},"wellnessStartTimeLocal":{"date":"Jun 11, 2018 12:00:00 AM"},"wellnessEndTimeLocal":{"date":"Jun 12, 2018 12:00:00 AM"},"highlyActiveSeconds":578,"activeSeconds":2609,"moderateIntensityMinutes":0,"vigorousIntensityMinutes":0,"userIntensityMinutesGoal":150,"userFloorsAscendedGoal":10,"minHeartRate":56,"maxHeartRate":155,"restingHeartRate":56,"currentDayRestingHeartRate":56,"restingHeartRateTimestamp":"Jun 11, 2018 9:01:00 PM","includesWellnessData":true,"includesActivityData":false,"includesCalorieConsumedData":false,"source":0,"allDayStress":{},"minAvgHeartRate":60,"maxAvgHeartRate":146,"version":24900025},{"userProfilePK":69302226,"calendarDate":{"date":"Jun 12, 2018 12:00:00 AM"},"uuid":"b6605822bd1746bbb59af9a1c011210b","durationInMilliseconds":86400000,"totalKilocalories":2156.0,"activeKilocalories":208.0,"bmrKilocalories":1948.0,"wellnessKilocalories":2156.0,"remainingKilocalories":2156.0,"wellnessTotalKilocalories":2156.0,"wellnessActiveKilocalories":208.0,"totalSteps":6995,"dailyStepGoal":9194,"totalDistanceMeters":5501,"wellnessDistanceMeters":5501,"wellnessStartTimeGmt":{"date":"Jun 11, 2018 9:01:00 PM"},"wellnessEndTimeGmt":{"date":"Jun 12, 2018 9:01:00 PM"},"wellnessStartTimeLocal":{"date":"Jun 12, 2018 12:00:00 AM"},"wellnessEndTimeLocal":{"date":"Jun 13, 2018 12:00:00 AM"},"highlyActiveSeconds":1070,"activeSeconds":3683,"moderateIntensityMinutes":0,"vigorousIntensityMinutes":0,"userIntensityMinutesGoal":150,"userFloorsAscendedGoal":10,"minHeartRate":50,"maxHeartRate":138,"restingHeartRate":54,"currentDayRestingHeartRate":50,"restingHeartRateTimestamp":"Jun 12, 2018 9:01:00 PM","includesWellnessData":true,"includesActivityData":false,"includesCalorieConsumedData":false,"source":0,"allDayStress":{},"minAvgHeartRate":54,"maxAvgHeartRate":138,"version":12480029},{"userProfilePK":69302226,"calendarDate":{"date":"Jun 13, 2018 12:00:00 AM"},"uuid":"99738d37fc3442ad99ad9ed1fa562bb8","durationInMilliseconds":86400000,"totalKilocalories":2693.0,"activeKilocalories":745.0,"bmrKilocalories":1948.0,"wellnessKilocalories":2693.0,"burnedKilocalories":0.0,"remainingKilocalories":2693.0,"wellnessTotalKilocalories":2693.0,"wellnessActiveKilocalories":745.0,"totalSteps":12442,"dailyStepGoal":8734,"totalDistanceMeters":12924,"wellnessDistanceMeters":12924,"wellnessStartTimeGmt":{"date":"Jun 12, 2018 9:01:00 PM"},"wellnessEndTimeGmt":{"date":"Jun 13, 2018 9:01:00 PM"},"wellnessStartTimeLocal":{"date":"Jun 13, 2018 12:00:00 AM"},"wellnessEndTimeLocal":{"date":"Jun 14, 2018 12:00:00 AM"},"highlyActiveSeconds":3641,"activeSeconds":3310,"moderateIntensityMinutes":13,"vigorousIntensityMinutes":30,"userIntensityMinutesGoal":150,"userFloorsAscendedGoal":10,"minHeartRate":57,"maxHeartRate":177,"restingHeartRate":54,"currentDayRestingHeartRate":57,"restingHeartRateTimestamp":"Jun 13, 2018 9:01:00 PM","includesWellnessData":true,"includesActivityData":true,"includesCalorieConsumedData":false,"source":0,"allDayStress":{},"minAvgHeartRate":61,"maxAvgHeartRate":176,"version":29280026},{"userProfilePK":69302226,"calendarDate":{"date":"Jun 14, 2018 12:00:00 AM"},"uuid":"90f650d90f044a72aa3110c20234ed87","durationInMilliseconds":86400000,"totalKilocalories":2307.0,"activeKilocalories":359.0,"bmrKilocalories":1948.0,"wellnessKilocalories":2307.0,"remainingKilocalories":2307.0,"wellnessTotalKilocalories":2307.0,"wellnessActiveKilocalories":359.0,"totalSteps":4730,"dailyStepGoal":9083,"totalDistanceMeters":3659,"wellnessDistanceMeters":3659,"wellnessStartTimeGmt":{"date":"Jun 13, 2018 9:01:00 PM"},"wellnessEndTimeGmt":{"date":"Jun 14, 2018 9:01:00 PM"},"wellnessStartTimeLocal":{"date":"Jun 14, 2018 12:00:00 AM"},"wellnessEndTimeLocal":{"date":"Jun 15, 2018 12:00:00 AM"},"highlyActiveSeconds":3480,"activeSeconds":3085,"moderateIntensityMinutes":0,"vigorousIntensityMinutes":0,"userIntensityMinutesGoal":150,"userFloorsAscendedGoal":10,"minHeartRate":59,"maxHeartRate":139,"restingHeartRate":55,"currentDayRestingHeartRate":59,"restingHeartRateTimestamp":"Jun 14, 2018 9:01:00 PM","includesWellnessData":true,"includesActivityData":false,"includesCalorieConsumedData":false,"source":0,"allDayStress":{},"minAvgHeartRate":63,"maxAvgHeartRate":131,"version":34320007},{"userProfilePK":69302226,"calendarDate":{"date":"Jun 15, 2018 12:00:00 AM"},"uuid":"39256b8fed9a4e8fb139974ef858eecb","durationInMilliseconds":86400000,"totalKilocalories":1948.0,"activeKilocalories":0.0,"bmrKilocalories":1948.0,"wellnessKilocalories":1948.0,"remainingKilocalories":1948.0,"wellnessTotalKilocalories":1948.0,"wellnessActiveKilocalories":0.0,"totalSteps":0,"dailyStepGoal":8865,"totalDistanceMeters":0,"wellnessDistanceMeters":0,"wellnessStartTimeGmt":{"date":"Jun 14, 2018 9:01:00 PM"},"wellnessEndTimeGmt":{"date":"Jun 15, 2018 9:01:00 PM"},"wellnessStartTimeLocal":{"date":"Jun 15, 2018 12:00:00 AM"},"wellnessEndTimeLocal":{"date":"Jun 16, 2018 12:00:00 AM"},"highlyActiveSeconds":0,"activeSeconds":0,"moderateIntensityMinutes":0,"vigorousIntensityMinutes":0,"userIntensityMinutesGoal":150,"userFloorsAscendedGoal":10,"minHeartRate":67,"maxHeartRate":67,"restingHeartRate":57,"currentDayRestingHeartRate":67,"restingHeartRateTimestamp":"Jun 15, 2018 9:01:00 PM","includesWellnessData":true,"includesActivityData":false,"includesCalorieConsumedData":false,"source":0,"allDayStress":{},"minAvgHeartRate":67,"maxAvgHeartRate":67,"version":40560003},{"userProfilePK":69302226,"calendarDate":{"date":"Jun 16, 2018 12:00:00 AM"},"uuid":"e13b7dc005984c5d8d2310ce12852963","durationInMilliseconds":86400000,"totalKilocalories":1948.0,"activeKilocalories":0.0,"bmrKilocalories":1948.0,"wellnessKilocalories":1948.0,"remainingKilocalories":1948.0,"wellnessTotalKilocalories":1948.0,"wellnessActiveKilocalories":0.0,"totalSteps":0,"dailyStepGoal":8865,"totalDistanceMeters":0,"wellnessDistanceMeters":0,"wellnessStartTimeGmt":{"date":"Jun 15, 2018 9:01:00 PM"},"wellnessEndTimeGmt":{"date":"Jun 16, 2018 9:01:00 PM"},"wellnessStartTimeLocal":{"date":"Jun 16, 2018 12:00:00 AM"},"wellnessEndTimeLocal":{"date":"Jun 17, 2018 12:00:00 AM"},"highlyActiveSeconds":0,"activeSeconds":0,"moderateIntensityMinutes":0,"vigorousIntensityMinutes":0,"userIntensityMinutesGoal":150,"userFloorsAscendedGoal":10,"includesWellnessData":true,"includesActivityData":false,"includesCalorieConsumedData":false,"source":0,"allDayStress":{},"version":86400001},{"userProfilePK":69302226,"calendarDate":{"date":"Jun 17, 2018 12:00:00 AM"},"uuid":"38be584823464b4595dabf287de93c58","durationInMilliseconds":86400000,"totalKilocalories":2356.0,"activeKilocalories":408.0,"bmrKilocalories":1948.0,"wellnessKilocalories":2356.0,"burnedKilocalories":0.0,"remainingKilocalories":2356.0,"wellnessTotalKilocalories":2356.0,"wellnessActiveKilocalories":408.0,"totalSteps":5271,"dailyStepGoal":8865,"totalDistanceMeters":6000,"wellnessDistanceMeters":6000,"wellnessStartTimeGmt":{"date":"Jun 16, 2018 9:01:00 PM"},"wellnessEndTimeGmt":{"date":"Jun 17, 2018 9:01:00 PM"},"wellnessStartTimeLocal":{"date":"Jun 17, 2018 12:00:00 AM"},"wellnessEndTimeLocal":{"date":"Jun 18, 2018 12:00:00 AM"},"highlyActiveSeconds":1920,"activeSeconds":135,"moderateIntensityMinutes":8,"vigorousIntensityMinutes":23,"userIntensityMinutesGoal":150,"userFloorsAscendedGoal":10,"minHeartRate":66,"maxHeartRate":172,"restingHeartRate":59,"currentDayRestingHeartRate":66,"restingHeartRateTimestamp":"Jun 17, 2018 9:01:00 PM","includesWellnessData":true,"includesActivityData":true,"includesCalorieConsumedData":false,"source":0,"allDayStress":{},"minAvgHeartRate":66,"maxAvgHeartRate":171,"version":86400001},{"userProfilePK":69302226,"calendarDate":{"date":"Jun 18, 2018 12:00:00 AM"},"uuid":"34b834e9001e4d1cb1e1ead6fe9c5b7d","durationInMilliseconds":86400000,"totalKilocalories":1948.0,"activeKilocalories":0.0,"bmrKilocalories":1948.0,"wellnessKilocalories":1948.0,"remainingKilocalories":1948.0,"wellnessTotalKilocalories":1948.0,"wellnessActiveKilocalories":0.0,"totalSteps":0,"dailyStepGoal":8421,"totalDistanceMeters":0,"wellnessDistanceMeters":0,"wellnessStartTimeGmt":{"date":"Jun 17, 2018 9:01:00 PM"},"wellnessEndTimeGmt":{"date":"Jun 18, 2018 9:01:00 PM"},"wellnessStartTimeLocal":{"date":"Jun 18, 2018 12:00:00 AM"},"wellnessEndTimeLocal":{"date":"Jun 19, 2018 12:00:00 AM"},"highlyActiveSeconds":0,"activeSeconds":0,"moderateIntensityMinutes":0,"vigorousIntensityMinutes":0,"userIntensityMinutesGoal":150,"userFloorsAscendedGoal":10,"includesWellnessData":true,"includesActivityData":false,"includesCalorieConsumedData":false,"source":0,"allDayStress":{},"version":9480021},{"userProfilePK":69302226,"calendarDate":{"date":"Jun 19, 2018 12:00:00 AM"},"uuid":"feb8cde45dc0464aa6c8db1a7cf5954e","durationInMilliseconds":86400000,"totalKilocalories":1948.0,"activeKilocalories":0.0,"bmrKilocalories":1948.0,"wellnessKilocalories":1948.0,"remainingKilocalories":1948.0,"wellnessTotalKilocalories":1948.0,"wellnessActiveKilocalories":0.0,"totalSteps":0,"dailyStepGoal":8421,"totalDistanceMeters":0,"wellnessDistanceMeters":0,"wellnessStartTimeGmt":{"date":"Jun 18, 2018 9:01:00 PM"},"wellnessEndTimeGmt":{"date":"Jun 19, 2018 9:01:00 PM"},"wellnessStartTimeLocal":{"date":"Jun 19, 2018 12:00:00 AM"},"wellnessEndTimeLocal":{"date":"Jun 20, 2018 12:00:00 AM"},"highlyActiveSeconds":0,"activeSeconds":0,"moderateIntensityMinutes":0,"vigorousIntensityMinutes":0,"userIntensityMinutesGoal":150,"userFloorsAscendedGoal":10,"includesWellnessData":true,"includesActivityData":false,"includesCalorieConsumedData":false,"source":0,"allDayStress":{},"version":86400001},{"userProfilePK":69302226,"calendarDate":{"date":"Jun 20, 2018 12:00:00 AM"},"uuid":"292ec784d2834390abd1c4a06b5c3c10","durationInMilliseconds":86400000,"totalKilocalories":2453.0,"activeKilocalories":505.0,"bmrKilocalories":1948.0,"wellnessKilocalories":2453.0,"burnedKilocalories":0.0,"remainingKilocalories":2453.0,"wellnessTotalKilocalories":2453.0,"wellnessActiveKilocalories":505.0,"totalSteps":7080,"dailyStepGoal":8421,"totalDistanceMeters":8160,"wellnessDistanceMeters":8160,"wellnessStartTimeGmt":{"date":"Jun 19, 2018 9:01:00 PM"},"wellnessEndTimeGmt":{"date":"Jun 20, 2018 9:01:00 PM"},"wellnessStartTimeLocal":{"date":"Jun 20, 2018 12:00:00 AM"},"wellnessEndTimeLocal":{"date":"Jun 21, 2018 12:00:00 AM"},"highlyActiveSeconds":2580,"activeSeconds":60,"moderateIntensityMinutes":7,"vigorousIntensityMinutes":33,"userIntensityMinutesGoal":150,"userFloorsAscendedGoal":10,"minHeartRate":68,"maxHeartRate":176,"restingHeartRate":65,"currentDayRestingHeartRate":68,"restingHeartRateTimestamp":"Jun 20, 2018 9:01:00 PM","includesWellnessData":true,"includesActivityData":true,"includesCalorieConsumedData":false,"source":0,"allDayStress":{},"minAvgHeartRate":68,"maxAvgHeartRate":174,"version":42780004},{"userProfilePK":69302226,"calendarDate":{"date":"Jun 21, 2018 12:00:00 AM"},"uuid":"7190f01091e74dc78819271d43c4be41","durationInMilliseconds":86400000,"totalKilocalories":4470.0,"activeKilocalories":2522.0,"bmrKilocalories":1948.0,"wellnessKilocalories":4470.0,"burnedKilocalories":0.0,"remainingKilocalories":4470.0,"wellnessTotalKilocalories":4470.0,"wellnessActiveKilocalories":2522.0,"totalSteps":38606,"dailyStepGoal":7999,"totalDistanceMeters":27577,"wellnessDistanceMeters":27577,"wellnessStartTimeGmt":{"date":"Jun 20, 2018 9:01:00 PM"},"wellnessEndTimeGmt":{"date":"Jun 21, 2018 9:01:00 PM"},"wellnessStartTimeLocal":{"date":"Jun 21, 2018 12:00:00 AM"},"wellnessEndTimeLocal":{"date":"Jun 22, 2018 12:00:00 AM"},"highlyActiveSeconds":9045,"activeSeconds":17294,"moderateIntensityMinutes":315,"vigorousIntensityMinutes":8,"userIntensityMinutesGoal":150,"userFloorsAscendedGoal":10,"minHeartRate":56,"maxHeartRate":170,"restingHeartRate":64,"currentDayRestingHeartRate":56,"restingHeartRateTimestamp":"Jun 21, 2018 9:01:00 PM","includesWellnessData":true,"includesActivityData":true,"includesCalorieConsumedData":false,"source":0,"allDayStress":{},"minAvgHeartRate":58,"maxAvgHeartRate":164,"version":86400001},{"userProfilePK":69302226,"calendarDate":{"date":"Jun 22, 2018 12:00:00 AM"},"uuid":"0993278942314c7393fed450258a90a3","durationInMilliseconds":86400000,"totalKilocalories":1948.0,"activeKilocalories":0.0,"bmrKilocalories":1948.0,"wellnessKilocalories":1948.0,"remainingKilocalories":1948.0,"wellnessTotalKilocalories":1948.0,"wellnessActiveKilocalories":0.0,"totalSteps":0,"dailyStepGoal":8318,"totalDistanceMeters":0,"wellnessDistanceMeters":0,"wellnessStartTimeGmt":{"date":"Jun 21, 2018 9:01:00 PM"},"wellnessEndTimeGmt":{"date":"Jun 22, 2018 9:01:00 PM"},"wellnessStartTimeLocal":{"date":"Jun 22, 2018 12:00:00 AM"},"wellnessEndTimeLocal":{"date":"Jun 23, 2018 12:00:00 AM"},"highlyActiveSeconds":0,"activeSeconds":0,"moderateIntensityMinutes":0,"vigorousIntensityMinutes":0,"userIntensityMinutesGoal":150,"userFloorsAscendedGoal":10,"includesWellnessData":true,"includesActivityData":false,"includesCalorieConsumedData":false,"source":0,"allDayStress":{},"version":67200005},{"userProfilePK":69302226,"calendarDate":{"date":"Jun 23, 2018 12:00:00 AM"},"uuid":"363131a668d3475f8e13231b5da5152d","durationInMilliseconds":86400000,"totalKilocalories":1948.0,"activeKilocalories":0.0,"bmrKilocalories":1948.0,"wellnessKilocalories":1948.0,"remainingKilocalories":1948.0,"wellnessTotalKilocalories":1948.0,"wellnessActiveKilocalories":0.0,"totalSteps":0,"dailyStepGoal":8318,"totalDistanceMeters":0,"wellnessDistanceMeters":0,"wellnessStartTimeGmt":{"date":"Jun 22, 2018 9:01:00 PM"},"wellnessEndTimeGmt":{"date":"Jun 23, 2018 9:01:00 PM"},"wellnessStartTimeLocal":{"date":"Jun 23, 2018 12:00:00 AM"},"wellnessEndTimeLocal":{"date":"Jun 24, 2018 12:00:00 AM"},"highlyActiveSeconds":0,"activeSeconds":0,"moderateIntensityMinutes":0,"vigorousIntensityMinutes":0,"userIntensityMinutesGoal":150,"userFloorsAscendedGoal":10,"includesWellnessData":true,"includesActivityData":false,"includesCalorieConsumedData":false,"source":0,"allDayStress":{},"version":86400001},{"userProfilePK":69302226,"calendarDate":{"date":"Jun 24, 2018 12:00:00 AM"},"uuid":"3b9239068f5e4f27be6b46d29ba2b116","durationInMilliseconds":86400000,"totalKilocalories":1948.0,"activeKilocalories":0.0,"bmrKilocalories":1948.0,"wellnessKilocalories":1948.0,"remainingKilocalories":1948.0,"wellnessTotalKilocalories":1948.0,"wellnessActiveKilocalories":0.0,"totalSteps":0,"dailyStepGoal":8318,"totalDistanceMeters":0,"wellnessDistanceMeters":0,"wellnessStartTimeGmt":{"date":"Jun 23, 2018 9:01:00 PM"},"wellnessEndTimeGmt":{"date":"Jun 24, 2018 9:01:00 PM"},"wellnessStartTimeLocal":{"date":"Jun 24, 2018 12:00:00 AM"},"wellnessEndTimeLocal":{"date":"Jun 25, 2018 12:00:00 AM"},"highlyActiveSeconds":0,"activeSeconds":0,"moderateIntensityMinutes":0,"vigorousIntensityMinutes":0,"userIntensityMinutesGoal":150,"userFloorsAscendedGoal":10,"includesWellnessData":true,"includesActivityData":false,"includesCalorieConsumedData":false,"source":0,"allDayStress":{},"version":53220007},{"userProfilePK":69302226,"calendarDate":{"date":"Jun 25, 2018 12:00:00 AM"},"uuid":"6c5df170c2634c58a90c10bbe576b810","durationInMilliseconds":86400000,"totalKilocalories":1948.0,"activeKilocalories":0.0,"bmrKilocalories":1948.0,"wellnessKilocalories":1948.0,"remainingKilocalories":1948.0,"wellnessTotalKilocalories":1948.0,"wellnessActiveKilocalories":0.0,"totalSteps":0,"dailyStepGoal":8318,"totalDistanceMeters":0,"wellnessDistanceMeters":0,"wellnessStartTimeGmt":{"date":"Jun 24, 2018 9:01:00 PM"},"wellnessEndTimeGmt":{"date":"Jun 25, 2018 9:01:00 PM"},"wellnessStartTimeLocal":{"date":"Jun 25, 2018 12:00:00 AM"},"wellnessEndTimeLocal":{"date":"Jun 26, 2018 12:00:00 AM"},"highlyActiveSeconds":0,"activeSeconds":0,"moderateIntensityMinutes":0,"vigorousIntensityMinutes":0,"userIntensityMinutesGoal":150,"userFloorsAscendedGoal":10,"includesWellnessData":true,"includesActivityData":false,"includesCalorieConsumedData":false,"source":0,"allDayStress":{},"version":72120009},{"userProfilePK":69302226,"calendarDate":{"date":"Jun 26, 2018 12:00:00 AM"},"uuid":"82ac2a9848d14157a177fbc767f7abfc","durationInMilliseconds":86400000,"totalKilocalories":1948.0,"activeKilocalories":0.0,"bmrKilocalories":1948.0,"wellnessKilocalories":1948.0,"remainingKilocalories":1948.0,"wellnessTotalKilocalories":1948.0,"wellnessActiveKilocalories":0.0,"totalSteps":0,"dailyStepGoal":8318,"totalDistanceMeters":0,"wellnessDistanceMeters":0,"wellnessStartTimeGmt":{"date":"Jun 25, 2018 9:01:00 PM"},"wellnessEndTimeGmt":{"date":"Jun 26, 2018 9:01:00 PM"},"wellnessStartTimeLocal":{"date":"Jun 26, 2018 12:00:00 AM"},"wellnessEndTimeLocal":{"date":"Jun 27, 2018 12:00:00 AM"},"highlyActiveSeconds":0,"activeSeconds":0,"moderateIntensityMinutes":0,"vigorousIntensityMinutes":0,"userIntensityMinutesGoal":150,"userFloorsAscendedGoal":10,"includesWellnessData":true,"includesActivityData":false,"includesCalorieConsumedData":false,"source":0,"allDayStress":{},"version":11040017},{"userProfilePK":69302226,"calendarDate":{"date":"Jun 27, 2018 12:00:00 AM"},"uuid":"1fd53f98142744ceb9603fa3cb0e14d7","durationInMilliseconds":86400000,"totalKilocalories":2410.0,"activeKilocalories":462.0,"bmrKilocalories":1948.0,"wellnessKilocalories":2410.0,"burnedKilocalories":0.0,"remainingKilocalories":2410.0,"wellnessTotalKilocalories":2410.0,"wellnessActiveKilocalories":462.0,"totalSteps":7045,"dailyStepGoal":8318,"totalDistanceMeters":8274,"wellnessDistanceMeters":8274,"wellnessStartTimeGmt":{"date":"Jun 26, 2018 9:01:00 PM"},"wellnessEndTimeGmt":{"date":"Jun 27, 2018 9:01:00 PM"},"wellnessStartTimeLocal":{"date":"Jun 27, 2018 12:00:00 AM"},"wellnessEndTimeLocal":{"date":"Jun 28, 2018 12:00:00 AM"},"highlyActiveSeconds":2400,"activeSeconds":240,"moderateIntensityMinutes":13,"vigorousIntensityMinutes":30,"userIntensityMinutesGoal":150,"userFloorsAscendedGoal":10,"minHeartRate":78,"maxHeartRate":178,"restingHeartRate":67,"currentDayRestingHeartRate":78,"restingHeartRateTimestamp":"Jun 27, 2018 9:01:00 PM","includesWellnessData":true,"includesActivityData":true,"includesCalorieConsumedData":false,"source":0,"allDayStress":{},"minAvgHeartRate":81,"maxAvgHeartRate":175,"version":86400001},{"userProfilePK":69302226,"calendarDate":{"date":"Jun 28, 2018 12:00:00 AM"},"uuid":"cfb0691c4e7e4e85be988d055c4797a0","durationInMilliseconds":86400000,"totalKilocalories":1948.0,"activeKilocalories":0.0,"bmrKilocalories":1948.0,"wellnessKilocalories":1948.0,"remainingKilocalories":1948.0,"wellnessTotalKilocalories":1948.0,"wellnessActiveKilocalories":0.0,"totalSteps":0,"dailyStepGoal":8254,"totalDistanceMeters":0,"wellnessDistanceMeters":0,"wellnessStartTimeGmt":{"date":"Jun 27, 2018 9:01:00 PM"},"wellnessEndTimeGmt":{"date":"Jun 28, 2018 9:01:00 PM"},"wellnessStartTimeLocal":{"date":"Jun 28, 2018 12:00:00 AM"},"wellnessEndTimeLocal":{"date":"Jun 29, 2018 12:00:00 AM"},"highlyActiveSeconds":0,"activeSeconds":0,"moderateIntensityMinutes":0,"vigorousIntensityMinutes":0,"userIntensityMinutesGoal":150,"userFloorsAscendedGoal":10,"includesWellnessData":true,"includesActivityData":false,"includesCalorieConsumedData":false,"source":0,"allDayStress":{},"version":86400001},{"userProfilePK":69302226,"calendarDate":{"date":"Jun 29, 2018 12:00:00 AM"},"uuid":"e9f2c811e1064d448c6b74d942638505","durationInMilliseconds":86400000,"totalKilocalories":1948.0,"activeKilocalories":0.0,"bmrKilocalories":1948.0,"wellnessKilocalories":1948.0,"remainingKilocalories":1948.0,"wellnessTotalKilocalories":1948.0,"wellnessActiveKilocalories":0.0,"totalSteps":0,"dailyStepGoal":8254,"totalDistanceMeters":0,"wellnessDistanceMeters":0,"wellnessStartTimeGmt":{"date":"Jun 28, 2018 9:01:00 PM"},"wellnessEndTimeGmt":{"date":"Jun 29, 2018 9:01:00 PM"},"wellnessStartTimeLocal":{"date":"Jun 29, 2018 12:00:00 AM"},"wellnessEndTimeLocal":{"date":"Jun 30, 2018 12:00:00 AM"},"highlyActiveSeconds":0,"activeSeconds":0,"moderateIntensityMinutes":0,"vigorousIntensityMinutes":0,"userIntensityMinutesGoal":150,"userFloorsAscendedGoal":10,"includesWellnessData":true,"includesActivityData":false,"includesCalorieConsumedData":false,"source":0,"allDayStress":{},"version":86400001},{"userProfilePK":69302226,"calendarDate":{"date":"Jun 30, 2018 12:00:00 AM"},"uuid":"ed907419340447f694b4333bfe83ab95","durationInMilliseconds":86400000,"totalKilocalories":1948.0,"activeKilocalories":0.0,"bmrKilocalories":1948.0,"wellnessKilocalories":1948.0,"remainingKilocalories":1948.0,"wellnessTotalKilocalories":1948.0,"wellnessActiveKilocalories":0.0,"totalSteps":0,"dailyStepGoal":8254,"totalDistanceMeters":0,"wellnessDistanceMeters":0,"wellnessStartTimeGmt":{"date":"Jun 29, 2018 9:01:00 PM"},"wellnessEndTimeGmt":{"date":"Jun 30, 2018 9:01:00 PM"},"wellnessStartTimeLocal":{"date":"Jun 30, 2018 12:00:00 AM"},"wellnessEndTimeLocal":{"date":"Jul 1, 2018 12:00:00 AM"},"highlyActiveSeconds":0,"activeSeconds":0,"moderateIntensityMinutes":0,"vigorousIntensityMinutes":0,"userIntensityMinutesGoal":150,"userFloorsAscendedGoal":10,"minHeartRate":82,"maxHeartRate":87,"restingHeartRate":80,"currentDayRestingHeartRate":82,"restingHeartRateTimestamp":"Jun 30, 2018 9:01:00 PM","includesWellnessData":true,"includesActivityData":false,"includesCalorieConsumedData":false,"source":0,"allDayStress":{},"minAvgHeartRate":82,"maxAvgHeartRate":87,"version":86400001},{"userProfilePK":69302226,"calendarDate":{"date":"Jul 1, 2018 12:00:00 AM"},"uuid":"a0c5a25ebf3b4f4396f8da8628d00af3","durationInMilliseconds":86400000,"totalKilocalories":2146.0,"activeKilocalories":198.0,"bmrKilocalories":1948.0,"wellnessKilocalories":2146.0,"remainingKilocalories":2146.0,"wellnessTotalKilocalories":2146.0,"wellnessActiveKilocalories":198.0,"totalSteps":4425,"dailyStepGoal":8254,"totalDistanceMeters":3423,"wellnessDistanceMeters":3423,"wellnessStartTimeGmt":{"date":"Jun 30, 2018 9:01:00 PM"},"wellnessEndTimeGmt":{"date":"Jul 1, 2018 9:01:00 PM"},"wellnessStartTimeLocal":{"date":"Jul 1, 2018 12:00:00 AM"},"wellnessEndTimeLocal":{"date":"Jul 2, 2018 12:00:00 AM"},"highlyActiveSeconds":2340,"activeSeconds":2212,"moderateIntensityMinutes":11,"vigorousIntensityMinutes":0,"userIntensityMinutesGoal":150,"userFloorsAscendedGoal":10,"minHeartRate":70,"maxHeartRate":129,"restingHeartRate":76,"currentDayRestingHeartRate":70,"restingHeartRateTimestamp":"Jul 1, 2018 9:01:00 PM","includesWellnessData":true,"includesActivityData":false,"includesCalorieConsumedData":false,"source":0,"allDayStress":{},"minAvgHeartRate":71,"maxAvgHeartRate":128,"version":74520002},{"userProfilePK":69302226,"calendarDate":{"date":"Jul 2, 2018 12:00:00 AM"},"uuid":"a00ab1d7fb4c4757a9999521c1346125","durationInMilliseconds":86400000,"totalKilocalories":2402.0,"activeKilocalories":454.0,"bmrKilocalories":1948.0,"wellnessKilocalories":2402.0,"burnedKilocalories":0.0,"remainingKilocalories":2402.0,"wellnessTotalKilocalories":2402.0,"wellnessActiveKilocalories":454.0,"totalSteps":9841,"dailyStepGoal":7841,"totalDistanceMeters":9828,"wellnessDistanceMeters":9828,"wellnessStartTimeGmt":{"date":"Jul 1, 2018 9:01:00 PM"},"wellnessEndTimeGmt":{"date":"Jul 2, 2018 9:01:00 PM"},"wellnessStartTimeLocal":{"date":"Jul 2, 2018 12:00:00 AM"},"wellnessEndTimeLocal":{"date":"Jul 3, 2018 12:00:00 AM"},"highlyActiveSeconds":5300,"activeSeconds":1725,"moderateIntensityMinutes":28,"vigorousIntensityMinutes":2,"userIntensityMinutesGoal":150,"userFloorsAscendedGoal":10,"minHeartRate":50,"maxHeartRate":173,"restingHeartRate":70,"currentDayRestingHeartRate":50,"restingHeartRateTimestamp":"Jul 2, 2018 9:01:00 PM","includesWellnessData":true,"includesActivityData":true,"includesCalorieConsumedData":false,"source":0,"allDayStress":{},"minAvgHeartRate":50,"maxAvgHeartRate":173,"version":25500017},{"userProfilePK":69302226,"calendarDate":{"date":"Jul 3, 2018 12:00:00 AM"},"uuid":"f21c7cb5eb04435fa3fe10de00c5b3d9","durationInMilliseconds":86400000,"totalKilocalories":2025.0,"activeKilocalories":77.0,"bmrKilocalories":1948.0,"wellnessKilocalories":2025.0,"remainingKilocalories":2025.0,"wellnessTotalKilocalories":2025.0,"wellnessActiveKilocalories":77.0,"totalSteps":5571,"dailyStepGoal":8141,"totalDistanceMeters":4309,"wellnessDistanceMeters":4309,"wellnessStartTimeGmt":{"date":"Jul 2, 2018 9:01:00 PM"},"wellnessEndTimeGmt":{"date":"Jul 3, 2018 9:01:00 PM"},"wellnessStartTimeLocal":{"date":"Jul 3, 2018 12:00:00 AM"},"wellnessEndTimeLocal":{"date":"Jul 4, 2018 12:00:00 AM"},"highlyActiveSeconds":1580,"activeSeconds":3270,"moderateIntensityMinutes":0,"vigorousIntensityMinutes":0,"userIntensityMinutesGoal":150,"userFloorsAscendedGoal":10,"minHeartRate":34,"maxHeartRate":110,"restingHeartRate":62,"currentDayRestingHeartRate":34,"restingHeartRateTimestamp":"Jul 3, 2018 9:01:00 PM","includesWellnessData":true,"includesActivityData":false,"includesCalorieConsumedData":false,"source":0,"allDayStress":{},"minAvgHeartRate":35,"maxAvgHeartRate":105,"version":73920011},{"userProfilePK":69302226,"calendarDate":{"date":"Jul 4, 2018 12:00:00 AM"},"uuid":"a7d2942f939143208ed2ab95af117d16","durationInMilliseconds":86400000,"totalKilocalories":2498.0,"activeKilocalories":550.0,"bmrKilocalories":1948.0,"wellnessKilocalories":2498.0,"burnedKilocalories":0.0,"remainingKilocalories":2498.0,"wellnessTotalKilocalories":2498.0,"wellnessActiveKilocalories":550.0,"totalSteps":11759,"dailyStepGoal":8012,"totalDistanceMeters":11763,"wellnessDistanceMeters":11763,"wellnessStartTimeGmt":{"date":"Jul 3, 2018 9:01:00 PM"},"wellnessEndTimeGmt":{"date":"Jul 4, 2018 9:01:00 PM"},"wellnessStartTimeLocal":{"date":"Jul 4, 2018 12:00:00 AM"},"wellnessEndTimeLocal":{"date":"Jul 5, 2018 12:00:00 AM"},"highlyActiveSeconds":5505,"activeSeconds":1450,"moderateIntensityMinutes":14,"vigorousIntensityMinutes":28,"userIntensityMinutesGoal":150,"userFloorsAscendedGoal":10,"minHeartRate":33,"maxHeartRate":177,"restingHeartRate":53,"currentDayRestingHeartRate":33,"restingHeartRateTimestamp":"Jul 4, 2018 9:01:00 PM","includesWellnessData":true,"includesActivityData":true,"includesCalorieConsumedData":false,"source":0,"allDayStress":{},"minAvgHeartRate":35,"maxAvgHeartRate":175,"version":32760012},{"userProfilePK":69302226,"calendarDate":{"date":"Jul 5, 2018 12:00:00 AM"},"uuid":"d42a5938c12043edbdffb17b80f997da","durationInMilliseconds":86400000,"totalKilocalories":1948.0,"activeKilocalories":0.0,"bmrKilocalories":1948.0,"wellnessKilocalories":1948.0,"remainingKilocalories":1948.0,"wellnessTotalKilocalories":1948.0,"wellnessActiveKilocalories":0.0,"totalSteps":0,"dailyStepGoal":8332,"totalDistanceMeters":0,"wellnessDistanceMeters":0,"wellnessStartTimeGmt":{"date":"Jul 4, 2018 9:01:00 PM"},"wellnessEndTimeGmt":{"date":"Jul 5, 2018 9:01:00 PM"},"wellnessStartTimeLocal":{"date":"Jul 5, 2018 12:00:00 AM"},"wellnessEndTimeLocal":{"date":"Jul 6, 2018 12:00:00 AM"},"highlyActiveSeconds":0,"activeSeconds":0,"moderateIntensityMinutes":0,"vigorousIntensityMinutes":0,"userIntensityMinutesGoal":150,"userFloorsAscendedGoal":10,"includesWellnessData":true,"includesActivityData":false,"includesCalorieConsumedData":false,"source":0,"allDayStress":{},"version":86400001},{"userProfilePK":69302226,"calendarDate":{"date":"Jul 6, 2018 12:00:00 AM"},"uuid":"7a8f4e54daa144fd88c8d5e89977893c","durationInMilliseconds":86400000,"totalKilocalories":1948.0,"activeKilocalories":0.0,"bmrKilocalories":1948.0,"wellnessKilocalories":1948.0,"remainingKilocalories":1948.0,"wellnessTotalKilocalories":1948.0,"wellnessActiveKilocalories":0.0,"totalSteps":0,"dailyStepGoal":8332,"totalDistanceMeters":0,"wellnessDistanceMeters":0,"wellnessStartTimeGmt":{"date":"Jul 5, 2018 9:01:00 PM"},"wellnessEndTimeGmt":{"date":"Jul 6, 2018 9:01:00 PM"},"wellnessStartTimeLocal":{"date":"Jul 6, 2018 12:00:00 AM"},"wellnessEndTimeLocal":{"date":"Jul 7, 2018 12:00:00 AM"},"highlyActiveSeconds":0,"activeSeconds":0,"moderateIntensityMinutes":0,"vigorousIntensityMinutes":0,"userIntensityMinutesGoal":150,"userFloorsAscendedGoal":10,"includesWellnessData":true,"includesActivityData":false,"includesCalorieConsumedData":false,"source":0,"allDayStress":{},"version":86400001},{"userProfilePK":69302226,"calendarDate":{"date":"Jul 7, 2018 12:00:00 AM"},"uuid":"b4603bbf2444430aacde55f6dd69074a","durationInMilliseconds":86400000,"totalKilocalories":1948.0,"activeKilocalories":0.0,"bmrKilocalories":1948.0,"wellnessKilocalories":1948.0,"remainingKilocalories":1948.0,"wellnessTotalKilocalories":1948.0,"wellnessActiveKilocalories":0.0,"totalSteps":0,"dailyStepGoal":8332,"totalDistanceMeters":0,"wellnessDistanceMeters":0,"wellnessStartTimeGmt":{"date":"Jul 6, 2018 9:01:00 PM"},"wellnessEndTimeGmt":{"date":"Jul 7, 2018 9:01:00 PM"},"wellnessStartTimeLocal":{"date":"Jul 7, 2018 12:00:00 AM"},"wellnessEndTimeLocal":{"date":"Jul 8, 2018 12:00:00 AM"},"highlyActiveSeconds":0,"activeSeconds":0,"moderateIntensityMinutes":0,"vigorousIntensityMinutes":0,"userIntensityMinutesGoal":150,"userFloorsAscendedGoal":10,"includesWellnessData":true,"includesActivityData":false,"includesCalorieConsumedData":false,"source":0,"allDayStress":{},"version":48960014},{"userProfilePK":69302226,"calendarDate":{"date":"Jul 8, 2018 12:00:00 AM"},"uuid":"30097c6216084490a228d7adf0602b4b","durationInMilliseconds":86400000,"totalKilocalories":1948.0,"activeKilocalories":0.0,"bmrKilocalories":1948.0,"wellnessKilocalories":1948.0,"remainingKilocalories":1948.0,"wellnessTotalKilocalories":1948.0,"wellnessActiveKilocalories":0.0,"totalSteps":0,"dailyStepGoal":8332,"totalDistanceMeters":0,"wellnessDistanceMeters":0,"wellnessStartTimeGmt":{"date":"Jul 7, 2018 9:01:00 PM"},"wellnessEndTimeGmt":{"date":"Jul 8, 2018 9:01:00 PM"},"wellnessStartTimeLocal":{"date":"Jul 8, 2018 12:00:00 AM"},"wellnessEndTimeLocal":{"date":"Jul 9, 2018 12:00:00 AM"},"highlyActiveSeconds":0,"activeSeconds":0,"moderateIntensityMinutes":0,"vigorousIntensityMinutes":0,"userIntensityMinutesGoal":150,"userFloorsAscendedGoal":10,"includesWellnessData":true,"includesActivityData":false,"includesCalorieConsumedData":false,"source":0,"allDayStress":{},"version":73200005},{"userProfilePK":69302226,"calendarDate":{"date":"Jul 9, 2018 12:00:00 AM"},"uuid":"407e383f214444b4820c5fa84587818f","durationInMilliseconds":86400000,"totalKilocalories":1948.0,"activeKilocalories":0.0,"bmrKilocalories":1948.0,"wellnessKilocalories":1948.0,"remainingKilocalories":1948.0,"wellnessTotalKilocalories":1948.0,"wellnessActiveKilocalories":0.0,"totalSteps":0,"dailyStepGoal":8332,"totalDistanceMeters":0,"wellnessDistanceMeters":0,"wellnessStartTimeGmt":{"date":"Jul 8, 2018 9:01:00 PM"},"wellnessEndTimeGmt":{"date":"Jul 9, 2018 9:01:00 PM"},"wellnessStartTimeLocal":{"date":"Jul 9, 2018 12:00:00 AM"},"wellnessEndTimeLocal":{"date":"Jul 10, 2018 12:00:00 AM"},"highlyActiveSeconds":0,"activeSeconds":0,"moderateIntensityMinutes":0,"vigorousIntensityMinutes":0,"userIntensityMinutesGoal":150,"userFloorsAscendedGoal":10,"includesWellnessData":true,"includesActivityData":false,"includesCalorieConsumedData":false,"source":0,"allDayStress":{},"version":74100007},{"userProfilePK":69302226,"calendarDate":{"date":"Jul 10, 2018 12:00:00 AM"},"uuid":"f2ccae7113494588b96fae94f76d7dc3","durationInMilliseconds":86400000,"totalKilocalories":1948.0,"activeKilocalories":0.0,"bmrKilocalories":1948.0,"wellnessKilocalories":1948.0,"remainingKilocalories":1948.0,"wellnessTotalKilocalories":1948.0,"wellnessActiveKilocalories":0.0,"totalSteps":0,"dailyStepGoal":8332,"totalDistanceMeters":0,"wellnessDistanceMeters":0,"wellnessStartTimeGmt":{"date":"Jul 9, 2018 9:01:00 PM"},"wellnessEndTimeGmt":{"date":"Jul 10, 2018 9:01:00 PM"},"wellnessStartTimeLocal":{"date":"Jul 10, 2018 12:00:00 AM"},"wellnessEndTimeLocal":{"date":"Jul 11, 2018 12:00:00 AM"},"highlyActiveSeconds":0,"activeSeconds":0,"moderateIntensityMinutes":0,"vigorousIntensityMinutes":0,"userIntensityMinutesGoal":150,"userFloorsAscendedGoal":10,"includesWellnessData":true,"includesActivityData":false,"includesCalorieConsumedData":false,"source":0,"allDayStress":{},"version":73800008},{"userProfilePK":69302226,"calendarDate":{"date":"Jul 11, 2018 12:00:00 AM"},"uuid":"a9a468b90fac4c8aabe4379ceb35d091","durationInMilliseconds":86400000,"totalKilocalories":1948.0,"activeKilocalories":0.0,"bmrKilocalories":1948.0,"wellnessKilocalories":1948.0,"remainingKilocalories":1948.0,"wellnessTotalKilocalories":1948.0,"wellnessActiveKilocalories":0.0,"totalSteps":0,"dailyStepGoal":8332,"totalDistanceMeters":0,"wellnessDistanceMeters":0,"wellnessStartTimeGmt":{"date":"Jul 10, 2018 9:01:00 PM"},"wellnessEndTimeGmt":{"date":"Jul 11, 2018 9:01:00 PM"},"wellnessStartTimeLocal":{"date":"Jul 11, 2018 12:00:00 AM"},"wellnessEndTimeLocal":{"date":"Jul 12, 2018 12:00:00 AM"},"highlyActiveSeconds":0,"activeSeconds":0,"moderateIntensityMinutes":0,"vigorousIntensityMinutes":0,"userIntensityMinutesGoal":150,"userFloorsAscendedGoal":10,"includesWellnessData":true,"includesActivityData":false,"includesCalorieConsumedData":false,"source":0,"allDayStress":{},"version":73800007},{"userProfilePK":69302226,"calendarDate":{"date":"Jul 12, 2018 12:00:00 AM"},"uuid":"55418e807efd4d2483afe277c0ad1209","durationInMilliseconds":86400000,"totalKilocalories":1948.0,"activeKilocalories":0.0,"bmrKilocalories":1948.0,"wellnessKilocalories":1948.0,"remainingKilocalories":1948.0,"wellnessTotalKilocalories":1948.0,"wellnessActiveKilocalories":0.0,"totalSteps":0,"dailyStepGoal":8332,"totalDistanceMeters":0,"wellnessDistanceMeters":0,"wellnessStartTimeGmt":{"date":"Jul 11, 2018 9:01:00 PM"},"wellnessEndTimeGmt":{"date":"Jul 12, 2018 9:01:00 PM"},"wellnessStartTimeLocal":{"date":"Jul 12, 2018 12:00:00 AM"},"wellnessEndTimeLocal":{"date":"Jul 13, 2018 12:00:00 AM"},"highlyActiveSeconds":0,"activeSeconds":0,"moderateIntensityMinutes":0,"vigorousIntensityMinutes":0,"userIntensityMinutesGoal":150,"userFloorsAscendedGoal":10,"includesWellnessData":true,"includesActivityData":false,"includesCalorieConsumedData":false,"source":0,"allDayStress":{},"version":74040009},{"userProfilePK":69302226,"calendarDate":{"date":"Jul 13, 2018 12:00:00 AM"},"uuid":"ef69c9c245934b77aa884967c75f8cba","durationInMilliseconds":86400000,"totalKilocalories":2419.0,"activeKilocalories":471.0,"bmrKilocalories":1948.0,"wellnessKilocalories":2419.0,"burnedKilocalories":0.0,"remainingKilocalories":2419.0,"wellnessTotalKilocalories":2419.0,"wellnessActiveKilocalories":471.0,"totalSteps":7397,"dailyStepGoal":8332,"totalDistanceMeters":8747,"wellnessDistanceMeters":8747,"wellnessStartTimeGmt":{"date":"Jul 12, 2018 9:01:00 PM"},"wellnessEndTimeGmt":{"date":"Jul 13, 2018 9:01:00 PM"},"wellnessStartTimeLocal":{"date":"Jul 13, 2018 12:00:00 AM"},"wellnessEndTimeLocal":{"date":"Jul 14, 2018 12:00:00 AM"},"highlyActiveSeconds":2640,"activeSeconds":105,"moderateIntensityMinutes":41,"vigorousIntensityMinutes":0,"userIntensityMinutesGoal":150,"userFloorsAscendedGoal":10,"minHeartRate":74,"maxHeartRate":174,"restingHeartRate":74,"currentDayRestingHeartRate":74,"restingHeartRateTimestamp":"Jul 13, 2018 9:01:00 PM","includesWellnessData":true,"includesActivityData":true,"includesCalorieConsumedData":false,"source":0,"allDayStress":{},"minAvgHeartRate":74,"maxAvgHeartRate":173,"version":67080009},{"userProfilePK":69302226,"calendarDate":{"date":"Jul 14, 2018 12:00:00 AM"},"uuid":"c268737f3dae43b78b73ef271c4b07d4","durationInMilliseconds":86400000,"totalKilocalories":1948.0,"activeKilocalories":0.0,"bmrKilocalories":1948.0,"wellnessKilocalories":1948.0,"remainingKilocalories":1948.0,"wellnessTotalKilocalories":1948.0,"wellnessActiveKilocalories":0.0,"totalSteps":0,"dailyStepGoal":8285,"totalDistanceMeters":0,"wellnessDistanceMeters":0,"wellnessStartTimeGmt":{"date":"Jul 13, 2018 9:01:00 PM"},"wellnessEndTimeGmt":{"date":"Jul 14, 2018 9:01:00 PM"},"wellnessStartTimeLocal":{"date":"Jul 14, 2018 12:00:00 AM"},"wellnessEndTimeLocal":{"date":"Jul 15, 2018 12:00:00 AM"},"highlyActiveSeconds":0,"activeSeconds":0,"moderateIntensityMinutes":0,"vigorousIntensityMinutes":0,"userIntensityMinutesGoal":150,"userFloorsAscendedGoal":10,"minHeartRate":64,"maxHeartRate":68,"restingHeartRate":69,"currentDayRestingHeartRate":64,"restingHeartRateTimestamp":"Jul 14, 2018 9:01:00 PM","includesWellnessData":true,"includesActivityData":false,"includesCalorieConsumedData":false,"source":0,"allDayStress":{},"minAvgHeartRate":64,"maxAvgHeartRate":68,"version":52740010},{"userProfilePK":69302226,"calendarDate":{"date":"Jul 15, 2018 12:00:00 AM"},"uuid":"f5e887cad99647e08f152b9b1bbcfd21","durationInMilliseconds":86400000,"totalKilocalories":2315.0,"activeKilocalories":367.0,"bmrKilocalories":1948.0,"wellnessKilocalories":2315.0,"burnedKilocalories":0.0,"remainingKilocalories":2315.0,"wellnessTotalKilocalories":2315.0,"wellnessActiveKilocalories":367.0,"totalSteps":5500,"dailyStepGoal":8285,"totalDistanceMeters":6874,"wellnessDistanceMeters":6874,"wellnessStartTimeGmt":{"date":"Jul 14, 2018 9:01:00 PM"},"wellnessEndTimeGmt":{"date":"Jul 15, 2018 9:01:00 PM"},"wellnessStartTimeLocal":{"date":"Jul 15, 2018 12:00:00 AM"},"wellnessEndTimeLocal":{"date":"Jul 16, 2018 12:00:00 AM"},"highlyActiveSeconds":1950,"activeSeconds":120,"moderateIntensityMinutes":12,"vigorousIntensityMinutes":21,"userIntensityMinutesGoal":150,"userFloorsAscendedGoal":10,"minHeartRate":65,"maxHeartRate":180,"restingHeartRate":67,"currentDayRestingHeartRate":65,"restingHeartRateTimestamp":"Jul 15, 2018 9:01:00 PM","includesWellnessData":true,"includesActivityData":true,"includesCalorieConsumedData":false,"source":0,"allDayStress":{},"minAvgHeartRate":66,"maxAvgHeartRate":177,"version":65520004},{"userProfilePK":69302226,"calendarDate":{"date":"Jul 16, 2018 12:00:00 AM"},"uuid":"7ff09cf03def4971a62860edcabbc151","durationInMilliseconds":86400000,"totalKilocalories":1948.0,"activeKilocalories":0.0,"bmrKilocalories":1948.0,"wellnessKilocalories":1948.0,"remainingKilocalories":1948.0,"wellnessTotalKilocalories":1948.0,"wellnessActiveKilocalories":0.0,"totalSteps":0,"dailyStepGoal":7870,"totalDistanceMeters":0,"wellnessDistanceMeters":0,"wellnessStartTimeGmt":{"date":"Jul 15, 2018 9:01:00 PM"},"wellnessEndTimeGmt":{"date":"Jul 16, 2018 9:01:00 PM"},"wellnessStartTimeLocal":{"date":"Jul 16, 2018 12:00:00 AM"},"wellnessEndTimeLocal":{"date":"Jul 17, 2018 12:00:00 AM"},"highlyActiveSeconds":0,"activeSeconds":0,"moderateIntensityMinutes":0,"vigorousIntensityMinutes":0,"userIntensityMinutesGoal":150,"userFloorsAscendedGoal":10,"includesWellnessData":true,"includesActivityData":false,"includesCalorieConsumedData":false,"source":0,"allDayStress":{},"version":73800005},{"userProfilePK":69302226,"calendarDate":{"date":"Jul 17, 2018 12:00:00 AM"},"uuid":"40bbf52bce2045ddba3578bf841ae4c0","durationInMilliseconds":86400000,"totalKilocalories":1948.0,"activeKilocalories":0.0,"bmrKilocalories":1948.0,"wellnessKilocalories":1948.0,"remainingKilocalories":1948.0,"wellnessTotalKilocalories":1948.0,"wellnessActiveKilocalories":0.0,"totalSteps":0,"dailyStepGoal":7870,"totalDistanceMeters":0,"wellnessDistanceMeters":0,"wellnessStartTimeGmt":{"date":"Jul 16, 2018 9:01:00 PM"},"wellnessEndTimeGmt":{"date":"Jul 17, 2018 9:01:00 PM"},"wellnessStartTimeLocal":{"date":"Jul 17, 2018 12:00:00 AM"},"wellnessEndTimeLocal":{"date":"Jul 18, 2018 12:00:00 AM"},"highlyActiveSeconds":0,"activeSeconds":0,"moderateIntensityMinutes":0,"vigorousIntensityMinutes":0,"userIntensityMinutesGoal":150,"userFloorsAscendedGoal":10,"includesWellnessData":true,"includesActivityData":false,"includesCalorieConsumedData":false,"source":0,"allDayStress":{},"version":86400001},{"userProfilePK":69302226,"calendarDate":{"date":"Jul 18, 2018 12:00:00 AM"},"uuid":"33bd6c941d1444ef92d5d508d504fa8e","durationInMilliseconds":86400000,"totalKilocalories":1948.0,"activeKilocalories":0.0,"bmrKilocalories":1948.0,"wellnessKilocalories":1948.0,"remainingKilocalories":1948.0,"wellnessTotalKilocalories":1948.0,"wellnessActiveKilocalories":0.0,"totalSteps":0,"dailyStepGoal":7870,"totalDistanceMeters":0,"wellnessDistanceMeters":0,"wellnessStartTimeGmt":{"date":"Jul 17, 2018 9:01:00 PM"},"wellnessEndTimeGmt":{"date":"Jul 18, 2018 9:01:00 PM"},"wellnessStartTimeLocal":{"date":"Jul 18, 2018 12:00:00 AM"},"wellnessEndTimeLocal":{"date":"Jul 19, 2018 12:00:00 AM"},"highlyActiveSeconds":0,"activeSeconds":0,"moderateIntensityMinutes":0,"vigorousIntensityMinutes":0,"userIntensityMinutesGoal":150,"userFloorsAscendedGoal":10,"includesWellnessData":true,"includesActivityData":false,"includesCalorieConsumedData":false,"source":0,"allDayStress":{},"version":86400001},{"userProfilePK":69302226,"calendarDate":{"date":"Jul 19, 2018 12:00:00 AM"},"uuid":"f72393fcfe954429845103dfa289ae80","durationInMilliseconds":86400000,"totalKilocalories":1948.0,"activeKilocalories":0.0,"bmrKilocalories":1948.0,"wellnessKilocalories":1948.0,"remainingKilocalories":1948.0,"wellnessTotalKilocalories":1948.0,"wellnessActiveKilocalories":0.0,"totalSteps":0,"dailyStepGoal":7870,"totalDistanceMeters":0,"wellnessDistanceMeters":0,"wellnessStartTimeGmt":{"date":"Jul 18, 2018 9:01:00 PM"},"wellnessEndTimeGmt":{"date":"Jul 19, 2018 9:01:00 PM"},"wellnessStartTimeLocal":{"date":"Jul 19, 2018 12:00:00 AM"},"wellnessEndTimeLocal":{"date":"Jul 20, 2018 12:00:00 AM"},"highlyActiveSeconds":0,"activeSeconds":0,"moderateIntensityMinutes":0,"vigorousIntensityMinutes":0,"userIntensityMinutesGoal":150,"userFloorsAscendedGoal":10,"includesWellnessData":true,"includesActivityData":false,"includesCalorieConsumedData":false,"source":0,"allDayStress":{},"version":86400001},{"userProfilePK":69302226,"calendarDate":{"date":"Jul 20, 2018 12:00:00 AM"},"uuid":"4ca8dbf10f8b4dde86eb8fe6bca02f2a","durationInMilliseconds":86400000,"totalKilocalories":1948.0,"activeKilocalories":0.0,"bmrKilocalories":1948.0,"wellnessKilocalories":1948.0,"remainingKilocalories":1948.0,"wellnessTotalKilocalories":1948.0,"wellnessActiveKilocalories":0.0,"totalSteps":0,"dailyStepGoal":7870,"totalDistanceMeters":0,"wellnessDistanceMeters":0,"wellnessStartTimeGmt":{"date":"Jul 19, 2018 9:01:00 PM"},"wellnessEndTimeGmt":{"date":"Jul 20, 2018 9:01:00 PM"},"wellnessStartTimeLocal":{"date":"Jul 20, 2018 12:00:00 AM"},"wellnessEndTimeLocal":{"date":"Jul 21, 2018 12:00:00 AM"},"highlyActiveSeconds":0,"activeSeconds":0,"moderateIntensityMinutes":0,"vigorousIntensityMinutes":0,"userIntensityMinutesGoal":150,"userFloorsAscendedGoal":10,"includesWellnessData":true,"includesActivityData":false,"includesCalorieConsumedData":false,"source":0,"allDayStress":{},"version":86400001},{"userProfilePK":69302226,"calendarDate":{"date":"Jul 21, 2018 12:00:00 AM"},"uuid":"06e0d38ae78c4daab53c6d12d0309bec","durationInMilliseconds":86400000,"totalKilocalories":1948.0,"activeKilocalories":0.0,"bmrKilocalories":1948.0,"wellnessKilocalories":1948.0,"remainingKilocalories":1948.0,"wellnessTotalKilocalories":1948.0,"wellnessActiveKilocalories":0.0,"totalSteps":0,"dailyStepGoal":7870,"totalDistanceMeters":0,"wellnessDistanceMeters":0,"wellnessStartTimeGmt":{"date":"Jul 20, 2018 9:01:00 PM"},"wellnessEndTimeGmt":{"date":"Jul 21, 2018 9:01:00 PM"},"wellnessStartTimeLocal":{"date":"Jul 21, 2018 12:00:00 AM"},"wellnessEndTimeLocal":{"date":"Jul 22, 2018 12:00:00 AM"},"highlyActiveSeconds":0,"activeSeconds":0,"moderateIntensityMinutes":0,"vigorousIntensityMinutes":0,"userIntensityMinutesGoal":150,"userFloorsAscendedGoal":10,"includesWellnessData":true,"includesActivityData":false,"includesCalorieConsumedData":false,"source":0,"allDayStress":{},"version":86400001},{"userProfilePK":69302226,"calendarDate":{"date":"Jul 22, 2018 12:00:00 AM"},"uuid":"49d1c3fc6e734a358bb7848d2997c81f","durationInMilliseconds":86400000,"totalKilocalories":1948.0,"activeKilocalories":0.0,"bmrKilocalories":1948.0,"wellnessKilocalories":1948.0,"remainingKilocalories":1948.0,"wellnessTotalKilocalories":1948.0,"wellnessActiveKilocalories":0.0,"totalSteps":0,"dailyStepGoal":7870,"totalDistanceMeters":0,"wellnessDistanceMeters":0,"wellnessStartTimeGmt":{"date":"Jul 21, 2018 9:01:00 PM"},"wellnessEndTimeGmt":{"date":"Jul 22, 2018 9:01:00 PM"},"wellnessStartTimeLocal":{"date":"Jul 22, 2018 12:00:00 AM"},"wellnessEndTimeLocal":{"date":"Jul 23, 2018 12:00:00 AM"},"highlyActiveSeconds":0,"activeSeconds":0,"moderateIntensityMinutes":0,"vigorousIntensityMinutes":0,"userIntensityMinutesGoal":150,"userFloorsAscendedGoal":10,"includesWellnessData":true,"includesActivityData":false,"includesCalorieConsumedData":false,"source":0,"allDayStress":{},"version":86400001},{"userProfilePK":69302226,"calendarDate":{"date":"Jul 23, 2018 12:00:00 AM"},"uuid":"45203bb8f9254507a51e1f7ffe4c7634","durationInMilliseconds":74760000,"totalKilocalories":1691.0,"activeKilocalories":6.0,"bmrKilocalories":1685.0,"wellnessKilocalories":1691.0,"remainingKilocalories":1691.0,"wellnessTotalKilocalories":1691.0,"wellnessActiveKilocalories":6.0,"totalSteps":0,"dailyStepGoal":7870,"totalDistanceMeters":0,"wellnessDistanceMeters":0,"wellnessStartTimeGmt":{"date":"Jul 22, 2018 9:01:00 PM"},"wellnessEndTimeGmt":{"date":"Jul 23, 2018 5:47:00 PM"},"wellnessStartTimeLocal":{"date":"Jul 23, 2018 12:00:00 AM"},"wellnessEndTimeLocal":{"date":"Jul 23, 2018 8:46:00 PM"},"highlyActiveSeconds":0,"activeSeconds":0,"moderateIntensityMinutes":0,"vigorousIntensityMinutes":0,"userIntensityMinutesGoal":150,"userFloorsAscendedGoal":10,"minHeartRate":74,"maxHeartRate":115,"restingHeartRate":74,"currentDayRestingHeartRate":74,"restingHeartRateTimestamp":"Jul 23, 2018 5:47:00 PM","includesWellnessData":true,"includesActivityData":false,"includesCalorieConsumedData":false,"source":0,"allDayStress":{},"minAvgHeartRate":77,"maxAvgHeartRate":115,"version":73860002}]