[{"version":1527673289411,"metaData":{"userProfilePK":69302226,"calendarDate":"2018-05-29T19:14:30.0","sequence":1527673289411},"vo2MaxRunning":51.0,"userSetNullForHeight":false,"userSetNullForWeight":false,"userSetNullForActivityClass":false,"userSetNullForLactateThresholdSpeed":false,"userSetNullForLactateThresholdHR":false,"userSetNullForVO2MaxCycling":false,"userSetNullForVO2MaxRunning":false},{"version":1527784636280,"metaData":{"userProfilePK":69302226,"calendarDate":"2018-05-31T19:18:40.0","sequence":1527784636280},"vo2MaxRunning":50.0,"userSetNullForHeight":false,"userSetNullForWeight":false,"userSetNullForActivityClass":false,"userSetNullForLactateThresholdSpeed":false,"userSetNullForLactateThresholdHR":false,"userSetNullForVO2MaxCycling":false,"userSetNullForVO2MaxRunning":false},{"version":1528043581610,"metaData":{"userProfilePK":69302226,"calendarDate":"2018-06-03T19:08:17.0","sequence":1528043581610},"vo2MaxRunning":50.0,"userSetNullForHeight":false,"userSetNullForWeight":false,"userSetNullForActivityClass":false,"userSetNullForLactateThresholdSpeed":false,"userSetNullForLactateThresholdHR":false,"userSetNullForVO2MaxCycling":false,"userSetNullForVO2MaxRunning":false},{"version":1528216295523,"metaData":{"userProfilePK":69302226,"calendarDate":"2018-06-05T19:16:01.0","sequence":1528216295523},"vo2MaxRunning":50.0,"userSetNullForHeight":false,"userSetNullForWeight":false,"userSetNullForActivityClass":false,"userSetNullForLactateThresholdSpeed":false,"userSetNullForLactateThresholdHR":false,"userSetNullForVO2MaxCycling":false,"userSetNullForVO2MaxRunning":false},{"version":1528389004056,"metaData":{"userProfilePK":69302226,"calendarDate":"2018-06-07T19:17:00.0","sequence":1528389004056},"vo2MaxRunning":51.0,"userSetNullForHeight":false,"userSetNullForWeight":false,"userSetNullForActivityClass":false,"userSetNullForLactateThresholdSpeed":false,"userSetNullForLactateThresholdHR":false,"userSetNullForVO2MaxCycling":false,"userSetNullForVO2MaxRunning":false},{"version":1528649176881,"metaData":{"userProfilePK":69302226,"calendarDate":"2018-06-10T19:10:55.0","sequence":1528649176881},"vo2MaxRunning":51.0,"userSetNullForHeight":false,"userSetNullForWeight":false,"userSetNullForActivityClass":false,"userSetNullForLactateThresholdSpeed":false,"userSetNullForLactateThresholdHR":false,"userSetNullForVO2MaxCycling":false,"userSetNullForVO2MaxRunning":false},{"version":1528907625706,"metaData":{"userProfilePK":69302226,"calendarDate":"2018-06-13T19:18:58.0","sequence":1528907625706},"vo2MaxRunning":51.0,"userSetNullForHeight":false,"userSetNullForWeight":false,"userSetNullForActivityClass":false,"userSetNullForLactateThresholdSpeed":false,"userSetNullForLactateThresholdHR":false,"userSetNullForVO2MaxCycling":false,"userSetNullForVO2MaxRunning":false},{"version":1529254766532,"metaData":{"userProfilePK":69302226,"calendarDate":"2018-06-17T12:16:22.0","sequence":1529254766532},"vo2MaxRunning":51.0,"userSetNullForHeight":false,"userSetNullForWeight":false,"userSetNullForActivityClass":false,"userSetNullForLactateThresholdSpeed":false,"userSetNullForLactateThresholdHR":false,"userSetNullForVO2MaxCycling":false,"userSetNullForVO2MaxRunning":false},{"version":1529681952921,"metaData":{"userProfilePK":69302226,"calendarDate":"2018-06-20T20:03:29.0","sequence":1529681952921},"vo2MaxRunning":50.0,"userSetNullForHeight":false,"userSetNullForWeight":false,"userSetNullForActivityClass":false,"userSetNullForLactateThresholdSpeed":false,"userSetNullForLactateThresholdHR":false,"userSetNullForVO2MaxCycling":false,"userSetNullForVO2MaxRunning":false},{"version":1529682020608,"metaData":{"userProfilePK":69302226,"calendarDate":"2018-06-21T16:11:02.0","sequence":1529682020608},"vo2MaxRunning":43.0,"userSetNullForHeight":false,"userSetNullForWeight":false,"userSetNullForActivityClass":false,"userSetNullForLactateThresholdSpeed":false,"userSetNullForLactateThresholdHR":false,"userSetNullForVO2MaxCycling":false,"userSetNullForVO2MaxRunning":false},{"version":1530135235409,"metaData":{"userProfilePK":69302226,"calendarDate":"2018-06-27T19:57:56.0","sequence":1530135235409},"vo2MaxRunning":45.0,"userSetNullForHeight":false,"userSetNullForWeight":false,"userSetNullForActivityClass":false,"userSetNullForLactateThresholdSpeed":false,"userSetNullForLactateThresholdHR":false,"userSetNullForVO2MaxCycling":false,"userSetNullForVO2MaxRunning":false},{"version":1530549962911,"metaData":{"userProfilePK":69302226,"calendarDate":"2018-07-02T19:25:20.0","sequence":1530549962911},"vo2MaxRunning":47.0,"userSetNullForHeight":false,"userSetNullForWeight":false,"userSetNullForActivityClass":false,"userSetNullForLactateThresholdSpeed":false,"userSetNullForLactateThresholdHR":false,"userSetNullForVO2MaxCycling":false,"userSetNullForVO2MaxRunning":false},{"version":1530722829367,"metaData":{"userProfilePK":69302226,"calendarDate":"2018-07-04T19:28:59.0","sequence":1530722829367},"vo2MaxRunning":47.0,"userSetNullForHeight":false,"userSetNullForWeight":false,"userSetNullForActivityClass":false,"userSetNullForLactateThresholdSpeed":false,"userSetNullForLactateThresholdHR":false,"userSetNullForVO2MaxCycling":false,"userSetNullForVO2MaxRunning":false},{"version":1531504706599,"metaData":{"userProfilePK":69302226,"calendarDate":"2018-07-13T20:41:18.0","sequence":1531504706599},"vo2MaxRunning":48.0,"userSetNullForHeight":false,"userSetNullForWeight":false,"userSetNullForActivityClass":false,"userSetNullForLactateThresholdSpeed":false,"userSetNullForLactateThresholdHR":false,"userSetNullForVO2MaxCycling":false,"userSetNullForVO2MaxRunning":false},{"version":1531678901469,"metaData":{"userProfilePK":69302226,"calendarDate":"2018-07-15T21:07:00.0","sequence":1531678901469},"vo2MaxRunning":49.0,"userSetNullForHeight":false,"userSetNullForWeight":false,"userSetNullForActivityClass":false,"userSetNullForLactateThresholdSpeed":false,"userSetNullForLactateThresholdHR":false,"userSetNullForVO2MaxCycling":false,"userSetNullForVO2MaxRunning":false},{"version":1532418127134,"metaData":{"userProfilePK":69302226,"calendarDate":"2018-07-24T07:18:56.0","sequence":1532418127134},"vo2MaxRunning":50.0,"userSetNullForHeight":false,"userSetNullForWeight":false,"userSetNullForActivityClass":false,"userSetNullForLactateThresholdSpeed":false,"userSetNullForLactateThresholdHR":false,"userSetNullForVO2MaxCycling":false,"userSetNullForVO2MaxRunning":false},{"version":1532580839618,"metaData":{"userProfilePK":69302226,"calendarDate":"2018-07-26T07:28:34.0","sequence":1532580839618},"vo2MaxRunning":50.0,"userSetNullForHeight":false,"userSetNullForWeight":false,"userSetNullForActivityClass":false,"userSetNullForLactateThresholdSpeed":false,"userSetNullForLactateThresholdHR":false,"userSetNullForVO2MaxCycling":false,"userSetNullForVO2MaxRunning":false},{"version":1532800887707,"metaData":{"userProfilePK":69302226,"calendarDate":"2018-07-28T20:19:34.0","sequence":1532800887707},"vo2MaxRunning":50.0,"userSetNullForHeight":false,"userSetNullForWeight":false,"userSetNullForActivityClass":false,"userSetNullForLactateThresholdSpeed":false,"userSetNullForLactateThresholdHR":false,"userSetNullForVO2MaxCycling":false,"userSetNullForVO2MaxRunning":false},{"version":1533418447303,"metaData":{"userProfilePK":69302226,"calendarDate":"2018-08-04T20:33:29.0","sequence":1533418447303},"vo2MaxRunning":50.0,"userSetNullForHeight":false,"userSetNullForWeight":false,"userSetNullForActivityClass":false,"userSetNullForLactateThresholdSpeed":false,"userSetNullForLactateThresholdHR":false,"userSetNullForVO2MaxCycling":false,"userSetNullForVO2MaxRunning":false},{"version":1533763408249,"metaData":{"userProfilePK":69302226,"calendarDate":"2018-08-05T20:54:57.0","sequence":1533763408249},"vo2MaxRunning":51.0,"userSetNullForHeight":false,"userSetNullForWeight":false,"userSetNullForActivityClass":false,"userSetNullForLactateThresholdSpeed":false,"userSetNullForLactateThresholdHR":false,"userSetNullForVO2MaxCycling":false,"userSetNullForVO2MaxRunning":false},{"version":1533763426375,"metaData":{"userProfilePK":69302226,"calendarDate":"2018-08-08T19:03:38.0","sequence":1533763426375},"vo2MaxRunning":53.0,"userSetNullForHeight":false,"userSetNullForWeight":false,"userSetNullForActivityClass":false,"userSetNullForLactateThresholdSpeed":false,"userSetNullForLactateThresholdHR":false,"userSetNullForVO2MaxCycling":false,"userSetNullForVO2MaxRunning":false},{"version":1534000264622,"metaData":{"userProfilePK":69302226,"calendarDate":"2018-08-11T16:08:31.0","sequence":1534000264622},"vo2MaxRunning":53.0,"userSetNullForHeight":false,"userSetNullForWeight":false,"userSetNullForActivityClass":false,"userSetNullForLactateThresholdSpeed":false,"userSetNullForLactateThresholdHR":false,"userSetNullForVO2MaxCycling":false,"userSetNullForVO2MaxRunning":false},{"version":1534318207589,"metaData":{"userProfilePK":69302226,"calendarDate":"2018-08-14T19:40:46.0","sequence":1534318207589},"vo2MaxRunning":53.0,"userSetNullForHeight":false,"userSetNullForWeight":false,"userSetNullForActivityClass":false,"userSetNullForLactateThresholdSpeed":false,"userSetNullForLactateThresholdHR":false,"userSetNullForVO2MaxCycling":false,"userSetNullForVO2MaxRunning":false},{"version":1534318224970,"metaData":{"userProfilePK":69302226,"calendarDate":"2018-08-15T07:47:37.0","sequence":1534318224970},"vo2MaxRunning":53.0,"userSetNullForHeight":false,"userSetNullForWeight":false,"userSetNullForActivityClass":false,"userSetNullForLactateThresholdSpeed":false,"userSetNullForLactateThresholdHR":false,"userSetNullForVO2MaxCycling":false,"userSetNullForVO2MaxRunning":false},{"version":1535008988116,"metaData":{"userProfilePK":69302226,"calendarDate":"2018-08-20T19:57:07.0","sequence":1535008988116},"vo2MaxRunning":52.0,"userSetNullForHeight":false,"userSetNullForWeight":false,"userSetNullForActivityClass":false,"userSetNullForLactateThresholdSpeed":false,"userSetNullForLactateThresholdHR":false,"userSetNullForVO2MaxCycling":false,"userSetNullForVO2MaxRunning":false},{"version":1535009005752,"metaData":{"userProfilePK":69302226,"calendarDate":"2018-08-21T08:06:26.0","sequence":1535009005752},"vo2MaxRunning":51.0,"userSetNullForHeight":false,"userSetNullForWeight":false,"userSetNullForActivityClass":false,"userSetNullForLactateThresholdSpeed":false,"userSetNullForLactateThresholdHR":false,"userSetNullForVO2MaxCycling":false,"userSetNullForVO2MaxRunning":false},{"version":1535009021971,"metaData":{"userProfilePK":69302226,"calendarDate":"2018-08-22T19:32:33.0","sequence":1535009021971},"vo2MaxRunning":52.0,"userSetNullForHeight":false,"userSetNullForWeight":false,"userSetNullForActivityClass":false,"userSetNullForLactateThresholdSpeed":false,"userSetNullForLactateThresholdHR":false,"userSetNullForVO2MaxCycling":false,"userSetNullForVO2MaxRunning":false},{"version":1535009037658,"metaData":{"userProfilePK":69302226,"calendarDate":"2018-08-23T07:41:37.0","sequence":1535009037658},"vo2MaxRunning":51.0,"userSetNullForHeight":false,"userSetNullForWeight":false,"userSetNullForActivityClass":false,"userSetNullForLactateThresholdSpeed":false,"userSetNullForLactateThresholdHR":false,"userSetNullForVO2MaxCycling":false,"userSetNullForVO2MaxRunning":false},{"version":1535357608013,"metaData":{"userProfilePK":69302226,"calendarDate":"2018-08-26T19:27:26.0","sequence":1535357608013},"vo2MaxRunning":51.0,"userSetNullForHeight":false,"userSetNullForWeight":false,"userSetNullForActivityClass":false,"userSetNullForLactateThresholdSpeed":false,"userSetNullForLactateThresholdHR":false,"userSetNullForVO2MaxCycling":false,"userSetNullForVO2MaxRunning":false},{"version":1535519207333,"metaData":{"userProfilePK":69302226,"calendarDate":"2018-08-28T19:46:49.0","sequence":1535519207333},"vo2MaxRunning":51.0,"userSetNullForHeight":false,"userSetNullForWeight":false,"userSetNullForActivityClass":false,"userSetNullForLactateThresholdSpeed":false,"userSetNullForLactateThresholdHR":false,"userSetNullForVO2MaxCycling":false,"userSetNullForVO2MaxRunning":false},{"version":1535519217493,"metaData":{"userProfilePK":69302226,"calendarDate":"2018-08-29T07:45:14.0","sequence":1535519217493},"vo2MaxRunning":50.0,"userSetNullForHeight":false,"userSetNullForWeight":false,"userSetNullForActivityClass":false,"userSetNullForLactateThresholdSpeed":false,"userSetNullForLactateThresholdHR":false,"userSetNullForVO2MaxCycling":false,"userSetNullForVO2MaxRunning":false},{"version":1536441089154,"metaData":{"userProfilePK":69302226,"calendarDate":"2018-09-08T18:26:50.0","sequence":1536441089154},"vo2MaxRunning":51.0,"userSetNullForHeight":false,"userSetNullForWeight":false,"userSetNullForActivityClass":false,"userSetNullForLactateThresholdSpeed":false,"userSetNullForLactateThresholdHR":false,"userSetNullForVO2MaxCycling":false,"userSetNullForVO2MaxRunning":false},{"version":1536603303493,"metaData":{"userProfilePK":69302226,"calendarDate":"2018-09-10T19:13:00.0","sequence":1536603303493},"vo2MaxRunning":51.0,"userSetNullForHeight":false,"userSetNullForWeight":false,"userSetNullForActivityClass":false,"userSetNullForLactateThresholdSpeed":false,"userSetNullForLactateThresholdHR":false,"userSetNullForVO2MaxCycling":false,"userSetNullForVO2MaxRunning":false},{"version":1536763798899,"metaData":{"userProfilePK":69302226,"calendarDate":"2018-09-12T15:26:13.0","sequence":1536763798899},"vo2MaxRunning":51.0,"userSetNullForHeight":false,"userSetNullForWeight":false,"userSetNullForActivityClass":false,"userSetNullForLactateThresholdSpeed":false,"userSetNullForLactateThresholdHR":false,"userSetNullForVO2MaxCycling":false,"userSetNullForVO2MaxRunning":false},{"version":1538412162044,"metaData":{"userProfilePK":69302226,"calendarDate":"2018-10-01T17:41:18.0","sequence":1538412162044},"vo2MaxRunning":51.0,"userSetNullForHeight":false,"userSetNullForWeight":false,"userSetNullForActivityClass":false,"userSetNullForLactateThresholdSpeed":false,"userSetNullForLactateThresholdHR":false,"userSetNullForVO2MaxCycling":false,"userSetNullForVO2MaxRunning":false},{"version":1538526757864,"metaData":{"userProfilePK":69302226,"calendarDate":"2018-10-02T13:48:43.0","sequence":1538526757864},"vo2MaxRunning":51.0,"userSetNullForHeight":false,"userSetNullForWeight":false,"userSetNullForActivityClass":false,"userSetNullForLactateThresholdSpeed":false,"userSetNullForLactateThresholdHR":false,"userSetNullForVO2MaxCycling":false,"userSetNullForVO2MaxRunning":false},{"version":1538638957523,"metaData":{"userProfilePK":69302226,"calendarDate":"2018-10-03T19:41:49.0","sequence":1538638957523},"vo2MaxRunning":51.0,"userSetNullForHeight":false,"userSetNullForWeight":false,"userSetNullForActivityClass":false,"userSetNullForLactateThresholdSpeed":false,"userSetNullForLactateThresholdHR":false,"userSetNullForVO2MaxCycling":false,"userSetNullForVO2MaxRunning":false},{"version":1538638975363,"metaData":{"userProfilePK":69302226,"calendarDate":"2018-10-04T08:29:48.0","sequence":1538638975363},"vo2MaxRunning":51.0,"userSetNullForHeight":false,"userSetNullForWeight":false,"userSetNullForActivityClass":false,"userSetNullForLactateThresholdSpeed":false,"userSetNullForLactateThresholdHR":false,"userSetNullForVO2MaxCycling":false,"userSetNullForVO2MaxRunning":false},{"version":1538844307098,"metaData":{"userProfilePK":69302226,"calendarDate":"2018-10-06T19:03:30.0","sequence":1538844307098},"vo2MaxRunning":50.0,"userSetNullForHeight":false,"userSetNullForWeight":false,"userSetNullForActivityClass":false,"userSetNullForLactateThresholdSpeed":false,"userSetNullForLactateThresholdHR":false,"userSetNullForVO2MaxCycling":false,"userSetNullForVO2MaxRunning":false},{"version":1539071237489,"metaData":{"userProfilePK":69302226,"calendarDate":"2018-10-08T17:58:25.0","sequence":1539071237489},"vo2MaxRunning":50.0,"userSetNullForHeight":false,"userSetNullForWeight":false,"userSetNullForActivityClass":false,"userSetNullForLactateThresholdSpeed":false,"userSetNullForLactateThresholdHR":false,"userSetNullForVO2MaxCycling":false,"userSetNullForVO2MaxRunning":false},{"version":1539100073204,"metaData":{"userProfilePK":69302226,"calendarDate":"2018-10-09T18:27:39.0","sequence":1539100073204},"vo2MaxRunning":50.0,"userSetNullForHeight":false,"userSetNullForWeight":false,"userSetNullForActivityClass":false,"userSetNullForLactateThresholdSpeed":false,"userSetNullForLactateThresholdHR":false,"userSetNullForVO2MaxCycling":false,"userSetNullForVO2MaxRunning":false},{"version":1539274104109,"metaData":{"userProfilePK":69302226,"calendarDate":"2018-10-11T17:57:16.0","sequence":1539274104109},"vo2MaxRunning":50.0,"userSetNullForHeight":false,"userSetNullForWeight":false,"userSetNullForActivityClass":false,"userSetNullForLactateThresholdSpeed":false,"userSetNullForLactateThresholdHR":false,"userSetNullForVO2MaxCycling":false,"userSetNullForVO2MaxRunning":false},{"version":1539673868793,"metaData":{"userProfilePK":69302226,"calendarDate":"2018-10-14T10:57:17.0","sequence":1539673868793},"vo2MaxRunning":49.0,"userSetNullForHeight":false,"userSetNullForWeight":false,"userSetNullForActivityClass":false,"userSetNullForLactateThresholdSpeed":false,"userSetNullForLactateThresholdHR":false,"userSetNullForVO2MaxCycling":false,"userSetNullForVO2MaxRunning":false},{"version":1539674658790,"metaData":{"userProfilePK":69302226,"calendarDate":"2018-10-15T18:30:09.0","sequence":1539674658790},"vo2MaxRunning":49.0,"userSetNullForHeight":false,"userSetNullForWeight":false,"userSetNullForActivityClass":false,"userSetNullForLactateThresholdSpeed":false,"userSetNullForLactateThresholdHR":false,"userSetNullForVO2MaxCycling":false,"userSetNullForVO2MaxRunning":false},{"version":1539674665946,"metaData":{"userProfilePK":69302226,"calendarDate":"2018-10-16T09:30:36.0","sequence":1539674665946},"vo2MaxRunning":48.0,"userSetNullForHeight":false,"userSetNullForWeight":false,"userSetNullForActivityClass":false,"userSetNullForLactateThresholdSpeed":false,"userSetNullForLactateThresholdHR":false,"userSetNullForVO2MaxCycling":false,"userSetNullForVO2MaxRunning":false},{"version":1539790210964,"metaData":{"userProfilePK":69302226,"calendarDate":"2018-10-17T18:21:48.0","sequence":1539790210964},"vo2MaxRunning":48.0,"userSetNullForHeight":false,"userSetNullForWeight":false,"userSetNullForActivityClass":false,"userSetNullForLactateThresholdSpeed":false,"userSetNullForLactateThresholdHR":false,"userSetNullForVO2MaxCycling":false,"userSetNullForVO2MaxRunning":false},{"version":1539850577885,"metaData":{"userProfilePK":69302226,"calendarDate":"2018-10-18T10:38:41.0","sequence":1539850577885},"vo2MaxRunning":48.0,"userSetNullForHeight":false,"userSetNullForWeight":false,"userSetNullForActivityClass":false,"userSetNullForLactateThresholdSpeed":false,"userSetNullForLactateThresholdHR":false,"userSetNullForVO2MaxCycling":false,"userSetNullForVO2MaxRunning":false},{"version":1540280606973,"metaData":{"userProfilePK":69302226,"calendarDate":"2018-10-22T19:18:37.0","sequence":1540280606973},"vo2MaxRunning":49.0,"userSetNullForHeight":false,"userSetNullForWeight":false,"userSetNullForActivityClass":false,"userSetNullForLactateThresholdSpeed":false,"userSetNullForLactateThresholdHR":false,"userSetNullForVO2MaxCycling":false,"userSetNullForVO2MaxRunning":false},{"version":1540280622048,"metaData":{"userProfilePK":69302226,"calendarDate":"2018-10-23T09:44:54.0","sequence":1540280622048},"vo2MaxRunning":49.0,"userSetNullForHeight":false,"userSetNullForWeight":false,"userSetNullForActivityClass":false,"userSetNullForLactateThresholdSpeed":false,"userSetNullForLactateThresholdHR":false,"userSetNullForVO2MaxCycling":false,"userSetNullForVO2MaxRunning":false},{"version":1540373505755,"metaData":{"userProfilePK":69302226,"calendarDate":"2018-10-23T19:08:22.0","sequence":1540373505755},"vo2MaxRunning":49.0,"userSetNullForHeight":false,"userSetNullForWeight":false,"userSetNullForActivityClass":false,"userSetNullForLactateThresholdSpeed":false,"userSetNullForLactateThresholdHR":false,"userSetNullForVO2MaxCycling":false,"userSetNullForVO2MaxRunning":false},{"version":1540649783759,"metaData":{"userProfilePK":69302226,"calendarDate":"2018-10-27T15:28:53.0","sequence":1540649783759},"vo2MaxRunning":50.0,"userSetNullForHeight":false,"userSetNullForWeight":false,"userSetNullForActivityClass":false,"userSetNullForLactateThresholdSpeed":false,"userSetNullForLactateThresholdHR":false,"userSetNullForVO2MaxCycling":false,"userSetNullForVO2MaxRunning":false},{"version":1540814680252,"metaData":{"userProfilePK":69302226,"calendarDate":"2018-10-29T11:45:05.0","sequence":1540814680252},"vo2MaxRunning":50.0,"userSetNullForHeight":false,"userSetNullForWeight":false,"userSetNullForActivityClass":false,"userSetNullForLactateThresholdSpeed":false,"userSetNullForLactateThresholdHR":false,"userSetNullForVO2MaxCycling":false,"userSetNullForVO2MaxRunning":false},{"version":1541183469842,"metaData":{"userProfilePK":69302226,"calendarDate":"2018-11-02T17:17:28.0","sequence":1541183469842},"vo2MaxRunning":50.0,"userSetNullForHeight":false,"userSetNullForWeight":false,"userSetNullForActivityClass":false,"userSetNullForLactateThresholdSpeed":false,"userSetNullForLactateThresholdHR":false,"userSetNullForVO2MaxCycling":false,"userSetNullForVO2MaxRunning":false},{"version":1541405627553,"metaData":{"userProfilePK":69302226,"calendarDate":"2018-11-04T17:13:39.0","sequence":1541405627553},"vo2MaxRunning":51.0,"userSetNullForHeight":false,"userSetNullForWeight":false,"userSetNullForActivityClass":false,"userSetNullForLactateThresholdSpeed":false,"userSetNullForLactateThresholdHR":false,"userSetNullForVO2MaxCycling":false,"userSetNullForVO2MaxRunning":false},{"version":1541405645747,"metaData":{"userProfilePK":69302226,"calendarDate":"2018-11-05T09:28:08.0","sequence":1541405645747},"vo2MaxRunning":51.0,"userSetNullForHeight":false,"userSetNullForWeight":false,"userSetNullForActivityClass":false,"userSetNullForLactateThresholdSpeed":false,"userSetNullForLactateThresholdHR":false,"userSetNullForVO2MaxCycling":false,"userSetNullForVO2MaxRunning":false},{"version":1541536852661,"metaData":{"userProfilePK":69302226,"calendarDate":"2018-11-05T17:49:17.0","sequence":1541536852661},"vo2MaxRunning":51.0,"userSetNullForHeight":false,"userSetNullForWeight":false,"userSetNullForActivityClass":false,"userSetNullForLactateThresholdSpeed":false,"userSetNullForLactateThresholdHR":false,"userSetNullForVO2MaxCycling":false,"userSetNullForVO2MaxRunning":false},{"version":1541608257728,"metaData":{"userProfilePK":69302226,"calendarDate":"2018-11-07T17:26:54.0","sequence":1541608257728},"vo2MaxRunning":51.0,"userSetNullForHeight":false,"userSetNullForWeight":false,"userSetNullForActivityClass":false,"userSetNullForLactateThresholdSpeed":false,"userSetNullForLactateThresholdHR":false,"userSetNullForVO2MaxCycling":false,"userSetNullForVO2MaxRunning":false},{"version":1541950158427,"metaData":{"userProfilePK":69302226,"calendarDate":"2018-11-11T17:04:20.0","sequence":1541950158427},"vo2MaxRunning":51.0,"userSetNullForHeight":false,"userSetNullForWeight":false,"userSetNullForActivityClass":false,"userSetNullForLactateThresholdSpeed":false,"userSetNullForLactateThresholdHR":false,"userSetNullForVO2MaxCycling":false,"userSetNullForVO2MaxRunning":false},{"version":1542039773287,"metaData":{"userProfilePK":69302226,"calendarDate":"2018-11-12T17:16:53.0","sequence":1542039773287},"vo2MaxRunning":52.0,"userSetNullForHeight":false,"userSetNullForWeight":false,"userSetNullForActivityClass":false,"userSetNullForLactateThresholdSpeed":false,"userSetNullForLactateThresholdHR":false,"userSetNullForVO2MaxCycling":false,"userSetNullForVO2MaxRunning":false},{"version":1542320646332,"metaData":{"userProfilePK":69302226,"calendarDate":"2018-11-15T18:38:40.0","sequence":1542320646332},"vo2MaxRunning":52.0,"userSetNullForHeight":false,"userSetNullForWeight":false,"userSetNullForActivityClass":false,"userSetNullForLactateThresholdSpeed":false,"userSetNullForLactateThresholdHR":false,"userSetNullForVO2MaxCycling":false,"userSetNullForVO2MaxRunning":false},{"version":1542556774442,"metaData":{"userProfilePK":69302226,"calendarDate":"2018-11-18T16:41:59.0","sequence":1542556774442},"vo2MaxRunning":52.0,"userSetNullForHeight":false,"userSetNullForWeight":false,"userSetNullForActivityClass":false,"userSetNullForLactateThresholdSpeed":false,"userSetNullForLactateThresholdHR":false,"userSetNullForVO2MaxCycling":false,"userSetNullForVO2MaxRunning":false},{"version":1542842543352,"metaData":{"userProfilePK":69302226,"calendarDate":"2018-11-20T17:08:58.0","sequence":1542842543352},"vo2MaxRunning":52.0,"userSetNullForHeight":false,"userSetNullForWeight":false,"userSetNullForActivityClass":false,"userSetNullForLactateThresholdSpeed":false,"userSetNullForLactateThresholdHR":false,"userSetNullForVO2MaxCycling":false,"userSetNullForVO2MaxRunning":false},{"version":1542929758684,"metaData":{"userProfilePK":69302226,"calendarDate":"2018-11-22T18:47:13.0","sequence":1542929758684},"vo2MaxRunning":53.0,"userSetNullForHeight":false,"userSetNullForWeight":false,"userSetNullForActivityClass":false,"userSetNullForLactateThresholdSpeed":false,"userSetNullForLactateThresholdHR":false,"userSetNullForVO2MaxCycling":false,"userSetNullForVO2MaxRunning":false},{"version":1543248434348,"metaData":{"userProfilePK":69302226,"calendarDate":"2018-11-26T17:45:54.0","sequence":1543248434348},"vo2MaxRunning":54.0,"userSetNullForHeight":false,"userSetNullForWeight":false,"userSetNullForActivityClass":false,"userSetNullForLactateThresholdSpeed":false,"userSetNullForLactateThresholdHR":false,"userSetNullForVO2MaxCycling":false,"userSetNullForVO2MaxRunning":false},{"version":1543430358319,"metaData":{"userProfilePK":69302226,"calendarDate":"2018-11-28T17:17:10.0","sequence":1543430358319},"vo2MaxRunning":54.0,"userSetNullForHeight":false,"userSetNullForWeight":false,"userSetNullForActivityClass":false,"userSetNullForLactateThresholdSpeed":false,"userSetNullForLactateThresholdHR":false,"userSetNullForVO2MaxCycling":false,"userSetNullForVO2MaxRunning":false},{"version":1543570695641,"metaData":{"userProfilePK":69302226,"calendarDate":"2018-11-29T16:58:12.0","sequence":1543570695641},"vo2MaxRunning":53.0,"userSetNullForHeight":false,"userSetNullForWeight":false,"userSetNullForActivityClass":false,"userSetNullForLactateThresholdSpeed":false,"userSetNullForLactateThresholdHR":false,"userSetNullForVO2MaxCycling":false,"userSetNullForVO2MaxRunning":false},{"version":1543927385707,"metaData":{"userProfilePK":69302226,"calendarDate":"2018-12-04T14:20:27.0","sequence":1543927385707},"vo2MaxRunning":53.0,"userSetNullForHeight":false,"userSetNullForWeight":false,"userSetNullForActivityClass":false,"userSetNullForLactateThresholdSpeed":false,"userSetNullForLactateThresholdHR":false,"userSetNullForVO2MaxCycling":false,"userSetNullForVO2MaxRunning":false},{"version":1544013474996,"metaData":{"userProfilePK":69302226,"calendarDate":"2018-12-05T14:00:02.0","sequence":1544013474996},"vo2MaxRunning":52.0,"userSetNullForHeight":false,"userSetNullForWeight":false,"userSetNullForActivityClass":false,"userSetNullForLactateThresholdSpeed":false,"userSetNullForLactateThresholdHR":false,"userSetNullForVO2MaxCycling":false,"userSetNullForVO2MaxRunning":false},{"version":1544187263221,"metaData":{"userProfilePK":69302226,"calendarDate":"2018-12-07T14:48:44.0","sequence":1544187263221},"vo2MaxRunning":53.0,"userSetNullForHeight":false,"userSetNullForWeight":false,"userSetNullForActivityClass":false,"userSetNullForLactateThresholdSpeed":false,"userSetNullForLactateThresholdHR":false,"userSetNullForVO2MaxCycling":false,"userSetNullForVO2MaxRunning":false},{"version":1544628487030,"metaData":{"userProfilePK":69302226,"calendarDate":"2018-12-12T14:48:57.0","sequence":1544628487030},"vo2MaxRunning":52.0,"userSetNullForHeight":false,"userSetNullForWeight":false,"userSetNullForActivityClass":false,"userSetNullForLactateThresholdSpeed":false,"userSetNullForLactateThresholdHR":false,"userSetNullForVO2MaxCycling":false,"userSetNullForVO2MaxRunning":false},{"version":1544706412596,"metaData":{"userProfilePK":69302226,"calendarDate":"2018-12-13T14:38:50.0","sequence":1544706412596},"vo2MaxRunning":53.0,"userSetNullForHeight":false,"userSetNullForWeight":false,"userSetNullForActivityClass":false,"userSetNullForLactateThresholdSpeed":false,"userSetNullForLactateThresholdHR":false,"userSetNullForVO2MaxCycling":false,"userSetNullForVO2MaxRunning":false},{"version":1544901958922,"metaData":{"userProfilePK":69302226,"calendarDate":"2018-12-15T16:11:36.0","sequence":1544901958922},"vo2MaxRunning":53.0,"userSetNullForHeight":false,"userSetNullForWeight":false,"userSetNullForActivityClass":false,"userSetNullForLactateThresholdSpeed":false,"userSetNullForLactateThresholdHR":false,"userSetNullForVO2MaxCycling":false,"userSetNullForVO2MaxRunning":false},{"version":1545115117451,"metaData":{"userProfilePK":69302226,"calendarDate":"2018-12-17T11:28:21.0","sequence":1545115117451},"vo2MaxRunning":54.0,"userSetNullForHeight":false,"userSetNullForWeight":false,"userSetNullForActivityClass":false,"userSetNullForLactateThresholdSpeed":false,"userSetNullForLactateThresholdHR":false,"userSetNullForVO2MaxCycling":false,"userSetNullForVO2MaxRunning":false},{"version":1545135134985,"metaData":{"userProfilePK":69302226,"calendarDate":"2018-12-18T11:04:21.0","sequence":1545135134985},"vo2MaxRunning":54.0,"userSetNullForHeight":false,"userSetNullForWeight":false,"userSetNullForActivityClass":false,"userSetNullForLactateThresholdSpeed":false,"userSetNullForLactateThresholdHR":false,"userSetNullForVO2MaxCycling":false,"userSetNullForVO2MaxRunning":false},{"version":1545324337529,"metaData":{"userProfilePK":69302226,"calendarDate":"2018-12-20T16:47:00.0","sequence":1545324337529},"vo2MaxRunning":53.0,"userSetNullForHeight":false,"userSetNullForWeight":false,"userSetNullForActivityClass":false,"userSetNullForLactateThresholdSpeed":false,"userSetNullForLactateThresholdHR":false,"userSetNullForVO2MaxCycling":false,"userSetNullForVO2MaxRunning":false},{"version":1545576810210,"metaData":{"userProfilePK":69302226,"calendarDate":"2018-12-23T16:28:52.0","sequence":1545576810210},"vo2MaxRunning":53.0,"userSetNullForHeight":false,"userSetNullForWeight":false,"userSetNullForActivityClass":false,"userSetNullForLactateThresholdSpeed":false,"userSetNullForLactateThresholdHR":false,"userSetNullForVO2MaxCycling":false,"userSetNullForVO2MaxRunning":false},{"version":1545747680263,"metaData":{"userProfilePK":69302226,"calendarDate":"2018-12-25T15:23:14.0","sequence":1545747680263},"vo2MaxRunning":52.0,"userSetNullForHeight":false,"userSetNullForWeight":false,"userSetNullForActivityClass":false,"userSetNullForLactateThresholdSpeed":false,"userSetNullForLactateThresholdHR":false,"userSetNullForVO2MaxCycling":false,"userSetNullForVO2MaxRunning":false},{"version":1545837664867,"metaData":{"userProfilePK":69302226,"calendarDate":"2018-12-26T16:51:49.0","sequence":1545837664867},"vo2MaxRunning":55.0,"userSetNullForHeight":false,"userSetNullForWeight":false,"userSetNullForActivityClass":false,"userSetNullForLactateThresholdSpeed":false,"userSetNullForLactateThresholdHR":false,"userSetNullForVO2MaxCycling":false,"userSetNullForVO2MaxRunning":false},{"version":1546329552541,"metaData":{"userProfilePK":69302226,"calendarDate":"2018-12-31T17:01:20.0","sequence":1546329552541},"vo2MaxRunning":55.0,"userSetNullForHeight":false,"userSetNullForWeight":false,"userSetNullForActivityClass":false,"userSetNullForLactateThresholdSpeed":false,"userSetNullForLactateThresholdHR":false,"userSetNullForVO2MaxCycling":false,"userSetNullForVO2MaxRunning":false},{"version":1546456085375,"metaData":{"userProfilePK":69302226,"calendarDate":"2019-01-02T16:46:14.0","sequence":1546456085375},"vo2MaxRunning":53.0,"userSetNullForHeight":false,"userSetNullForWeight":false,"userSetNullForActivityClass":false,"userSetNullForLactateThresholdSpeed":false,"userSetNullForLactateThresholdHR":false,"userSetNullForVO2MaxCycling":false,"userSetNullForVO2MaxRunning":false},{"version":1547223115142,"metaData":{"userProfilePK":69302226,"calendarDate":"2019-01-04T16:49:41.0","sequence":1547223115142},"vo2MaxRunning":52.0,"userSetNullForHeight":false,"userSetNullForWeight":false,"userSetNullForActivityClass":false,"userSetNullForLactateThresholdSpeed":false,"userSetNullForLactateThresholdHR":false,"userSetNullForVO2MaxCycling":false,"userSetNullForVO2MaxRunning":false},{"version":1547223141087,"metaData":{"userProfilePK":69302226,"calendarDate":"2019-01-11T15:44:23.0","sequence":1547223141087},"vo2MaxRunning":51.0,"userSetNullForHeight":false,"userSetNullForWeight":false,"userSetNullForActivityClass":false,"userSetNullForLactateThresholdSpeed":false,"userSetNullForLactateThresholdHR":false,"userSetNullForVO2MaxCycling":false,"userSetNullForVO2MaxRunning":false},{"version":1547641504377,"metaData":{"userProfilePK":69302226,"calendarDate":"2019-01-13T17:02:35.0","sequence":1547641504377},"vo2MaxRunning":51.0,"userSetNullForHeight":false,"userSetNullForWeight":false,"userSetNullForActivityClass":false,"userSetNullForLactateThresholdSpeed":false,"userSetNullForLactateThresholdHR":false,"userSetNullForVO2MaxCycling":false,"userSetNullForVO2MaxRunning":false},{"version":1547641523905,"metaData":{"userProfilePK":69302226,"calendarDate":"2019-01-15T13:13:11.0","sequence":1547641523905},"vo2MaxRunning":50.0,"userSetNullForHeight":false,"userSetNullForWeight":false,"userSetNullForActivityClass":false,"userSetNullForLactateThresholdSpeed":false,"userSetNullForLactateThresholdHR":false,"userSetNullForVO2MaxCycling":false,"userSetNullForVO2MaxRunning":false},{"version":1547926027067,"metaData":{"userProfilePK":69302226,"calendarDate":"2019-01-19T16:33:04.0","sequence":1547926027067},"vo2MaxRunning":50.0,"userSetNullForHeight":false,"userSetNullForWeight":false,"userSetNullForActivityClass":false,"userSetNullForLactateThresholdSpeed":false,"userSetNullForLactateThresholdHR":false,"userSetNullForVO2MaxCycling":false,"userSetNullForVO2MaxRunning":false},{"version":1548240769957,"metaData":{"userProfilePK":69302226,"calendarDate":"2019-01-23T08:15:07.0","sequence":1548240769957},"vo2MaxRunning":50.0,"userSetNullForHeight":false,"userSetNullForWeight":false,"userSetNullForActivityClass":false,"userSetNullForLactateThresholdSpeed":false,"userSetNullForLactateThresholdHR":false,"userSetNullForVO2MaxCycling":false,"userSetNullForVO2MaxRunning":false},{"version":1548527454704,"metaData":{"userProfilePK":69302226,"calendarDate":"2019-01-26T16:52:18.0","sequence":1548527454704},"vo2MaxRunning":52.0,"userSetNullForHeight":false,"userSetNullForWeight":false,"userSetNullForActivityClass":false,"userSetNullForLactateThresholdSpeed":false,"userSetNullForLactateThresholdHR":false,"userSetNullForVO2MaxCycling":false,"userSetNullForVO2MaxRunning":false},{"version":1548702932387,"metaData":{"userProfilePK":69302226,"calendarDate":"2019-01-28T16:30:13.0","sequence":1548702932387},"vo2MaxRunning":53.0,"userSetNullForHeight":false,"userSetNullForWeight":false,"userSetNullForActivityClass":false,"userSetNullForLactateThresholdSpeed":false,"userSetNullForLactateThresholdHR":false,"userSetNullForVO2MaxCycling":false,"userSetNullForVO2MaxRunning":false},{"version":1548769616265,"metaData":{"userProfilePK":69302226,"calendarDate":"2019-01-29T12:59:32.0","sequence":1548769616265},"vo2MaxRunning":53.0,"userSetNullForHeight":false,"userSetNullForWeight":false,"userSetNullForActivityClass":false,"userSetNullForLactateThresholdSpeed":false,"userSetNullForLactateThresholdHR":false,"userSetNullForVO2MaxCycling":false,"userSetNullForVO2MaxRunning":false},{"version":1548953140806,"metaData":{"userProfilePK":69302226,"calendarDate":"2019-01-31T16:18:13.0","sequence":1548953140806},"vo2MaxRunning":54.0,"userSetNullForHeight":false,"userSetNullForWeight":false,"userSetNullForActivityClass":false,"userSetNullForLactateThresholdSpeed":false,"userSetNullForLactateThresholdHR":false,"userSetNullForVO2MaxCycling":false,"userSetNullForVO2MaxRunning":false},{"version":1549124337907,"metaData":{"userProfilePK":69302226,"calendarDate":"2019-02-02T15:44:13.0","sequence":1549124337907},"vo2MaxRunning":54.0,"userSetNullForHeight":false,"userSetNullForWeight":false,"userSetNullForActivityClass":false,"userSetNullForLactateThresholdSpeed":false,"userSetNullForLactateThresholdHR":false,"userSetNullForVO2MaxCycling":false,"userSetNullForVO2MaxRunning":false},{"version":1549209436719,"metaData":{"userProfilePK":69302226,"calendarDate":"2019-02-03T15:52:48.0","sequence":1549209436719},"vo2MaxRunning":51.0,"userSetNullForHeight":false,"userSetNullForWeight":false,"userSetNullForActivityClass":false,"userSetNullForLactateThresholdSpeed":false,"userSetNullForLactateThresholdHR":false,"userSetNullForVO2MaxCycling":false,"userSetNullForVO2MaxRunning":false},{"version":1549312819170,"metaData":{"userProfilePK":69302226,"calendarDate":"2019-02-04T14:52:49.0","sequence":1549312819170},"vo2MaxRunning":51.0,"userSetNullForHeight":false,"userSetNullForWeight":false,"userSetNullForActivityClass":false,"userSetNullForLactateThresholdSpeed":false,"userSetNullForLactateThresholdHR":false,"userSetNullForVO2MaxCycling":false,"userSetNullForVO2MaxRunning":false},{"version":1549476371404,"metaData":{"userProfilePK":69302226,"calendarDate":"2019-02-06T16:58:15.0","sequence":1549476371404},"vo2MaxRunning":52.0,"userSetNullForHeight":false,"userSetNullForWeight":false,"userSetNullForActivityClass":false,"userSetNullForLactateThresholdSpeed":false,"userSetNullForLactateThresholdHR":false,"userSetNullForVO2MaxCycling":false,"userSetNullForVO2MaxRunning":false},{"version":1550059188463,"metaData":{"userProfilePK":69302226,"calendarDate":"2019-02-13T13:35:30.0","sequence":1550059188463},"vo2MaxRunning":51.0,"userSetNullForHeight":false,"userSetNullForWeight":false,"userSetNullForActivityClass":false,"userSetNullForLactateThresholdSpeed":false,"userSetNullForLactateThresholdHR":false,"userSetNullForVO2MaxCycling":false,"userSetNullForVO2MaxRunning":false},{"version":1550233905240,"metaData":{"userProfilePK":69302226,"calendarDate":"2019-02-15T14:11:41.0","sequence":1550233905240},"vo2MaxRunning":51.0,"userSetNullForHeight":false,"userSetNullForWeight":false,"userSetNullForActivityClass":false,"userSetNullForLactateThresholdSpeed":false,"userSetNullForLactateThresholdHR":false,"userSetNullForVO2MaxCycling":false,"userSetNullForVO2MaxRunning":false},{"version":1550422128660,"metaData":{"userProfilePK":69302226,"calendarDate":"2019-02-17T17:36:47.0","sequence":1550422128660},"vo2MaxRunning":51.0,"userSetNullForHeight":false,"userSetNullForWeight":false,"userSetNullForActivityClass":false,"userSetNullForLactateThresholdSpeed":false,"userSetNullForLactateThresholdHR":false,"userSetNullForVO2MaxCycling":false,"userSetNullForVO2MaxRunning":false},{"version":1550591461776,"metaData":{"userProfilePK":69302226,"calendarDate":"2019-02-19T17:33:43.0","sequence":1550591461776},"vo2MaxRunning":51.0,"userSetNullForHeight":false,"userSetNullForWeight":false,"userSetNullForActivityClass":false,"userSetNullForLactateThresholdSpeed":false,"userSetNullForLactateThresholdHR":false,"userSetNullForVO2MaxCycling":false,"userSetNullForVO2MaxRunning":false},{"version":1551706342602,"metaData":{"userProfilePK":69302226,"calendarDate":"2019-03-03T16:37:54.0","sequence":1551706342602},"vo2MaxRunning":50.0,"userSetNullForHeight":false,"userSetNullForWeight":false,"userSetNullForActivityClass":false,"userSetNullForLactateThresholdSpeed":false,"userSetNullForLactateThresholdHR":false,"userSetNullForVO2MaxCycling":false,"userSetNullForVO2MaxRunning":false},{"version":1551802203665,"metaData":{"userProfilePK":69302226,"calendarDate":"2019-03-05T17:47:42.0","sequence":1551802203665},"vo2MaxRunning":51.0,"userSetNullForHeight":false,"userSetNullForWeight":false,"userSetNullForActivityClass":false,"userSetNullForLactateThresholdSpeed":false,"userSetNullForLactateThresholdHR":false,"userSetNullForVO2MaxCycling":false,"userSetNullForVO2MaxRunning":false},{"version":1551962523436,"metaData":{"userProfilePK":69302226,"calendarDate":"2019-03-07T14:40:39.0","sequence":1551962523436},"vo2MaxRunning":50.0,"userSetNullForHeight":false,"userSetNullForWeight":false,"userSetNullForActivityClass":false,"userSetNullForLactateThresholdSpeed":false,"userSetNullForLactateThresholdHR":false,"userSetNullForVO2MaxCycling":false,"userSetNullForVO2MaxRunning":false},{"version":1552319077390,"metaData":{"userProfilePK":69302226,"calendarDate":"2019-03-11T17:42:41.0","sequence":1552319077390},"vo2MaxRunning":50.0,"userSetNullForHeight":false,"userSetNullForWeight":false,"userSetNullForActivityClass":false,"userSetNullForLactateThresholdSpeed":false,"userSetNullForLactateThresholdHR":false,"userSetNullForVO2MaxCycling":false,"userSetNullForVO2MaxRunning":false},{"version":1552492070661,"metaData":{"userProfilePK":69302226,"calendarDate":"2019-03-13T17:45:48.0","sequence":1552492070661},"vo2MaxRunning":50.0,"userSetNullForHeight":false,"userSetNullForWeight":false,"userSetNullForActivityClass":false,"userSetNullForLactateThresholdSpeed":false,"userSetNullForLactateThresholdHR":false,"userSetNullForVO2MaxCycling":false,"userSetNullForVO2MaxRunning":false},{"version":1552579493424,"metaData":{"userProfilePK":69302226,"calendarDate":"2019-03-14T17:43:05.0","sequence":1552579493424},"vo2MaxRunning":50.0,"userSetNullForHeight":false,"userSetNullForWeight":false,"userSetNullForActivityClass":false,"userSetNullForLactateThresholdSpeed":false,"userSetNullForLactateThresholdHR":false,"userSetNullForVO2MaxCycling":false,"userSetNullForVO2MaxRunning":false},{"version":1552924810087,"metaData":{"userProfilePK":69302226,"calendarDate":"2019-03-18T17:59:09.0","sequence":1552924810087},"vo2MaxRunning":51.0,"userSetNullForHeight":false,"userSetNullForWeight":false,"userSetNullForActivityClass":false,"userSetNullForLactateThresholdSpeed":false,"userSetNullForLactateThresholdHR":false,"userSetNullForVO2MaxCycling":false,"userSetNullForVO2MaxRunning":false},{"version":1553097947891,"metaData":{"userProfilePK":69302226,"calendarDate":"2019-03-20T17:49:42.0","sequence":1553097947891},"vo2MaxRunning":52.0,"userSetNullForHeight":false,"userSetNullForWeight":false,"userSetNullForActivityClass":false,"userSetNullForLactateThresholdSpeed":false,"userSetNullForLactateThresholdHR":false,"userSetNullForVO2MaxCycling":false,"userSetNullForVO2MaxRunning":false},{"version":1553614406002,"metaData":{"userProfilePK":69302226,"calendarDate":"2019-03-26T17:17:38.0","sequence":1553614406002},"vo2MaxRunning":53.0,"userSetNullForHeight":false,"userSetNullForWeight":false,"userSetNullForActivityClass":false,"userSetNullForLactateThresholdSpeed":false,"userSetNullForLactateThresholdHR":false,"userSetNullForVO2MaxCycling":false,"userSetNullForVO2MaxRunning":false},{"version":1553702893339,"metaData":{"userProfilePK":69302226,"calendarDate":"2019-03-27T17:49:16.0","sequence":1553702893339},"vo2MaxRunning":52.0,"userSetNullForHeight":false,"userSetNullForWeight":false,"userSetNullForActivityClass":false,"userSetNullForLactateThresholdSpeed":false,"userSetNullForLactateThresholdHR":false,"userSetNullForVO2MaxCycling":false,"userSetNullForVO2MaxRunning":false},{"version":1553787663113,"metaData":{"userProfilePK":69302226,"calendarDate":"2019-03-28T17:15:22.0","sequence":1553787663113},"vo2MaxRunning":52.0,"userSetNullForHeight":false,"userSetNullForWeight":false,"userSetNullForActivityClass":false,"userSetNullForLactateThresholdSpeed":false,"userSetNullForLactateThresholdHR":false,"userSetNullForVO2MaxCycling":false,"userSetNullForVO2MaxRunning":false},{"version":1553872092714,"metaData":{"userProfilePK":69302226,"calendarDate":"2019-03-29T17:06:37.0","sequence":1553872092714},"vo2MaxRunning":52.0,"userSetNullForHeight":false,"userSetNullForWeight":false,"userSetNullForActivityClass":false,"userSetNullForLactateThresholdSpeed":false,"userSetNullForLactateThresholdHR":false,"userSetNullForVO2MaxCycling":false,"userSetNullForVO2MaxRunning":false},{"version":1554222937449,"metaData":{"userProfilePK":69302226,"calendarDate":"2019-04-02T19:23:32.0","sequence":1554222937449},"vo2MaxRunning":52.0,"userSetNullForHeight":false,"userSetNullForWeight":false,"userSetNullForActivityClass":false,"userSetNullForLactateThresholdSpeed":false,"userSetNullForLactateThresholdHR":false,"userSetNullForVO2MaxCycling":false,"userSetNullForVO2MaxRunning":false},{"version":1554301512304,"metaData":{"userProfilePK":69302226,"calendarDate":"2019-04-03T16:30:44.0","sequence":1554301512304},"vo2MaxRunning":53.0,"userSetNullForHeight":false,"userSetNullForWeight":false,"userSetNullForActivityClass":false,"userSetNullForLactateThresholdSpeed":false,"userSetNullForLactateThresholdHR":false,"userSetNullForVO2MaxCycling":false,"userSetNullForVO2MaxRunning":false},{"version":1554395757452,"metaData":{"userProfilePK":69302226,"calendarDate":"2019-04-04T19:21:23.0","sequence":1554395757452},"vo2MaxRunning":54.0,"userSetNullForHeight":false,"userSetNullForWeight":false,"userSetNullForActivityClass":false,"userSetNullForLactateThresholdSpeed":false,"userSetNullForLactateThresholdHR":false,"userSetNullForVO2MaxCycling":false,"userSetNullForVO2MaxRunning":false},{"version":1554655673452,"metaData":{"userProfilePK":69302226,"calendarDate":"2019-04-07T19:20:54.0","sequence":1554655673452},"vo2MaxRunning":54.0,"userSetNullForHeight":false,"userSetNullForWeight":false,"userSetNullForActivityClass":false,"userSetNullForLactateThresholdSpeed":false,"userSetNullForLactateThresholdHR":false,"userSetNullForVO2MaxCycling":false,"userSetNullForVO2MaxRunning":false},{"version":1554742048376,"metaData":{"userProfilePK":69302226,"calendarDate":"2019-04-08T19:21:02.0","sequence":1554742048376},"vo2MaxRunning":54.0,"userSetNullForHeight":false,"userSetNullForWeight":false,"userSetNullForActivityClass":false,"userSetNullForLactateThresholdSpeed":false,"userSetNullForLactateThresholdHR":false,"userSetNullForVO2MaxCycling":false,"userSetNullForVO2MaxRunning":false},{"version":1554913979558,"metaData":{"userProfilePK":69302226,"calendarDate":"2019-04-10T19:10:20.0","sequence":1554913979558},"vo2MaxRunning":53.0,"userSetNullForHeight":false,"userSetNullForWeight":false,"userSetNullForActivityClass":false,"userSetNullForLactateThresholdSpeed":false,"userSetNullForLactateThresholdHR":false,"userSetNullForVO2MaxCycling":false,"userSetNullForVO2MaxRunning":false},{"version":1555000419716,"metaData":{"userProfilePK":69302226,"calendarDate":"2019-04-11T19:16:25.0","sequence":1555000419716},"vo2MaxRunning":53.0,"userSetNullForHeight":false,"userSetNullForWeight":false,"userSetNullForActivityClass":false,"userSetNullForLactateThresholdSpeed":false,"userSetNullForLactateThresholdHR":false,"userSetNullForVO2MaxCycling":false,"userSetNullForVO2MaxRunning":false},{"version":1555086204921,"metaData":{"userProfilePK":69302226,"calendarDate":"2019-04-12T19:21:45.0","sequence":1555086204921},"vo2MaxRunning":53.0,"userSetNullForHeight":false,"userSetNullForWeight":false,"userSetNullForActivityClass":false,"userSetNullForLactateThresholdSpeed":false,"userSetNullForLactateThresholdHR":false,"userSetNullForVO2MaxCycling":false,"userSetNullForVO2MaxRunning":false},{"version":1555259085293,"metaData":{"userProfilePK":69302226,"calendarDate":"2019-04-14T19:23:04.0","sequence":1555259085293},"vo2MaxRunning":53.0,"userSetNullForHeight":false,"userSetNullForWeight":false,"userSetNullForActivityClass":false,"userSetNullForLactateThresholdSpeed":false,"userSetNullForLactateThresholdHR":false,"userSetNullForVO2MaxCycling":false,"userSetNullForVO2MaxRunning":false},{"version":1555518873754,"metaData":{"userProfilePK":69302226,"calendarDate":"2019-04-17T19:15:26.0","sequence":1555518873754},"vo2MaxRunning":53.0,"userSetNullForHeight":false,"userSetNullForWeight":false,"userSetNullForActivityClass":false,"userSetNullForLactateThresholdSpeed":false,"userSetNullForLactateThresholdHR":false,"userSetNullForVO2MaxCycling":false,"userSetNullForVO2MaxRunning":false},{"version":1555583291642,"metaData":{"userProfilePK":69302226,"calendarDate":"2019-04-18T13:02:05.0","sequence":1555583291642},"vo2MaxRunning":52.0,"userSetNullForHeight":false,"userSetNullForWeight":false,"userSetNullForActivityClass":false,"userSetNullForLactateThresholdSpeed":false,"userSetNullForLactateThresholdHR":false,"userSetNullForVO2MaxCycling":false,"userSetNullForVO2MaxRunning":false},{"version":1555759108586,"metaData":{"userProfilePK":69302226,"calendarDate":"2019-04-20T14:17:29.0","sequence":1555759108586},"vo2MaxRunning":52.0,"userSetNullForHeight":false,"userSetNullForWeight":false,"userSetNullForActivityClass":false,"userSetNullForLactateThresholdSpeed":false,"userSetNullForLactateThresholdHR":false,"userSetNullForVO2MaxCycling":false,"userSetNullForVO2MaxRunning":false},{"version":1555863781599,"metaData":{"userProfilePK":69302226,"calendarDate":"2019-04-21T19:21:01.0","sequence":1555863781599},"vo2MaxRunning":53.0,"userSetNullForHeight":false,"userSetNullForWeight":false,"userSetNullForActivityClass":false,"userSetNullForLactateThresholdSpeed":false,"userSetNullForLactateThresholdHR":false,"userSetNullForVO2MaxCycling":false,"userSetNullForVO2MaxRunning":false},{"version":1556033309425,"metaData":{"userProfilePK":69302226,"calendarDate":"2019-04-23T18:11:00.0","sequence":1556033309425},"vo2MaxRunning":52.0,"userSetNullForHeight":false,"userSetNullForWeight":false,"userSetNullForActivityClass":false,"userSetNullForLactateThresholdSpeed":false,"userSetNullForLactateThresholdHR":false,"userSetNullForVO2MaxCycling":false,"userSetNullForVO2MaxRunning":false},{"version":1556123340155,"metaData":{"userProfilePK":69302226,"calendarDate":"2019-04-24T19:26:25.0","sequence":1556123340155},"vo2MaxRunning":53.0,"userSetNullForHeight":false,"userSetNullForWeight":false,"userSetNullForActivityClass":false,"userSetNullForLactateThresholdSpeed":false,"userSetNullForLactateThresholdHR":false,"userSetNullForVO2MaxCycling":false,"userSetNullForVO2MaxRunning":false},{"version":1556382929519,"metaData":{"userProfilePK":69302226,"calendarDate":"2019-04-27T19:33:44.0","sequence":1556382929519},"vo2MaxRunning":52.0,"userSetNullForHeight":false,"userSetNullForWeight":false,"userSetNullForActivityClass":false,"userSetNullForLactateThresholdSpeed":false,"userSetNullForLactateThresholdHR":false,"userSetNullForVO2MaxCycling":false,"userSetNullForVO2MaxRunning":false},{"version":1556469347303,"metaData":{"userProfilePK":69302226,"calendarDate":"2019-04-28T19:20:53.0","sequence":1556469347303},"vo2MaxRunning":52.0,"userSetNullForHeight":false,"userSetNullForWeight":false,"userSetNullForActivityClass":false,"userSetNullForLactateThresholdSpeed":false,"userSetNullForLactateThresholdHR":false,"userSetNullForVO2MaxCycling":false,"userSetNullForVO2MaxRunning":false},{"version":1556641744558,"metaData":{"userProfilePK":69302226,"calendarDate":"2019-04-30T19:15:03.0","sequence":1556641744558},"vo2MaxRunning":53.0,"userSetNullForHeight":false,"userSetNullForWeight":false,"userSetNullForActivityClass":false,"userSetNullForLactateThresholdSpeed":false,"userSetNullForLactateThresholdHR":false,"userSetNullForVO2MaxCycling":false,"userSetNullForVO2MaxRunning":false},{"version":1556728528563,"metaData":{"userProfilePK":69302226,"calendarDate":"2019-05-01T19:18:45.0","sequence":1556728528563},"vo2MaxRunning":53.0,"userSetNullForHeight":false,"userSetNullForWeight":false,"userSetNullForActivityClass":false,"userSetNullForLactateThresholdSpeed":false,"userSetNullForLactateThresholdHR":false,"userSetNullForVO2MaxCycling":false,"userSetNullForVO2MaxRunning":false},{"version":1556901559137,"metaData":{"userProfilePK":69302226,"calendarDate":"2019-05-03T19:38:10.0","sequence":1556901559137},"vo2MaxRunning":52.0,"userSetNullForHeight":false,"userSetNullForWeight":false,"userSetNullForActivityClass":false,"userSetNullForLactateThresholdSpeed":false,"userSetNullForLactateThresholdHR":false,"userSetNullForVO2MaxCycling":false,"userSetNullForVO2MaxRunning":false},{"version":1557073114199,"metaData":{"userProfilePK":69302226,"calendarDate":"2019-05-05T19:16:53.0","sequence":1557073114199},"vo2MaxRunning":53.0,"userSetNullForHeight":false,"userSetNullForWeight":false,"userSetNullForActivityClass":false,"userSetNullForLactateThresholdSpeed":false,"userSetNullForLactateThresholdHR":false,"userSetNullForVO2MaxCycling":false,"userSetNullForVO2MaxRunning":false},{"version":1557247483748,"metaData":{"userProfilePK":69302226,"calendarDate":"2019-05-07T19:35:21.0","sequence":1557247483748},"vo2MaxRunning":53.0,"userSetNullForHeight":false,"userSetNullForWeight":false,"userSetNullForActivityClass":false,"userSetNullForLactateThresholdSpeed":false,"userSetNullForLactateThresholdHR":false,"userSetNullForVO2MaxCycling":false,"userSetNullForVO2MaxRunning":false},{"version":1557689669904,"metaData":{"userProfilePK":69302226,"calendarDate":"2019-05-12T17:10:14.0","sequence":1557689669904},"vo2MaxRunning":52.0,"userSetNullForHeight":false,"userSetNullForWeight":false,"userSetNullForActivityClass":false,"userSetNullForLactateThresholdSpeed":false,"userSetNullForLactateThresholdHR":false,"userSetNullForVO2MaxCycling":false,"userSetNullForVO2MaxRunning":false},{"version":1557854673091,"metaData":{"userProfilePK":69302226,"calendarDate":"2019-05-14T18:22:05.0","sequence":1557854673091},"vo2MaxRunning":53.0,"userSetNullForHeight":false,"userSetNullForWeight":false,"userSetNullForActivityClass":false,"userSetNullForLactateThresholdSpeed":false,"userSetNullForLactateThresholdHR":false,"userSetNullForVO2MaxCycling":false,"userSetNullForVO2MaxRunning":false},{"version":1558002498681,"metaData":{"userProfilePK":69302226,"calendarDate":"2019-05-15T13:01:32.0","sequence":1558002498681},"vo2MaxRunning":53.0,"userSetNullForHeight":false,"userSetNullForWeight":false,"userSetNullForActivityClass":false,"userSetNullForLactateThresholdSpeed":false,"userSetNullForLactateThresholdHR":false,"userSetNullForVO2MaxCycling":false,"userSetNullForVO2MaxRunning":false},{"version":1558113206524,"metaData":{"userProfilePK":69302226,"calendarDate":"2019-05-17T18:10:39.0","sequence":1558113206524},"vo2MaxRunning":53.0,"userSetNullForHeight":false,"userSetNullForWeight":false,"userSetNullForActivityClass":false,"userSetNullForLactateThresholdSpeed":false,"userSetNullForLactateThresholdHR":false,"userSetNullForVO2MaxCycling":false,"userSetNullForVO2MaxRunning":false},{"version":1558391335355,"metaData":{"userProfilePK":69302226,"calendarDate":"2019-05-20T19:53:01.0","sequence":1558391335355},"vo2MaxRunning":53.0,"userSetNullForHeight":false,"userSetNullForWeight":false,"userSetNullForActivityClass":false,"userSetNullForLactateThresholdSpeed":false,"userSetNullForLactateThresholdHR":false,"userSetNullForVO2MaxCycling":false,"userSetNullForVO2MaxRunning":false},{"version":1558467992308,"metaData":{"userProfilePK":69302226,"calendarDate":"2019-05-21T20:41:49.0","sequence":1558467992308},"vo2MaxRunning":55.0,"userSetNullForHeight":false,"userSetNullForWeight":false,"userSetNullForActivityClass":false,"userSetNullForLactateThresholdSpeed":false,"userSetNullForLactateThresholdHR":false,"userSetNullForVO2MaxCycling":false,"userSetNullForVO2MaxRunning":false},{"version":1558554494263,"metaData":{"userProfilePK":69302226,"calendarDate":"2019-05-22T20:42:46.0","sequence":1558554494263},"vo2MaxRunning":55.0,"userSetNullForHeight":false,"userSetNullForWeight":false,"userSetNullForActivityClass":false,"userSetNullForLactateThresholdSpeed":false,"userSetNullForLactateThresholdHR":false,"userSetNullForVO2MaxCycling":false,"userSetNullForVO2MaxRunning":false},{"version":1558981944120,"metaData":{"userProfilePK":69302226,"calendarDate":"2019-05-27T19:14:20.0","sequence":1558981944120},"vo2MaxRunning":53.0,"userSetNullForHeight":false,"userSetNullForWeight":false,"userSetNullForActivityClass":false,"userSetNullForLactateThresholdSpeed":false,"userSetNullForLactateThresholdHR":false,"userSetNullForVO2MaxCycling":false,"userSetNullForVO2MaxRunning":false},{"version":1559197030890,"metaData":{"userProfilePK":69302226,"calendarDate":"2019-05-29T08:20:27.0","sequence":1559197030890},"vo2MaxRunning":54.0,"userSetNullForHeight":false,"userSetNullForWeight":false,"userSetNullForActivityClass":false,"userSetNullForLactateThresholdSpeed":false,"userSetNullForLactateThresholdHR":false,"userSetNullForVO2MaxCycling":false,"userSetNullForVO2MaxRunning":false},{"version":1559201014540,"metaData":{"userProfilePK":69302226,"calendarDate":"2019-05-30T08:21:21.0","sequence":1559201014540},"vo2MaxRunning":53.0,"userSetNullForHeight":false,"userSetNullForWeight":false,"userSetNullForActivityClass":false,"userSetNullForLactateThresholdSpeed":false,"userSetNullForLactateThresholdHR":false,"userSetNullForVO2MaxCycling":false,"userSetNullForVO2MaxRunning":false},{"version":1559421126396,"metaData":{"userProfilePK":69302226,"calendarDate":"2019-06-01T19:28:15.0","sequence":1559421126396},"vo2MaxRunning":54.0,"userSetNullForHeight":false,"userSetNullForWeight":false,"userSetNullForActivityClass":false,"userSetNullForLactateThresholdSpeed":false,"userSetNullForLactateThresholdHR":false,"userSetNullForVO2MaxCycling":false,"userSetNullForVO2MaxRunning":false},{"version":1559733402083,"metaData":{"userProfilePK":69302226,"calendarDate":"2019-06-03T07:54:49.0","sequence":1559733402083},"vo2MaxRunning":54.0,"userSetNullForHeight":false,"userSetNullForWeight":false,"userSetNullForActivityClass":false,"userSetNullForLactateThresholdSpeed":false,"userSetNullForLactateThresholdHR":false,"userSetNullForVO2MaxCycling":false,"userSetNullForVO2MaxRunning":false},{"version":1559733419584,"metaData":{"userProfilePK":69302226,"calendarDate":"2019-06-05T08:06:10.0","sequence":1559733419584},"vo2MaxRunning":54.0,"userSetNullForHeight":false,"userSetNullForWeight":false,"userSetNullForActivityClass":false,"userSetNullForLactateThresholdSpeed":false,"userSetNullForLactateThresholdHR":false,"userSetNullForVO2MaxCycling":false,"userSetNullForVO2MaxRunning":false},{"version":1559810704079,"metaData":{"userProfilePK":69302226,"calendarDate":"2019-06-06T08:05:50.0","sequence":1559810704079},"vo2MaxRunning":55.0,"userSetNullForHeight":false,"userSetNullForWeight":false,"userSetNullForActivityClass":false,"userSetNullForLactateThresholdSpeed":false,"userSetNullForLactateThresholdHR":false,"userSetNullForVO2MaxCycling":false,"userSetNullForVO2MaxRunning":false},{"version":1560031805212,"metaData":{"userProfilePK":69302226,"calendarDate":"2019-06-08T20:19:27.0","sequence":1560031805212},"vo2MaxRunning":55.0,"userSetNullForHeight":false,"userSetNullForWeight":false,"userSetNullForActivityClass":false,"userSetNullForLactateThresholdSpeed":false,"userSetNullForLactateThresholdHR":false,"userSetNullForVO2MaxCycling":false,"userSetNullForVO2MaxRunning":false},{"version":1560188400996,"metaData":{"userProfilePK":69302226,"calendarDate":"2019-06-10T08:07:24.0","sequence":1560188400996},"vo2MaxRunning":55.0,"userSetNullForHeight":false,"userSetNullForWeight":false,"userSetNullForActivityClass":false,"userSetNullForLactateThresholdSpeed":false,"userSetNullForLactateThresholdHR":false,"userSetNullForVO2MaxCycling":false,"userSetNullForVO2MaxRunning":false},{"version":1560326238008,"metaData":{"userProfilePK":69302226,"calendarDate":"2019-06-12T08:06:44.0","sequence":1560326238008},"vo2MaxRunning":55.0,"userSetNullForHeight":false,"userSetNullForWeight":false,"userSetNullForActivityClass":false,"userSetNullForLactateThresholdSpeed":false,"userSetNullForLactateThresholdHR":false,"userSetNullForVO2MaxCycling":false,"userSetNullForVO2MaxRunning":false},{"version":1560414317143,"metaData":{"userProfilePK":69302226,"calendarDate":"2019-06-13T08:12:15.0","sequence":1560414317143},"vo2MaxRunning":56.0,"userSetNullForHeight":false,"userSetNullForWeight":false,"userSetNullForActivityClass":false,"userSetNullForLactateThresholdSpeed":false,"userSetNullForLactateThresholdHR":false,"userSetNullForVO2MaxCycling":false,"userSetNullForVO2MaxRunning":false},{"version":1560631280280,"metaData":{"userProfilePK":69302226,"calendarDate":"2019-06-15T21:14:21.0","sequence":1560631280280},"vo2MaxRunning":56.0,"userSetNullForHeight":false,"userSetNullForWeight":false,"userSetNullForActivityClass":false,"userSetNullForLactateThresholdSpeed":false,"userSetNullForLactateThresholdHR":false,"userSetNullForVO2MaxCycling":false,"userSetNullForVO2MaxRunning":false},{"version":1560769949657,"metaData":{"userProfilePK":69302226,"calendarDate":"2019-06-17T08:34:39.0","sequence":1560769949657},"vo2MaxRunning":56.0,"userSetNullForHeight":false,"userSetNullForWeight":false,"userSetNullForActivityClass":false,"userSetNullForLactateThresholdSpeed":false,"userSetNullForLactateThresholdHR":false,"userSetNullForVO2MaxCycling":false,"userSetNullForVO2MaxRunning":false},{"version":1561102513489,"metaData":{"userProfilePK":69302226,"calendarDate":"2019-06-18T17:51:08.0","sequence":1561102513489},"vo2MaxRunning":55.0,"userSetNullForHeight":false,"userSetNullForWeight":false,"userSetNullForActivityClass":false,"userSetNullForLactateThresholdSpeed":false,"userSetNullForLactateThresholdHR":false,"userSetNullForVO2MaxCycling":false,"userSetNullForVO2MaxRunning":false},{"version":1561135557167,"metaData":{"userProfilePK":69302226,"calendarDate":"2019-06-21T19:09:43.0","sequence":1561135557167},"vo2MaxRunning":55.0,"userSetNullForHeight":false,"userSetNullForWeight":false,"userSetNullForActivityClass":false,"userSetNullForLactateThresholdSpeed":false,"userSetNullForLactateThresholdHR":false,"userSetNullForVO2MaxCycling":false,"userSetNullForVO2MaxRunning":false},{"version":1561555790696,"metaData":{"userProfilePK":69302226,"calendarDate":"2019-06-26T08:17:37.0","sequence":1561555790696},"vo2MaxRunning":55.0,"userSetNullForHeight":false,"userSetNullForWeight":false,"userSetNullForActivityClass":false,"userSetNullForLactateThresholdSpeed":false,"userSetNullForLactateThresholdHR":false,"userSetNullForVO2MaxCycling":false,"userSetNullForVO2MaxRunning":false},{"version":1561909117302,"metaData":{"userProfilePK":69302226,"calendarDate":"2019-06-28T08:13:17.0","sequence":1561909117302},"vo2MaxRunning":55.0,"userSetNullForHeight":false,"userSetNullForWeight":false,"userSetNullForActivityClass":false,"userSetNullForLactateThresholdSpeed":false,"userSetNullForLactateThresholdHR":false,"userSetNullForVO2MaxCycling":false,"userSetNullForVO2MaxRunning":false},{"version":1561918042356,"metaData":{"userProfilePK":69302226,"calendarDate":"2019-06-30T19:01:44.0","sequence":1561918042356},"vo2MaxRunning":55.0,"userSetNullForHeight":false,"userSetNullForWeight":false,"userSetNullForActivityClass":false,"userSetNullForLactateThresholdSpeed":false,"userSetNullForLactateThresholdHR":false,"userSetNullForVO2MaxCycling":false,"userSetNullForVO2MaxRunning":false},{"version":1562656715157,"metaData":{"userProfilePK":69302226,"calendarDate":"2019-07-09T08:16:38.0","sequence":1562656715157},"vo2MaxRunning":55.0,"userSetNullForHeight":false,"userSetNullForWeight":false,"userSetNullForActivityClass":false,"userSetNullForLactateThresholdSpeed":false,"userSetNullForLactateThresholdHR":false,"userSetNullForVO2MaxCycling":false,"userSetNullForVO2MaxRunning":false},{"version":1562836217498,"metaData":{"userProfilePK":69302226,"calendarDate":"2019-07-11T07:42:49.0","sequence":1562836217498},"vo2MaxRunning":55.0,"userSetNullForHeight":false,"userSetNullForWeight":false,"userSetNullForActivityClass":false,"userSetNullForLactateThresholdSpeed":false,"userSetNullForLactateThresholdHR":false,"userSetNullForVO2MaxCycling":false,"userSetNullForVO2MaxRunning":false},{"version":1562961123675,"metaData":{"userProfilePK":69302226,"calendarDate":"2019-07-12T08:06:38.0","sequence":1562961123675},"vo2MaxRunning":55.0,"userSetNullForHeight":false,"userSetNullForWeight":false,"userSetNullForActivityClass":false,"userSetNullForLactateThresholdSpeed":false,"userSetNullForLactateThresholdHR":false,"userSetNullForVO2MaxCycling":false,"userSetNullForVO2MaxRunning":false},{"version":1563045250873,"metaData":{"userProfilePK":69302226,"calendarDate":"2019-07-13T20:07:32.0","sequence":1563045250873},"vo2MaxRunning":55.0,"userSetNullForHeight":false,"userSetNullForWeight":false,"userSetNullForActivityClass":false,"userSetNullForLactateThresholdSpeed":false,"userSetNullForLactateThresholdHR":false,"userSetNullForVO2MaxCycling":false,"userSetNullForVO2MaxRunning":false},{"version":1563182777629,"metaData":{"userProfilePK":69302226,"calendarDate":"2019-07-15T08:14:09.0","sequence":1563182777629},"vo2MaxRunning":54.0,"userSetNullForHeight":false,"userSetNullForWeight":false,"userSetNullForActivityClass":false,"userSetNullForLactateThresholdSpeed":false,"userSetNullForLactateThresholdHR":false,"userSetNullForVO2MaxCycling":false,"userSetNullForVO2MaxRunning":false},{"version":1563265994701,"metaData":{"userProfilePK":69302226,"calendarDate":"2019-07-16T08:25:12.0","sequence":1563265994701},"vo2MaxRunning":54.0,"userSetNullForHeight":false,"userSetNullForWeight":false,"userSetNullForActivityClass":false,"userSetNullForLactateThresholdSpeed":false,"userSetNullForLactateThresholdHR":false,"userSetNullForVO2MaxCycling":false,"userSetNullForVO2MaxRunning":false},{"version":1563352830120,"metaData":{"userProfilePK":69302226,"calendarDate":"2019-07-17T08:25:57.0","sequence":1563352830120},"vo2MaxRunning":55.0,"userSetNullForHeight":false,"userSetNullForWeight":false,"userSetNullForActivityClass":false,"userSetNullForLactateThresholdSpeed":false,"userSetNullForLactateThresholdHR":false,"userSetNullForVO2MaxCycling":false,"userSetNullForVO2MaxRunning":false},{"version":1564044069832,"metaData":{"userProfilePK":69302226,"calendarDate":"2019-07-22T19:18:08.0","sequence":1564044069832},"vo2MaxRunning":55.0,"userSetNullForHeight":false,"userSetNullForWeight":false,"userSetNullForActivityClass":false,"userSetNullForLactateThresholdSpeed":false,"userSetNullForLactateThresholdHR":false,"userSetNullForVO2MaxCycling":false,"userSetNullForVO2MaxRunning":false},{"version":1564044079995,"metaData":{"userProfilePK":69302226,"calendarDate":"2019-07-23T08:09:19.0","sequence":1564044079995},"vo2MaxRunning":54.0,"userSetNullForHeight":false,"userSetNullForWeight":false,"userSetNullForActivityClass":false,"userSetNullForLactateThresholdSpeed":false,"userSetNullForLactateThresholdHR":false,"userSetNullForVO2MaxCycling":false,"userSetNullForVO2MaxRunning":false},{"version":1564044090750,"metaData":{"userProfilePK":69302226,"calendarDate":"2019-07-25T07:34:19.0","sequence":1564044090750},"vo2MaxRunning":55.0,"userSetNullForHeight":false,"userSetNullForWeight":false,"userSetNullForActivityClass":false,"userSetNullForLactateThresholdSpeed":false,"userSetNullForLactateThresholdHR":false,"userSetNullForVO2MaxCycling":false,"userSetNullForVO2MaxRunning":false},{"version":1564177168592,"metaData":{"userProfilePK":69302226,"calendarDate":"2019-07-26T20:20:24.0","sequence":1564177168592},"vo2MaxRunning":55.0,"userSetNullForHeight":false,"userSetNullForWeight":false,"userSetNullForActivityClass":false,"userSetNullForLactateThresholdSpeed":false,"userSetNullForLactateThresholdHR":false,"userSetNullForVO2MaxCycling":false,"userSetNullForVO2MaxRunning":false},{"version":1564254682934,"metaData":{"userProfilePK":69302226,"calendarDate":"2019-07-27T18:44:16.0","sequence":1564254682934},"vo2MaxRunning":54.0,"userSetNullForHeight":false,"userSetNullForWeight":false,"userSetNullForActivityClass":false,"userSetNullForLactateThresholdSpeed":false,"userSetNullForLactateThresholdHR":false,"userSetNullForVO2MaxCycling":false,"userSetNullForVO2MaxRunning":false},{"version":1564347435328,"metaData":{"userProfilePK":69302226,"calendarDate":"2019-07-28T19:31:46.0","sequence":1564347435328},"vo2MaxRunning":54.0,"userSetNullForHeight":false,"userSetNullForWeight":false,"userSetNullForActivityClass":false,"userSetNullForLactateThresholdSpeed":false,"userSetNullForLactateThresholdHR":false,"userSetNullForVO2MaxCycling":false,"userSetNullForVO2MaxRunning":false},{"version":1564610043729,"metaData":{"userProfilePK":69302226,"calendarDate":"2019-07-31T18:35:31.0","sequence":1564610043729},"vo2MaxRunning":55.0,"userSetNullForHeight":false,"userSetNullForWeight":false,"userSetNullForActivityClass":false,"userSetNullForLactateThresholdSpeed":false,"userSetNullForLactateThresholdHR":false,"userSetNullForVO2MaxCycling":false,"userSetNullForVO2MaxRunning":false},{"version":1564785731739,"metaData":{"userProfilePK":69302226,"calendarDate":"2019-08-02T17:25:41.0","sequence":1564785731739},"vo2MaxRunning":54.0,"userSetNullForHeight":false,"userSetNullForWeight":false,"userSetNullForActivityClass":false,"userSetNullForLactateThresholdSpeed":false,"userSetNullForLactateThresholdHR":false,"userSetNullForVO2MaxCycling":false,"userSetNullForVO2MaxRunning":false},{"version":1564912637028,"metaData":{"userProfilePK":69302226,"calendarDate":"2019-08-03T19:56:31.0","sequence":1564912637028},"vo2MaxRunning":54.0,"userSetNullForHeight":false,"userSetNullForWeight":false,"userSetNullForActivityClass":false,"userSetNullForLactateThresholdSpeed":false,"userSetNullForLactateThresholdHR":false,"userSetNullForVO2MaxCycling":false,"userSetNullForVO2MaxRunning":false},{"version":1565179413833,"metaData":{"userProfilePK":69302226,"calendarDate":"2019-08-07T08:40:52.0","sequence":1565179413833},"vo2MaxRunning":54.0,"userSetNullForHeight":false,"userSetNullForWeight":false,"userSetNullForActivityClass":false,"userSetNullForLactateThresholdSpeed":false,"userSetNullForLactateThresholdHR":false,"userSetNullForVO2MaxCycling":false,"userSetNullForVO2MaxRunning":false},{"version":1565253660377,"metaData":{"userProfilePK":69302226,"calendarDate":"2019-08-08T08:40:57.0","sequence":1565253660377},"vo2MaxRunning":53.0,"userSetNullForHeight":false,"userSetNullForWeight":false,"userSetNullForActivityClass":false,"userSetNullForLactateThresholdSpeed":false,"userSetNullForLactateThresholdHR":false,"userSetNullForVO2MaxCycling":false,"userSetNullForVO2MaxRunning":false},{"version":1565340106062,"metaData":{"userProfilePK":69302226,"calendarDate":"2019-08-09T08:30:27.0","sequence":1565340106062},"vo2MaxRunning":52.0,"userSetNullForHeight":false,"userSetNullForWeight":false,"userSetNullForActivityClass":false,"userSetNullForLactateThresholdSpeed":false,"userSetNullForLactateThresholdHR":false,"userSetNullForVO2MaxCycling":false,"userSetNullForVO2MaxRunning":false},{"version":1565473516352,"metaData":{"userProfilePK":69302226,"calendarDate":"2019-08-10T18:17:47.0","sequence":1565473516352},"vo2MaxRunning":52.0,"userSetNullForHeight":false,"userSetNullForWeight":false,"userSetNullForActivityClass":false,"userSetNullForLactateThresholdSpeed":false,"userSetNullForLactateThresholdHR":false,"userSetNullForVO2MaxCycling":false,"userSetNullForVO2MaxRunning":false},{"version":1565615621456,"metaData":{"userProfilePK":69302226,"calendarDate":"2019-08-12T08:46:59.0","sequence":1565615621456},"vo2MaxRunning":51.0,"userSetNullForHeight":false,"userSetNullForWeight":false,"userSetNullForActivityClass":false,"userSetNullForLactateThresholdSpeed":false,"userSetNullForLactateThresholdHR":false,"userSetNullForVO2MaxCycling":false,"userSetNullForVO2MaxRunning":false},{"version":1565772018377,"metaData":{"userProfilePK":69302226,"calendarDate":"2019-08-13T20:34:42.0","sequence":1565772018377},"vo2MaxRunning":52.0,"userSetNullForHeight":false,"userSetNullForWeight":false,"userSetNullForActivityClass":false,"userSetNullForLactateThresholdSpeed":false,"userSetNullForLactateThresholdHR":false,"userSetNullForVO2MaxCycling":false,"userSetNullForVO2MaxRunning":false},{"version":1565772036899,"metaData":{"userProfilePK":69302226,"calendarDate":"2019-08-14T08:55:57.0","sequence":1565772036899},"vo2MaxRunning":52.0,"userSetNullForHeight":false,"userSetNullForWeight":false,"userSetNullForActivityClass":false,"userSetNullForLactateThresholdSpeed":false,"userSetNullForLactateThresholdHR":false,"userSetNullForVO2MaxCycling":false,"userSetNullForVO2MaxRunning":false},{"version":1565859002538,"metaData":{"userProfilePK":69302226,"calendarDate":"2019-08-15T08:31:48.0","sequence":1565859002538},"vo2MaxRunning":53.0,"userSetNullForHeight":false,"userSetNullForWeight":false,"userSetNullForActivityClass":false,"userSetNullForLactateThresholdSpeed":false,"userSetNullForLactateThresholdHR":false,"userSetNullForVO2MaxCycling":false,"userSetNullForVO2MaxRunning":false},{"version":1566071234024,"metaData":{"userProfilePK":69302226,"calendarDate":"2019-08-17T20:45:16.0","sequence":1566071234024},"vo2MaxRunning":51.0,"userSetNullForHeight":false,"userSetNullForWeight":false,"userSetNullForActivityClass":false,"userSetNullForLactateThresholdSpeed":false,"userSetNullForLactateThresholdHR":false,"userSetNullForVO2MaxCycling":false,"userSetNullForVO2MaxRunning":false},{"version":1566296558168,"metaData":{"userProfilePK":69302226,"calendarDate":"2019-08-20T11:20:25.0","sequence":1566296558168},"vo2MaxRunning":50.0,"userSetNullForHeight":false,"userSetNullForWeight":false,"userSetNullForActivityClass":false,"userSetNullForLactateThresholdSpeed":false,"userSetNullForLactateThresholdHR":false,"userSetNullForVO2MaxCycling":false,"userSetNullForVO2MaxRunning":false},{"version":1566373411842,"metaData":{"userProfilePK":69302226,"calendarDate":"2019-08-21T08:42:10.0","sequence":1566373411842},"vo2MaxRunning":52.0,"userSetNullForHeight":false,"userSetNullForWeight":false,"userSetNullForActivityClass":false,"userSetNullForLactateThresholdSpeed":false,"userSetNullForLactateThresholdHR":false,"userSetNullForVO2MaxCycling":false,"userSetNullForVO2MaxRunning":false},{"version":1566478634032,"metaData":{"userProfilePK":69302226,"calendarDate":"2019-08-22T09:05:47.0","sequence":1566478634032},"vo2MaxRunning":51.0,"userSetNullForHeight":false,"userSetNullForWeight":false,"userSetNullForActivityClass":false,"userSetNullForLactateThresholdSpeed":false,"userSetNullForLactateThresholdHR":false,"userSetNullForVO2MaxCycling":false,"userSetNullForVO2MaxRunning":false},{"version":1566551746770,"metaData":{"userProfilePK":69302226,"calendarDate":"2019-08-23T08:47:56.0","sequence":1566551746770},"vo2MaxRunning":51.0,"userSetNullForHeight":false,"userSetNullForWeight":false,"userSetNullForActivityClass":false,"userSetNullForLactateThresholdSpeed":false,"userSetNullForLactateThresholdHR":false,"userSetNullForVO2MaxCycling":false,"userSetNullForVO2MaxRunning":false},{"version":1566551782059,"metaData":{"userProfilePK":69302226,"calendarDate":"2019-08-23T10:16:22.40","sequence":1566551782059},"height":170.0,"userSetNullForHeight":false,"userSetNullForWeight":false,"userSetNullForActivityClass":false,"userSetNullForLactateThresholdSpeed":false,"userSetNullForLactateThresholdHR":false,"userSetNullForVO2MaxCycling":false,"userSetNullForVO2MaxRunning":false},{"version":1566551782097,"metaData":{"userProfilePK":69302226,"calendarDate":"2019-08-23T10:16:22.40","sequence":1566551782097},"weight":{"weight":66000.0,"sourceType":"USER_SETTING","timestampGMT":"2019-08-23T09:16:22.400"},"userSetNullForHeight":false,"userSetNullForWeight":false,"userSetNullForActivityClass":false,"userSetNullForLactateThresholdSpeed":false,"userSetNullForLactateThresholdHR":false,"userSetNullForVO2MaxCycling":false,"userSetNullForVO2MaxRunning":false},{"version":1566640803188,"metaData":{"userProfilePK":69302226,"calendarDate":"2019-08-24T10:44:13.0","sequence":1566640803188},"vo2MaxRunning":50.0,"userSetNullForHeight":false,"userSetNullForWeight":false,"userSetNullForActivityClass":false,"userSetNullForLactateThresholdSpeed":false,"userSetNullForLactateThresholdHR":false,"userSetNullForVO2MaxCycling":false,"userSetNullForVO2MaxRunning":false},{"version":1566740560709,"metaData":{"userProfilePK":69302226,"calendarDate":"2019-08-25T10:34:11.0","sequence":1566740560709},"vo2MaxRunning":50.0,"userSetNullForHeight":false,"userSetNullForWeight":false,"userSetNullForActivityClass":false,"userSetNullForLactateThresholdSpeed":false,"userSetNullForLactateThresholdHR":false,"userSetNullForVO2MaxCycling":false,"userSetNullForVO2MaxRunning":false},{"version":1566900332703,"metaData":{"userProfilePK":69302226,"calendarDate":"2019-08-27T09:16:46.0","sequence":1566900332703},"vo2MaxRunning":50.0,"userSetNullForHeight":false,"userSetNullForWeight":false,"userSetNullForActivityClass":false,"userSetNullForLactateThresholdSpeed":false,"userSetNullForLactateThresholdHR":false,"userSetNullForVO2MaxCycling":false,"userSetNullForVO2MaxRunning":false},{"version":1566984886118,"metaData":{"userProfilePK":69302226,"calendarDate":"2019-08-28T08:36:31.0","sequence":1566984886118},"vo2MaxRunning":50.0,"userSetNullForHeight":false,"userSetNullForWeight":false,"userSetNullForActivityClass":false,"userSetNullForLactateThresholdSpeed":false,"userSetNullForLactateThresholdHR":false,"userSetNullForVO2MaxCycling":false,"userSetNullForVO2MaxRunning":false},{"version":1567155622696,"metaData":{"userProfilePK":69302226,"calendarDate":"2019-08-30T08:47:15.0","sequence":1567155622696},"vo2MaxRunning":51.0,"userSetNullForHeight":false,"userSetNullForWeight":false,"userSetNullForActivityClass":false,"userSetNullForLactateThresholdSpeed":false,"userSetNullForLactateThresholdHR":false,"userSetNullForVO2MaxCycling":false,"userSetNullForVO2MaxRunning":false},{"version":1567577074109,"metaData":{"userProfilePK":69302226,"calendarDate":"2019-09-02T08:39:55.0","sequence":1567577074109},"vo2MaxRunning":51.0,"userSetNullForHeight":false,"userSetNullForWeight":false,"userSetNullForActivityClass":false,"userSetNullForLactateThresholdSpeed":false,"userSetNullForLactateThresholdHR":false,"userSetNullForVO2MaxCycling":false,"userSetNullForVO2MaxRunning":false},{"version":1567582905496,"metaData":{"userProfilePK":69302226,"calendarDate":"2019-09-04T08:37:52.0","sequence":1567582905496},"vo2MaxRunning":49.0,"userSetNullForHeight":false,"userSetNullForWeight":false,"userSetNullForActivityClass":false,"userSetNullForLactateThresholdSpeed":false,"userSetNullForLactateThresholdHR":false,"userSetNullForVO2MaxCycling":false,"userSetNullForVO2MaxRunning":false},{"version":1567750785189,"metaData":{"userProfilePK":69302226,"calendarDate":"2019-09-05T09:00:21.0","sequence":1567750785189},"vo2MaxRunning":50.0,"userSetNullForHeight":false,"userSetNullForWeight":false,"userSetNullForActivityClass":false,"userSetNullForLactateThresholdSpeed":false,"userSetNullForLactateThresholdHR":false,"userSetNullForVO2MaxCycling":false,"userSetNullForVO2MaxRunning":false},{"version":1567755889164,"metaData":{"userProfilePK":69302226,"calendarDate":"2019-09-06T08:43:20.0","sequence":1567755889164},"vo2MaxRunning":50.0,"userSetNullForHeight":false,"userSetNullForWeight":false,"userSetNullForActivityClass":false,"userSetNullForLactateThresholdSpeed":false,"userSetNullForLactateThresholdHR":false,"userSetNullForVO2MaxCycling":false,"userSetNullForVO2MaxRunning":false},{"version":1567881105019,"metaData":{"userProfilePK":69302226,"calendarDate":"2019-09-07T19:29:49.0","sequence":1567881105019},"vo2MaxRunning":50.0,"userSetNullForHeight":false,"userSetNullForWeight":false,"userSetNullForActivityClass":false,"userSetNullForLactateThresholdSpeed":false,"userSetNullForLactateThresholdHR":false,"userSetNullForVO2MaxCycling":false,"userSetNullForVO2MaxRunning":false},{"version":1568046472585,"metaData":{"userProfilePK":69302226,"calendarDate":"2019-09-09T08:49:39.0","sequence":1568046472585},"vo2MaxRunning":51.0,"userSetNullForHeight":false,"userSetNullForWeight":false,"userSetNullForActivityClass":false,"userSetNullForLactateThresholdSpeed":false,"userSetNullForLactateThresholdHR":false,"userSetNullForVO2MaxCycling":false,"userSetNullForVO2MaxRunning":false},{"version":1568113176257,"metaData":{"userProfilePK":69302226,"calendarDate":"2019-09-10T08:46:22.0","sequence":1568113176257},"vo2MaxRunning":50.0,"userSetNullForHeight":false,"userSetNullForWeight":false,"userSetNullForActivityClass":false,"userSetNullForLactateThresholdSpeed":false,"userSetNullForLactateThresholdHR":false,"userSetNullForVO2MaxCycling":false,"userSetNullForVO2MaxRunning":false},{"version":1568190752969,"metaData":{"userProfilePK":69302226,"calendarDate":"2019-09-11T08:55:19.0","sequence":1568190752969},"vo2MaxRunning":51.0,"userSetNullForHeight":false,"userSetNullForWeight":false,"userSetNullForActivityClass":false,"userSetNullForLactateThresholdSpeed":false,"userSetNullForLactateThresholdHR":false,"userSetNullForVO2MaxCycling":false,"userSetNullForVO2MaxRunning":false},{"version":1569466371368,"metaData":{"userProfilePK":69302226,"calendarDate":"2019-09-13T08:48:58.0","sequence":1569466371368},"vo2MaxRunning":47.0,"userSetNullForHeight":false,"userSetNullForWeight":false,"userSetNullForActivityClass":false,"userSetNullForLactateThresholdSpeed":false,"userSetNullForLactateThresholdHR":false,"userSetNullForVO2MaxCycling":false,"userSetNullForVO2MaxRunning":false},{"version":1569657969956,"metaData":{"userProfilePK":69302226,"calendarDate":"2019-09-27T18:24:20.0","sequence":1569657969956},"vo2MaxRunning":47.0,"userSetNullForHeight":false,"userSetNullForWeight":false,"userSetNullForActivityClass":false,"userSetNullForLactateThresholdSpeed":false,"userSetNullForLactateThresholdHR":false,"userSetNullForVO2MaxCycling":false,"userSetNullForVO2MaxRunning":false},{"version":1572190891443,"metaData":{"userProfilePK":69302226,"calendarDate":"2019-10-15T08:26:36.0","sequence":1572190891443},"vo2MaxRunning":46.0,"userSetNullForHeight":false,"userSetNullForWeight":false,"userSetNullForActivityClass":false,"userSetNullForLactateThresholdSpeed":false,"userSetNullForLactateThresholdHR":false,"userSetNullForVO2MaxCycling":false,"userSetNullForVO2MaxRunning":false},{"version":1572190904118,"metaData":{"userProfilePK":69302226,"calendarDate":"2019-10-27T15:34:39.0","sequence":1572190904118},"vo2MaxRunning":45.0,"userSetNullForHeight":false,"userSetNullForWeight":false,"userSetNullForActivityClass":false,"userSetNullForLactateThresholdSpeed":false,"userSetNullForLactateThresholdHR":false,"userSetNullForVO2MaxCycling":false,"userSetNullForVO2MaxRunning":false},{"version":1573109761420,"metaData":{"userProfilePK":69302226,"calendarDate":"2019-10-31T07:59:56.0","sequence":1573109761420},"vo2MaxRunning":46.0,"userSetNullForHeight":false,"userSetNullForWeight":false,"userSetNullForActivityClass":false,"userSetNullForLactateThresholdSpeed":false,"userSetNullForLactateThresholdHR":false,"userSetNullForVO2MaxCycling":false,"userSetNullForVO2MaxRunning":false},{"version":1573109769962,"metaData":{"userProfilePK":69302226,"calendarDate":"2019-11-03T16:25:04.0","sequence":1573109769962},"vo2MaxRunning":45.0,"userSetNullForHeight":false,"userSetNullForWeight":false,"userSetNullForActivityClass":false,"userSetNullForLactateThresholdSpeed":false,"userSetNullForLactateThresholdHR":false,"userSetNullForVO2MaxCycling":false,"userSetNullForVO2MaxRunning":false},{"version":1573109777146,"metaData":{"userProfilePK":69302226,"calendarDate":"2019-11-05T09:54:51.0","sequence":1573109777146},"vo2MaxRunning":46.0,"userSetNullForHeight":false,"userSetNullForWeight":false,"userSetNullForActivityClass":false,"userSetNullForLactateThresholdSpeed":false,"userSetNullForLactateThresholdHR":false,"userSetNullForVO2MaxCycling":false,"userSetNullForVO2MaxRunning":false},{"version":1573429989506,"metaData":{"userProfilePK":69302226,"calendarDate":"2019-11-09T11:00:19.0","sequence":1573429989506},"vo2MaxRunning":47.0,"userSetNullForHeight":false,"userSetNullForWeight":false,"userSetNullForActivityClass":false,"userSetNullForLactateThresholdSpeed":false,"userSetNullForLactateThresholdHR":false,"userSetNullForVO2MaxCycling":false,"userSetNullForVO2MaxRunning":false},{"version":1573430000452,"metaData":{"userProfilePK":69302226,"calendarDate":"2019-11-10T16:16:54.0","sequence":1573430000452},"vo2MaxRunning":47.0,"userSetNullForHeight":false,"userSetNullForWeight":false,"userSetNullForActivityClass":false,"userSetNullForLactateThresholdSpeed":false,"userSetNullForLactateThresholdHR":false,"userSetNullForVO2MaxCycling":false,"userSetNullForVO2MaxRunning":false},{"version":1573559692848,"metaData":{"userProfilePK":69302226,"calendarDate":"2019-11-12T09:05:46.0","sequence":1573559692848},"vo2MaxRunning":47.0,"userSetNullForHeight":false,"userSetNullForWeight":false,"userSetNullForActivityClass":false,"userSetNullForLactateThresholdSpeed":false,"userSetNullForLactateThresholdHR":false,"userSetNullForVO2MaxCycling":false,"userSetNullForVO2MaxRunning":false},{"version":1573731363110,"metaData":{"userProfilePK":69302226,"calendarDate":"2019-11-14T09:05:44.0","sequence":1573731363110},"vo2MaxRunning":49.0,"userSetNullForHeight":false,"userSetNullForWeight":false,"userSetNullForActivityClass":false,"userSetNullForLactateThresholdSpeed":false,"userSetNullForLactateThresholdHR":false,"userSetNullForVO2MaxCycling":false,"userSetNullForVO2MaxRunning":false},{"version":1573955448900,"metaData":{"userProfilePK":69302226,"calendarDate":"2019-11-16T16:04:20.0","sequence":1573955448900},"vo2MaxRunning":49.0,"userSetNullForHeight":false,"userSetNullForWeight":false,"userSetNullForActivityClass":false,"userSetNullForLactateThresholdSpeed":false,"userSetNullForLactateThresholdHR":false,"userSetNullForVO2MaxCycling":false,"userSetNullForVO2MaxRunning":false},{"version":1574013522499,"metaData":{"userProfilePK":69302226,"calendarDate":"2019-11-17T15:56:44.0","sequence":1574013522499},"vo2MaxRunning":49.0,"userSetNullForHeight":false,"userSetNullForWeight":false,"userSetNullForActivityClass":false,"userSetNullForLactateThresholdSpeed":false,"userSetNullForLactateThresholdHR":false,"userSetNullForVO2MaxCycling":false,"userSetNullForVO2MaxRunning":false},{"version":1574156305544,"metaData":{"userProfilePK":69302226,"calendarDate":"2019-11-19T08:49:09.0","sequence":1574156305544},"vo2MaxRunning":50.0,"userSetNullForHeight":false,"userSetNullForWeight":false,"userSetNullForActivityClass":false,"userSetNullForLactateThresholdSpeed":false,"userSetNullForLactateThresholdHR":false,"userSetNullForVO2MaxCycling":false,"userSetNullForVO2MaxRunning":false},{"version":1574255585751,"metaData":{"userProfilePK":69302226,"calendarDate":"2019-11-20T08:20:31.0","sequence":1574255585751},"vo2MaxRunning":50.0,"userSetNullForHeight":false,"userSetNullForWeight":false,"userSetNullForActivityClass":false,"userSetNullForLactateThresholdSpeed":false,"userSetNullForLactateThresholdHR":false,"userSetNullForVO2MaxCycling":false,"userSetNullForVO2MaxRunning":false},{"version":1574373727718,"metaData":{"userProfilePK":69302226,"calendarDate":"2019-11-21T08:24:47.0","sequence":1574373727718},"vo2MaxRunning":50.0,"userSetNullForHeight":false,"userSetNullForWeight":false,"userSetNullForActivityClass":false,"userSetNullForLactateThresholdSpeed":false,"userSetNullForLactateThresholdHR":false,"userSetNullForVO2MaxCycling":false,"userSetNullForVO2MaxRunning":false},{"version":1574674234646,"metaData":{"userProfilePK":69302226,"calendarDate":"2019-11-24T16:00:32.0","sequence":1574674234646},"vo2MaxRunning":51.0,"userSetNullForHeight":false,"userSetNullForWeight":false,"userSetNullForActivityClass":false,"userSetNullForLactateThresholdSpeed":false,"userSetNullForLactateThresholdHR":false,"userSetNullForVO2MaxCycling":false,"userSetNullForVO2MaxRunning":false},{"version":1575019316478,"metaData":{"userProfilePK":69302226,"calendarDate":"2019-11-28T08:41:39.0","sequence":1575019316478},"vo2MaxRunning":51.0,"userSetNullForHeight":false,"userSetNullForWeight":false,"userSetNullForActivityClass":false,"userSetNullForLactateThresholdSpeed":false,"userSetNullForLactateThresholdHR":false,"userSetNullForVO2MaxCycling":false,"userSetNullForVO2MaxRunning":false},{"version":1575019332581,"metaData":{"userProfilePK":69302226,"calendarDate":"2019-11-29T08:37:20.0","sequence":1575019332581},"vo2MaxRunning":51.0,"userSetNullForHeight":false,"userSetNullForWeight":false,"userSetNullForActivityClass":false,"userSetNullForLactateThresholdSpeed":false,"userSetNullForLactateThresholdHR":false,"userSetNullForVO2MaxCycling":false,"userSetNullForVO2MaxRunning":false},{"version":1575151454077,"metaData":{"userProfilePK":69302226,"calendarDate":"2019-11-30T15:31:06.0","sequence":1575151454077},"vo2MaxRunning":51.0,"userSetNullForHeight":false,"userSetNullForWeight":false,"userSetNullForActivityClass":false,"userSetNullForLactateThresholdSpeed":false,"userSetNullForLactateThresholdHR":false,"userSetNullForVO2MaxCycling":false,"userSetNullForVO2MaxRunning":false},{"version":1575234038113,"metaData":{"userProfilePK":69302226,"calendarDate":"2019-12-01T15:51:57.0","sequence":1575234038113},"vo2MaxRunning":51.0,"userSetNullForHeight":false,"userSetNullForWeight":false,"userSetNullForActivityClass":false,"userSetNullForLactateThresholdSpeed":false,"userSetNullForLactateThresholdHR":false,"userSetNullForVO2MaxCycling":false,"userSetNullForVO2MaxRunning":false}]