[{"referenceId":"172cf019-5f04-4725-9758-2af2e2d62457","referenceType":"CUSTOMER_GUID","sourceSystem":"SSO","sourceSystemVersion":null,"platformId":"ACCOUNT_MANAGEMENT_CENTER","actorId":null,"userAgent":"Mozilla/5.0 (Macintosh; Intel Mac OS X 10_15_7) AppleWebKit/537.36 (KHTML, like Gecko) Chrome/102.0.0.0 Safari/537.36","locale":"en-US","locationCountry":"IL","eventDateTime":"2022-06-12T07:51:41.745Z","eventType":"IT_SSO_PASSWORD_RESET","eventData":{"emailAddress":"alexbihsh@gmail.com"},"testMode":false,"receivedDate":null},{"referenceId":"172cf019-5f04-4725-9758-2af2e2d62457","referenceType":"CUSTOMER_GUID","sourceSystem":"CAS_SSO_NO_SYNC-ACCOUNT_MANAGEMENT_CENTER","sourceSystemVersion":null,"platformId":"APS","actorId":null,"userAgent":"ACCOUNT_PROCESS_SERVICES","locale":null,"locationCountry":null,"eventDateTime":"2022-06-12T07:51:41.299Z","eventType":"IT_APS_PASSWORD_RESET","eventData":{"emailAddress":"alexbihsh@gmail.com"},"testMode":false,"receivedDate":null},{"referenceId":"172cf019-5f04-4725-9758-2af2e2d62457","referenceType":"CUSTOMER_GUID","sourceSystem":"SSO","sourceSystemVersion":null,"platformId":"GarminConnectMobileAndroid","actorId":null,"userAgent":"Mozilla/5.0 (Linux; Android 9; Pixel 3a Build/PD2A.190115.032; wv) AppleWebKit/537.36 (KHTML, like Gecko) Version/4.0 Chrome/77.0.3865.92 Mobile Safari/537.36","locale":"en-US","locationCountry":"IL","eventDateTime":"2019-09-26T02:49:58.875Z","eventType":"IT_SSO_PASSWORD_RESET","eventData":{"emailAddress":"alexbihsh@gmail.com"},"testMode":false,"receivedDate":null},{"referenceId":"172cf019-5f04-4725-9758-2af2e2d62457","referenceType":"CUSTOMER_GUID","sourceSystem":"CAS_SSO_NO_SYNC-GarminConnectMobileAndroid","sourceSystemVersion":null,"platformId":"APS","actorId":null,"userAgent":"ACCOUNT_PROCESS_SERVICES","locale":null,"locationCountry":null,"eventDateTime":"2019-09-26T02:49:58.687Z","eventType":"IT_APS_PASSWORD_RESET","eventData":{"emailAddress":"alexbihsh@gmail.com"},"testMode":false,"receivedDate":null},{"referenceId":"172cf019-5f04-4725-9758-2af2e2d62457","referenceType":"CUSTOMER_GUID","sourceSystem":"GCM Android","sourceSystemVersion":"5035","platformId":"GARMIN_CONNECT","actorId":null,"userAgent":"com.garmin.android.apps.connectmobile 4.22 5035 Dalvik/2.1.0 (Linux; U; Android 8.1.0; Nexus 6P Build/OPM7.181205.001)","locale":"en-GB","locationCountry":"GB","eventDateTime":"2019-08-23T09:16:22Z","eventType":"CONNECT_PROFILE_BIRTHDATE","eventData":{"COMPLETION_STATUS":"RECEIVED","EVENT_ACTION":"UPDATED","EVENT_SOURCE":"PUT /userprofile-service/userprofile/user-settings"},"testMode":false,"receivedDate":null},{"referenceId":"172cf019-5f04-4725-9758-2af2e2d62457","referenceType":"CUSTOMER_GUID","sourceSystem":"GCM Android","sourceSystemVersion":"5035","platformId":"GARMIN_CONNECT","actorId":null,"userAgent":"com.garmin.android.apps.connectmobile 4.22 5035 Dalvik/2.1.0 (Linux; U; Android 8.1.0; Nexus 6P Build/OPM7.181205.001)","locale":"en-GB","locationCountry":"GB","eventDateTime":"2019-08-23T09:16:22Z","eventType":"CONNECT_PROFILE_GENDER","eventData":{"COMPLETION_STATUS":"RECEIVED","EVENT_ACTION":"UPDATED","EVENT_SOURCE":"PUT /userprofile-service/userprofile/user-settings"},"testMode":false,"receivedDate":null},{"referenceId":"172cf019-5f04-4725-9758-2af2e2d62457","referenceType":"CUSTOMER_GUID","sourceSystem":"GCM Android","sourceSystemVersion":"5035","platformId":"GARMIN_CONNECT","actorId":null,"userAgent":"com.garmin.android.apps.connectmobile 4.22 5035 Dalvik/2.1.0 (Linux; U; Android 8.1.0; Nexus 6P Build/OPM7.181205.001)","locale":"en-GB","locationCountry":"GB","eventDateTime":"2019-08-23T09:16:22Z","eventType":"CONNECT_PROFILE_HEIGHT","eventData":{"COMPLETION_STATUS":"RECEIVED","EVENT_ACTION":"UPDATED","EVENT_SOURCE":"PUT /userprofile-service/userprofile/user-settings"},"testMode":false,"receivedDate":null},{"referenceId":"172cf019-5f04-4725-9758-2af2e2d62457","referenceType":"CUSTOMER_GUID","sourceSystem":"GCM Android","sourceSystemVersion":"5035","platformId":"GARMIN_CONNECT","actorId":null,"userAgent":"com.garmin.android.apps.connectmobile 4.22 5035 Dalvik/2.1.0 (Linux; U; Android 8.1.0; Nexus 6P Build/OPM7.181205.001)","locale":"en-GB","locationCountry":"GB","eventDateTime":"2019-08-23T09:16:22Z","eventType":"CONNECT_PROFILE_WEIGHT","eventData":{"COMPLETION_STATUS":"RECEIVED","EVENT_ACTION":"UPDATED","EVENT_SOURCE":"PUT /userprofile-service/userprofile/user-settings"},"testMode":false,"receivedDate":null},{"referenceId":"172cf019-5f04-4725-9758-2af2e2d62457","referenceType":"CUSTOMER_GUID","sourceSystem":"GCM Android","sourceSystemVersion":"5035","platformId":"GARMIN_CONNECT","actorId":null,"userAgent":"com.garmin.android.apps.connectmobile 4.22 5035 Dalvik/2.1.0 (Linux; U; Android 8.1.0; Nexus 6P Build/OPM7.181205.001)","locale":"en-GB","locationCountry":"GB","eventDateTime":"2019-08-23T09:15:22Z","eventType":"CONNECT_PROFILE_IMAGE","eventData":{"COMPLETION_STATUS":"RECEIVED","EVENT_ACTION":"UPDATED","EVENT_SOURCE":"POST /image-service/imageservice/upload/5b657e05-93a8-488c-a2b4-a7ec37ae16fd"},"testMode":false,"receivedDate":null},{"referenceId":"172cf019-5f04-4725-9758-2af2e2d62457","referenceType":"CUSTOMER_GUID","sourceSystem":"SSO","sourceSystemVersion":null,"platformId":"GarminConnectMobileAndroid","actorId":null,"userAgent":"Mozilla/5.0 (Linux; Android 8.1.0; Nexus 6P Build/OPM7.181205.001; wv) AppleWebKit/537.36 (KHTML, like Gecko) Version/4.0 Chrome/76.0.3809.111 Mobile Safari/537.36","locale":"en-US","locationCountry":"GB","eventDateTime":"2019-08-23T09:12:07.967Z","eventType":"IT_SSO_LOGIN","eventData":{},"testMode":false,"receivedDate":null},{"referenceId":"172cf019-5f04-4725-9758-2af2e2d62457","referenceType":"CUSTOMER_GUID","sourceSystem":"GCM Android","sourceSystemVersion":"4860","platformId":"GARMIN_CONNECT","actorId":null,"userAgent":"com.garmin.android.apps.connectmobile 4.19.1 4860 Dalvik/2.1.0 (Linux; U; Android 8.1.0; Nexus 6P Build/OPM7.181205.001)","locale":"en-GB","locationCountry":"GB","eventDateTime":"2019-06-15T23:10:22Z","eventType":"CONNECT_USER_PREFERENCE","eventData":{"COMPLETION_STATUS":"RECEIVED","EVENT_ACTION":"OPTED_IN","EVENT_SOURCE":"PUT /userpreference-service/AutoSync.OneTimeMessage.dismiss","X-actor":"USER","preferenceKey":"AutoSync.OneTimeMessage.dismiss","preferenceValue":"true"},"testMode":false,"receivedDate":null},{"referenceId":"172cf019-5f04-4725-9758-2af2e2d62457","referenceType":"CUSTOMER_GUID","sourceSystem":"SSO","sourceSystemVersion":null,"platformId":"global-header","actorId":null,"userAgent":"Mozilla/5.0 (Windows NT 6.3; Win64; x64) AppleWebKit/537.36 (KHTML, like Gecko) Chrome/73.0.3683.103 Safari/537.36","locale":"en-US","locationCountry":"IL","eventDateTime":"2019-04-17T19:53:39.739Z","eventType":"IT_SSO_LOGIN","eventData":{},"testMode":false,"receivedDate":null},{"referenceId":"172cf019-5f04-4725-9758-2af2e2d62457","referenceType":"CUSTOMER_GUID","sourceSystem":"Connect API Component","sourceSystemVersion":"UNKNOWN","platformId":"GARMIN_CONNECT","actorId":null,"userAgent":"olaxpa-conctactivity002.garmin.com","locale":"en-il","locationCountry":"il","eventDateTime":"2019-03-09T20:20:49Z","eventType":"CONNECT_HYDRATION","eventData":{"COMPLETION_STATUS":"RECEIVED","EVENT_ACTION":"UPDATED","EVENT_SOURCE":"PUT /usersummary-service/usersummary/hydration/log"},"testMode":false,"receivedDate":null},{"referenceId":"172cf019-5f04-4725-9758-2af2e2d62457","referenceType":"CUSTOMER_GUID","sourceSystem":"GCM Android","sourceSystemVersion":"4650","platformId":"GARMIN_CONNECT","actorId":null,"userAgent":"com.garmin.android.apps.connectmobile 4.16 4650 Dalvik/2.1.0 (Linux; U; Android 8.1.0; Nexus 6P Build/OPM7.181205.001)","locale":"en-IL","locationCountry":"IL","eventDateTime":"2019-03-09T20:20:48Z","eventType":"CONNECT_ACTIVITY","eventData":{"COMPLETION_STATUS":"RECEIVED","EVENT_ACTION":"DELETED","EVENT_SOURCE":"DELETE /activity-service/activity/3447914600"},"testMode":false,"receivedDate":null},{"referenceId":"172cf019-5f04-4725-9758-2af2e2d62457","referenceType":"CUSTOMER_GUID","sourceSystem":"GCM Android","sourceSystemVersion":"4550","platformId":"GARMIN_CONNECT","actorId":null,"userAgent":"com.garmin.android.apps.connectmobile 4.15 4550 Dalvik/2.1.0 (Linux; U; Android 8.1.0; Nexus 6P Build/OPM7.181205.001)","locale":"en-IL","locationCountry":"IL","eventDateTime":"2019-02-16T19:23:11Z","eventType":"CONNECT_ACTIVITY","eventData":{"COMPLETION_STATUS":"RECEIVED","EVENT_ACTION":"DELETED","EVENT_SOURCE":"DELETE /activity-service/activity/2921697907"},"testMode":false,"receivedDate":null},{"referenceId":"172cf019-5f04-4725-9758-2af2e2d62457","referenceType":"CUSTOMER_GUID","sourceSystem":"Connect API Component","sourceSystemVersion":"UNKNOWN","platformId":"GARMIN_CONNECT","actorId":null,"userAgent":"olaxpa-conctactivity014.garmin.com","locale":"en-il","locationCountry":"il","eventDateTime":"2019-02-16T19:23:11Z","eventType":"CONNECT_HYDRATION","eventData":{"COMPLETION_STATUS":"RECEIVED","EVENT_ACTION":"UPDATED","EVENT_SOURCE":"PUT /usersummary-service/usersummary/hydration/log"},"testMode":false,"receivedDate":null},{"referenceId":"172cf019-5f04-4725-9758-2af2e2d62457","referenceType":"CUSTOMER_GUID","sourceSystem":"GCM Android","sourceSystemVersion":"4375","platformId":"GARMIN_CONNECT","actorId":null,"userAgent":"Connect Mobile 4.13.8 4375 Dalvik/2.1.0 (Linux; U; Android 8.1.0; Nexus 6P Build/OPM7.181205.001)","locale":"en-GB","locationCountry":"GB","eventDateTime":"2019-02-04T07:17:38Z","eventType":"CONNECT_ACTIVITY","eventData":{"COMPLETION_STATUS":"RECEIVED","EVENT_ACTION":"DELETED","EVENT_SOURCE":"DELETE /activity-service/activity/3353126587"},"testMode":false,"receivedDate":null},{"referenceId":"172cf019-5f04-4725-9758-2af2e2d62457","referenceType":"CUSTOMER_GUID","sourceSystem":"Connect API Component","sourceSystemVersion":"UNKNOWN","platformId":"GARMIN_CONNECT","actorId":null,"userAgent":"olaxpa-conctactivity009.garmin.com","locale":"en-il","locationCountry":"il","eventDateTime":"2019-02-04T07:17:38Z","eventType":"CONNECT_HYDRATION","eventData":{"COMPLETION_STATUS":"RECEIVED","EVENT_ACTION":"UPDATED","EVENT_SOURCE":"PUT /usersummary-service/usersummary/hydration/log"},"testMode":false,"receivedDate":null},{"referenceId":"172cf019-5f04-4725-9758-2af2e2d62457","referenceType":"CUSTOMER_GUID","sourceSystem":"GCM Android","sourceSystemVersion":"4363","platformId":"GARMIN_CONNECT","actorId":null,"userAgent":"Connect Mobile 4.13.5 4363 Dalvik/2.1.0 (Linux; U; Android 8.1.0; Nexus 6P Build/OPM7.181205.001)","locale":"en-IL","locationCountry":"IL","eventDateTime":"2018-12-23T19:31:57Z","eventType":"CONNECT_CONNECTION_REQUEST","eventData":{"COMPLETION_STATUS":"COMPLETED","EVENT_ACTION":"CREATED","EVENT_SOURCE":"PUT /userprofile-service/connection/request/2b5fe63e-1d98-46b4-850f-5ed901f54bde","connectionRequestId":"124447955","connectionRequesteeId":"63635501","connectionRequestorId":"69302226"},"testMode":false,"receivedDate":null},{"referenceId":"172cf019-5f04-4725-9758-2af2e2d62457","referenceType":"CUSTOMER_GUID","sourceSystem":"GCM Android","sourceSystemVersion":"4363","platformId":"GARMIN_CONNECT","actorId":null,"userAgent":"Connect Mobile 4.13.5 4363 Dalvik/2.1.0 (Linux; U; Android 8.1.0; Nexus 6P Build/OPM7.181205.001)","locale":"en-IL","locationCountry":"IL","eventDateTime":"2018-12-23T19:31:28Z","eventType":"CONNECT_CONNECTION_REQUEST","eventData":{"COMPLETION_STATUS":"COMPLETED","EVENT_ACTION":"CREATED","EVENT_SOURCE":"PUT /userprofile-service/connection/request/451375b3-ddb8-4d80-99f3-ba6b7f60df7b","connectionRequestId":"124447926","connectionRequesteeId":"72531349","connectionRequestorId":"69302226"},"testMode":false,"receivedDate":null},{"referenceId":"172cf019-5f04-4725-9758-2af2e2d62457","referenceType":"CUSTOMER_GUID","sourceSystem":"GCM Android","sourceSystemVersion":"4363","platformId":"GARMIN_CONNECT","actorId":null,"userAgent":"Connect Mobile 4.13.5 4363 Dalvik/2.1.0 (Linux; U; Android 8.1.0; Nexus 6P Build/OPM7.181205.001)","locale":"en-IL","locationCountry":"IL","eventDateTime":"2018-12-23T19:31:22Z","eventType":"CONNECT_CONNECTION_REQUEST","eventData":{"COMPLETION_STATUS":"COMPLETED","EVENT_ACTION":"CREATED","EVENT_SOURCE":"PUT /userprofile-service/connection/request/uriber","connectionRequestId":"124447924","connectionRequesteeId":"33243255","connectionRequestorId":"69302226"},"testMode":false,"receivedDate":null},{"referenceId":"172cf019-5f04-4725-9758-2af2e2d62457","referenceType":"CUSTOMER_GUID","sourceSystem":"GCM Android","sourceSystemVersion":"4363","platformId":"GARMIN_CONNECT","actorId":null,"userAgent":"Connect Mobile 4.13.5 4363 Dalvik/2.1.0 (Linux; U; Android 8.1.0; Nexus 6P Build/OPM7.181205.001)","locale":"en-IL","locationCountry":"IL","eventDateTime":"2018-12-23T19:31:02Z","eventType":"CONNECT_CONNECTION_REQUEST","eventData":{"COMPLETION_STATUS":"COMPLETED","EVENT_ACTION":"CREATED","EVENT_SOURCE":"PUT /userprofile-service/connection/request/a4d06eb0-0a5e-4b0a-9ecb-169bc2e36315","connectionRequestId":"124447911","connectionRequesteeId":"63239636","connectionRequestorId":"69302226"},"testMode":false,"receivedDate":null},{"referenceId":"172cf019-5f04-4725-9758-2af2e2d62457","referenceType":"CUSTOMER_GUID","sourceSystem":"GCM Android","sourceSystemVersion":"4363","platformId":"GARMIN_CONNECT","actorId":null,"userAgent":"Connect Mobile 4.13.5 4363 Dalvik/2.1.0 (Linux; U; Android 8.1.0; Nexus 6P Build/OPM7.181205.001)","locale":"en-IL","locationCountry":"IL","eventDateTime":"2018-12-23T19:30:59Z","eventType":"CONNECT_CONNECTION_REQUEST","eventData":{"COMPLETION_STATUS":"COMPLETED","EVENT_ACTION":"CREATED","EVENT_SOURCE":"PUT /userprofile-service/connection/request/96a119ad-c342-4d7b-a208-080813333d08","connectionRequestId":"124447908","connectionRequesteeId":"71830293","connectionRequestorId":"69302226"},"testMode":false,"receivedDate":null},{"referenceId":"172cf019-5f04-4725-9758-2af2e2d62457","referenceType":"CUSTOMER_GUID","sourceSystem":"GCM Android","sourceSystemVersion":"4363","platformId":"GARMIN_CONNECT","actorId":null,"userAgent":"Connect Mobile 4.13.5 4363 Dalvik/2.1.0 (Linux; U; Android 8.1.0; Nexus 6P Build/OPM7.181205.001)","locale":"en-IL","locationCountry":"IL","eventDateTime":"2018-12-23T19:30:09Z","eventType":"CONNECT_CONNECTION_REQUEST","eventData":{"COMPLETION_STATUS":"COMPLETED","EVENT_ACTION":"CREATED","EVENT_SOURCE":"PUT /userprofile-service/connection/request/2b5fe63e-1d98-46b4-850f-5ed901f54bde","connectionRequestId":"124447879","connectionRequesteeId":"63635501","connectionRequestorId":"69302226"},"testMode":false,"receivedDate":null},{"referenceId":"172cf019-5f04-4725-9758-2af2e2d62457","referenceType":"CUSTOMER_GUID","sourceSystem":"GCM Android","sourceSystemVersion":"4363","platformId":"GARMIN_CONNECT","actorId":null,"userAgent":"Connect Mobile 4.13.5 4363 Dalvik/2.1.0 (Linux; U; Android 8.1.0; Nexus 6P Build/OPM7.181105.004)","locale":"en-IL","locationCountry":"IL","eventDateTime":"2018-12-13T18:19:58Z","eventType":"CONNECT_NOTIFICATIONS_EMAIL","eventData":{"COMPLETION_STATUS":"RECEIVED","EVENT_ACTION":"OPTED_IN","EVENT_SOURCE":"PUT /notification-service/preference/userPreference"},"testMode":false,"receivedDate":null},{"referenceId":"172cf019-5f04-4725-9758-2af2e2d62457","referenceType":"CUSTOMER_GUID","sourceSystem":"SSO","sourceSystemVersion":null,"platformId":"GarminConnectMobileAndroid","actorId":null,"userAgent":"Mozilla/5.0 (Linux; Android 8.1.0; Nexus 6P Build/OPM3.171019.019; wv) AppleWebKit/537.36 (KHTML, like Gecko) Version/4.0 Chrome/66.0.3359.158 Mobile Safari/537.36","locale":"en-US","locationCountry":"IL","eventDateTime":"2018-05-30T09:07:47.596Z","eventType":"IT_SSO_ACCOUNT_CREATION","eventData":{},"testMode":false,"receivedDate":null}]