[{"userProfilePK":99730076,"calendarDate":"2021-10-31","deviceId":3390587058,"updateTimestamp":"2021-10-31T14:36:58.0","sport":"RUNNING","subSport":"GENERIC","vo2MaxValue":52.0,"fitnessAge":"20","fitnessAgeDescription":"0","analyzerMethod":5,"maxMet":14.887847900390625,"maxMetCategory":"GENERIC","calibratedData":1},{"userProfilePK":99730076,"calendarDate":"2021-10-31","deviceId":3390587058,"updateTimestamp":"2021-10-31T15:22:04.0","sport":"RUNNING","subSport":"GENERIC","vo2MaxValue":52.0,"fitnessAge":"20","fitnessAgeDescription":"0","analyzerMethod":5,"maxMet":14.887847900390625,"maxMetCategory":"GENERIC","calibratedData":1},{"userProfilePK":99730076,"calendarDate":"2021-11-02","deviceId":3390587058,"updateTimestamp":"2021-11-02T15:18:15.0","sport":"RUNNING","subSport":"GENERIC","vo2MaxValue":53.0,"fitnessAge":"20","fitnessAgeDescription":"0","analyzerMethod":5,"maxMet":15.033432006835938,"maxMetCategory":"GENERIC","calibratedData":1},{"userProfilePK":99730076,"calendarDate":"2021-11-03","deviceId":3390587058,"updateTimestamp":"2021-11-03T14:46:39.0","sport":"RUNNING","subSport":"GENERIC","vo2MaxValue":53.0,"fitnessAge":"20","fitnessAgeDescription":"0","analyzerMethod":5,"maxMet":15.249191284179688,"maxMetCategory":"GENERIC","calibratedData":1},{"userProfilePK":99730076,"calendarDate":"2021-11-06","deviceId":3390587058,"updateTimestamp":"2021-11-06T17:43:35.0","sport":"RUNNING","subSport":"GENERIC","vo2MaxValue":54.0,"fitnessAge":"20","fitnessAgeDescription":"0","analyzerMethod":5,"maxMet":15.35791015625,"maxMetCategory":"GENERIC","calibratedData":1},{"userProfilePK":99730076,"calendarDate":"2021-11-08","deviceId":3390587058,"updateTimestamp":"2021-11-08T15:13:44.0","sport":"RUNNING","subSport":"GENERIC","vo2MaxValue":54.0,"fitnessAge":"20","fitnessAgeDescription":"0","analyzerMethod":5,"maxMet":15.520401000976562,"maxMetCategory":"GENERIC","calibratedData":1},{"userProfilePK":99730076,"calendarDate":"2021-11-09","deviceId":3390587058,"updateTimestamp":"2021-11-09T15:21:30.0","sport":"RUNNING","subSport":"GENERIC","vo2MaxValue":55.0,"fitnessAge":"20","fitnessAgeDescription":"0","analyzerMethod":5,"maxMet":15.787979125976562,"maxMetCategory":"GENERIC","calibratedData":1},{"userProfilePK":99730076,"calendarDate":"2021-11-10","deviceId":3390587058,"updateTimestamp":"2021-11-10T16:40:26.0","sport":"RUNNING","subSport":"GENERIC","vo2MaxValue":56.0,"fitnessAge":"20","fitnessAgeDescription":"0","analyzerMethod":5,"maxMet":15.879440307617188,"maxMetCategory":"GENERIC","calibratedData":1},{"userProfilePK":99730076,"calendarDate":"2021-11-14","deviceId":3390587058,"updateTimestamp":"2021-11-14T18:32:03.0","sport":"RUNNING","subSport":"GENERIC","vo2MaxValue":56.0,"fitnessAge":"20","fitnessAgeDescription":"0","analyzerMethod":5,"maxMet":16.123062133789062,"maxMetCategory":"GENERIC","calibratedData":1},{"userProfilePK":99730076,"calendarDate":"2021-11-16","deviceId":3390587058,"updateTimestamp":"2021-11-16T16:34:33.0","sport":"RUNNING","subSport":"GENERIC","vo2MaxValue":56.0,"fitnessAge":"20","fitnessAgeDescription":"0","analyzerMethod":5,"maxMet":16.081100463867188,"maxMetCategory":"GENERIC","calibratedData":1},{"userProfilePK":99730076,"calendarDate":"2021-11-17","deviceId":3390587058,"updateTimestamp":"2021-11-17T14:35:20.0","sport":"RUNNING","subSport":"GENERIC","vo2MaxValue":57.0,"fitnessAge":"20","fitnessAgeDescription":"0","analyzerMethod":5,"maxMet":16.272857666015625,"maxMetCategory":"GENERIC","calibratedData":1},{"userProfilePK":99730076,"calendarDate":"2021-11-19","deviceId":3390587058,"updateTimestamp":"2021-11-19T14:39:38.0","sport":"RUNNING","subSport":"GENERIC","vo2MaxValue":57.0,"fitnessAge":"20","fitnessAgeDescription":"0","analyzerMethod":5,"maxMet":16.414352416992188,"maxMetCategory":"GENERIC","calibratedData":1},{"userProfilePK":99730076,"calendarDate":"2021-11-21","deviceId":3390587058,"updateTimestamp":"2021-11-21T18:29:25.0","sport":"RUNNING","subSport":"GENERIC","vo2MaxValue":58.0,"fitnessAge":"20","fitnessAgeDescription":"0","analyzerMethod":5,"maxMet":16.497970581054688,"maxMetCategory":"GENERIC","calibratedData":1},{"userProfilePK":99730076,"calendarDate":"2021-11-23","deviceId":3390587058,"updateTimestamp":"2021-11-23T14:55:14.0","sport":"RUNNING","subSport":"GENERIC","vo2MaxValue":58.0,"fitnessAge":"20","fitnessAgeDescription":"0","analyzerMethod":5,"maxMet":16.566543579101562,"maxMetCategory":"GENERIC","calibratedData":1},{"userProfilePK":99730076,"calendarDate":"2021-11-24","deviceId":3390587058,"updateTimestamp":"2021-11-24T16:32:01.0","sport":"RUNNING","subSport":"GENERIC","vo2MaxValue":58.0,"fitnessAge":"20","fitnessAgeDescription":"0","analyzerMethod":5,"maxMet":16.53131103515625,"maxMetCategory":"GENERIC","calibratedData":1},{"userProfilePK":99730076,"calendarDate":"2021-11-27","deviceId":3390587058,"updateTimestamp":"2021-11-27T15:05:55.0","sport":"RUNNING","subSport":"GENERIC","vo2MaxValue":58.0,"fitnessAge":"20","fitnessAgeDescription":"0","analyzerMethod":5,"maxMet":16.454803466796875,"maxMetCategory":"GENERIC","calibratedData":1},{"userProfilePK":99730076,"calendarDate":"2021-11-29","deviceId":3390587058,"updateTimestamp":"2021-11-29T15:33:23.0","sport":"RUNNING","subSport":"GENERIC","vo2MaxValue":57.0,"fitnessAge":"20","fitnessAgeDescription":"0","analyzerMethod":5,"maxMet":16.408370971679688,"maxMetCategory":"GENERIC","calibratedData":1},{"userProfilePK":99730076,"calendarDate":"2021-11-30","deviceId":3390587058,"updateTimestamp":"2021-11-30T14:57:14.0","sport":"RUNNING","subSport":"GENERIC","vo2MaxValue":57.0,"fitnessAge":"20","fitnessAgeDescription":"0","analyzerMethod":5,"maxMet":16.356719970703125,"maxMetCategory":"GENERIC","calibratedData":1},{"userProfilePK":99730076,"calendarDate":"2021-12-01","deviceId":3390587058,"updateTimestamp":"2021-12-01T14:50:20.0","sport":"RUNNING","subSport":"GENERIC","vo2MaxValue":57.0,"fitnessAge":"20","fitnessAgeDescription":"0","analyzerMethod":5,"maxMet":16.361968994140625,"maxMetCategory":"GENERIC","calibratedData":1},{"userProfilePK":99730076,"calendarDate":"2021-12-07","deviceId":3390587058,"updateTimestamp":"2021-12-07T14:42:28.0","sport":"RUNNING","subSport":"GENERIC","vo2MaxValue":57.0,"fitnessAge":"20","fitnessAgeDescription":"0","analyzerMethod":5,"maxMet":16.288543701171875,"maxMetCategory":"GENERIC","calibratedData":1},{"userProfilePK":99730076,"calendarDate":"2021-12-09","deviceId":3390587058,"updateTimestamp":"2021-12-09T15:18:57.0","sport":"RUNNING","subSport":"GENERIC","vo2MaxValue":56.0,"fitnessAge":"20","fitnessAgeDescription":"0","analyzerMethod":5,"maxMet":16.122695922851562,"maxMetCategory":"GENERIC","calibratedData":1},{"userProfilePK":99730076,"calendarDate":"2021-12-14","deviceId":3390587058,"updateTimestamp":"2021-12-14T14:14:32.0","sport":"RUNNING","subSport":"GENERIC","vo2MaxValue":57.0,"fitnessAge":"20","fitnessAgeDescription":"0","analyzerMethod":5,"maxMet":16.257675170898438,"maxMetCategory":"GENERIC","calibratedData":1},{"userProfilePK":99730076,"calendarDate":"2021-12-15","deviceId":3390587058,"updateTimestamp":"2021-12-15T15:07:58.0","sport":"RUNNING","subSport":"GENERIC","vo2MaxValue":57.0,"fitnessAge":"20","fitnessAgeDescription":"0","analyzerMethod":5,"maxMet":16.3472900390625,"maxMetCategory":"GENERIC","calibratedData":1},{"userProfilePK":99730076,"calendarDate":"2021-12-18","deviceId":3390587058,"updateTimestamp":"2021-12-18T14:37:56.0","sport":"RUNNING","subSport":"GENERIC","vo2MaxValue":57.0,"fitnessAge":"20","fitnessAgeDescription":"0","analyzerMethod":5,"maxMet":16.41552734375,"maxMetCategory":"GENERIC","calibratedData":1},{"userProfilePK":99730076,"calendarDate":"2021-12-20","deviceId":3390587058,"updateTimestamp":"2021-12-20T14:27:36.0","sport":"RUNNING","subSport":"GENERIC","vo2MaxValue":57.0,"fitnessAge":"20","fitnessAgeDescription":"0","analyzerMethod":5,"maxMet":16.407760620117188,"maxMetCategory":"GENERIC","calibratedData":1},{"userProfilePK":99730076,"calendarDate":"2021-12-21","deviceId":3390587058,"updateTimestamp":"2021-12-21T14:47:29.0","sport":"RUNNING","subSport":"GENERIC","vo2MaxValue":57.0,"fitnessAge":"20","fitnessAgeDescription":"0","analyzerMethod":5,"maxMet":16.330825805664062,"maxMetCategory":"GENERIC","calibratedData":1},{"userProfilePK":99730076,"calendarDate":"2022-01-21","deviceId":3390587058,"updateTimestamp":"2022-01-21T18:16:40.0","sport":"WALKING","subSport":"GENERIC","vo2MaxValue":57.0,"fitnessAge":"20","fitnessAgeDescription":"0","analyzerMethod":5,"maxMet":16.18426513671875,"maxMetCategory":"GENERIC","calibratedData":1},{"userProfilePK":99730076,"calendarDate":"2022-01-22","deviceId":3390587058,"updateTimestamp":"2022-01-22T17:36:23.0","sport":"WALKING","subSport":"GENERIC","vo2MaxValue":55.0,"fitnessAge":"20","fitnessAgeDescription":"0","analyzerMethod":5,"maxMet":15.596755981445312,"maxMetCategory":"GENERIC","calibratedData":1},{"userProfilePK":99730076,"calendarDate":"2022-01-31","deviceId":3390587058,"updateTimestamp":"2022-01-31T16:36:21.0","sport":"RUNNING","subSport":"GENERIC","vo2MaxValue":55.0,"fitnessAge":"20","fitnessAgeDescription":"0","analyzerMethod":5,"maxMet":15.834808349609375,"maxMetCategory":"GENERIC","calibratedData":1},{"userProfilePK":99730076,"calendarDate":"2022-02-02","deviceId":3390587058,"updateTimestamp":"2022-02-02T18:19:34.0","sport":"RUNNING","subSport":"GENERIC","vo2MaxValue":54.0,"fitnessAge":"20","fitnessAgeDescription":"0","analyzerMethod":5,"maxMet":15.559951782226562,"maxMetCategory":"GENERIC","calibratedData":1},{"userProfilePK":99730076,"calendarDate":"2022-02-05","deviceId":3390587058,"updateTimestamp":"2022-02-05T18:16:24.0","sport":"RUNNING","subSport":"GENERIC","vo2MaxValue":54.0,"fitnessAge":"20","fitnessAgeDescription":"0","analyzerMethod":5,"maxMet":15.377090454101562,"maxMetCategory":"GENERIC","calibratedData":1},{"userProfilePK":99730076,"calendarDate":"2022-02-07","deviceId":3390587058,"updateTimestamp":"2022-02-07T18:36:30.0","sport":"RUNNING","subSport":"GENERIC","vo2MaxValue":54.0,"fitnessAge":"20","fitnessAgeDescription":"0","analyzerMethod":5,"maxMet":15.409698486328125,"maxMetCategory":"GENERIC","calibratedData":1}]