[{"userProfilePK":99730076,"calendarDate":"2022-05-19","deviceId":3390587058,"updateTimestamp":"2022-05-19T18:16:57.0","sport":"RUNNING","subSport":"GENERIC","vo2MaxValue":57.0,"fitnessAge":"20","maxMet":16.295333862304688,"maxMetCategory":"GENERIC","calibratedData":1},{"userProfilePK":99730076,"calendarDate":"2022-05-21","deviceId":3390587058,"updateTimestamp":"2022-05-21T18:29:25.0","sport":"RUNNING","subSport":"GENERIC","vo2MaxValue":58.0,"fitnessAge":"20","maxMet":16.481521606445312,"maxMetCategory":"GENERIC","calibratedData":1},{"userProfilePK":99730076,"calendarDate":"2022-05-22","deviceId":3390587058,"updateTimestamp":"2022-05-22T16:54:02.0","sport":"RUNNING","subSport":"GENERIC","vo2MaxValue":58.0,"fitnessAge":"20","maxMet":16.514297485351562,"maxMetCategory":"GENERIC","calibratedData":1},{"userProfilePK":99730076,"calendarDate":"2022-05-25","deviceId":3390587058,"updateTimestamp":"2022-05-25T18:43:11.0","sport":"RUNNING","subSport":"GENERIC","vo2MaxValue":58.0,"fitnessAge":"20","maxMet":16.473770141601562,"maxMetCategory":"GENERIC","calibratedData":1},{"userProfilePK":99730076,"calendarDate":"2022-05-26","deviceId":3390587058,"updateTimestamp":"2022-05-26T16:35:50.0","sport":"RUNNING","subSport":"GENERIC","vo2MaxValue":58.0,"fitnessAge":"20","maxMet":16.514968872070312,"maxMetCategory":"GENERIC","calibratedData":1},{"userProfilePK":99730076,"calendarDate":"2022-05-28","deviceId":3390587058,"updateTimestamp":"2022-05-28T17:27:09.0","sport":"RUNNING","subSport":"GENERIC","vo2MaxValue":58.0,"fitnessAge":"20","maxMet":16.610366821289062,"maxMetCategory":"GENERIC","calibratedData":1},{"userProfilePK":99730076,"calendarDate":"2022-05-31","deviceId":3390587058,"updateTimestamp":"2022-05-31T17:05:57.0","sport":"RUNNING","subSport":"GENERIC","vo2MaxValue":58.0,"fitnessAge":"20","maxMet":16.499908447265625,"maxMetCategory":"GENERIC","calibratedData":1},{"userProfilePK":99730076,"calendarDate":"2022-06-02","deviceId":3390587058,"updateTimestamp":"2022-06-02T17:24:20.0","sport":"RUNNING","subSport":"GENERIC","vo2MaxValue":57.0,"fitnessAge":"20","maxMet":16.397659301757812,"maxMetCategory":"GENERIC","calibratedData":1},{"userProfilePK":99730076,"calendarDate":"2022-06-05","deviceId":3390587058,"updateTimestamp":"2022-06-05T17:54:16.0","sport":"RUNNING","subSport":"GENERIC","vo2MaxValue":58.0,"fitnessAge":"20","maxMet":16.494598388671875,"maxMetCategory":"GENERIC","calibratedData":1},{"userProfilePK":99730076,"calendarDate":"2022-06-07","deviceId":3390587058,"updateTimestamp":"2022-06-07T16:31:19.0","sport":"RUNNING","subSport":"GENERIC","vo2MaxValue":58.0,"fitnessAge":"20","maxMet":16.490249633789062,"maxMetCategory":"GENERIC","calibratedData":1},{"userProfilePK":99730076,"calendarDate":"2022-06-08","deviceId":3390587058,"updateTimestamp":"2022-06-08T17:16:04.0","sport":"RUNNING","subSport":"GENERIC","vo2MaxValue":57.0,"fitnessAge":"20","maxMet":16.423126220703125,"maxMetCategory":"GENERIC","calibratedData":1},{"userProfilePK":99730076,"calendarDate":"2022-06-10","deviceId":3390587058,"updateTimestamp":"2022-06-10T17:06:07.0","sport":"RUNNING","subSport":"GENERIC","vo2MaxValue":58.0,"fitnessAge":"20","maxMet":16.566680908203125,"maxMetCategory":"GENERIC","calibratedData":1}]