[{"userProfilePK":99730076,"calendarDate":"2022-02-10","deviceId":3390587058,"updateTimestamp":"2022-02-10T15:58:37.0","sport":"RUNNING","subSport":"GENERIC","vo2MaxValue":54.0,"fitnessAge":"20","fitnessAgeDescription":"0","analyzerMethod":5,"maxMet":15.410659790039062,"maxMetCategory":"GENERIC","calibratedData":1},{"userProfilePK":99730076,"calendarDate":"2022-02-13","deviceId":3390587058,"updateTimestamp":"2022-02-13T16:18:41.0","sport":"RUNNING","subSport":"GENERIC","vo2MaxValue":54.0,"fitnessAge":"20","fitnessAgeDescription":"0","analyzerMethod":5,"maxMet":15.37530517578125,"maxMetCategory":"GENERIC","calibratedData":1},{"userProfilePK":99730076,"calendarDate":"2022-02-16","deviceId":3390587058,"updateTimestamp":"2022-02-16T16:11:16.0","sport":"RUNNING","subSport":"GENERIC","vo2MaxValue":54.0,"fitnessAge":"20","fitnessAgeDescription":"0","analyzerMethod":5,"maxMet":15.350387573242188,"maxMetCategory":"GENERIC","calibratedData":1},{"userProfilePK":99730076,"calendarDate":"2022-02-18","deviceId":3390587058,"updateTimestamp":"2022-02-18T16:50:48.0","sport":"RUNNING","subSport":"GENERIC","vo2MaxValue":54.0,"fitnessAge":"20","fitnessAgeDescription":"0","analyzerMethod":5,"maxMet":15.395034790039062,"maxMetCategory":"GENERIC","calibratedData":1},{"userProfilePK":99730076,"calendarDate":"2022-02-21","deviceId":3390587058,"updateTimestamp":"2022-02-21T16:11:41.0","sport":"RUNNING","subSport":"GENERIC","vo2MaxValue":55.0,"fitnessAge":"20","fitnessAgeDescription":"0","analyzerMethod":5,"maxMet":15.619491577148438,"maxMetCategory":"GENERIC","calibratedData":1},{"userProfilePK":99730076,"calendarDate":"2022-02-23","deviceId":3390587058,"updateTimestamp":"2022-02-23T17:21:37.0","sport":"RUNNING","subSport":"GENERIC","vo2MaxValue":54.0,"fitnessAge":"20","fitnessAgeDescription":"0","analyzerMethod":5,"maxMet":15.52947998046875,"maxMetCategory":"GENERIC","calibratedData":1},{"userProfilePK":99730076,"calendarDate":"2022-02-26","deviceId":3390587058,"updateTimestamp":"2022-02-26T18:18:41.0","sport":"RUNNING","subSport":"GENERIC","vo2MaxValue":55.0,"fitnessAge":"20","fitnessAgeDescription":"0","analyzerMethod":5,"maxMet":15.707412719726562,"maxMetCategory":"GENERIC","calibratedData":1},{"userProfilePK":99730076,"calendarDate":"2022-03-01","deviceId":3390587058,"updateTimestamp":"2022-03-01T11:29:04.0","sport":"RUNNING","subSport":"GENERIC","vo2MaxValue":55.0,"fitnessAge":"20","fitnessAgeDescription":"0","analyzerMethod":5,"maxMet":15.763153076171875,"maxMetCategory":"GENERIC","calibratedData":1},{"userProfilePK":99730076,"calendarDate":"2022-03-02","deviceId":3390587058,"updateTimestamp":"2022-03-02T16:49:23.0","sport":"RUNNING","subSport":"GENERIC","vo2MaxValue":55.0,"fitnessAge":"20","fitnessAgeDescription":"0","analyzerMethod":5,"maxMet":15.773941040039062,"maxMetCategory":"GENERIC","calibratedData":1},{"userProfilePK":99730076,"calendarDate":"2022-03-04","deviceId":3390587058,"updateTimestamp":"2022-03-04T10:55:53.0","sport":"RUNNING","subSport":"GENERIC","vo2MaxValue":56.0,"fitnessAge":"20","fitnessAgeDescription":"0","analyzerMethod":5,"maxMet":15.987777709960938,"maxMetCategory":"GENERIC","calibratedData":1},{"userProfilePK":99730076,"calendarDate":"2022-03-07","deviceId":3390587058,"updateTimestamp":"2022-03-07T17:57:10.0","sport":"RUNNING","subSport":"GENERIC","vo2MaxValue":56.0,"fitnessAge":"20","fitnessAgeDescription":"0","analyzerMethod":5,"maxMet":15.982177734375,"maxMetCategory":"GENERIC","calibratedData":1},{"userProfilePK":99730076,"calendarDate":"2022-03-09","deviceId":3390587058,"updateTimestamp":"2022-03-09T16:14:39.0","sport":"RUNNING","subSport":"GENERIC","vo2MaxValue":57.0,"fitnessAge":"20","fitnessAgeDescription":"0","analyzerMethod":5,"maxMet":16.143844604492188,"maxMetCategory":"GENERIC","calibratedData":1},{"userProfilePK":99730076,"calendarDate":"2022-03-12","deviceId":3390587058,"updateTimestamp":"2022-03-12T16:12:08.0","sport":"RUNNING","subSport":"GENERIC","vo2MaxValue":56.0,"fitnessAge":"20","fitnessAgeDescription":"0","analyzerMethod":5,"maxMet":16.048614501953125,"maxMetCategory":"GENERIC","calibratedData":1},{"userProfilePK":99730076,"calendarDate":"2022-03-15","deviceId":3390587058,"updateTimestamp":"2022-03-15T16:40:08.0","sport":"RUNNING","subSport":"GENERIC","vo2MaxValue":56.0,"fitnessAge":"20","fitnessAgeDescription":"0","analyzerMethod":5,"maxMet":15.872817993164062,"maxMetCategory":"GENERIC","calibratedData":1},{"userProfilePK":99730076,"calendarDate":"2022-03-18","deviceId":3390587058,"updateTimestamp":"2022-03-18T15:55:43.0","sport":"RUNNING","subSport":"GENERIC","vo2MaxValue":55.0,"fitnessAge":"20","fitnessAgeDescription":"0","analyzerMethod":5,"maxMet":15.845306396484375,"maxMetCategory":"GENERIC","calibratedData":1},{"userProfilePK":99730076,"calendarDate":"2022-03-21","deviceId":3390587058,"updateTimestamp":"2022-03-21T05:03:26.0","sport":"RUNNING","subSport":"GENERIC","vo2MaxValue":56.0,"fitnessAge":"20","fitnessAgeDescription":"0","analyzerMethod":5,"maxMet":15.94671630859375,"maxMetCategory":"GENERIC","calibratedData":1},{"userProfilePK":99730076,"calendarDate":"2022-03-25","deviceId":3390587058,"updateTimestamp":"2022-03-25T16:23:31.0","sport":"RUNNING","subSport":"GENERIC","vo2MaxValue":55.0,"fitnessAge":"20","fitnessAgeDescription":"0","analyzerMethod":5,"maxMet":15.829986572265625,"maxMetCategory":"GENERIC","calibratedData":1},{"userProfilePK":99730076,"calendarDate":"2022-03-27","deviceId":3390587058,"updateTimestamp":"2022-03-27T17:28:04.0","sport":"RUNNING","subSport":"GENERIC","vo2MaxValue":55.0,"fitnessAge":"20","fitnessAgeDescription":"0","analyzerMethod":5,"maxMet":15.758010864257812,"maxMetCategory":"GENERIC","calibratedData":1},{"userProfilePK":99730076,"calendarDate":"2022-03-31","deviceId":3390587058,"updateTimestamp":"2022-03-31T04:01:53.0","sport":"RUNNING","subSport":"GENERIC","vo2MaxValue":55.0,"fitnessAge":"20","fitnessAgeDescription":"0","analyzerMethod":5,"maxMet":15.746353149414062,"maxMetCategory":"GENERIC","calibratedData":1},{"userProfilePK":99730076,"calendarDate":"2022-04-01","deviceId":3390587058,"updateTimestamp":"2022-04-01T16:35:03.0","sport":"RUNNING","subSport":"GENERIC","vo2MaxValue":55.0,"fitnessAge":"20","fitnessAgeDescription":"0","analyzerMethod":5,"maxMet":15.7838134765625,"maxMetCategory":"GENERIC","calibratedData":1},{"userProfilePK":99730076,"calendarDate":"2022-04-03","deviceId":3390587058,"updateTimestamp":"2022-04-03T17:53:34.0","sport":"RUNNING","subSport":"GENERIC","vo2MaxValue":55.0,"fitnessAge":"20","fitnessAgeDescription":"0","analyzerMethod":5,"maxMet":15.69970703125,"maxMetCategory":"GENERIC","calibratedData":1},{"userProfilePK":99730076,"calendarDate":"2022-04-05","deviceId":3390587058,"updateTimestamp":"2022-04-05T17:14:30.0","sport":"RUNNING","subSport":"GENERIC","vo2MaxValue":55.0,"fitnessAge":"20","fitnessAgeDescription":"0","analyzerMethod":5,"maxMet":15.7110595703125,"maxMetCategory":"GENERIC","calibratedData":1},{"userProfilePK":99730076,"calendarDate":"2022-04-08","deviceId":3390587058,"updateTimestamp":"2022-04-08T16:49:11.0","sport":"RUNNING","subSport":"GENERIC","vo2MaxValue":55.0,"fitnessAge":"20","fitnessAgeDescription":"0","analyzerMethod":5,"maxMet":15.630111694335938,"maxMetCategory":"GENERIC","calibratedData":1},{"userProfilePK":99730076,"calendarDate":"2022-04-10","deviceId":3390587058,"updateTimestamp":"2022-04-10T15:36:13.0","sport":"RUNNING","subSport":"GENERIC","vo2MaxValue":55.0,"fitnessAge":"20","fitnessAgeDescription":"0","analyzerMethod":5,"maxMet":15.681625366210938,"maxMetCategory":"GENERIC","calibratedData":1},{"userProfilePK":99730076,"calendarDate":"2022-04-13","deviceId":3390587058,"updateTimestamp":"2022-04-13T16:07:05.0","sport":"RUNNING","subSport":"GENERIC","vo2MaxValue":55.0,"fitnessAge":"20","fitnessAgeDescription":"0","analyzerMethod":5,"maxMet":15.773666381835938,"maxMetCategory":"GENERIC","calibratedData":1},{"userProfilePK":99730076,"calendarDate":"2022-04-15","deviceId":3390587058,"updateTimestamp":"2022-04-15T17:07:50.0","sport":"RUNNING","subSport":"GENERIC","vo2MaxValue":56.0,"fitnessAge":"20","fitnessAgeDescription":"0","analyzerMethod":5,"maxMet":15.995391845703125,"maxMetCategory":"GENERIC","calibratedData":1},{"userProfilePK":99730076,"calendarDate":"2022-04-17","deviceId":3390587058,"updateTimestamp":"2022-04-17T17:43:40.0","sport":"RUNNING","subSport":"GENERIC","vo2MaxValue":56.0,"fitnessAge":"20","fitnessAgeDescription":"0","analyzerMethod":5,"maxMet":16.037643432617188,"maxMetCategory":"GENERIC","calibratedData":1},{"userProfilePK":99730076,"calendarDate":"2022-04-19","deviceId":3390587058,"updateTimestamp":"2022-04-19T17:42:00.0","sport":"RUNNING","subSport":"GENERIC","vo2MaxValue":56.0,"fitnessAge":"20","fitnessAgeDescription":"0","analyzerMethod":5,"maxMet":15.960479736328125,"maxMetCategory":"GENERIC","calibratedData":1},{"userProfilePK":99730076,"calendarDate":"2022-04-22","deviceId":3390587058,"updateTimestamp":"2022-04-22T15:37:33.0","sport":"RUNNING","subSport":"GENERIC","vo2MaxValue":56.0,"fitnessAge":"20","fitnessAgeDescription":"0","analyzerMethod":5,"maxMet":15.918243408203125,"maxMetCategory":"GENERIC","calibratedData":1},{"userProfilePK":99730076,"calendarDate":"2022-04-23","deviceId":3390587058,"updateTimestamp":"2022-04-23T16:31:31.0","sport":"RUNNING","subSport":"GENERIC","vo2MaxValue":57.0,"fitnessAge":"20","fitnessAgeDescription":"0","analyzerMethod":5,"maxMet":16.171157836914062,"maxMetCategory":"GENERIC","calibratedData":1},{"userProfilePK":99730076,"calendarDate":"2022-04-30","deviceId":3390587058,"updateTimestamp":"2022-04-30T18:36:02.0","sport":"RUNNING","subSport":"GENERIC","vo2MaxValue":56.0,"fitnessAge":"20","fitnessAgeDescription":"0","analyzerMethod":5,"maxMet":16.116867065429688,"maxMetCategory":"GENERIC","calibratedData":1},{"userProfilePK":99730076,"calendarDate":"2022-05-07","deviceId":3390587058,"updateTimestamp":"2022-05-07T17:07:56.0","sport":"RUNNING","subSport":"GENERIC","vo2MaxValue":56.0,"fitnessAge":"20","fitnessAgeDescription":"0","analyzerMethod":5,"maxMet":15.965774536132812,"maxMetCategory":"GENERIC","calibratedData":1},{"userProfilePK":99730076,"calendarDate":"2022-05-10","deviceId":3390587058,"updateTimestamp":"2022-05-10T04:53:20.0","sport":"RUNNING","subSport":"GENERIC","vo2MaxValue":56.0,"fitnessAge":"20","fitnessAgeDescription":"0","analyzerMethod":5,"maxMet":16.082122802734375,"maxMetCategory":"GENERIC","calibratedData":1},{"userProfilePK":99730076,"calendarDate":"2022-05-12","deviceId":3390587058,"updateTimestamp":"2022-05-12T17:24:46.0","sport":"RUNNING","subSport":"GENERIC","vo2MaxValue":56.0,"fitnessAge":"20","fitnessAgeDescription":"0","analyzerMethod":5,"maxMet":15.962936401367188,"maxMetCategory":"GENERIC","calibratedData":1},{"userProfilePK":99730076,"calendarDate":"2022-05-14","deviceId":3390587058,"updateTimestamp":"2022-05-14T05:33:37.0","sport":"RUNNING","subSport":"GENERIC","vo2MaxValue":56.0,"fitnessAge":"20","maxMet":16.069671630859375,"maxMetCategory":"GENERIC","calibratedData":1},{"userProfilePK":99730076,"calendarDate":"2022-05-15","deviceId":3390587058,"updateTimestamp":"2022-05-15T17:04:43.0","sport":"RUNNING","subSport":"GENERIC","vo2MaxValue":56.0,"fitnessAge":"20","maxMet":16.119781494140625,"maxMetCategory":"GENERIC","calibratedData":1},{"userProfilePK":99730076,"calendarDate":"2022-05-19","deviceId":3390587058,"updateTimestamp":"2022-05-19T18:16:57.0","sport":"RUNNING","subSport":"GENERIC","vo2MaxValue":57.0,"fitnessAge":"20","maxMet":16.295333862304688,"maxMetCategory":"GENERIC","calibratedData":1}]