[{"userProfilePK":99730076,"calendarDate":"2022-02-08","deviceId":3390587058,"timestamp":"2022-02-07T22:03:55.0","raceTime5K":1249,"raceTime10K":2734,"raceTimeHalf":6474,"raceTimeMarathon":14679},{"userProfilePK":99730076,"calendarDate":"2022-02-09","deviceId":3390587058,"timestamp":"2022-02-08T22:03:56.0","raceTime5K":1255,"raceTime10K":2751,"raceTimeHalf":6507,"raceTimeMarathon":14755},{"userProfilePK":99730076,"calendarDate":"2022-02-10","deviceId":3390587058,"timestamp":"2022-02-10T15:58:37.0","raceTime5K":1246,"raceTime10K":2725,"raceTimeHalf":6458,"raceTimeMarathon":14645},{"userProfilePK":99730076,"calendarDate":"2022-02-10","deviceId":3390587058,"timestamp":"2022-02-09T22:03:57.0","raceTime5K":1255,"raceTime10K":2751,"raceTimeHalf":6508,"raceTimeMarathon":14756},{"userProfilePK":99730076,"calendarDate":"2022-02-11","deviceId":3390587058,"timestamp":"2022-02-10T22:03:59.0","raceTime5K":1246,"raceTime10K":2725,"raceTimeHalf":6458,"raceTimeMarathon":14645},{"userProfilePK":99730076,"calendarDate":"2022-02-12","deviceId":3390587058,"timestamp":"2022-02-11T22:04:01.0","raceTime5K":1246,"raceTime10K":2726,"raceTimeHalf":6460,"raceTimeMarathon":14649},{"userProfilePK":99730076,"calendarDate":"2022-02-13","deviceId":3390587058,"timestamp":"2022-02-12T22:04:02.0","raceTime5K":1250,"raceTime10K":2738,"raceTimeHalf":6483,"raceTimeMarathon":14702},{"userProfilePK":99730076,"calendarDate":"2022-02-13","deviceId":3390587058,"timestamp":"2022-02-13T16:18:41.0","raceTime5K":1239,"raceTime10K":2692,"raceTimeHalf":6412,"raceTimeMarathon":14562},{"userProfilePK":99730076,"calendarDate":"2022-02-14","deviceId":3390587058,"timestamp":"2022-02-13T22:04:03.0","raceTime5K":1242,"raceTime10K":2698,"raceTimeHalf":6425,"raceTimeMarathon":14591},{"userProfilePK":99730076,"calendarDate":"2022-02-15","deviceId":3390587058,"timestamp":"2022-02-14T22:04:04.0","raceTime5K":1248,"raceTime10K":2712,"raceTimeHalf":6454,"raceTimeMarathon":14657},{"userProfilePK":99730076,"calendarDate":"2022-02-16","deviceId":3390587058,"timestamp":"2022-02-15T22:04:05.0","raceTime5K":1251,"raceTime10K":2721,"raceTimeHalf":6473,"raceTimeMarathon":14697},{"userProfilePK":99730076,"calendarDate":"2022-02-16","deviceId":3390587058,"timestamp":"2022-02-16T16:11:16.0","raceTime5K":1236,"raceTime10K":2661,"raceTimeHalf":6335,"raceTimeMarathon":14528},{"userProfilePK":99730076,"calendarDate":"2022-02-17","deviceId":3390587058,"timestamp":"2022-02-16T22:01:25.0","raceTime5K":1245,"raceTime10K":2686,"raceTimeHalf":6383,"raceTimeMarathon":14636},{"userProfilePK":99730076,"calendarDate":"2022-02-18","deviceId":3390587058,"timestamp":"2022-02-18T16:50:49.0","raceTime5K":1234,"raceTime10K":2662,"raceTimeHalf":6329,"raceTimeMarathon":14514},{"userProfilePK":99730076,"calendarDate":"2022-02-18","deviceId":3390587058,"timestamp":"2022-02-17T22:01:26.0","raceTime5K":1246,"raceTime10K":2687,"raceTimeHalf":6385,"raceTimeMarathon":14640},{"userProfilePK":99730076,"calendarDate":"2022-02-19","deviceId":3390587058,"timestamp":"2022-02-18T22:01:27.0","raceTime5K":1238,"raceTime10K":2670,"raceTimeHalf":6346,"raceTimeMarathon":14552},{"userProfilePK":99730076,"calendarDate":"2022-02-20","deviceId":3390587058,"timestamp":"2022-02-19T22:01:29.0","raceTime5K":1238,"raceTime10K":2670,"raceTimeHalf":6346,"raceTimeMarathon":14552},{"userProfilePK":99730076,"calendarDate":"2022-02-21","deviceId":3390587058,"timestamp":"2022-02-21T16:11:41.0","raceTime5K":1215,"raceTime10K":2616,"raceTimeHalf":6215,"raceTimeMarathon":14253},{"userProfilePK":99730076,"calendarDate":"2022-02-21","deviceId":3390587058,"timestamp":"2022-02-20T22:01:30.0","raceTime5K":1243,"raceTime10K":2680,"raceTimeHalf":6369,"raceTimeMarathon":14602},{"userProfilePK":99730076,"calendarDate":"2022-02-22","deviceId":3390587058,"timestamp":"2022-02-21T22:01:32.0","raceTime5K":1220,"raceTime10K":2628,"raceTimeHalf":6238,"raceTimeMarathon":14305},{"userProfilePK":99730076,"calendarDate":"2022-02-23","deviceId":3390587058,"timestamp":"2022-02-22T22:01:33.0","raceTime5K":1223,"raceTime10K":2638,"raceTimeHalf":6258,"raceTimeMarathon":14350},{"userProfilePK":99730076,"calendarDate":"2022-02-23","deviceId":3390587058,"timestamp":"2022-02-23T17:21:37.0","raceTime5K":1226,"raceTime10K":2640,"raceTimeHalf":6269,"raceTimeMarathon":14385},{"userProfilePK":99730076,"calendarDate":"2022-02-24","deviceId":3390587058,"timestamp":"2022-02-23T22:01:36.0","raceTime5K":1230,"raceTime10K":2649,"raceTimeHalf":6289,"raceTimeMarathon":14430},{"userProfilePK":99730076,"calendarDate":"2022-02-25","deviceId":3390587058,"timestamp":"2022-02-24T22:01:37.0","raceTime5K":1230,"raceTime10K":2649,"raceTimeHalf":6289,"raceTimeMarathon":14430},{"userProfilePK":99730076,"calendarDate":"2022-02-26","deviceId":3390587058,"timestamp":"2022-02-25T22:01:38.0","raceTime5K":1235,"raceTime10K":2663,"raceTimeHalf":6316,"raceTimeMarathon":14490},{"userProfilePK":99730076,"calendarDate":"2022-02-26","deviceId":3390587058,"timestamp":"2022-02-26T18:18:41.0","raceTime5K":1210,"raceTime10K":2592,"raceTimeHalf":6142,"raceTimeMarathon":14177},{"userProfilePK":99730076,"calendarDate":"2022-02-27","deviceId":3390587058,"timestamp":"2022-02-26T22:01:40.0","raceTime5K":1213,"raceTime10K":2598,"raceTimeHalf":6155,"raceTimeMarathon":14206},{"userProfilePK":99730076,"calendarDate":"2022-02-28","deviceId":3390587058,"timestamp":"2022-02-27T22:01:48.0","raceTime5K":1219,"raceTime10K":2614,"raceTimeHalf":6187,"raceTimeMarathon":14278},{"userProfilePK":99730076,"calendarDate":"2022-03-01","deviceId":3390587058,"timestamp":"2022-02-28T22:01:56.0","raceTime5K":1224,"raceTime10K":2627,"raceTimeHalf":6213,"raceTimeMarathon":14335},{"userProfilePK":99730076,"calendarDate":"2022-03-01","deviceId":3390587058,"timestamp":"2022-03-01T11:29:04.0","raceTime5K":1215,"raceTime10K":2605,"raceTimeHalf":6163,"raceTimeMarathon":14218},{"userProfilePK":99730076,"calendarDate":"2022-03-02","deviceId":3390587058,"timestamp":"2022-03-01T22:02:00.0","raceTime5K":1221,"raceTime10K":2620,"raceTimeHalf":6194,"raceTimeMarathon":14286},{"userProfilePK":99730076,"calendarDate":"2022-03-02","deviceId":3390587058,"timestamp":"2022-03-02T16:49:23.0","raceTime5K":1213,"raceTime10K":2604,"raceTimeHalf":6161,"raceTimeMarathon":14211},{"userProfilePK":99730076,"calendarDate":"2022-03-03","deviceId":3390587058,"timestamp":"2022-03-02T22:02:03.0","raceTime5K":1213,"raceTime10K":2604,"raceTimeHalf":6161,"raceTimeMarathon":14211},{"userProfilePK":99730076,"calendarDate":"2022-03-04","deviceId":3390587058,"timestamp":"2022-03-04T10:05:17.0","raceTime5K":1217,"raceTime10K":2612,"raceTimeHalf":6179,"raceTimeMarathon":14250},{"userProfilePK":99730076,"calendarDate":"2022-03-04","deviceId":3390587058,"timestamp":"2022-03-04T10:55:54.0","raceTime5K":1195,"raceTime10K":2560,"raceTimeHalf":6056,"raceTimeMarathon":13954},{"userProfilePK":99730076,"calendarDate":"2022-03-04","deviceId":3390587058,"timestamp":"2022-03-03T22:02:04.0","raceTime5K":1217,"raceTime10K":2612,"raceTimeHalf":6179,"raceTimeMarathon":14250},{"userProfilePK":99730076,"calendarDate":"2022-03-05","deviceId":3390587058,"timestamp":"2022-03-04T22:02:06.0","raceTime5K":1195,"raceTime10K":2560,"raceTimeHalf":6056,"raceTimeMarathon":13954},{"userProfilePK":99730076,"calendarDate":"2022-03-06","deviceId":3390587058,"timestamp":"2022-03-05T22:02:07.0","raceTime5K":1195,"raceTime10K":2560,"raceTimeHalf":6056,"raceTimeMarathon":13954},{"userProfilePK":99730076,"calendarDate":"2022-03-07","deviceId":3390587058,"timestamp":"2022-03-07T17:57:10.0","raceTime5K":1195,"raceTime10K":2558,"raceTimeHalf":6057,"raceTimeMarathon":13954},{"userProfilePK":99730076,"calendarDate":"2022-03-07","deviceId":3390587058,"timestamp":"2022-03-06T22:02:08.0","raceTime5K":1200,"raceTime10K":2571,"raceTimeHalf":6081,"raceTimeMarathon":14007},{"userProfilePK":99730076,"calendarDate":"2022-03-08","deviceId":3390587058,"timestamp":"2022-03-07T22:02:08.0","raceTime5K":1195,"raceTime10K":2558,"raceTimeHalf":6057,"raceTimeMarathon":13954},{"userProfilePK":99730076,"calendarDate":"2022-03-08","deviceId":3390587058,"timestamp":"2022-03-08T18:36:56.0","raceTime5K":1195,"raceTime10K":2558,"raceTimeHalf":6056,"raceTimeMarathon":13952},{"userProfilePK":99730076,"calendarDate":"2022-03-09","deviceId":3390587058,"timestamp":"2022-03-08T22:02:10.0","raceTime5K":1198,"raceTime10K":2564,"raceTimeHalf":6069,"raceTimeMarathon":13981},{"userProfilePK":99730076,"calendarDate":"2022-03-09","deviceId":3390587058,"timestamp":"2022-03-09T16:14:39.0","raceTime5K":1179,"raceTime10K":2521,"raceTimeHalf":5969,"raceTimeMarathon":13739},{"userProfilePK":99730076,"calendarDate":"2022-03-10","deviceId":3390587058,"timestamp":"2022-03-09T22:02:12.0","raceTime5K":1179,"raceTime10K":2521,"raceTimeHalf":5969,"raceTimeMarathon":13739},{"userProfilePK":99730076,"calendarDate":"2022-03-11","deviceId":3390587058,"timestamp":"2022-03-10T22:02:13.0","raceTime5K":1179,"raceTime10K":2521,"raceTimeHalf":5969,"raceTimeMarathon":13739},{"userProfilePK":99730076,"calendarDate":"2022-03-12","deviceId":3390587058,"timestamp":"2022-03-11T22:02:15.0","raceTime5K":1185,"raceTime10K":2532,"raceTimeHalf":5995,"raceTimeMarathon":13794},{"userProfilePK":99730076,"calendarDate":"2022-03-12","deviceId":3390587058,"timestamp":"2022-03-12T16:12:09.0","raceTime5K":1183,"raceTime10K":2529,"raceTimeHalf":5993,"raceTimeMarathon":13800},{"userProfilePK":99730076,"calendarDate":"2022-03-13","deviceId":3390587058,"timestamp":"2022-03-12T22:02:16.0","raceTime5K":1183,"raceTime10K":2529,"raceTimeHalf":5993,"raceTimeMarathon":13800},{"userProfilePK":99730076,"calendarDate":"2022-03-14","deviceId":3390587058,"timestamp":"2022-03-13T22:02:18.0","raceTime5K":1183,"raceTime10K":2529,"raceTimeHalf":5993,"raceTimeMarathon":13800},{"userProfilePK":99730076,"calendarDate":"2022-03-15","deviceId":3390587058,"timestamp":"2022-03-14T22:02:24.0","raceTime5K":1184,"raceTime10K":2531,"raceTimeHalf":5998,"raceTimeMarathon":13811},{"userProfilePK":99730076,"calendarDate":"2022-03-15","deviceId":3390587058,"timestamp":"2022-03-15T16:40:08.0","raceTime5K":1188,"raceTime10K":2536,"raceTimeHalf":6020,"raceTimeMarathon":13884},{"userProfilePK":99730076,"calendarDate":"2022-03-16","deviceId":3390587058,"timestamp":"2022-03-15T22:02:30.0","raceTime5K":1191,"raceTime10K":2543,"raceTimeHalf":6036,"raceTimeMarathon":13918},{"userProfilePK":99730076,"calendarDate":"2022-03-17","deviceId":3390587058,"timestamp":"2022-03-16T22:02:31.0","raceTime5K":1191,"raceTime10K":2543,"raceTimeHalf":6036,"raceTimeMarathon":13918},{"userProfilePK":99730076,"calendarDate":"2022-03-18","deviceId":3390587058,"timestamp":"2022-03-18T15:55:43.0","raceTime5K":1179,"raceTime10K":2499,"raceTimeHalf":5884,"raceTimeMarathon":13627},{"userProfilePK":99730076,"calendarDate":"2022-03-18","deviceId":3390587058,"timestamp":"2022-03-17T22:02:32.0","raceTime5K":1192,"raceTime10K":2542,"raceTimeHalf":6037,"raceTimeMarathon":13918},{"userProfilePK":99730076,"calendarDate":"2022-03-19","deviceId":3390587058,"timestamp":"2022-03-18T22:02:34.0","raceTime5K":1179,"raceTime10K":2499,"raceTimeHalf":5884,"raceTimeMarathon":13627},{"userProfilePK":99730076,"calendarDate":"2022-03-20","deviceId":3390587058,"timestamp":"2022-03-19T22:02:35.0","raceTime5K":1179,"raceTime10K":2499,"raceTimeHalf":5884,"raceTimeMarathon":13627},{"userProfilePK":99730076,"calendarDate":"2022-03-21","deviceId":3390587058,"timestamp":"2022-03-21T05:03:26.0","raceTime5K":1170,"raceTime10K":2481,"raceTimeHalf":5824,"raceTimeMarathon":13484},{"userProfilePK":99730076,"calendarDate":"2022-03-21","deviceId":3390587058,"timestamp":"2022-03-20T22:02:36.0","raceTime5K":1181,"raceTime10K":2504,"raceTimeHalf":5894,"raceTimeMarathon":13649},{"userProfilePK":99730076,"calendarDate":"2022-03-22","deviceId":3390587058,"timestamp":"2022-03-21T22:02:37.0","raceTime5K":1170,"raceTime10K":2481,"raceTimeHalf":5825,"raceTimeMarathon":13486},{"userProfilePK":99730076,"calendarDate":"2022-03-23","deviceId":3390587058,"timestamp":"2022-03-22T22:02:38.0","raceTime5K":1174,"raceTime10K":2490,"raceTimeHalf":5839,"raceTimeMarathon":13515},{"userProfilePK":99730076,"calendarDate":"2022-03-24","deviceId":3390587058,"timestamp":"2022-03-23T22:02:40.0","raceTime5K":1174,"raceTime10K":2490,"raceTimeHalf":5839,"raceTimeMarathon":13515},{"userProfilePK":99730076,"calendarDate":"2022-03-25","deviceId":3390587058,"timestamp":"2022-03-25T11:54:09.0","raceTime5K":1174,"raceTime10K":2490,"raceTimeHalf":5839,"raceTimeMarathon":13515},{"userProfilePK":99730076,"calendarDate":"2022-03-25","deviceId":3390587058,"timestamp":"2022-03-25T16:23:31.0","raceTime5K":1173,"raceTime10K":2487,"raceTimeHalf":5818,"raceTimeMarathon":13481},{"userProfilePK":99730076,"calendarDate":"2022-03-25","deviceId":3390587058,"timestamp":"2022-03-25T16:38:41.0","raceTime5K":1172,"raceTime10K":2485,"raceTimeHalf":5806,"raceTimeMarathon":13448},{"userProfilePK":99730076,"calendarDate":"2022-03-25","deviceId":3390587058,"timestamp":"2022-03-24T22:02:41.0","raceTime5K":1174,"raceTime10K":2490,"raceTimeHalf":5839,"raceTimeMarathon":13515},{"userProfilePK":99730076,"calendarDate":"2022-03-26","deviceId":3390587058,"timestamp":"2022-03-25T21:02:42.0","raceTime5K":1177,"raceTime10K":2494,"raceTimeHalf":5825,"raceTimeMarathon":13490},{"userProfilePK":99730076,"calendarDate":"2022-03-27","deviceId":3390587058,"timestamp":"2022-03-26T21:02:43.0","raceTime5K":1177,"raceTime10K":2494,"raceTimeHalf":5828,"raceTimeMarathon":13497},{"userProfilePK":99730076,"calendarDate":"2022-03-27","deviceId":3390587058,"timestamp":"2022-03-27T17:28:04.0","raceTime5K":1176,"raceTime10K":2494,"raceTimeHalf":5822,"raceTimeMarathon":13493},{"userProfilePK":99730076,"calendarDate":"2022-03-28","deviceId":3390587058,"timestamp":"2022-03-27T21:02:46.0","raceTime5K":1176,"raceTime10K":2494,"raceTimeHalf":5822,"raceTimeMarathon":13493},{"userProfilePK":99730076,"calendarDate":"2022-03-29","deviceId":3390587058,"timestamp":"2022-03-28T21:02:47.0","raceTime5K":1180,"raceTime10K":2503,"raceTimeHalf":5834,"raceTimeMarathon":13519},{"userProfilePK":99730076,"calendarDate":"2022-03-30","deviceId":3390587058,"timestamp":"2022-03-29T21:02:48.0","raceTime5K":1182,"raceTime10K":2506,"raceTimeHalf":5855,"raceTimeMarathon":13566},{"userProfilePK":99730076,"calendarDate":"2022-03-31","deviceId":3390587058,"timestamp":"2022-03-31T04:01:53.0","raceTime5K":1178,"raceTime10K":2500,"raceTimeHalf":5830,"raceTimeMarathon":13510},{"userProfilePK":99730076,"calendarDate":"2022-03-31","deviceId":3390587058,"timestamp":"2022-03-30T21:02:50.0","raceTime5K":1182,"raceTime10K":2506,"raceTimeHalf":5856,"raceTimeMarathon":13568},{"userProfilePK":99730076,"calendarDate":"2022-04-01","deviceId":3390587058,"timestamp":"2022-04-01T15:58:55.0","raceTime5K":1185,"raceTime10K":2515,"raceTimeHalf":5834,"raceTimeMarathon":13515},{"userProfilePK":99730076,"calendarDate":"2022-04-01","deviceId":3390587058,"timestamp":"2022-04-01T16:35:03.0","raceTime5K":1180,"raceTime10K":2504,"raceTimeHalf":5808,"raceTimeMarathon":13458},{"userProfilePK":99730076,"calendarDate":"2022-04-01","deviceId":3390587058,"timestamp":"2022-03-31T21:02:51.0","raceTime5K":1186,"raceTime10K":2515,"raceTimeHalf":5835,"raceTimeMarathon":13518},{"userProfilePK":99730076,"calendarDate":"2022-04-02","deviceId":3390587058,"timestamp":"2022-04-01T21:02:52.0","raceTime5K":1180,"raceTime10K":2504,"raceTimeHalf":5810,"raceTimeMarathon":13462},{"userProfilePK":99730076,"calendarDate":"2022-04-03","deviceId":3390587058,"timestamp":"2022-04-02T21:02:53.0","raceTime5K":1180,"raceTime10K":2504,"raceTimeHalf":5810,"raceTimeMarathon":13463},{"userProfilePK":99730076,"calendarDate":"2022-04-03","deviceId":3390587058,"timestamp":"2022-04-03T17:53:34.0","raceTime5K":1177,"raceTime10K":2498,"raceTimeHalf":5804,"raceTimeMarathon":13457},{"userProfilePK":99730076,"calendarDate":"2022-04-04","deviceId":3390587058,"timestamp":"2022-04-03T21:02:55.0","raceTime5K":1181,"raceTime10K":2507,"raceTimeHalf":5830,"raceTimeMarathon":13515},{"userProfilePK":99730076,"calendarDate":"2022-04-05","deviceId":3390587058,"timestamp":"2022-04-04T21:02:56.0","raceTime5K":1181,"raceTime10K":2507,"raceTimeHalf":5830,"raceTimeMarathon":13515},{"userProfilePK":99730076,"calendarDate":"2022-04-05","deviceId":3390587058,"timestamp":"2022-04-05T17:14:31.0","raceTime5K":1172,"raceTime10K":2487,"raceTimeHalf":5762,"raceTimeMarathon":13356},{"userProfilePK":99730076,"calendarDate":"2022-04-06","deviceId":3390587058,"timestamp":"2022-04-05T21:02:57.0","raceTime5K":1172,"raceTime10K":2487,"raceTimeHalf":5762,"raceTimeMarathon":13356},{"userProfilePK":99730076,"calendarDate":"2022-04-07","deviceId":3390587058,"timestamp":"2022-04-06T21:02:58.0","raceTime5K":1172,"raceTime10K":2487,"raceTimeHalf":5762,"raceTimeMarathon":13356},{"userProfilePK":99730076,"calendarDate":"2022-04-08","deviceId":3390587058,"timestamp":"2022-04-08T16:49:11.0","raceTime5K":1175,"raceTime10K":2494,"raceTimeHalf":5766,"raceTimeMarathon":13369},{"userProfilePK":99730076,"calendarDate":"2022-04-08","deviceId":3390587058,"timestamp":"2022-04-07T21:02:59.0","raceTime5K":1177,"raceTime10K":2498,"raceTimeHalf":5772,"raceTimeMarathon":13374},{"userProfilePK":99730076,"calendarDate":"2022-04-09","deviceId":3390587058,"timestamp":"2022-04-08T21:03:00.0","raceTime5K":1175,"raceTime10K":2494,"raceTimeHalf":5766,"raceTimeMarathon":13369},{"userProfilePK":99730076,"calendarDate":"2022-04-10","deviceId":3390587058,"timestamp":"2022-04-09T21:03:01.0","raceTime5K":1178,"raceTime10K":2501,"raceTimeHalf":5788,"raceTimeMarathon":13424},{"userProfilePK":99730076,"calendarDate":"2022-04-10","deviceId":3390587058,"timestamp":"2022-04-10T15:36:13.0","raceTime5K":1170,"raceTime10K":2484,"raceTimeHalf":5745,"raceTimeMarathon":13326},{"userProfilePK":99730076,"calendarDate":"2022-04-11","deviceId":3390587058,"timestamp":"2022-04-10T21:03:04.0","raceTime5K":1171,"raceTime10K":2486,"raceTimeHalf":5750,"raceTimeMarathon":13337},{"userProfilePK":99730076,"calendarDate":"2022-04-12","deviceId":3390587058,"timestamp":"2022-04-11T21:03:05.0","raceTime5K":1171,"raceTime10K":2486,"raceTimeHalf":5750,"raceTimeMarathon":13337},{"userProfilePK":99730076,"calendarDate":"2022-04-13","deviceId":3390587058,"timestamp":"2022-04-12T21:01:01.0","raceTime5K":1173,"raceTime10K":2489,"raceTimeHalf":5760,"raceTimeMarathon":13359},{"userProfilePK":99730076,"calendarDate":"2022-04-13","deviceId":3390587058,"timestamp":"2022-04-13T16:07:05.0","raceTime5K":1164,"raceTime10K":2474,"raceTimeHalf":5720,"raceTimeMarathon":13257},{"userProfilePK":99730076,"calendarDate":"2022-04-14","deviceId":3390587058,"timestamp":"2022-04-13T21:01:03.0","raceTime5K":1164,"raceTime10K":2474,"raceTimeHalf":5720,"raceTimeMarathon":13257},{"userProfilePK":99730076,"calendarDate":"2022-04-15","deviceId":3390587058,"timestamp":"2022-04-15T17:07:50.0","raceTime5K":1150,"raceTime10K":2441,"raceTimeHalf":5639,"raceTimeMarathon":13051},{"userProfilePK":99730076,"calendarDate":"2022-04-15","deviceId":3390587058,"timestamp":"2022-04-14T21:01:04.0","raceTime5K":1166,"raceTime10K":2478,"raceTimeHalf":5729,"raceTimeMarathon":13278},{"userProfilePK":99730076,"calendarDate":"2022-04-16","deviceId":3390587058,"timestamp":"2022-04-15T21:01:05.0","raceTime5K":1152,"raceTime10K":2444,"raceTimeHalf":5646,"raceTimeMarathon":13067},{"userProfilePK":99730076,"calendarDate":"2022-04-17","deviceId":3390587058,"timestamp":"2022-04-16T21:01:07.0","raceTime5K":1155,"raceTime10K":2451,"raceTimeHalf":5662,"raceTimeMarathon":13101},{"userProfilePK":99730076,"calendarDate":"2022-04-17","deviceId":3390587058,"timestamp":"2022-04-17T17:43:40.0","raceTime5K":1146,"raceTime10K":2434,"raceTimeHalf":5624,"raceTimeMarathon":13016},{"userProfilePK":99730076,"calendarDate":"2022-04-18","deviceId":3390587058,"timestamp":"2022-04-17T21:01:09.0","raceTime5K":1148,"raceTime10K":2438,"raceTimeHalf":5633,"raceTimeMarathon":13035},{"userProfilePK":99730076,"calendarDate":"2022-04-19","deviceId":3390587058,"timestamp":"2022-04-18T21:01:09.0","raceTime5K":1153,"raceTime10K":2448,"raceTimeHalf":5656,"raceTimeMarathon":13086},{"userProfilePK":99730076,"calendarDate":"2022-04-19","deviceId":3390587058,"timestamp":"2022-04-19T17:42:00.0","raceTime5K":1155,"raceTime10K":2450,"raceTimeHalf":5663,"raceTimeMarathon":13107},{"userProfilePK":99730076,"calendarDate":"2022-04-20","deviceId":3390587058,"timestamp":"2022-04-19T21:01:10.0","raceTime5K":1155,"raceTime10K":2450,"raceTimeHalf":5663,"raceTimeMarathon":13107},{"userProfilePK":99730076,"calendarDate":"2022-04-21","deviceId":3390587058,"timestamp":"2022-04-20T21:01:11.0","raceTime5K":1156,"raceTime10K":2453,"raceTimeHalf":5674,"raceTimeMarathon":13132},{"userProfilePK":99730076,"calendarDate":"2022-04-22","deviceId":3390587058,"timestamp":"2022-04-22T15:37:33.0","raceTime5K":1157,"raceTime10K":2456,"raceTimeHalf":5678,"raceTimeMarathon":13149},{"userProfilePK":99730076,"calendarDate":"2022-04-22","deviceId":3390587058,"timestamp":"2022-04-21T21:01:13.0","raceTime5K":1159,"raceTime10K":2460,"raceTimeHalf":5686,"raceTimeMarathon":13157},{"userProfilePK":99730076,"calendarDate":"2022-04-23","deviceId":3390587058,"timestamp":"2022-04-22T21:01:18.0","raceTime5K":1157,"raceTime10K":2456,"raceTimeHalf":5678,"raceTimeMarathon":13149},{"userProfilePK":99730076,"calendarDate":"2022-04-23","deviceId":3390587058,"timestamp":"2022-04-23T16:31:31.0","raceTime5K":1136,"raceTime10K":2413,"raceTimeHalf":5574,"raceTimeMarathon":12893},{"userProfilePK":99730076,"calendarDate":"2022-04-24","deviceId":3390587058,"timestamp":"2022-04-23T21:01:19.0","raceTime5K":1142,"raceTime10K":2426,"raceTimeHalf":5606,"raceTimeMarathon":12962},{"userProfilePK":99730076,"calendarDate":"2022-04-25","deviceId":3390587058,"timestamp":"2022-04-24T21:01:20.0","raceTime5K":1142,"raceTime10K":2426,"raceTimeHalf":5606,"raceTimeMarathon":12962},{"userProfilePK":99730076,"calendarDate":"2022-04-26","deviceId":3390587058,"timestamp":"2022-04-25T21:01:22.0","raceTime5K":1142,"raceTime10K":2426,"raceTimeHalf":5606,"raceTimeMarathon":12962},{"userProfilePK":99730076,"calendarDate":"2022-04-27","deviceId":3390587058,"timestamp":"2022-04-26T22:01:23.0","raceTime5K":1147,"raceTime10K":2435,"raceTimeHalf":5664,"raceTimeMarathon":13092},{"userProfilePK":99730076,"calendarDate":"2022-04-27","deviceId":3390587058,"timestamp":"2022-04-27T17:41:23.0","raceTime5K":1142,"raceTime10K":2425,"raceTimeHalf":5640,"raceTimeMarathon":13042},{"userProfilePK":99730076,"calendarDate":"2022-04-28","deviceId":3390587058,"timestamp":"2022-04-27T22:02:52.0","raceTime5K":1142,"raceTime10K":2425,"raceTimeHalf":5640,"raceTimeMarathon":13042},{"userProfilePK":99730076,"calendarDate":"2022-04-29","deviceId":3390587058,"timestamp":"2022-04-28T22:02:53.0","raceTime5K":1147,"raceTime10K":2435,"raceTimeHalf":5656,"raceTimeMarathon":13075},{"userProfilePK":99730076,"calendarDate":"2022-04-30","deviceId":3390587058,"timestamp":"2022-04-29T22:02:54.0","raceTime5K":1147,"raceTime10K":2435,"raceTimeHalf":5671,"raceTimeMarathon":13124},{"userProfilePK":99730076,"calendarDate":"2022-04-30","deviceId":3390587058,"timestamp":"2022-04-30T18:36:02.0","raceTime5K":1147,"raceTime10K":2437,"raceTimeHalf":5676,"raceTimeMarathon":13139},{"userProfilePK":99730076,"calendarDate":"2022-05-01","deviceId":3390587058,"timestamp":"2022-04-30T22:02:55.0","raceTime5K":1149,"raceTime10K":2441,"raceTimeHalf":5680,"raceTimeMarathon":13162},{"userProfilePK":99730076,"calendarDate":"2022-05-01","deviceId":3390587058,"timestamp":"2022-05-01T18:18:42.0","raceTime5K":1149,"raceTime10K":2441,"raceTimeHalf":5680,"raceTimeMarathon":13162},{"userProfilePK":99730076,"calendarDate":"2022-05-02","deviceId":3390587058,"timestamp":"2022-05-02T20:43:52.0","raceTime5K":1148,"raceTime10K":2439,"raceTimeHalf":5718,"raceTimeMarathon":13266},{"userProfilePK":99730076,"calendarDate":"2022-05-02","deviceId":3390587058,"timestamp":"2022-05-01T22:02:57.0","raceTime5K":1151,"raceTime10K":2447,"raceTimeHalf":5735,"raceTimeMarathon":13302},{"userProfilePK":99730076,"calendarDate":"2022-05-03","deviceId":3390587058,"timestamp":"2022-05-02T22:02:58.0","raceTime5K":1150,"raceTime10K":2446,"raceTimeHalf":5722,"raceTimeMarathon":13265},{"userProfilePK":99730076,"calendarDate":"2022-05-04","deviceId":3390587058,"timestamp":"2022-05-03T22:02:59.0","raceTime5K":1151,"raceTime10K":2453,"raceTimeHalf":5748,"raceTimeMarathon":13292},{"userProfilePK":99730076,"calendarDate":"2022-05-05","deviceId":3390587058,"timestamp":"2022-05-04T22:03:00.0","raceTime5K":1151,"raceTime10K":2453,"raceTimeHalf":5748,"raceTimeMarathon":13292},{"userProfilePK":99730076,"calendarDate":"2022-05-06","deviceId":3390587058,"timestamp":"2022-05-05T22:03:02.0","raceTime5K":1153,"raceTime10K":2458,"raceTimeHalf":5746,"raceTimeMarathon":13288},{"userProfilePK":99730076,"calendarDate":"2022-05-07","deviceId":3390587058,"timestamp":"2022-05-06T21:03:03.0","raceTime5K":1178,"raceTime10K":2513,"raceTimeHalf":5894,"raceTimeMarathon":13587},{"userProfilePK":99730076,"calendarDate":"2022-05-07","deviceId":3390587058,"timestamp":"2022-05-07T17:07:56.0","raceTime5K":1164,"raceTime10K":2484,"raceTimeHalf":5837,"raceTimeMarathon":13481},{"userProfilePK":99730076,"calendarDate":"2022-05-08","deviceId":3390587058,"timestamp":"2022-05-07T21:03:09.0","raceTime5K":1164,"raceTime10K":2488,"raceTimeHalf":5848,"raceTimeMarathon":13481},{"userProfilePK":99730076,"calendarDate":"2022-05-09","deviceId":3390587058,"timestamp":"2022-05-08T21:03:09.0","raceTime5K":1164,"raceTime10K":2489,"raceTimeHalf":5852,"raceTimeMarathon":13481},{"userProfilePK":99730076,"calendarDate":"2022-05-10","deviceId":3390587058,"timestamp":"2022-05-09T21:03:11.0","raceTime5K":1166,"raceTime10K":2492,"raceTimeHalf":5873,"raceTimeMarathon":13529},{"userProfilePK":99730076,"calendarDate":"2022-05-10","deviceId":3390587058,"timestamp":"2022-05-10T04:53:20.0","raceTime5K":1154,"raceTime10K":2468,"raceTimeHalf":5814,"raceTimeMarathon":13386},{"userProfilePK":99730076,"calendarDate":"2022-05-11","deviceId":3390587058,"timestamp":"2022-05-10T21:03:15.0","raceTime5K":1158,"raceTime10K":2476,"raceTimeHalf":5819,"raceTimeMarathon":13396},{"userProfilePK":99730076,"calendarDate":"2022-05-12","deviceId":3390587058,"timestamp":"2022-05-12T17:24:47.0","raceTime5K":1164,"raceTime10K":2485,"raceTimeHalf":5844,"raceTimeMarathon":13467},{"userProfilePK":99730076,"calendarDate":"2022-05-12","deviceId":3390587058,"timestamp":"2022-05-11T21:03:16.0","raceTime5K":1158,"raceTime10K":2476,"raceTimeHalf":5819,"raceTimeMarathon":13396},{"userProfilePK":99730076,"calendarDate":"2022-05-13","deviceId":3390587058,"timestamp":"2022-05-12T21:03:17.0","raceTime5K":1167,"raceTime10K":2490,"raceTimeHalf":5875,"raceTimeMarathon":13536},{"userProfilePK":99730076,"calendarDate":"2022-05-14","deviceId":3390587058,"timestamp":"2022-05-13T21:05:12.0","raceTime5K":1168,"raceTime10K":2493,"raceTimeHalf":5869,"raceTimeMarathon":13521},{"userProfilePK":99730076,"calendarDate":"2022-05-14","deviceId":3390587058,"timestamp":"2022-05-14T05:33:38.0","raceTime5K":1156,"raceTime10K":2469,"raceTimeHalf":5814,"raceTimeMarathon":13385},{"userProfilePK":99730076,"calendarDate":"2022-05-14","deviceId":3390587058,"timestamp":"2022-05-14T18:04:11.0","raceTime5K":1156,"raceTime10K":2469,"raceTimeHalf":5813,"raceTimeMarathon":13384},{"userProfilePK":99730076,"calendarDate":"2022-05-15","deviceId":3390587058,"timestamp":"2022-05-14T21:05:13.0","raceTime5K":1156,"raceTime10K":2469,"raceTimeHalf":5811,"raceTimeMarathon":13379},{"userProfilePK":99730076,"calendarDate":"2022-05-15","deviceId":3390587058,"timestamp":"2022-05-15T16:19:59.0","raceTime5K":1156,"raceTime10K":2469,"raceTimeHalf":5811,"raceTimeMarathon":13379},{"userProfilePK":99730076,"calendarDate":"2022-05-15","deviceId":3390587058,"timestamp":"2022-05-15T17:04:43.0","raceTime5K":1148,"raceTime10K":2455,"raceTimeHalf":5775,"raceTimeMarathon":13294},{"userProfilePK":99730076,"calendarDate":"2022-05-16","deviceId":3390587058,"timestamp":"2022-05-15T21:05:14.0","raceTime5K":1151,"raceTime10K":2464,"raceTimeHalf":5801,"raceTimeMarathon":13329},{"userProfilePK":99730076,"calendarDate":"2022-05-17","deviceId":3390587058,"timestamp":"2022-05-16T21:05:15.0","raceTime5K":1151,"raceTime10K":2468,"raceTimeHalf":5812,"raceTimeMarathon":13331},{"userProfilePK":99730076,"calendarDate":"2022-05-18","deviceId":3390587058,"timestamp":"2022-05-17T21:05:16.0","raceTime5K":1153,"raceTime10K":2479,"raceTimeHalf":5865,"raceTimeMarathon":13402},{"userProfilePK":99730076,"calendarDate":"2022-05-19","deviceId":3390587058,"timestamp":"2022-05-19T18:16:57.0","raceTime5K":1140,"raceTime10K":2453,"raceTimeHalf":5796,"raceTimeMarathon":13208},{"userProfilePK":99730076,"calendarDate":"2022-05-19","deviceId":3390587058,"timestamp":"2022-05-18T21:05:17.0","raceTime5K":1153,"raceTime10K":2484,"raceTimeHalf":5878,"raceTimeMarathon":13402}]