[{"userProfilePK":99730076,"calendarDate":"2022-05-19","deviceId":3390587058,"timestamp":"2022-05-19T18:16:57.0","raceTime5K":1140,"raceTime10K":2453,"raceTimeHalf":5796,"raceTimeMarathon":13208},{"userProfilePK":99730076,"calendarDate":"2022-05-19","deviceId":3390587058,"timestamp":"2022-05-18T21:05:17.0","raceTime5K":1153,"raceTime10K":2484,"raceTimeHalf":5878,"raceTimeMarathon":13402},{"userProfilePK":99730076,"calendarDate":"2022-05-20","deviceId":3390587058,"timestamp":"2022-05-19T21:05:18.0","raceTime5K":1140,"raceTime10K":2457,"raceTimeHalf":5808,"raceTimeMarathon":13208},{"userProfilePK":99730076,"calendarDate":"2022-05-21","deviceId":3390587058,"timestamp":"2022-05-20T21:05:19.0","raceTime5K":1143,"raceTime10K":2472,"raceTimeHalf":5851,"raceTimeMarathon":13257},{"userProfilePK":99730076,"calendarDate":"2022-05-21","deviceId":3390587058,"timestamp":"2022-05-21T18:29:25.0","raceTime5K":1130,"raceTime10K":2442,"raceTimeHalf":5775,"raceTimeMarathon":13070},{"userProfilePK":99730076,"calendarDate":"2022-05-22","deviceId":3390587058,"timestamp":"2022-05-21T21:05:21.0","raceTime5K":1130,"raceTime10K":2449,"raceTimeHalf":5796,"raceTimeMarathon":13070},{"userProfilePK":99730076,"calendarDate":"2022-05-22","deviceId":3390587058,"timestamp":"2022-05-22T16:54:02.0","raceTime5K":1120,"raceTime10K":2429,"raceTimeHalf":5739,"raceTimeMarathon":12952},{"userProfilePK":99730076,"calendarDate":"2022-05-23","deviceId":3390587058,"timestamp":"2022-05-22T21:05:22.0","raceTime5K":1120,"raceTime10K":2431,"raceTimeHalf":5745,"raceTimeMarathon":12952},{"userProfilePK":99730076,"calendarDate":"2022-05-24","deviceId":3390587058,"timestamp":"2022-05-23T21:05:27.0","raceTime5K":1126,"raceTime10K":2443,"raceTimeHalf":5788,"raceTimeMarathon":13048},{"userProfilePK":99730076,"calendarDate":"2022-05-25","deviceId":3390587058,"timestamp":"2022-05-24T21:05:34.0","raceTime5K":1126,"raceTime10K":2443,"raceTimeHalf":5788,"raceTimeMarathon":13048},{"userProfilePK":99730076,"calendarDate":"2022-05-25","deviceId":3390587058,"timestamp":"2022-05-25T18:43:11.0","raceTime5K":1125,"raceTime10K":2441,"raceTimeHalf":5776,"raceTimeMarathon":13025},{"userProfilePK":99730076,"calendarDate":"2022-05-26","deviceId":3390587058,"timestamp":"2022-05-26T16:35:50.0","raceTime5K":1119,"raceTime10K":2430,"raceTimeHalf":5732,"raceTimeMarathon":12922},{"userProfilePK":99730076,"calendarDate":"2022-05-26","deviceId":3390587058,"timestamp":"2022-05-25T21:05:42.0","raceTime5K":1128,"raceTime10K":2446,"raceTimeHalf":5780,"raceTimeMarathon":13033},{"userProfilePK":99730076,"calendarDate":"2022-05-27","deviceId":3390587058,"timestamp":"2022-05-26T21:05:50.0","raceTime5K":1123,"raceTime10K":2438,"raceTimeHalf":5783,"raceTimeMarathon":13036},{"userProfilePK":99730076,"calendarDate":"2022-05-28","deviceId":3390587058,"timestamp":"2022-05-27T21:05:58.0","raceTime5K":1128,"raceTime10K":2449,"raceTimeHalf":5806,"raceTimeMarathon":13080},{"userProfilePK":99730076,"calendarDate":"2022-05-28","deviceId":3390587058,"timestamp":"2022-05-28T17:27:09.0","raceTime5K":1116,"raceTime10K":2424,"raceTimeHalf":5728,"raceTimeMarathon":12903},{"userProfilePK":99730076,"calendarDate":"2022-05-29","deviceId":3390587058,"timestamp":"2022-05-28T21:01:05.0","raceTime5K":1120,"raceTime10K":2432,"raceTimeHalf":5737,"raceTimeMarathon":12923},{"userProfilePK":99730076,"calendarDate":"2022-05-29","deviceId":3390587058,"timestamp":"2022-05-29T17:17:05.0","raceTime5K":1117,"raceTime10K":2425,"raceTimeHalf":5722,"raceTimeMarathon":12889},{"userProfilePK":99730076,"calendarDate":"2022-05-30","deviceId":3390587058,"timestamp":"2022-05-29T21:01:12.0","raceTime5K":1118,"raceTime10K":2427,"raceTimeHalf":5743,"raceTimeMarathon":12936},{"userProfilePK":99730076,"calendarDate":"2022-05-31","deviceId":3390587058,"timestamp":"2022-05-30T21:01:15.0","raceTime5K":1118,"raceTime10K":2427,"raceTimeHalf":5743,"raceTimeMarathon":12936},{"userProfilePK":99730076,"calendarDate":"2022-05-31","deviceId":3390587058,"timestamp":"2022-05-31T17:05:57.0","raceTime5K":1121,"raceTime10K":2433,"raceTimeHalf":5753,"raceTimeMarathon":12965},{"userProfilePK":99730076,"calendarDate":"2022-06-01","deviceId":3390587058,"timestamp":"2022-05-31T21:01:16.0","raceTime5K":1121,"raceTime10K":2433,"raceTimeHalf":5753,"raceTimeMarathon":12965},{"userProfilePK":99730076,"calendarDate":"2022-06-01","deviceId":3390587058,"timestamp":"2022-06-01T15:42:30.0","raceTime5K":1121,"raceTime10K":2433,"raceTimeHalf":5753,"raceTimeMarathon":12965},{"userProfilePK":99730076,"calendarDate":"2022-06-02","deviceId":3390587058,"timestamp":"2022-06-02T17:24:20.0","raceTime5K":1126,"raceTime10K":2443,"raceTimeHalf":5761,"raceTimeMarathon":12994},{"userProfilePK":99730076,"calendarDate":"2022-06-02","deviceId":3390587058,"timestamp":"2022-06-01T21:01:18.0","raceTime5K":1123,"raceTime10K":2435,"raceTimeHalf":5752,"raceTimeMarathon":12963},{"userProfilePK":99730076,"calendarDate":"2022-06-03","deviceId":3390587058,"timestamp":"2022-06-03T17:19:55.0","raceTime5K":1128,"raceTime10K":2448,"raceTimeHalf":5803,"raceTimeMarathon":13088},{"userProfilePK":99730076,"calendarDate":"2022-06-03","deviceId":3390587058,"timestamp":"2022-06-02T21:01:20.0","raceTime5K":1128,"raceTime10K":2448,"raceTimeHalf":5804,"raceTimeMarathon":13090},{"userProfilePK":99730076,"calendarDate":"2022-06-04","deviceId":3390587058,"timestamp":"2022-06-03T21:01:22.0","raceTime5K":1129,"raceTime10K":2450,"raceTimeHalf":5806,"raceTimeMarathon":13095},{"userProfilePK":99730076,"calendarDate":"2022-06-05","deviceId":3390587058,"timestamp":"2022-06-04T21:01:24.0","raceTime5K":1135,"raceTime10K":2461,"raceTimeHalf":5828,"raceTimeMarathon":13141},{"userProfilePK":99730076,"calendarDate":"2022-06-05","deviceId":3390587058,"timestamp":"2022-06-05T17:54:16.0","raceTime5K":1122,"raceTime10K":2419,"raceTimeHalf":5715,"raceTimeMarathon":12973},{"userProfilePK":99730076,"calendarDate":"2022-06-06","deviceId":3390587058,"timestamp":"2022-06-05T21:01:26.0","raceTime5K":1122,"raceTime10K":2419,"raceTimeHalf":5715,"raceTimeMarathon":12973},{"userProfilePK":99730076,"calendarDate":"2022-06-07","deviceId":3390587058,"timestamp":"2022-06-06T21:01:28.0","raceTime5K":1122,"raceTime10K":2419,"raceTimeHalf":5715,"raceTimeMarathon":12973},{"userProfilePK":99730076,"calendarDate":"2022-06-07","deviceId":3390587058,"timestamp":"2022-06-07T16:31:19.0","raceTime5K":1120,"raceTime10K":2417,"raceTimeHalf":5698,"raceTimeMarathon":12933},{"userProfilePK":99730076,"calendarDate":"2022-06-08","deviceId":3390587058,"timestamp":"2022-06-07T21:01:30.0","raceTime5K":1120,"raceTime10K":2417,"raceTimeHalf":5698,"raceTimeMarathon":12933},{"userProfilePK":99730076,"calendarDate":"2022-06-08","deviceId":3390587058,"timestamp":"2022-06-08T17:16:04.0","raceTime5K":1121,"raceTime10K":2422,"raceTimeHalf":5700,"raceTimeMarathon":12941},{"userProfilePK":99730076,"calendarDate":"2022-06-09","deviceId":3390587058,"timestamp":"2022-06-09T17:53:46.0","raceTime5K":1122,"raceTime10K":2425,"raceTimeHalf":5721,"raceTimeMarathon":12988},{"userProfilePK":99730076,"calendarDate":"2022-06-09","deviceId":3390587058,"timestamp":"2022-06-08T21:01:30.0","raceTime5K":1122,"raceTime10K":2425,"raceTimeHalf":5721,"raceTimeMarathon":12988},{"userProfilePK":99730076,"calendarDate":"2022-06-10","deviceId":3390587058,"timestamp":"2022-06-10T17:06:07.0","raceTime5K":1114,"raceTime10K":2406,"raceTimeHalf":5669,"raceTimeMarathon":12863},{"userProfilePK":99730076,"calendarDate":"2022-06-10","deviceId":3390587058,"timestamp":"2022-06-09T21:01:33.0","raceTime5K":1123,"raceTime10K":2427,"raceTimeHalf":5737,"raceTimeMarathon":13024},{"userProfilePK":99730076,"calendarDate":"2022-06-11","deviceId":3390587058,"timestamp":"2022-06-10T21:01:34.0","raceTime5K":1114,"raceTime10K":2406,"raceTimeHalf":5665,"raceTimeMarathon":12853},{"userProfilePK":99730076,"calendarDate":"2022-06-11","deviceId":3390587058,"timestamp":"2022-06-11T04:50:48.0","raceTime5K":1114,"raceTime10K":2406,"raceTimeHalf":5665,"raceTimeMarathon":12853},{"userProfilePK":99730076,"calendarDate":"2022-06-11","deviceId":3390587058,"timestamp":"2022-06-11T05:26:20.0","raceTime5K":1114,"raceTime10K":2406,"raceTimeHalf":5665,"raceTimeMarathon":12853},{"userProfilePK":99730076,"calendarDate":"2022-06-11","deviceId":3390587058,"timestamp":"2022-06-11T05:45:47.0","raceTime5K":1114,"raceTime10K":2406,"raceTimeHalf":5665,"raceTimeMarathon":12853},{"userProfilePK":99730076,"calendarDate":"2022-06-12","deviceId":3390587058,"timestamp":"2022-06-11T21:01:35.0","raceTime5K":1118,"raceTime10K":2413,"raceTimeHalf":5697,"raceTimeMarathon":12925}]