[{"userProfilePK":99730076,"calendarDate":"2021-11-06","deviceId":3390587058,"timestamp":"2021-11-05T22:04:52.0","raceTime5K":1291,"raceTime10K":2796,"raceTimeHalf":6427,"raceTimeMarathon":14378},{"userProfilePK":99730076,"calendarDate":"2021-11-06","deviceId":3390587058,"timestamp":"2021-11-06T16:42:22.0","raceTime5K":1291,"raceTime10K":2796,"raceTimeHalf":6427,"raceTimeMarathon":14378},{"userProfilePK":99730076,"calendarDate":"2021-11-06","deviceId":3390587058,"timestamp":"2021-11-06T17:43:35.0","raceTime5K":1280,"raceTime10K":2774,"raceTimeHalf":6376,"raceTimeMarathon":14243},{"userProfilePK":99730076,"calendarDate":"2021-11-07","deviceId":3390587058,"timestamp":"2021-11-06T22:04:54.0","raceTime5K":1280,"raceTime10K":2774,"raceTimeHalf":6376,"raceTimeMarathon":14243},{"userProfilePK":99730076,"calendarDate":"2021-11-07","deviceId":3390587058,"timestamp":"2021-11-07T15:44:04.0","raceTime5K":1280,"raceTime10K":2774,"raceTimeHalf":6376,"raceTimeMarathon":14243},{"userProfilePK":99730076,"calendarDate":"2021-11-08","deviceId":3390587058,"timestamp":"2021-11-08T15:13:44.0","raceTime5K":1267,"raceTime10K":2744,"raceTimeHalf":6298,"raceTimeMarathon":14047},{"userProfilePK":99730076,"calendarDate":"2021-11-08","deviceId":3390587058,"timestamp":"2021-11-07T22:04:54.0","raceTime5K":1280,"raceTime10K":2774,"raceTimeHalf":6376,"raceTimeMarathon":14243},{"userProfilePK":99730076,"calendarDate":"2021-11-09","deviceId":3390587058,"timestamp":"2021-11-08T22:04:55.0","raceTime5K":1267,"raceTime10K":2744,"raceTimeHalf":6298,"raceTimeMarathon":14047},{"userProfilePK":99730076,"calendarDate":"2021-11-09","deviceId":3390587058,"timestamp":"2021-11-09T14:53:06.0","raceTime5K":1267,"raceTime10K":2744,"raceTimeHalf":6298,"raceTimeMarathon":14047},{"userProfilePK":99730076,"calendarDate":"2021-11-09","deviceId":3390587058,"timestamp":"2021-11-09T15:21:30.0","raceTime5K":1246,"raceTime10K":2695,"raceTimeHalf":6177,"raceTimeMarathon":13746},{"userProfilePK":99730076,"calendarDate":"2021-11-10","deviceId":3390587058,"timestamp":"2021-11-09T22:04:56.0","raceTime5K":1246,"raceTime10K":2695,"raceTimeHalf":6177,"raceTimeMarathon":13746},{"userProfilePK":99730076,"calendarDate":"2021-11-10","deviceId":3390587058,"timestamp":"2021-11-10T16:40:26.0","raceTime5K":1239,"raceTime10K":2679,"raceTimeHalf":6135,"raceTimeMarathon":13641},{"userProfilePK":99730076,"calendarDate":"2021-11-11","deviceId":3390587058,"timestamp":"2021-11-11T16:03:44.0","raceTime5K":1239,"raceTime10K":2679,"raceTimeHalf":6135,"raceTimeMarathon":13641},{"userProfilePK":99730076,"calendarDate":"2021-11-11","deviceId":3390587058,"timestamp":"2021-11-10T22:04:57.0","raceTime5K":1239,"raceTime10K":2679,"raceTimeHalf":6135,"raceTimeMarathon":13641},{"userProfilePK":99730076,"calendarDate":"2021-11-12","deviceId":3390587058,"timestamp":"2021-11-12T18:19:26.0","raceTime5K":1239,"raceTime10K":2679,"raceTimeHalf":6135,"raceTimeMarathon":13641},{"userProfilePK":99730076,"calendarDate":"2021-11-12","deviceId":3390587058,"timestamp":"2021-11-11T22:04:58.0","raceTime5K":1239,"raceTime10K":2679,"raceTimeHalf":6135,"raceTimeMarathon":13641},{"userProfilePK":99730076,"calendarDate":"2021-11-13","deviceId":3390587058,"timestamp":"2021-11-12T22:04:59.0","raceTime5K":1239,"raceTime10K":2679,"raceTimeHalf":6135,"raceTimeMarathon":13641},{"userProfilePK":99730076,"calendarDate":"2021-11-13","deviceId":3390587058,"timestamp":"2021-11-13T14:15:13.0","raceTime5K":1239,"raceTime10K":2679,"raceTimeHalf":6135,"raceTimeMarathon":13641},{"userProfilePK":99730076,"calendarDate":"2021-11-13","deviceId":3390587058,"timestamp":"2021-11-13T15:36:25.0","raceTime5K":1239,"raceTime10K":2679,"raceTimeHalf":6135,"raceTimeMarathon":13641},{"userProfilePK":99730076,"calendarDate":"2021-11-14","deviceId":3390587058,"timestamp":"2021-11-13T22:05:01.0","raceTime5K":1198,"raceTime10K":2612,"raceTimeHalf":6104,"raceTimeMarathon":13796},{"userProfilePK":99730076,"calendarDate":"2021-11-14","deviceId":3390587058,"timestamp":"2021-11-14T18:32:03.0","raceTime5K":1173,"raceTime10K":2563,"raceTimeHalf":5982,"raceTimeMarathon":13504},{"userProfilePK":99730076,"calendarDate":"2021-11-15","deviceId":3390587058,"timestamp":"2021-11-15T18:39:40.0","raceTime5K":1173,"raceTime10K":2562,"raceTimeHalf":5981,"raceTimeMarathon":13500},{"userProfilePK":99730076,"calendarDate":"2021-11-15","deviceId":3390587058,"timestamp":"2021-11-14T22:05:02.0","raceTime5K":1173,"raceTime10K":2562,"raceTimeHalf":5981,"raceTimeMarathon":13500},{"userProfilePK":99730076,"calendarDate":"2021-11-16","deviceId":3390587058,"timestamp":"2021-11-15T22:05:03.0","raceTime5K":1176,"raceTime10K":2567,"raceTimeHalf":5993,"raceTimeMarathon":13525},{"userProfilePK":99730076,"calendarDate":"2021-11-16","deviceId":3390587058,"timestamp":"2021-11-16T16:34:33.0","raceTime5K":1172,"raceTime10K":2561,"raceTimeHalf":5977,"raceTimeMarathon":13499},{"userProfilePK":99730076,"calendarDate":"2021-11-17","deviceId":3390587058,"timestamp":"2021-11-16T22:05:04.0","raceTime5K":1175,"raceTime10K":2566,"raceTimeHalf":5989,"raceTimeMarathon":13525},{"userProfilePK":99730076,"calendarDate":"2021-11-17","deviceId":3390587058,"timestamp":"2021-11-17T14:35:20.0","raceTime5K":1155,"raceTime10K":2518,"raceTimeHalf":5884,"raceTimeMarathon":13274},{"userProfilePK":99730076,"calendarDate":"2021-11-18","deviceId":3390587058,"timestamp":"2021-11-18T16:11:47.0","raceTime5K":1155,"raceTime10K":2517,"raceTimeHalf":5882,"raceTimeMarathon":13267},{"userProfilePK":99730076,"calendarDate":"2021-11-18","deviceId":3390587058,"timestamp":"2021-11-17T22:05:04.0","raceTime5K":1155,"raceTime10K":2517,"raceTimeHalf":5882,"raceTimeMarathon":13267},{"userProfilePK":99730076,"calendarDate":"2021-11-19","deviceId":3390587058,"timestamp":"2021-11-19T14:39:38.0","raceTime5K":1136,"raceTime10K":2456,"raceTimeHalf":5736,"raceTimeMarathon":13042},{"userProfilePK":99730076,"calendarDate":"2021-11-19","deviceId":3390587058,"timestamp":"2021-11-18T22:05:05.0","raceTime5K":1155,"raceTime10K":2515,"raceTimeHalf":5878,"raceTimeMarathon":13259},{"userProfilePK":99730076,"calendarDate":"2021-11-20","deviceId":3390587058,"timestamp":"2021-11-19T22:05:07.0","raceTime5K":1136,"raceTime10K":2454,"raceTimeHalf":5732,"raceTimeMarathon":13034},{"userProfilePK":99730076,"calendarDate":"2021-11-21","deviceId":3390587058,"timestamp":"2021-11-20T22:05:08.0","raceTime5K":1136,"raceTime10K":2452,"raceTimeHalf":5727,"raceTimeMarathon":13026},{"userProfilePK":99730076,"calendarDate":"2021-11-21","deviceId":3390587058,"timestamp":"2021-11-21T18:29:25.0","raceTime5K":1126,"raceTime10K":2432,"raceTimeHalf":5682,"raceTimeMarathon":12917},{"userProfilePK":99730076,"calendarDate":"2021-11-22","deviceId":3390587058,"timestamp":"2021-11-22T15:32:24.0","raceTime5K":1126,"raceTime10K":2430,"raceTimeHalf":5677,"raceTimeMarathon":12908},{"userProfilePK":99730076,"calendarDate":"2021-11-22","deviceId":3390587058,"timestamp":"2021-11-21T22:04:08.0","raceTime5K":1126,"raceTime10K":2430,"raceTimeHalf":5677,"raceTimeMarathon":12908},{"userProfilePK":99730076,"calendarDate":"2021-11-23","deviceId":3390587058,"timestamp":"2021-11-22T22:04:09.0","raceTime5K":1127,"raceTime10K":2432,"raceTimeHalf":5681,"raceTimeMarathon":12919},{"userProfilePK":99730076,"calendarDate":"2021-11-23","deviceId":3390587058,"timestamp":"2021-11-23T14:55:14.0","raceTime5K":1116,"raceTime10K":2411,"raceTimeHalf":5629,"raceTimeMarathon":12799},{"userProfilePK":99730076,"calendarDate":"2021-11-24","deviceId":3390587058,"timestamp":"2021-11-23T22:04:09.0","raceTime5K":1118,"raceTime10K":2412,"raceTimeHalf":5632,"raceTimeMarathon":12807},{"userProfilePK":99730076,"calendarDate":"2021-11-24","deviceId":3390587058,"timestamp":"2021-11-24T16:32:01.0","raceTime5K":1114,"raceTime10K":2404,"raceTimeHalf":5616,"raceTimeMarathon":12775},{"userProfilePK":99730076,"calendarDate":"2021-11-25","deviceId":3390587058,"timestamp":"2021-11-25T15:45:19.0","raceTime5K":1113,"raceTime10K":2402,"raceTimeHalf":5611,"raceTimeMarathon":12765},{"userProfilePK":99730076,"calendarDate":"2021-11-25","deviceId":3390587058,"timestamp":"2021-11-24T22:04:10.0","raceTime5K":1113,"raceTime10K":2402,"raceTimeHalf":5611,"raceTimeMarathon":12765},{"userProfilePK":99730076,"calendarDate":"2021-11-26","deviceId":3390587058,"timestamp":"2021-11-25T22:04:11.0","raceTime5K":1113,"raceTime10K":2399,"raceTimeHalf":5605,"raceTimeMarathon":12755},{"userProfilePK":99730076,"calendarDate":"2021-11-27","deviceId":3390587058,"timestamp":"2021-11-26T22:04:13.0","raceTime5K":1112,"raceTime10K":2396,"raceTimeHalf":5599,"raceTimeMarathon":12743},{"userProfilePK":99730076,"calendarDate":"2021-11-27","deviceId":3390587058,"timestamp":"2021-11-27T09:00:01.0","raceTime5K":1112,"raceTime10K":2396,"raceTimeHalf":5599,"raceTimeMarathon":12743},{"userProfilePK":99730076,"calendarDate":"2021-11-27","deviceId":3390587058,"timestamp":"2021-11-27T10:31:29.0","raceTime5K":1112,"raceTime10K":2396,"raceTimeHalf":5599,"raceTimeMarathon":12743},{"userProfilePK":99730076,"calendarDate":"2021-11-27","deviceId":3390587058,"timestamp":"2021-11-27T15:05:55.0","raceTime5K":1111,"raceTime10K":2381,"raceTimeHalf":5560,"raceTimeMarathon":12744},{"userProfilePK":99730076,"calendarDate":"2021-11-28","deviceId":3390587058,"timestamp":"2021-11-27T22:04:14.0","raceTime5K":1113,"raceTime10K":2385,"raceTimeHalf":5570,"raceTimeMarathon":12766},{"userProfilePK":99730076,"calendarDate":"2021-11-28","deviceId":3390587058,"timestamp":"2021-11-28T17:26:52.0","raceTime5K":1113,"raceTime10K":2385,"raceTimeHalf":5570,"raceTimeMarathon":12766},{"userProfilePK":99730076,"calendarDate":"2021-11-29","deviceId":3390587058,"timestamp":"2021-11-29T15:33:23.0","raceTime5K":1113,"raceTime10K":2386,"raceTimeHalf":5576,"raceTimeMarathon":12783},{"userProfilePK":99730076,"calendarDate":"2021-11-29","deviceId":3390587058,"timestamp":"2021-11-28T22:04:14.0","raceTime5K":1115,"raceTime10K":2389,"raceTimeHalf":5579,"raceTimeMarathon":12786},{"userProfilePK":99730076,"calendarDate":"2021-11-30","deviceId":3390587058,"timestamp":"2021-11-29T22:04:16.0","raceTime5K":1113,"raceTime10K":2386,"raceTimeHalf":5576,"raceTimeMarathon":12783},{"userProfilePK":99730076,"calendarDate":"2021-11-30","deviceId":3390587058,"timestamp":"2021-11-30T14:57:14.0","raceTime5K":1115,"raceTime10K":2391,"raceTimeHalf":5585,"raceTimeMarathon":12808},{"userProfilePK":99730076,"calendarDate":"2021-12-01","deviceId":3390587058,"timestamp":"2021-11-30T22:04:17.0","raceTime5K":1115,"raceTime10K":2391,"raceTimeHalf":5585,"raceTimeMarathon":12808},{"userProfilePK":99730076,"calendarDate":"2021-12-01","deviceId":3390587058,"timestamp":"2021-12-01T14:50:21.0","raceTime5K":1113,"raceTime10K":2387,"raceTimeHalf":5575,"raceTimeMarathon":12788},{"userProfilePK":99730076,"calendarDate":"2021-12-02","deviceId":3390587058,"timestamp":"2021-12-02T14:54:18.0","raceTime5K":1113,"raceTime10K":2387,"raceTimeHalf":5575,"raceTimeMarathon":12788},{"userProfilePK":99730076,"calendarDate":"2021-12-02","deviceId":3390587058,"timestamp":"2021-12-01T22:04:21.0","raceTime5K":1113,"raceTime10K":2387,"raceTimeHalf":5575,"raceTimeMarathon":12788},{"userProfilePK":99730076,"calendarDate":"2021-12-03","deviceId":3390587058,"timestamp":"2021-12-02T22:05:39.0","raceTime5K":1113,"raceTime10K":2387,"raceTimeHalf":5575,"raceTimeMarathon":12788},{"userProfilePK":99730076,"calendarDate":"2021-12-04","deviceId":3390587058,"timestamp":"2021-12-03T22:05:40.0","raceTime5K":1115,"raceTime10K":2391,"raceTimeHalf":5583,"raceTimeMarathon":12805},{"userProfilePK":99730076,"calendarDate":"2021-12-04","deviceId":3390587058,"timestamp":"2021-12-04T13:33:11.0","raceTime5K":1115,"raceTime10K":2391,"raceTimeHalf":5583,"raceTimeMarathon":12805},{"userProfilePK":99730076,"calendarDate":"2021-12-05","deviceId":3390587058,"timestamp":"2021-12-04T22:05:42.0","raceTime5K":1118,"raceTime10K":2398,"raceTimeHalf":5599,"raceTimeMarathon":12840},{"userProfilePK":99730076,"calendarDate":"2021-12-05","deviceId":3390587058,"timestamp":"2021-12-05T08:07:54.0","raceTime5K":1117,"raceTime10K":2394,"raceTimeHalf":5591,"raceTimeMarathon":12824},{"userProfilePK":99730076,"calendarDate":"2021-12-06","deviceId":3390587058,"timestamp":"2021-12-06T15:24:40.0","raceTime5K":1117,"raceTime10K":2394,"raceTimeHalf":5591,"raceTimeMarathon":12824},{"userProfilePK":99730076,"calendarDate":"2021-12-06","deviceId":3390587058,"timestamp":"2021-12-05T22:05:42.0","raceTime5K":1117,"raceTime10K":2394,"raceTimeHalf":5591,"raceTimeMarathon":12824},{"userProfilePK":99730076,"calendarDate":"2021-12-07","deviceId":3390587058,"timestamp":"2021-12-06T22:05:43.0","raceTime5K":1121,"raceTime10K":2404,"raceTimeHalf":5612,"raceTimeMarathon":12869},{"userProfilePK":99730076,"calendarDate":"2021-12-07","deviceId":3390587058,"timestamp":"2021-12-07T14:42:28.0","raceTime5K":1121,"raceTime10K":2406,"raceTimeHalf":5622,"raceTimeMarathon":12896},{"userProfilePK":99730076,"calendarDate":"2021-12-08","deviceId":3390587058,"timestamp":"2021-12-07T22:05:44.0","raceTime5K":1123,"raceTime10K":2411,"raceTimeHalf":5633,"raceTimeMarathon":12920},{"userProfilePK":99730076,"calendarDate":"2021-12-09","deviceId":3390587058,"timestamp":"2021-12-09T15:18:57.0","raceTime5K":1129,"raceTime10K":2415,"raceTimeHalf":5640,"raceTimeMarathon":13014},{"userProfilePK":99730076,"calendarDate":"2021-12-09","deviceId":3390587058,"timestamp":"2021-12-08T22:05:45.0","raceTime5K":1123,"raceTime10K":2411,"raceTimeHalf":5633,"raceTimeMarathon":12920},{"userProfilePK":99730076,"calendarDate":"2021-12-10","deviceId":3390587058,"timestamp":"2021-12-10T15:18:15.0","raceTime5K":1131,"raceTime10K":2418,"raceTimeHalf":5647,"raceTimeMarathon":13029},{"userProfilePK":99730076,"calendarDate":"2021-12-10","deviceId":3390587058,"timestamp":"2021-12-09T22:05:47.0","raceTime5K":1131,"raceTime10K":2418,"raceTimeHalf":5647,"raceTimeMarathon":13029},{"userProfilePK":99730076,"calendarDate":"2021-12-11","deviceId":3390587058,"timestamp":"2021-12-10T22:05:48.0","raceTime5K":1133,"raceTime10K":2422,"raceTimeHalf":5657,"raceTimeMarathon":13050},{"userProfilePK":99730076,"calendarDate":"2021-12-11","deviceId":3390587058,"timestamp":"2021-12-11T15:11:50.0","raceTime5K":1133,"raceTime10K":2422,"raceTimeHalf":5657,"raceTimeMarathon":13050},{"userProfilePK":99730076,"calendarDate":"2021-12-12","deviceId":3390587058,"timestamp":"2021-12-11T22:05:50.0","raceTime5K":1133,"raceTime10K":2422,"raceTimeHalf":5657,"raceTimeMarathon":13050},{"userProfilePK":99730076,"calendarDate":"2021-12-12","deviceId":3390587058,"timestamp":"2021-12-12T12:55:55.0","raceTime5K":1133,"raceTime10K":2422,"raceTimeHalf":5657,"raceTimeMarathon":13050},{"userProfilePK":99730076,"calendarDate":"2021-12-13","deviceId":3390587058,"timestamp":"2021-12-12T22:05:52.0","raceTime5K":1139,"raceTime10K":2435,"raceTimeHalf":5684,"raceTimeMarathon":13110},{"userProfilePK":99730076,"calendarDate":"2021-12-14","deviceId":3390587058,"timestamp":"2021-12-13T22:05:53.0","raceTime5K":1140,"raceTime10K":2436,"raceTimeHalf":5688,"raceTimeMarathon":13117},{"userProfilePK":99730076,"calendarDate":"2021-12-14","deviceId":3390587058,"timestamp":"2021-12-14T14:14:32.0","raceTime5K":1128,"raceTime10K":2411,"raceTimeHalf":5629,"raceTimeMarathon":12974},{"userProfilePK":99730076,"calendarDate":"2021-12-15","deviceId":3390587058,"timestamp":"2021-12-14T22:05:53.0","raceTime5K":1132,"raceTime10K":2420,"raceTimeHalf":5649,"raceTimeMarathon":13017},{"userProfilePK":99730076,"calendarDate":"2021-12-15","deviceId":3390587058,"timestamp":"2021-12-15T15:07:58.0","raceTime5K":1124,"raceTime10K":2404,"raceTimeHalf":5607,"raceTimeMarathon":12913},{"userProfilePK":99730076,"calendarDate":"2021-12-16","deviceId":3390587058,"timestamp":"2021-12-16T16:25:01.0","raceTime5K":1126,"raceTime10K":2408,"raceTimeHalf":5616,"raceTimeMarathon":12932},{"userProfilePK":99730076,"calendarDate":"2021-12-16","deviceId":3390587058,"timestamp":"2021-12-15T22:05:54.0","raceTime5K":1126,"raceTime10K":2408,"raceTimeHalf":5616,"raceTimeMarathon":12932},{"userProfilePK":99730076,"calendarDate":"2021-12-17","deviceId":3390587058,"timestamp":"2021-12-16T22:05:55.0","raceTime5K":1128,"raceTime10K":2410,"raceTimeHalf":5622,"raceTimeMarathon":12946},{"userProfilePK":99730076,"calendarDate":"2021-12-18","deviceId":3390587058,"timestamp":"2021-12-17T22:05:57.0","raceTime5K":1128,"raceTime10K":2410,"raceTimeHalf":5622,"raceTimeMarathon":12946},{"userProfilePK":99730076,"calendarDate":"2021-12-18","deviceId":3390587058,"timestamp":"2021-12-18T14:37:56.0","raceTime5K":1121,"raceTime10K":2393,"raceTimeHalf":5581,"raceTimeMarathon":12852},{"userProfilePK":99730076,"calendarDate":"2021-12-19","deviceId":3390587058,"timestamp":"2021-12-18T22:05:59.0","raceTime5K":1125,"raceTime10K":2402,"raceTimeHalf":5602,"raceTimeMarathon":12897},{"userProfilePK":99730076,"calendarDate":"2021-12-20","deviceId":3390587058,"timestamp":"2021-12-20T14:27:36.0","raceTime5K":1122,"raceTime10K":2395,"raceTimeHalf":5590,"raceTimeMarathon":12870},{"userProfilePK":99730076,"calendarDate":"2021-12-20","deviceId":3390587058,"timestamp":"2021-12-19T22:05:59.0","raceTime5K":1127,"raceTime10K":2405,"raceTimeHalf":5608,"raceTimeMarathon":12910},{"userProfilePK":99730076,"calendarDate":"2021-12-21","deviceId":3390587058,"timestamp":"2021-12-20T22:01:01.0","raceTime5K":1126,"raceTime10K":2404,"raceTimeHalf":5610,"raceTimeMarathon":12912},{"userProfilePK":99730076,"calendarDate":"2021-12-21","deviceId":3390587058,"timestamp":"2021-12-21T14:47:29.0","raceTime5K":1127,"raceTime10K":2406,"raceTimeHalf":5612,"raceTimeMarathon":12930},{"userProfilePK":99730076,"calendarDate":"2021-12-22","deviceId":3390587058,"timestamp":"2021-12-21T22:01:02.0","raceTime5K":1127,"raceTime10K":2407,"raceTimeHalf":5613,"raceTimeMarathon":12932},{"userProfilePK":99730076,"calendarDate":"2021-12-23","deviceId":3390587058,"timestamp":"2021-12-22T22:01:03.0","raceTime5K":1133,"raceTime10K":2419,"raceTimeHalf":5640,"raceTimeMarathon":12991},{"userProfilePK":99730076,"calendarDate":"2021-12-24","deviceId":3390587058,"timestamp":"2021-12-23T22:01:04.0","raceTime5K":1133,"raceTime10K":2419,"raceTimeHalf":5640,"raceTimeMarathon":12991},{"userProfilePK":99730076,"calendarDate":"2021-12-25","deviceId":3390587058,"timestamp":"2021-12-24T22:01:04.0","raceTime5K":1134,"raceTime10K":2421,"raceTimeHalf":5646,"raceTimeMarathon":13003},{"userProfilePK":99730076,"calendarDate":"2021-12-26","deviceId":3390587058,"timestamp":"2021-12-25T22:01:05.0","raceTime5K":1135,"raceTime10K":2424,"raceTimeHalf":5651,"raceTimeMarathon":13015},{"userProfilePK":99730076,"calendarDate":"2021-12-27","deviceId":3390587058,"timestamp":"2021-12-27T03:01:06.0","raceTime5K":1135,"raceTime10K":2424,"raceTimeHalf":5651,"raceTimeMarathon":13015},{"userProfilePK":99730076,"calendarDate":"2021-12-28","deviceId":3390587058,"timestamp":"2021-12-28T03:01:07.0","raceTime5K":1138,"raceTime10K":2429,"raceTimeHalf":5662,"raceTimeMarathon":13039},{"userProfilePK":99730076,"calendarDate":"2021-12-29","deviceId":3390587058,"timestamp":"2021-12-29T03:01:08.0","raceTime5K":1142,"raceTime10K":2438,"raceTimeHalf":5681,"raceTimeMarathon":13081},{"userProfilePK":99730076,"calendarDate":"2022-01-04","deviceId":3390587058,"timestamp":"2022-01-04T03:01:14.0","raceTime5K":1181,"raceTime10K":2536,"raceTimeHalf":5912,"raceTimeMarathon":13481},{"userProfilePK":99730076,"calendarDate":"2022-01-05","deviceId":3390587058,"timestamp":"2022-01-05T03:01:16.0","raceTime5K":1181,"raceTime10K":2540,"raceTimeHalf":5923,"raceTimeMarathon":13481},{"userProfilePK":99730076,"calendarDate":"2022-01-06","deviceId":3390587058,"timestamp":"2022-01-06T03:01:17.0","raceTime5K":1182,"raceTime10K":2544,"raceTimeHalf":5933,"raceTimeMarathon":13492},{"userProfilePK":99730076,"calendarDate":"2022-01-09","deviceId":3390587058,"timestamp":"2022-01-09T03:01:20.0","raceTime5K":1185,"raceTime10K":2552,"raceTimeHalf":5955,"raceTimeMarathon":13519},{"userProfilePK":99730076,"calendarDate":"2022-01-10","deviceId":3390587058,"timestamp":"2022-01-10T03:01:21.0","raceTime5K":1185,"raceTime10K":2556,"raceTimeHalf":5964,"raceTimeMarathon":13519},{"userProfilePK":99730076,"calendarDate":"2022-01-11","deviceId":3390587058,"timestamp":"2022-01-11T03:01:23.0","raceTime5K":1187,"raceTime10K":2563,"raceTimeHalf":5985,"raceTimeMarathon":13539},{"userProfilePK":99730076,"calendarDate":"2022-01-11","deviceId":3390587058,"timestamp":"2022-01-11T17:32:42.0","raceTime5K":1187,"raceTime10K":2563,"raceTimeHalf":5985,"raceTimeMarathon":13539},{"userProfilePK":99730076,"calendarDate":"2022-01-12","deviceId":3390587058,"timestamp":"2022-01-12T03:01:24.0","raceTime5K":1190,"raceTime10K":2570,"raceTimeHalf":6001,"raceTimeMarathon":13558},{"userProfilePK":99730076,"calendarDate":"2022-01-14","deviceId":3390587058,"timestamp":"2022-01-14T03:01:26.0","raceTime5K":1190,"raceTime10K":2572,"raceTimeHalf":6007,"raceTimeMarathon":13558},{"userProfilePK":99730076,"calendarDate":"2022-01-14","deviceId":3390587058,"timestamp":"2022-01-14T18:54:01.0","raceTime5K":1190,"raceTime10K":2572,"raceTimeHalf":6007,"raceTimeMarathon":13558},{"userProfilePK":99730076,"calendarDate":"2022-01-17","deviceId":3390587058,"timestamp":"2022-01-17T03:03:28.0","raceTime5K":1194,"raceTime10K":2581,"raceTimeHalf":6029,"raceTimeMarathon":13606},{"userProfilePK":99730076,"calendarDate":"2022-01-18","deviceId":3390587058,"timestamp":"2022-01-18T03:03:27.0","raceTime5K":1196,"raceTime10K":2584,"raceTimeHalf":6055,"raceTimeMarathon":13663},{"userProfilePK":99730076,"calendarDate":"2022-01-18","deviceId":3390587058,"timestamp":"2022-01-18T22:42:52.0","raceTime5K":1192,"raceTime10K":2576,"raceTimeHalf":6039,"raceTimeMarathon":13628},{"userProfilePK":99730076,"calendarDate":"2022-01-19","deviceId":3390587058,"timestamp":"2022-01-19T03:03:28.0","raceTime5K":1194,"raceTime10K":2580,"raceTimeHalf":6071,"raceTimeMarathon":13700},{"userProfilePK":99730076,"calendarDate":"2022-01-21","deviceId":3390587058,"timestamp":"2022-01-21T03:03:33.0","raceTime5K":1194,"raceTime10K":2584,"raceTimeHalf":6085,"raceTimeMarathon":13709},{"userProfilePK":99730076,"calendarDate":"2022-01-21","deviceId":3390587058,"timestamp":"2022-01-21T18:16:41.0","raceTime5K":1198,"raceTime10K":2593,"raceTimeHalf":6110,"raceTimeMarathon":13771},{"userProfilePK":99730076,"calendarDate":"2022-01-22","deviceId":3390587058,"timestamp":"2022-01-22T03:03:35.0","raceTime5K":1198,"raceTime10K":2596,"raceTimeHalf":6115,"raceTimeMarathon":13775},{"userProfilePK":99730076,"calendarDate":"2022-01-22","deviceId":3390587058,"timestamp":"2022-01-22T17:36:23.0","raceTime5K":1216,"raceTime10K":2637,"raceTimeHalf":6219,"raceTimeMarathon":14032},{"userProfilePK":99730076,"calendarDate":"2022-01-23","deviceId":3390587058,"timestamp":"2022-01-23T03:03:37.0","raceTime5K":1218,"raceTime10K":2644,"raceTimeHalf":6236,"raceTimeMarathon":14070},{"userProfilePK":99730076,"calendarDate":"2022-01-23","deviceId":3390587058,"timestamp":"2022-01-23T21:11:15.0","raceTime5K":1205,"raceTime10K":2618,"raceTimeHalf":6176,"raceTimeMarathon":13941},{"userProfilePK":99730076,"calendarDate":"2022-01-24","deviceId":3390587058,"timestamp":"2022-01-24T03:03:38.0","raceTime5K":1205,"raceTime10K":2621,"raceTimeHalf":6178,"raceTimeMarathon":13946},{"userProfilePK":99730076,"calendarDate":"2022-01-29","deviceId":3390587058,"timestamp":"2022-01-29T03:03:44.0","raceTime5K":1219,"raceTime10K":2663,"raceTimeHalf":6290,"raceTimeMarathon":14196},{"userProfilePK":99730076,"calendarDate":"2022-01-30","deviceId":3390587058,"timestamp":"2022-01-30T03:03:45.0","raceTime5K":1230,"raceTime10K":2689,"raceTimeHalf":6344,"raceTimeMarathon":14314},{"userProfilePK":99730076,"calendarDate":"2022-01-31","deviceId":3390587058,"timestamp":"2022-01-31T03:03:46.0","raceTime5K":1231,"raceTime10K":2691,"raceTimeHalf":6347,"raceTimeMarathon":14323},{"userProfilePK":99730076,"calendarDate":"2022-01-31","deviceId":3390587058,"timestamp":"2022-01-31T16:36:21.0","raceTime5K":1219,"raceTime10K":2664,"raceTimeHalf":6288,"raceTimeMarathon":14201},{"userProfilePK":99730076,"calendarDate":"2022-02-01","deviceId":3390587058,"timestamp":"2022-01-31T22:03:48.0","raceTime5K":1225,"raceTime10K":2680,"raceTimeHalf":6321,"raceTimeMarathon":14274},{"userProfilePK":99730076,"calendarDate":"2022-02-02","deviceId":3390587058,"timestamp":"2022-02-01T22:03:47.0","raceTime5K":1245,"raceTime10K":2724,"raceTimeHalf":6417,"raceTimeMarathon":14482},{"userProfilePK":99730076,"calendarDate":"2022-02-02","deviceId":3390587058,"timestamp":"2022-02-02T18:19:34.0","raceTime5K":1235,"raceTime10K":2702,"raceTimeHalf":6388,"raceTimeMarathon":14463},{"userProfilePK":99730076,"calendarDate":"2022-02-03","deviceId":3390587058,"timestamp":"2022-02-02T22:03:50.0","raceTime5K":1236,"raceTime10K":2702,"raceTimeHalf":6389,"raceTimeMarathon":14465},{"userProfilePK":99730076,"calendarDate":"2022-02-04","deviceId":3390587058,"timestamp":"2022-02-03T22:03:51.0","raceTime5K":1235,"raceTime10K":2701,"raceTimeHalf":6386,"raceTimeMarathon":14459},{"userProfilePK":99730076,"calendarDate":"2022-02-05","deviceId":3390587058,"timestamp":"2022-02-04T22:03:51.0","raceTime5K":1244,"raceTime10K":2725,"raceTimeHalf":6433,"raceTimeMarathon":14566},{"userProfilePK":99730076,"calendarDate":"2022-02-05","deviceId":3390587058,"timestamp":"2022-02-05T18:16:24.0","raceTime5K":1250,"raceTime10K":2740,"raceTimeHalf":6479,"raceTimeMarathon":14690},{"userProfilePK":99730076,"calendarDate":"2022-02-06","deviceId":3390587058,"timestamp":"2022-02-05T22:03:52.0","raceTime5K":1251,"raceTime10K":2741,"raceTimeHalf":6483,"raceTimeMarathon":14697},{"userProfilePK":99730076,"calendarDate":"2022-02-07","deviceId":3390587058,"timestamp":"2022-02-07T18:36:31.0","raceTime5K":1245,"raceTime10K":2722,"raceTimeHalf":6452,"raceTimeMarathon":14629},{"userProfilePK":99730076,"calendarDate":"2022-02-07","deviceId":3390587058,"timestamp":"2022-02-06T22:03:54.0","raceTime5K":1256,"raceTime10K":2754,"raceTimeHalf":6509,"raceTimeMarathon":14755},{"userProfilePK":99730076,"calendarDate":"2022-02-08","deviceId":3390587058,"timestamp":"2022-02-07T22:03:55.0","raceTime5K":1249,"raceTime10K":2734,"raceTimeHalf":6474,"raceTimeMarathon":14679}]