[{"userProfilePK":69302226,"calendarDate":"2018-12-15","deviceId":3969223260,"timestampGmt":"2018-12-15T14:11:36.0","sport":"RUNNING","subSport":"GENERIC","activityId":3226821596,"activityUuid":{"uuid":"9514f897-5012-4eae-a72e-ddc2668d4207"},"vo2MaxValue":53.0},{"userProfilePK":69302226,"calendarDate":"2018-12-17","deviceId":3969223260,"timestampGmt":"2018-12-17T09:28:21.0","sport":"RUNNING","subSport":"GENERIC","activityId":3231726718,"activityUuid":{"uuid":"bad834ca-0ae7-44df-8b83-0b6b7abc4407"},"vo2MaxValue":54.0},{"userProfilePK":69302226,"calendarDate":"2018-12-18","deviceId":3969223260,"timestampGmt":"2018-12-18T09:04:21.0","sport":"RUNNING","subSport":"GENERIC","activityId":3232168020,"activityUuid":{"uuid":"e6cf8981-60fc-4609-a710-85f943ed1312"},"vo2MaxValue":54.0},{"userProfilePK":69302226,"calendarDate":"2018-12-20","deviceId":3969223260,"timestampGmt":"2018-12-20T14:47:00.0","sport":"RUNNING","subSport":"GENERIC","activityId":3236652112,"activityUuid":{"uuid":"341358ff-be9d-45de-8a31-b25341957e74"},"vo2MaxValue":53.0},{"userProfilePK":69302226,"calendarDate":"2018-12-23","deviceId":3969223260,"timestampGmt":"2018-12-23T14:28:52.0","sport":"RUNNING","subSport":"GENERIC","activityId":3242479115,"activityUuid":{"uuid":"2113b27c-6b2f-4b0e-b3a9-882df348861f"},"vo2MaxValue":53.0},{"userProfilePK":69302226,"calendarDate":"2018-12-25","deviceId":3969223260,"timestampGmt":"2018-12-25T13:23:14.0","sport":"RUNNING","subSport":"GENERIC","activityId":3246360607,"activityUuid":{"uuid":"3b9b22f7-dd93-4d4b-a7f5-34e6becf4323"},"vo2MaxValue":52.0},{"userProfilePK":69302226,"calendarDate":"2018-12-26","deviceId":3969223260,"timestampGmt":"2018-12-26T14:51:49.0","sport":"RUNNING","subSport":"GENERIC","activityId":3248675445,"activityUuid":{"uuid":"a546c1e6-51b7-4b76-81f8-cb953cb1d306"},"vo2MaxValue":55.0},{"userProfilePK":69302226,"calendarDate":"2018-12-31","deviceId":3969223260,"timestampGmt":"2018-12-31T15:01:20.0","sport":"RUNNING","subSport":"GENERIC","activityId":3262622686,"activityUuid":{"uuid":"d4de052d-7f16-4a7d-bb7c-afcfaaaa567c"},"vo2MaxValue":55.0},{"userProfilePK":69302226,"calendarDate":"2019-01-02","deviceId":3969223260,"timestampGmt":"2019-01-02T14:46:14.0","sport":"RUNNING","subSport":"GENERIC","activityId":3266802955,"activityUuid":{"uuid":"0badb4d1-c7a9-43b4-82bb-cb65ae8fa158"},"vo2MaxValue":53.0},{"userProfilePK":69302226,"calendarDate":"2019-01-04","deviceId":3969223260,"timestampGmt":"2019-01-04T14:49:41.0","sport":"RUNNING","subSport":"GENERIC","activityId":3291104570,"activityUuid":{"uuid":"076be654-e9d0-4195-8fc9-b27b7c1a2ac2"},"vo2MaxValue":52.0},{"userProfilePK":69302226,"calendarDate":"2019-01-11","deviceId":3969223260,"timestampGmt":"2019-01-11T13:44:23.0","sport":"RUNNING","subSport":"GENERIC","activityId":3291105574,"activityUuid":{"uuid":"278d79a7-bf7b-46e3-887b-b61265bdd658"},"vo2MaxValue":51.0},{"userProfilePK":69302226,"calendarDate":"2019-01-13","deviceId":3969223260,"timestampGmt":"2019-01-13T15:02:35.0","sport":"RUNNING","subSport":"GENERIC","activityId":3304626295,"activityUuid":{"uuid":"fb9a09da-ad2a-4f1a-8927-353415dd7aad"},"vo2MaxValue":51.0},{"userProfilePK":69302226,"calendarDate":"2019-01-15","deviceId":3969223260,"timestampGmt":"2019-01-15T11:13:11.0","sport":"RUNNING","subSport":"GENERIC","activityId":3304627030,"activityUuid":{"uuid":"ec1bf99e-8699-433c-9752-ff522c59f8df"},"vo2MaxValue":50.0},{"userProfilePK":69302226,"calendarDate":"2019-01-19","deviceId":3969223260,"timestampGmt":"2019-01-19T16:33:04.0","sport":"RUNNING","subSport":"GENERIC","activityId":3313837025,"activityUuid":{"uuid":"7a756b3a-a2e8-4eb9-8365-c32b01d91057"},"vo2MaxValue":50.0},{"userProfilePK":69302226,"calendarDate":"2019-01-23","deviceId":3969223260,"timestampGmt":"2019-01-23T08:15:07.0","sport":"RUNNING","subSport":"GENERIC","activityId":3323461164,"activityUuid":{"uuid":"21bffee6-7947-403d-acb0-d01f32c214d5"},"vo2MaxValue":50.0},{"userProfilePK":69302226,"calendarDate":"2019-01-26","deviceId":3969223260,"timestampGmt":"2019-01-26T16:52:18.0","sport":"RUNNING","subSport":"GENERIC","activityId":3332365546,"activityUuid":{"uuid":"51877e2a-3615-4d03-b6c0-4d23f92f36d2"},"vo2MaxValue":52.0},{"userProfilePK":69302226,"calendarDate":"2019-01-28","deviceId":3969223260,"timestampGmt":"2019-01-28T16:30:13.0","sport":"RUNNING","subSport":"GENERIC","activityId":3337825229,"activityUuid":{"uuid":"17ca1e16-73ea-4543-afad-6fd464324a18"},"vo2MaxValue":53.0},{"userProfilePK":69302226,"calendarDate":"2019-01-29","deviceId":3969223260,"timestampGmt":"2019-01-29T12:59:32.0","sport":"RUNNING","subSport":"GENERIC","activityId":3339683403,"activityUuid":{"uuid":"9ce8e121-dec4-4466-a072-9d162b6d18df"},"vo2MaxValue":53.0},{"userProfilePK":69302226,"calendarDate":"2019-01-31","deviceId":3969223260,"timestampGmt":"2019-01-31T16:18:13.0","sport":"RUNNING","subSport":"GENERIC","activityId":3345227900,"activityUuid":{"uuid":"51032391-2562-47b7-995a-6ddcdf63ac54"},"vo2MaxValue":54.0},{"userProfilePK":69302226,"calendarDate":"2019-02-02","deviceId":3969223260,"timestampGmt":"2019-02-02T15:44:13.0","sport":"RUNNING","subSport":"GENERIC","activityId":3350196815,"activityUuid":{"uuid":"39f94054-b967-43e6-971b-1bd0cd066a9b"},"vo2MaxValue":54.0},{"userProfilePK":69302226,"calendarDate":"2019-02-03","deviceId":3969223260,"timestampGmt":"2019-02-03T15:52:48.0","sport":"RUNNING","subSport":"GENERIC","activityId":3353126587,"activityUuid":{"uuid":"b2f1885d-7b0a-40f4-aaeb-9d99eea4d6f7"},"vo2MaxValue":51.0},{"userProfilePK":69302226,"calendarDate":"2019-02-04","deviceId":3969223260,"timestampGmt":"2019-02-04T14:52:49.0","sport":"RUNNING","subSport":"GENERIC","activityId":3356289148,"activityUuid":{"uuid":"ab6b8e46-bad4-4200-80bb-9a2dcce35e29"},"vo2MaxValue":51.0},{"userProfilePK":69302226,"calendarDate":"2019-02-06","deviceId":3969223260,"timestampGmt":"2019-02-06T14:58:15.0","sport":"RUNNING","subSport":"GENERIC","activityId":3361426502,"activityUuid":{"uuid":"f52c4b4b-7464-4916-94cd-faec92749a26"},"vo2MaxValue":52.0},{"userProfilePK":69302226,"calendarDate":"2019-02-13","deviceId":3969223260,"timestampGmt":"2019-02-13T11:35:30.0","sport":"RUNNING","subSport":"GENERIC","activityId":3379455731,"activityUuid":{"uuid":"4e3e87ea-d6fe-4343-b471-0dc23aae0f61"},"vo2MaxValue":51.0},{"userProfilePK":69302226,"calendarDate":"2019-02-15","deviceId":3969223260,"timestampGmt":"2019-02-15T12:11:41.0","sport":"RUNNING","subSport":"GENERIC","activityId":3384817793,"activityUuid":{"uuid":"a6313df3-0d66-4075-9c92-a1d64036bc24"},"vo2MaxValue":51.0},{"userProfilePK":69302226,"calendarDate":"2019-02-17","deviceId":3969223260,"timestampGmt":"2019-02-17T15:36:47.0","sport":"RUNNING","subSport":"GENERIC","activityId":3391598281,"activityUuid":{"uuid":"12d9e0c5-b90f-4e37-b369-f6a6c89e4302"},"vo2MaxValue":51.0},{"userProfilePK":69302226,"calendarDate":"2019-02-19","deviceId":3969223260,"timestampGmt":"2019-02-19T15:33:43.0","sport":"RUNNING","subSport":"GENERIC","activityId":3397221162,"activityUuid":{"uuid":"9c0802bb-f4ec-4b91-87f7-7644dccadcec"},"vo2MaxValue":51.0},{"userProfilePK":69302226,"calendarDate":"2019-03-03","deviceId":3969223260,"timestampGmt":"2019-03-03T14:37:54.0","sport":"RUNNING","subSport":"GENERIC","activityId":3434046357,"activityUuid":{"uuid":"c5f69e67-74c6-4fa2-bba0-4be909d7ee72"},"vo2MaxValue":50.0},{"userProfilePK":69302226,"calendarDate":"2019-03-05","deviceId":3969223260,"timestampGmt":"2019-03-05T15:47:42.0","sport":"RUNNING","subSport":"GENERIC","activityId":3437073186,"activityUuid":{"uuid":"e1432a94-30ce-452f-90e9-fc9e8bc65a66"},"vo2MaxValue":51.0},{"userProfilePK":69302226,"calendarDate":"2019-03-07","deviceId":3969223260,"timestampGmt":"2019-03-07T12:40:39.0","sport":"RUNNING","subSport":"GENERIC","activityId":3441989457,"activityUuid":{"uuid":"31a718e7-4175-4ee9-adf1-d78b5cae3153"},"vo2MaxValue":50.0},{"userProfilePK":69302226,"calendarDate":"2019-03-11","deviceId":3969223260,"timestampGmt":"2019-03-11T15:42:41.0","sport":"RUNNING","subSport":"GENERIC","activityId":3453681252,"activityUuid":{"uuid":"4d6803ca-9401-4e20-bd89-96874830296e"},"vo2MaxValue":50.0},{"userProfilePK":69302226,"calendarDate":"2019-03-13","deviceId":3969223260,"timestampGmt":"2019-03-13T15:45:48.0","sport":"RUNNING","subSport":"GENERIC","activityId":3459276554,"activityUuid":{"uuid":"e9d76e8f-a124-4e3f-8b3e-b622c41fad88"},"vo2MaxValue":50.0},{"userProfilePK":69302226,"calendarDate":"2019-03-14","deviceId":3969223260,"timestampGmt":"2019-03-14T15:43:05.0","sport":"RUNNING","subSport":"GENERIC","activityId":3461975679,"activityUuid":{"uuid":"e4afe8de-75fc-4345-9336-1559f64a81ac"},"vo2MaxValue":50.0},{"userProfilePK":69302226,"calendarDate":"2019-03-18","deviceId":3969223260,"timestampGmt":"2019-03-18T15:59:09.0","sport":"RUNNING","subSport":"GENERIC","activityId":3473399889,"activityUuid":{"uuid":"dbfea199-0553-4bbe-8f21-a7af308bc698"},"vo2MaxValue":51.0},{"userProfilePK":69302226,"calendarDate":"2019-03-20","deviceId":3969223260,"timestampGmt":"2019-03-20T15:49:42.0","sport":"RUNNING","subSport":"GENERIC","activityId":3479350046,"activityUuid":{"uuid":"9c4cece3-d47a-4da3-97b2-4dd7d05c0a26"},"vo2MaxValue":52.0}]