[{"userProfilePK":69302226,"calendarDate":"2018-09-08","deviceId":3969223260,"timestampGmt":"2018-09-08T17:26:50.0","sport":"RUNNING","subSport":"GENERIC","activityId":2998994458,"activityUuid":{"uuid":"41983f04-9291-4c25-82bb-22a9aa60c5ae"},"vo2MaxValue":51.0},{"userProfilePK":69302226,"calendarDate":"2018-09-10","deviceId":3969223260,"timestampGmt":"2018-09-10T18:13:00.0","sport":"RUNNING","subSport":"GENERIC","activityId":3004118082,"activityUuid":{"uuid":"a91c1df4-0709-4f14-a607-8ab8f5ea8dcf"},"vo2MaxValue":51.0},{"userProfilePK":69302226,"calendarDate":"2018-09-12","deviceId":3969223260,"timestampGmt":"2018-09-12T14:26:13.0","sport":"RUNNING","subSport":"GENERIC","activityId":3008817587,"activityUuid":{"uuid":"8836b7ba-fd37-488a-8c13-2afbe8a299fb"},"vo2MaxValue":51.0},{"userProfilePK":69302226,"calendarDate":"2018-10-01","deviceId":3969223260,"timestampGmt":"2018-10-01T16:41:18.0","sport":"RUNNING","subSport":"GENERIC","activityId":3057172871,"activityUuid":{"uuid":"b19dba3e-bb99-4df4-ac1f-d1bce92ba2cd"},"vo2MaxValue":51.0},{"userProfilePK":69302226,"calendarDate":"2018-10-02","deviceId":3969223260,"timestampGmt":"2018-10-02T12:48:43.0","sport":"RUNNING","subSport":"GENERIC","activityId":3060482452,"activityUuid":{"uuid":"cf9289dc-c556-4194-9007-76f4d84f38cd"},"vo2MaxValue":51.0},{"userProfilePK":69302226,"calendarDate":"2018-10-03","deviceId":3969223260,"timestampGmt":"2018-10-03T16:41:49.0","sport":"RUNNING","subSport":"GENERIC","activityId":3063441205,"activityUuid":{"uuid":"2483a7eb-67f4-4151-91af-5ef9fe278ebc"},"vo2MaxValue":51.0},{"userProfilePK":69302226,"calendarDate":"2018-10-04","deviceId":3969223260,"timestampGmt":"2018-10-04T05:29:48.0","sport":"RUNNING","subSport":"GENERIC","activityId":3063441562,"activityUuid":{"uuid":"af4b9092-6bfc-456c-a383-d23e5c9b0437"},"vo2MaxValue":51.0},{"userProfilePK":69302226,"calendarDate":"2018-10-06","deviceId":3969223260,"timestampGmt":"2018-10-06T16:03:30.0","sport":"RUNNING","subSport":"GENERIC","activityId":3069344279,"activityUuid":{"uuid":"a3279b8c-020b-4e53-8e73-d687c2554966"},"vo2MaxValue":50.0},{"userProfilePK":69302226,"calendarDate":"2018-10-08","deviceId":3969223260,"timestampGmt":"2018-10-08T14:58:25.0","sport":"RUNNING","subSport":"GENERIC","activityId":3075781100,"activityUuid":{"uuid":"6ce6757d-7bf7-4363-8c27-84a06c5b0089"},"vo2MaxValue":50.0},{"userProfilePK":69302226,"calendarDate":"2018-10-09","deviceId":3969223260,"timestampGmt":"2018-10-09T15:27:39.0","sport":"RUNNING","subSport":"GENERIC","activityId":3076685649,"activityUuid":{"uuid":"9d82d2fd-129a-4e94-b0e0-af90862181b4"},"vo2MaxValue":50.0},{"userProfilePK":69302226,"calendarDate":"2018-10-11","deviceId":3969223260,"timestampGmt":"2018-10-11T14:57:16.0","sport":"RUNNING","subSport":"GENERIC","activityId":3081561228,"activityUuid":{"uuid":"edfc1ae1-0518-4a0b-bbaf-73f93c002e76"},"vo2MaxValue":50.0},{"userProfilePK":69302226,"calendarDate":"2018-10-14","deviceId":3969223260,"timestampGmt":"2018-10-14T07:57:17.0","sport":"RUNNING","subSport":"GENERIC","activityId":3092962654,"activityUuid":{"uuid":"81a29b7d-765a-4195-8440-b7e1c37b4cc7"},"vo2MaxValue":49.0},{"userProfilePK":69302226,"calendarDate":"2018-10-15","deviceId":3969223260,"timestampGmt":"2018-10-15T15:30:09.0","sport":"RUNNING","subSport":"GENERIC","activityId":3092978838,"activityUuid":{"uuid":"1bdd9d3d-bb9b-4663-a051-04392d20badf"},"vo2MaxValue":49.0},{"userProfilePK":69302226,"calendarDate":"2018-10-16","deviceId":3969223260,"timestampGmt":"2018-10-16T06:30:36.0","sport":"RUNNING","subSport":"GENERIC","activityId":3092978986,"activityUuid":{"uuid":"b1a98113-ca6b-4128-9d88-d78a9cf16f6e"},"vo2MaxValue":48.0},{"userProfilePK":69302226,"calendarDate":"2018-10-17","deviceId":3969223260,"timestampGmt":"2018-10-17T15:21:48.0","sport":"RUNNING","subSport":"GENERIC","activityId":3096355822,"activityUuid":{"uuid":"4cc8eafc-60d6-4f44-af16-9f0db17c0932"},"vo2MaxValue":48.0},{"userProfilePK":69302226,"calendarDate":"2018-10-18","deviceId":3969223260,"timestampGmt":"2018-10-18T07:38:41.0","sport":"RUNNING","subSport":"GENERIC","activityId":3097935725,"activityUuid":{"uuid":"b9e6f4ec-b592-4a44-8467-5681ec70baec"},"vo2MaxValue":48.0},{"userProfilePK":69302226,"calendarDate":"2018-10-22","deviceId":3969223260,"timestampGmt":"2018-10-22T16:18:37.0","sport":"RUNNING","subSport":"GENERIC","activityId":3109921668,"activityUuid":{"uuid":"6fe3fa4f-884a-4508-9bfb-a552b652b9a3"},"vo2MaxValue":49.0},{"userProfilePK":69302226,"calendarDate":"2018-10-23","deviceId":3969223260,"timestampGmt":"2018-10-23T06:44:54.0","sport":"RUNNING","subSport":"GENERIC","activityId":3109921957,"activityUuid":{"uuid":"8ed7afa5-d758-4534-bc80-7ddf682fcb94"},"vo2MaxValue":49.0},{"userProfilePK":69302226,"calendarDate":"2018-10-23","deviceId":3969223260,"timestampGmt":"2018-10-23T16:08:22.0","sport":"RUNNING","subSport":"GENERIC","activityId":3112411834,"activityUuid":{"uuid":"9812d445-1fe1-4751-831f-77628047c166"},"vo2MaxValue":49.0},{"userProfilePK":69302226,"calendarDate":"2018-10-27","deviceId":3969223260,"timestampGmt":"2018-10-27T13:28:53.0","sport":"RUNNING","subSport":"GENERIC","activityId":3119521520,"activityUuid":{"uuid":"1e52d70b-25f1-4369-8f90-754e036d23b8"},"vo2MaxValue":50.0},{"userProfilePK":69302226,"calendarDate":"2018-10-29","deviceId":3969223260,"timestampGmt":"2018-10-29T10:45:05.0","sport":"RUNNING","subSport":"GENERIC","activityId":3124032890,"activityUuid":{"uuid":"692ca33a-9c69-46f6-bf61-254c9de52c66"},"vo2MaxValue":50.0},{"userProfilePK":69302226,"calendarDate":"2018-11-02","deviceId":3969223260,"timestampGmt":"2018-11-02T15:17:28.0","sport":"RUNNING","subSport":"GENERIC","activityId":3133543370,"activityUuid":{"uuid":"4b0672d9-ce2f-45da-8a3b-2a67f0c927f1"},"vo2MaxValue":50.0},{"userProfilePK":69302226,"calendarDate":"2018-11-04","deviceId":3969223260,"timestampGmt":"2018-11-04T15:13:39.0","sport":"RUNNING","subSport":"GENERIC","activityId":3139842941,"activityUuid":{"uuid":"84aa3757-d4d5-4e4a-b057-ae31f3594a51"},"vo2MaxValue":51.0},{"userProfilePK":69302226,"calendarDate":"2018-11-05","deviceId":3969223260,"timestampGmt":"2018-11-05T07:28:08.0","sport":"RUNNING","subSport":"GENERIC","activityId":3139843332,"activityUuid":{"uuid":"40232cfb-119f-46c3-8442-52bbf7b03484"},"vo2MaxValue":51.0},{"userProfilePK":69302226,"calendarDate":"2018-11-05","deviceId":3969223260,"timestampGmt":"2018-11-05T15:49:17.0","sport":"RUNNING","subSport":"GENERIC","activityId":3143563942,"activityUuid":{"uuid":"7ac5c7e0-616a-4cd5-86e7-f37a6388233b"},"vo2MaxValue":51.0},{"userProfilePK":69302226,"calendarDate":"2018-11-07","deviceId":3969223260,"timestampGmt":"2018-11-07T15:26:54.0","sport":"RUNNING","subSport":"GENERIC","activityId":3145247636,"activityUuid":{"uuid":"8761fef3-a446-491b-99d8-123f7295a62c"},"vo2MaxValue":51.0},{"userProfilePK":69302226,"calendarDate":"2018-11-11","deviceId":3969223260,"timestampGmt":"2018-11-11T15:04:20.0","sport":"RUNNING","subSport":"GENERIC","activityId":3154239664,"activityUuid":{"uuid":"3a52b863-f7a1-43a8-9667-27cdb2c3c137"},"vo2MaxValue":51.0},{"userProfilePK":69302226,"calendarDate":"2018-11-12","deviceId":3969223260,"timestampGmt":"2018-11-12T15:16:53.0","sport":"RUNNING","subSport":"GENERIC","activityId":3156416295,"activityUuid":{"uuid":"0a70b1d4-5dd0-4212-9b5c-71ea834739bc"},"vo2MaxValue":52.0},{"userProfilePK":69302226,"calendarDate":"2018-11-15","deviceId":3969223260,"timestampGmt":"2018-11-15T16:38:40.0","sport":"RUNNING","subSport":"GENERIC","activityId":3163829824,"activityUuid":{"uuid":"0d966503-76a7-445a-a545-e611190bf02e"},"vo2MaxValue":52.0},{"userProfilePK":69302226,"calendarDate":"2018-11-18","deviceId":3969223260,"timestampGmt":"2018-11-18T14:41:59.0","sport":"RUNNING","subSport":"GENERIC","activityId":3169997355,"activityUuid":{"uuid":"8947cc20-3537-48df-afed-17c21c96e3d2"},"vo2MaxValue":52.0},{"userProfilePK":69302226,"calendarDate":"2018-11-20","deviceId":3969223260,"timestampGmt":"2018-11-20T15:08:58.0","sport":"RUNNING","subSport":"GENERIC","activityId":3177077533,"activityUuid":{"uuid":"6b48e2d3-e0f2-4dbf-863f-fe0c2d873a5e"},"vo2MaxValue":52.0},{"userProfilePK":69302226,"calendarDate":"2018-11-22","deviceId":3969223260,"timestampGmt":"2018-11-22T16:47:13.0","sport":"RUNNING","subSport":"GENERIC","activityId":3179249392,"activityUuid":{"uuid":"8dfd2580-3deb-4055-8b6b-a59e1b129f8c"},"vo2MaxValue":53.0},{"userProfilePK":69302226,"calendarDate":"2018-11-26","deviceId":3969223260,"timestampGmt":"2018-11-26T15:45:54.0","sport":"RUNNING","subSport":"GENERIC","activityId":3186949219,"activityUuid":{"uuid":"88d1a917-449e-4cbe-9c78-9af92c98863d"},"vo2MaxValue":54.0},{"userProfilePK":69302226,"calendarDate":"2018-11-28","deviceId":3969223260,"timestampGmt":"2018-11-28T15:17:10.0","sport":"RUNNING","subSport":"GENERIC","activityId":3191536343,"activityUuid":{"uuid":"aea353ec-400b-4cb6-8ae2-e72f5473ee03"},"vo2MaxValue":54.0},{"userProfilePK":69302226,"calendarDate":"2018-11-29","deviceId":3969223260,"timestampGmt":"2018-11-29T14:58:12.0","sport":"RUNNING","subSport":"GENERIC","activityId":3194671220,"activityUuid":{"uuid":"26eb8400-8ed2-44ae-93e0-86425f867484"},"vo2MaxValue":53.0},{"userProfilePK":69302226,"calendarDate":"2018-12-04","deviceId":3969223260,"timestampGmt":"2018-12-04T12:20:27.0","sport":"RUNNING","subSport":"GENERIC","activityId":3203504997,"activityUuid":{"uuid":"f3598cba-c76f-4d3e-b85b-e51dba42d4ff"},"vo2MaxValue":53.0},{"userProfilePK":69302226,"calendarDate":"2018-12-05","deviceId":3969223260,"timestampGmt":"2018-12-05T12:00:02.0","sport":"RUNNING","subSport":"GENERIC","activityId":3205723093,"activityUuid":{"uuid":"a8726663-ebdc-4eb3-bfe6-04030c7b112a"},"vo2MaxValue":52.0},{"userProfilePK":69302226,"calendarDate":"2018-12-07","deviceId":3969223260,"timestampGmt":"2018-12-07T12:48:44.0","sport":"RUNNING","subSport":"GENERIC","activityId":3209768514,"activityUuid":{"uuid":"72c54293-8a06-4602-9bc9-973dc44fe735"},"vo2MaxValue":53.0},{"userProfilePK":69302226,"calendarDate":"2018-12-12","deviceId":3969223260,"timestampGmt":"2018-12-12T12:48:57.0","sport":"RUNNING","subSport":"GENERIC","activityId":3220531262,"activityUuid":{"uuid":"7dcc9f20-6963-493b-9a95-460c66926ec1"},"vo2MaxValue":52.0},{"userProfilePK":69302226,"calendarDate":"2018-12-13","deviceId":3969223260,"timestampGmt":"2018-12-13T12:38:50.0","sport":"RUNNING","subSport":"GENERIC","activityId":3222301089,"activityUuid":{"uuid":"89001a1c-259d-4881-9574-abaf2bc4202a"},"vo2MaxValue":53.0},{"userProfilePK":69302226,"calendarDate":"2018-12-15","deviceId":3969223260,"timestampGmt":"2018-12-15T14:11:36.0","sport":"RUNNING","subSport":"GENERIC","activityId":3226821596,"activityUuid":{"uuid":"9514f897-5012-4eae-a72e-ddc2668d4207"},"vo2MaxValue":53.0}]