[{"userProfilePK":69302226,"calendarDate":"2019-07-09","deviceId":3969223260,"timestampGmt":"2019-07-09T07:16:38.0","sport":"RUNNING","subSport":"GENERIC","activityId":3826761797,"activityUuid":{"uuid":"3a66d617-f777-4ff0-94bc-13ee6f8d3c1c"},"vo2MaxValue":55.0},{"userProfilePK":69302226,"calendarDate":"2019-07-11","deviceId":3969223260,"timestampGmt":"2019-07-11T06:42:49.0","sport":"RUNNING","subSport":"GENERIC","activityId":3833751876,"activityUuid":{"uuid":"cc800f7b-f08e-45f2-b5ac-7af5833b5f03"},"vo2MaxValue":55.0},{"userProfilePK":69302226,"calendarDate":"2019-07-12","deviceId":3969223260,"timestampGmt":"2019-07-12T07:06:38.0","sport":"RUNNING","subSport":"GENERIC","activityId":3838500856,"activityUuid":{"uuid":"8f075acb-da28-4f65-aea8-9eb06a68e276"},"vo2MaxValue":55.0},{"userProfilePK":69302226,"calendarDate":"2019-07-13","deviceId":3969223260,"timestampGmt":"2019-07-13T19:07:32.0","sport":"RUNNING","subSport":"GENERIC","activityId":3841828781,"activityUuid":{"uuid":"d4935354-f780-49b0-b937-fed84f984212"},"vo2MaxValue":55.0},{"userProfilePK":69302226,"calendarDate":"2019-07-15","deviceId":3969223260,"timestampGmt":"2019-07-15T07:14:09.0","sport":"RUNNING","subSport":"GENERIC","activityId":3846825405,"activityUuid":{"uuid":"b67be3c1-29a2-4385-b25a-0ad91bec5928"},"vo2MaxValue":54.0},{"userProfilePK":69302226,"calendarDate":"2019-07-16","deviceId":3969223260,"timestampGmt":"2019-07-16T07:25:12.0","sport":"RUNNING","subSport":"GENERIC","activityId":3849955586,"activityUuid":{"uuid":"7be41033-a75d-465c-998b-09c96ae00b39"},"vo2MaxValue":54.0},{"userProfilePK":69302226,"calendarDate":"2019-07-17","deviceId":3969223260,"timestampGmt":"2019-07-17T07:25:57.0","sport":"RUNNING","subSport":"GENERIC","activityId":3853560851,"activityUuid":{"uuid":"b544ca31-7127-464e-bb15-9430e97ffaf9"},"vo2MaxValue":55.0},{"userProfilePK":69302226,"calendarDate":"2019-07-22","deviceId":3969223260,"timestampGmt":"2019-07-22T18:18:08.0","sport":"RUNNING","subSport":"GENERIC","activityId":3880523492,"activityUuid":{"uuid":"1ffc8e3a-75e7-4f04-9c4f-e9aa3969b5a5"},"vo2MaxValue":55.0},{"userProfilePK":69302226,"calendarDate":"2019-07-23","deviceId":3969223260,"timestampGmt":"2019-07-23T07:09:19.0","sport":"RUNNING","subSport":"GENERIC","activityId":3880523800,"activityUuid":{"uuid":"c65597cc-2a89-4d5a-808e-26466f54c3fb"},"vo2MaxValue":54.0},{"userProfilePK":69302226,"calendarDate":"2019-07-25","deviceId":3969223260,"timestampGmt":"2019-07-25T06:34:19.0","sport":"RUNNING","subSport":"GENERIC","activityId":3880524133,"activityUuid":{"uuid":"e284d818-a728-499c-bac7-72bfd97195e0"},"vo2MaxValue":55.0},{"userProfilePK":69302226,"calendarDate":"2019-07-26","deviceId":3969223260,"timestampGmt":"2019-07-26T19:20:24.0","sport":"RUNNING","subSport":"GENERIC","activityId":3885598705,"activityUuid":{"uuid":"391b1022-5543-48c7-a10b-1e03488f7610"},"vo2MaxValue":55.0},{"userProfilePK":69302226,"calendarDate":"2019-07-27","deviceId":3969223260,"timestampGmt":"2019-07-27T17:44:16.0","sport":"RUNNING","subSport":"GENERIC","activityId":3888683911,"activityUuid":{"uuid":"5e50eea3-ab83-4b82-9d52-6ab456445c47"},"vo2MaxValue":54.0},{"userProfilePK":69302226,"calendarDate":"2019-07-28","deviceId":3969223260,"timestampGmt":"2019-07-28T18:31:46.0","sport":"RUNNING","subSport":"GENERIC","activityId":3892510360,"activityUuid":{"uuid":"c4c9f83f-6a75-403d-b388-b9453d7dcc79"},"vo2MaxValue":54.0},{"userProfilePK":69302226,"calendarDate":"2019-07-31","deviceId":3969223260,"timestampGmt":"2019-07-31T17:35:31.0","sport":"RUNNING","subSport":"GENERIC","activityId":3902837606,"activityUuid":{"uuid":"4b654f92-4a21-42d6-9dee-6a5f7471b01b"},"vo2MaxValue":55.0},{"userProfilePK":69302226,"calendarDate":"2019-08-02","deviceId":3969223260,"timestampGmt":"2019-08-02T16:25:41.0","sport":"RUNNING","subSport":"GENERIC","activityId":3909403149,"activityUuid":{"uuid":"9c2e60c4-de4e-4ec9-b123-ed5485ec0990"},"vo2MaxValue":54.0},{"userProfilePK":69302226,"calendarDate":"2019-08-03","deviceId":3969223260,"timestampGmt":"2019-08-03T18:56:31.0","sport":"RUNNING","subSport":"GENERIC","activityId":3914223718,"activityUuid":{"uuid":"f413a7ad-bdac-49be-ac8e-26845014aecb"},"vo2MaxValue":54.0},{"userProfilePK":69302226,"calendarDate":"2019-08-07","deviceId":3969223260,"timestampGmt":"2019-08-07T07:40:52.0","sport":"RUNNING","subSport":"GENERIC","activityId":3925279680,"activityUuid":{"uuid":"d946d6c9-81e3-420f-8a37-2bde02179351"},"vo2MaxValue":54.0},{"userProfilePK":69302226,"calendarDate":"2019-08-08","deviceId":3969223260,"timestampGmt":"2019-08-08T07:40:57.0","sport":"RUNNING","subSport":"GENERIC","activityId":3928162618,"activityUuid":{"uuid":"4f42ac80-2529-4921-bf02-3313bb706914"},"vo2MaxValue":53.0},{"userProfilePK":69302226,"calendarDate":"2019-08-09","deviceId":3969223260,"timestampGmt":"2019-08-09T07:30:27.0","sport":"RUNNING","subSport":"GENERIC","activityId":3931574555,"activityUuid":{"uuid":"67a7a944-b607-431a-b897-114a34fd01de"},"vo2MaxValue":52.0},{"userProfilePK":69302226,"calendarDate":"2019-08-10","deviceId":3969223260,"timestampGmt":"2019-08-10T17:17:47.0","sport":"RUNNING","subSport":"GENERIC","activityId":3937038008,"activityUuid":{"uuid":"dd08d8b3-c464-4950-8cf3-33684f7de05b"},"vo2MaxValue":52.0},{"userProfilePK":69302226,"calendarDate":"2019-08-12","deviceId":3969223260,"timestampGmt":"2019-08-12T07:46:59.0","sport":"RUNNING","subSport":"GENERIC","activityId":3942508664,"activityUuid":{"uuid":"e8b73f62-fbcc-44f6-8dc2-e9bdc07f9fb2"},"vo2MaxValue":51.0},{"userProfilePK":69302226,"calendarDate":"2019-08-13","deviceId":3969223260,"timestampGmt":"2019-08-13T19:34:42.0","sport":"RUNNING","subSport":"GENERIC","activityId":3948755446,"activityUuid":{"uuid":"0b07dbdc-5abb-41cc-af4e-bf0be27582ab"},"vo2MaxValue":52.0},{"userProfilePK":69302226,"calendarDate":"2019-08-14","deviceId":3969223260,"timestampGmt":"2019-08-14T07:55:57.0","sport":"RUNNING","subSport":"GENERIC","activityId":3948756069,"activityUuid":{"uuid":"2ce25937-7686-421d-bc05-83db0112ce37"},"vo2MaxValue":52.0},{"userProfilePK":69302226,"calendarDate":"2019-08-15","deviceId":3969223260,"timestampGmt":"2019-08-15T07:31:48.0","sport":"RUNNING","subSport":"GENERIC","activityId":3952199211,"activityUuid":{"uuid":"de0206f1-ea90-4107-a63f-d16495dfb481"},"vo2MaxValue":53.0},{"userProfilePK":69302226,"calendarDate":"2019-08-17","deviceId":3969223260,"timestampGmt":"2019-08-17T19:45:16.0","sport":"RUNNING","subSport":"GENERIC","activityId":3961080376,"activityUuid":{"uuid":"4361f99c-27c9-48ef-9150-09e784e276e6"},"vo2MaxValue":51.0},{"userProfilePK":69302226,"calendarDate":"2019-08-20","deviceId":3969223260,"timestampGmt":"2019-08-20T10:20:25.0","sport":"RUNNING","subSport":"GENERIC","activityId":3969633724,"activityUuid":{"uuid":"eea01573-9fc0-48f3-8324-d016c96dfa05"},"vo2MaxValue":50.0},{"userProfilePK":69302226,"calendarDate":"2019-08-21","deviceId":3969223260,"timestampGmt":"2019-08-21T07:42:10.0","sport":"RUNNING","subSport":"GENERIC","activityId":3972890506,"activityUuid":{"uuid":"8b58861c-5391-482d-ab64-34b2e62a2ac1"},"vo2MaxValue":52.0},{"userProfilePK":69302226,"calendarDate":"2019-08-22","deviceId":3969223260,"timestampGmt":"2019-08-22T08:05:47.0","sport":"RUNNING","subSport":"GENERIC","activityId":3977261053,"activityUuid":{"uuid":"dc5f4cb3-69b8-4c2e-a500-82135a4ae113"},"vo2MaxValue":51.0},{"userProfilePK":69302226,"calendarDate":"2019-08-23","deviceId":3969223260,"timestampGmt":"2019-08-23T07:47:56.0","sport":"RUNNING","subSport":"GENERIC","activityId":3980065052,"activityUuid":{"uuid":"0f347b56-2cbb-45b8-a41a-e613080b40dc"},"vo2MaxValue":51.0},{"userProfilePK":69302226,"calendarDate":"2019-08-24","deviceId":3969223260,"timestampGmt":"2019-08-24T09:44:13.0","sport":"RUNNING","subSport":"GENERIC","activityId":3983451297,"activityUuid":{"uuid":"4f58461a-fa44-4887-a078-8b29e248c819"},"vo2MaxValue":50.0},{"userProfilePK":69302226,"calendarDate":"2019-08-25","deviceId":3969223260,"timestampGmt":"2019-08-25T09:34:11.0","sport":"RUNNING","subSport":"GENERIC","activityId":3988162762,"activityUuid":{"uuid":"4c100886-aa5b-48ff-a72d-237e4089e5dd"},"vo2MaxValue":50.0},{"userProfilePK":69302226,"calendarDate":"2019-08-27","deviceId":3969223260,"timestampGmt":"2019-08-27T08:16:46.0","sport":"RUNNING","subSport":"GENERIC","activityId":3994341512,"activityUuid":{"uuid":"b6b608e0-1ee5-4ed0-b12c-10028ee21c9c"},"vo2MaxValue":50.0},{"userProfilePK":69302226,"calendarDate":"2019-08-28","deviceId":3969223260,"timestampGmt":"2019-08-28T07:36:31.0","sport":"RUNNING","subSport":"GENERIC","activityId":3997912638,"activityUuid":{"uuid":"432ab515-6009-476b-8546-48e275c71a0f"},"vo2MaxValue":50.0},{"userProfilePK":69302226,"calendarDate":"2019-08-30","deviceId":3969223260,"timestampGmt":"2019-08-30T07:47:15.0","sport":"RUNNING","subSport":"GENERIC","activityId":4004682465,"activityUuid":{"uuid":"0528cae1-99c5-4404-bbe2-9a0b027190b9"},"vo2MaxValue":51.0},{"userProfilePK":69302226,"calendarDate":"2019-09-02","deviceId":3969223260,"timestampGmt":"2019-09-02T07:39:55.0","sport":"RUNNING","subSport":"GENERIC","activityId":4021961869,"activityUuid":{"uuid":"ecb7975e-90c0-496a-af67-ada934fe1c0d"},"vo2MaxValue":51.0},{"userProfilePK":69302226,"calendarDate":"2019-09-04","deviceId":3969223260,"timestampGmt":"2019-09-04T07:37:52.0","sport":"RUNNING","subSport":"GENERIC","activityId":4022149142,"activityUuid":{"uuid":"f0ebf683-1d72-478e-9ba6-d5f73bbc2ba7"},"vo2MaxValue":49.0},{"userProfilePK":69302226,"calendarDate":"2019-09-05","deviceId":3969223260,"timestampGmt":"2019-09-05T08:00:21.0","sport":"RUNNING","subSport":"GENERIC","activityId":4028830354,"activityUuid":{"uuid":"dac0e7f4-cece-4b3b-aaf6-13d5b7de22cf"},"vo2MaxValue":50.0},{"userProfilePK":69302226,"calendarDate":"2019-09-06","deviceId":3969223260,"timestampGmt":"2019-09-06T07:43:20.0","sport":"RUNNING","subSport":"GENERIC","activityId":4028981885,"activityUuid":{"uuid":"7d2c61f5-d401-424f-ab2d-5fefb21331b8"},"vo2MaxValue":50.0},{"userProfilePK":69302226,"calendarDate":"2019-09-07","deviceId":3969223260,"timestampGmt":"2019-09-07T18:29:49.0","sport":"RUNNING","subSport":"GENERIC","activityId":4034247984,"activityUuid":{"uuid":"00312eed-906f-4493-a9ec-9606f026dbae"},"vo2MaxValue":50.0},{"userProfilePK":69302226,"calendarDate":"2019-09-09","deviceId":3969223260,"timestampGmt":"2019-09-09T07:49:39.0","sport":"RUNNING","subSport":"GENERIC","activityId":4040732899,"activityUuid":{"uuid":"b4f69822-93a8-4e07-81e9-f6d19942394a"},"vo2MaxValue":51.0},{"userProfilePK":69302226,"calendarDate":"2019-09-10","deviceId":3969223260,"timestampGmt":"2019-09-10T07:46:22.0","sport":"RUNNING","subSport":"GENERIC","activityId":4043080988,"activityUuid":{"uuid":"2109d3c2-0c4b-4d56-80e6-cb0379e0998c"},"vo2MaxValue":50.0},{"userProfilePK":69302226,"calendarDate":"2019-09-11","deviceId":3969223260,"timestampGmt":"2019-09-11T07:55:19.0","sport":"RUNNING","subSport":"GENERIC","activityId":4046333289,"activityUuid":{"uuid":"0ebad61e-7b1a-4119-b710-760c3d863fd2"},"vo2MaxValue":51.0},{"userProfilePK":69302226,"calendarDate":"2019-09-13","deviceId":3969223260,"timestampGmt":"2019-09-13T07:48:58.0","sport":"RUNNING","subSport":"GENERIC","activityId":4096830661,"activityUuid":{"uuid":"abeaefa6-6211-4b31-ae75-10853c6c4996"},"vo2MaxValue":47.0},{"userProfilePK":69302226,"calendarDate":"2019-09-27","deviceId":3969223260,"timestampGmt":"2019-09-27T15:24:20.0","sport":"RUNNING","subSport":"GENERIC","activityId":4103186578,"activityUuid":{"uuid":"79ca718a-bc35-4cf7-97e1-6730b34d2474"},"vo2MaxValue":47.0}]