[{"userProfilePK":69302226,"calendarDate":"2019-03-26","deviceId":3969223260,"timestampGmt":"2019-03-26T15:17:38.0","sport":"RUNNING","subSport":"GENERIC","activityId":3497553448,"activityUuid":{"uuid":"96cc0900-beab-42b6-9927-cd40a9f8814b"},"vo2MaxValue":53.0},{"userProfilePK":69302226,"calendarDate":"2019-03-27","deviceId":3969223260,"timestampGmt":"2019-03-27T15:49:16.0","sport":"RUNNING","subSport":"GENERIC","activityId":3500693015,"activityUuid":{"uuid":"b00a4160-c491-4ac4-8b39-180e139cef29"},"vo2MaxValue":52.0},{"userProfilePK":69302226,"calendarDate":"2019-03-28","deviceId":3969223260,"timestampGmt":"2019-03-28T15:15:22.0","sport":"RUNNING","subSport":"GENERIC","activityId":3503595680,"activityUuid":{"uuid":"4fb4e8dd-4765-471b-b5bf-e94034938365"},"vo2MaxValue":52.0},{"userProfilePK":69302226,"calendarDate":"2019-03-29","deviceId":3969223260,"timestampGmt":"2019-03-29T15:06:37.0","sport":"RUNNING","subSport":"GENERIC","activityId":3506417341,"activityUuid":{"uuid":"61d3b0c4-f320-4e71-a52c-588e91e2c44f"},"vo2MaxValue":52.0},{"userProfilePK":69302226,"calendarDate":"2019-04-02","deviceId":3969223260,"timestampGmt":"2019-04-02T16:23:32.0","sport":"RUNNING","subSport":"GENERIC","activityId":3519357832,"activityUuid":{"uuid":"d05429ce-d693-4f7a-8b2c-5866d3d40344"},"vo2MaxValue":52.0},{"userProfilePK":69302226,"calendarDate":"2019-04-03","deviceId":3969223260,"timestampGmt":"2019-04-03T13:30:44.0","sport":"RUNNING","subSport":"GENERIC","activityId":3522043333,"activityUuid":{"uuid":"a4aada4a-e976-4930-bc03-7c6d6cbfa9ea"},"vo2MaxValue":53.0},{"userProfilePK":69302226,"calendarDate":"2019-04-04","deviceId":3969223260,"timestampGmt":"2019-04-04T16:21:23.0","sport":"RUNNING","subSport":"GENERIC","activityId":3525255861,"activityUuid":{"uuid":"fb251835-c269-49db-8908-9c8771eb19f0"},"vo2MaxValue":54.0},{"userProfilePK":69302226,"calendarDate":"2019-04-07","deviceId":3969223260,"timestampGmt":"2019-04-07T16:20:54.0","sport":"RUNNING","subSport":"GENERIC","activityId":3534958622,"activityUuid":{"uuid":"8a67c5d2-2131-448d-96d6-ffcd903c1a56"},"vo2MaxValue":54.0},{"userProfilePK":69302226,"calendarDate":"2019-04-08","deviceId":3969223260,"timestampGmt":"2019-04-08T16:21:02.0","sport":"RUNNING","subSport":"GENERIC","activityId":3537727691,"activityUuid":{"uuid":"d89f2f8b-370f-4736-9fd3-42be1a2babae"},"vo2MaxValue":54.0},{"userProfilePK":69302226,"calendarDate":"2019-04-10","deviceId":3969223260,"timestampGmt":"2019-04-10T16:10:20.0","sport":"RUNNING","subSport":"GENERIC","activityId":3543679772,"activityUuid":{"uuid":"906c4edf-fa36-4b43-bf2b-044cd8ccb33c"},"vo2MaxValue":53.0},{"userProfilePK":69302226,"calendarDate":"2019-04-11","deviceId":3969223260,"timestampGmt":"2019-04-11T16:16:25.0","sport":"RUNNING","subSport":"GENERIC","activityId":3546586349,"activityUuid":{"uuid":"b261f314-247a-4e3e-94f1-5f2376748d30"},"vo2MaxValue":53.0},{"userProfilePK":69302226,"calendarDate":"2019-04-12","deviceId":3969223260,"timestampGmt":"2019-04-12T16:21:45.0","sport":"RUNNING","subSport":"GENERIC","activityId":3549346244,"activityUuid":{"uuid":"6b8c30b5-dd45-4b3a-aab9-403c2142928e"},"vo2MaxValue":53.0},{"userProfilePK":69302226,"calendarDate":"2019-04-14","deviceId":3969223260,"timestampGmt":"2019-04-14T16:23:04.0","sport":"RUNNING","subSport":"GENERIC","activityId":3555827426,"activityUuid":{"uuid":"d9bd93e5-3d70-4c20-8fa3-51393f26f9cb"},"vo2MaxValue":53.0},{"userProfilePK":69302226,"calendarDate":"2019-04-17","deviceId":3969223260,"timestampGmt":"2019-04-17T16:15:26.0","sport":"RUNNING","subSport":"GENERIC","activityId":3564597915,"activityUuid":{"uuid":"4e25a7ae-a428-41b3-a66a-c4324a2dc518"},"vo2MaxValue":53.0},{"userProfilePK":69302226,"calendarDate":"2019-04-18","deviceId":3969223260,"timestampGmt":"2019-04-18T10:02:05.0","sport":"RUNNING","subSport":"GENERIC","activityId":3566667085,"activityUuid":{"uuid":"ebde9f67-420f-4d7e-95d1-cb7f7fd3b50c"},"vo2MaxValue":52.0},{"userProfilePK":69302226,"calendarDate":"2019-04-20","deviceId":3969223260,"timestampGmt":"2019-04-20T11:17:29.0","sport":"RUNNING","subSport":"GENERIC","activityId":3573022187,"activityUuid":{"uuid":"bba54c6f-1400-4eff-b4de-d1dfb61fe80a"},"vo2MaxValue":52.0},{"userProfilePK":69302226,"calendarDate":"2019-04-21","deviceId":3969223260,"timestampGmt":"2019-04-21T16:21:01.0","sport":"RUNNING","subSport":"GENERIC","activityId":3577407567,"activityUuid":{"uuid":"aaa21e3e-1f94-4bd4-81ed-3d96f7dac4a6"},"vo2MaxValue":53.0},{"userProfilePK":69302226,"calendarDate":"2019-04-23","deviceId":3969223260,"timestampGmt":"2019-04-23T15:11:00.0","sport":"RUNNING","subSport":"GENERIC","activityId":3583461469,"activityUuid":{"uuid":"0c15d3d2-00cd-4815-8504-70f6dd05db46"},"vo2MaxValue":52.0},{"userProfilePK":69302226,"calendarDate":"2019-04-24","deviceId":3969223260,"timestampGmt":"2019-04-24T16:26:25.0","sport":"RUNNING","subSport":"GENERIC","activityId":3586754805,"activityUuid":{"uuid":"4b45aa7c-25a5-47e8-970e-45be37d4ae28"},"vo2MaxValue":53.0},{"userProfilePK":69302226,"calendarDate":"2019-04-27","deviceId":3969223260,"timestampGmt":"2019-04-27T16:33:44.0","sport":"RUNNING","subSport":"GENERIC","activityId":3595791104,"activityUuid":{"uuid":"7d30dffb-fed0-4640-b27e-c1242f0f4698"},"vo2MaxValue":52.0},{"userProfilePK":69302226,"calendarDate":"2019-04-28","deviceId":3969223260,"timestampGmt":"2019-04-28T16:20:53.0","sport":"RUNNING","subSport":"GENERIC","activityId":3599208661,"activityUuid":{"uuid":"495ec445-c000-4dda-ba29-e007a7ac9459"},"vo2MaxValue":52.0},{"userProfilePK":69302226,"calendarDate":"2019-04-30","deviceId":3969223260,"timestampGmt":"2019-04-30T16:15:03.0","sport":"RUNNING","subSport":"GENERIC","activityId":3604934787,"activityUuid":{"uuid":"dc167480-d7c8-49f6-bbca-3632ffa18b04"},"vo2MaxValue":53.0},{"userProfilePK":69302226,"calendarDate":"2019-05-01","deviceId":3969223260,"timestampGmt":"2019-05-01T16:18:45.0","sport":"RUNNING","subSport":"GENERIC","activityId":3608698542,"activityUuid":{"uuid":"87e18f13-f63c-4d54-ba6e-8ce5490bf8fd"},"vo2MaxValue":53.0},{"userProfilePK":69302226,"calendarDate":"2019-05-03","deviceId":3969223260,"timestampGmt":"2019-05-03T16:38:10.0","sport":"RUNNING","subSport":"GENERIC","activityId":3614628772,"activityUuid":{"uuid":"74b0b275-b49a-4579-b2cc-1b89ffbb72a0"},"vo2MaxValue":52.0},{"userProfilePK":69302226,"calendarDate":"2019-05-05","deviceId":3969223260,"timestampGmt":"2019-05-05T16:16:53.0","sport":"RUNNING","subSport":"GENERIC","activityId":3621098493,"activityUuid":{"uuid":"0e1b70ba-f7ad-4221-8fb1-1d1b10841e6d"},"vo2MaxValue":53.0},{"userProfilePK":69302226,"calendarDate":"2019-05-07","deviceId":3969223260,"timestampGmt":"2019-05-07T16:35:21.0","sport":"RUNNING","subSport":"GENERIC","activityId":3627012769,"activityUuid":{"uuid":"ff2b570d-a4cd-4663-8994-5f8b27004c9c"},"vo2MaxValue":53.0},{"userProfilePK":69302226,"calendarDate":"2019-05-12","deviceId":3969223260,"timestampGmt":"2019-05-12T16:10:14.0","sport":"RUNNING","subSport":"GENERIC","activityId":3643080350,"activityUuid":{"uuid":"3858846f-e7b0-4d89-9c00-e35ff9caa98b"},"vo2MaxValue":52.0},{"userProfilePK":69302226,"calendarDate":"2019-05-14","deviceId":3969223260,"timestampGmt":"2019-05-14T17:22:05.0","sport":"RUNNING","subSport":"GENERIC","activityId":3648476722,"activityUuid":{"uuid":"aafabd88-e2d2-4cc1-a680-c0b826f59943"},"vo2MaxValue":53.0},{"userProfilePK":69302226,"calendarDate":"2019-05-15","deviceId":3969223260,"timestampGmt":"2019-05-15T12:01:32.0","sport":"RUNNING","subSport":"GENERIC","activityId":3653707775,"activityUuid":{"uuid":"d71ee204-f9ea-4b31-a703-bd52c150e3bc"},"vo2MaxValue":53.0},{"userProfilePK":69302226,"calendarDate":"2019-05-17","deviceId":3969223260,"timestampGmt":"2019-05-17T17:10:39.0","sport":"RUNNING","subSport":"GENERIC","activityId":3657733161,"activityUuid":{"uuid":"6f41cb84-5658-4f88-ba30-ccf23749f2b6"},"vo2MaxValue":53.0},{"userProfilePK":69302226,"calendarDate":"2019-05-20","deviceId":3969223260,"timestampGmt":"2019-05-20T18:53:01.0","sport":"RUNNING","subSport":"GENERIC","activityId":3668086753,"activityUuid":{"uuid":"a77fc521-5e4d-451d-b0b4-cd7f0a529b15"},"vo2MaxValue":53.0},{"userProfilePK":69302226,"calendarDate":"2019-05-21","deviceId":3969223260,"timestampGmt":"2019-05-21T19:41:49.0","sport":"RUNNING","subSport":"GENERIC","activityId":3670876154,"activityUuid":{"uuid":"bc33dbb4-b7d8-491c-8a86-96a9c2b15f7f"},"vo2MaxValue":55.0},{"userProfilePK":69302226,"calendarDate":"2019-05-22","deviceId":3969223260,"timestampGmt":"2019-05-22T19:42:46.0","sport":"RUNNING","subSport":"GENERIC","activityId":3674115867,"activityUuid":{"uuid":"5f362afb-8bcc-46e5-8a15-f617a1283a33"},"vo2MaxValue":55.0},{"userProfilePK":69302226,"calendarDate":"2019-05-27","deviceId":3969223260,"timestampGmt":"2019-05-27T18:14:20.0","sport":"RUNNING","subSport":"GENERIC","activityId":3689751630,"activityUuid":{"uuid":"02b192e1-c7ca-48c7-8a64-9efad8316813"},"vo2MaxValue":53.0},{"userProfilePK":69302226,"calendarDate":"2019-05-29","deviceId":3969223260,"timestampGmt":"2019-05-29T07:20:27.0","sport":"RUNNING","subSport":"GENERIC","activityId":3696958076,"activityUuid":{"uuid":"a5cfaf39-782b-4439-9ec9-1b0184aa4911"},"vo2MaxValue":54.0},{"userProfilePK":69302226,"calendarDate":"2019-05-30","deviceId":3969223260,"timestampGmt":"2019-05-30T07:21:21.0","sport":"RUNNING","subSport":"GENERIC","activityId":3697068387,"activityUuid":{"uuid":"1856b58e-768e-4df0-8fa7-7da147208a33"},"vo2MaxValue":53.0},{"userProfilePK":69302226,"calendarDate":"2019-06-01","deviceId":3969223260,"timestampGmt":"2019-06-01T18:28:15.0","sport":"RUNNING","subSport":"GENERIC","activityId":3705880062,"activityUuid":{"uuid":"f8919b77-943b-495c-a4de-b1db784ef8e9"},"vo2MaxValue":54.0},{"userProfilePK":69302226,"calendarDate":"2019-06-03","deviceId":3969223260,"timestampGmt":"2019-06-03T06:54:49.0","sport":"RUNNING","subSport":"GENERIC","activityId":3717524802,"activityUuid":{"uuid":"2d614fbe-8924-40b7-9b38-e7e802916ff1"},"vo2MaxValue":54.0},{"userProfilePK":69302226,"calendarDate":"2019-06-05","deviceId":3969223260,"timestampGmt":"2019-06-05T07:06:10.0","sport":"RUNNING","subSport":"GENERIC","activityId":3717525607,"activityUuid":{"uuid":"61c9655e-6a80-458b-8e4b-597200c5c90d"},"vo2MaxValue":54.0},{"userProfilePK":69302226,"calendarDate":"2019-06-06","deviceId":3969223260,"timestampGmt":"2019-06-06T07:05:50.0","sport":"RUNNING","subSport":"GENERIC","activityId":3720455218,"activityUuid":{"uuid":"7a99062a-6534-4059-a392-7e91499e2f82"},"vo2MaxValue":55.0},{"userProfilePK":69302226,"calendarDate":"2019-06-08","deviceId":3969223260,"timestampGmt":"2019-06-08T19:19:27.0","sport":"RUNNING","subSport":"GENERIC","activityId":3728658030,"activityUuid":{"uuid":"637471d8-f555-463e-b69e-a10463d56444"},"vo2MaxValue":55.0},{"userProfilePK":69302226,"calendarDate":"2019-06-10","deviceId":3969223260,"timestampGmt":"2019-06-10T07:07:24.0","sport":"RUNNING","subSport":"GENERIC","activityId":3734886685,"activityUuid":{"uuid":"e86e6ae2-c5b6-4c5a-996c-0e1eb0c0468a"},"vo2MaxValue":55.0},{"userProfilePK":69302226,"calendarDate":"2019-06-12","deviceId":3969223260,"timestampGmt":"2019-06-12T07:06:44.0","sport":"RUNNING","subSport":"GENERIC","activityId":3739636338,"activityUuid":{"uuid":"a391fbae-3851-4fdc-b21a-cd19be654ce3"},"vo2MaxValue":55.0},{"userProfilePK":69302226,"calendarDate":"2019-06-13","deviceId":3969223260,"timestampGmt":"2019-06-13T07:12:15.0","sport":"RUNNING","subSport":"GENERIC","activityId":3742838350,"activityUuid":{"uuid":"70e5c233-9189-456b-9adf-27699bdb5a04"},"vo2MaxValue":56.0},{"userProfilePK":69302226,"calendarDate":"2019-06-15","deviceId":3969223260,"timestampGmt":"2019-06-15T20:14:21.0","sport":"RUNNING","subSport":"GENERIC","activityId":3750995303,"activityUuid":{"uuid":"8d098245-6839-476f-9160-9cd2f6203d1e"},"vo2MaxValue":56.0},{"userProfilePK":69302226,"calendarDate":"2019-06-17","deviceId":3969223260,"timestampGmt":"2019-06-17T07:34:39.0","sport":"RUNNING","subSport":"GENERIC","activityId":3756023692,"activityUuid":{"uuid":"fa7e3d06-d3d6-425f-bbca-d0323f8e710a"},"vo2MaxValue":56.0},{"userProfilePK":69302226,"calendarDate":"2019-06-18","deviceId":3969223260,"timestampGmt":"2019-06-18T16:51:08.0","sport":"RUNNING","subSport":"GENERIC","activityId":3768675932,"activityUuid":{"uuid":"30642a81-9795-49fa-ba22-3e0ef6efa6ef"},"vo2MaxValue":55.0},{"userProfilePK":69302226,"calendarDate":"2019-06-21","deviceId":3969223260,"timestampGmt":"2019-06-21T16:09:43.0","sport":"RUNNING","subSport":"GENERIC","activityId":3769991219,"activityUuid":{"uuid":"978663a8-e42e-4183-b858-3498089ed6b7"},"vo2MaxValue":55.0},{"userProfilePK":69302226,"calendarDate":"2019-06-26","deviceId":3969223260,"timestampGmt":"2019-06-26T07:17:37.0","sport":"RUNNING","subSport":"GENERIC","activityId":3785848048,"activityUuid":{"uuid":"e597b936-42b0-46d3-886f-7c83f97e6f5f"},"vo2MaxValue":55.0},{"userProfilePK":69302226,"calendarDate":"2019-06-28","deviceId":3969223260,"timestampGmt":"2019-06-28T07:13:17.0","sport":"RUNNING","subSport":"GENERIC","activityId":3798894086,"activityUuid":{"uuid":"869ab16e-a668-448f-a99d-9a7ba0b84373"},"vo2MaxValue":55.0},{"userProfilePK":69302226,"calendarDate":"2019-06-30","deviceId":3969223260,"timestampGmt":"2019-06-30T18:01:44.0","sport":"RUNNING","subSport":"GENERIC","activityId":3799444390,"activityUuid":{"uuid":"abb33bf5-cd63-4b50-82ba-04d6d1fc8db6"},"vo2MaxValue":55.0}]