[{"userProfilePK":69302226,"calendarDate":"2018-05-29","deviceId":3969223260,"timestampGmt":"2018-05-29T16:14:30.0","sport":"RUNNING","subSport":"GENERIC","activityId":2738008480,"activityUuid":{"uuid":"7302d704-f132-4987-96e8-b0347a0ccc95"},"vo2MaxValue":51.0},{"userProfilePK":69302226,"calendarDate":"2018-05-31","deviceId":3969223260,"timestampGmt":"2018-05-31T16:18:40.0","sport":"RUNNING","subSport":"GENERIC","activityId":2741390926,"activityUuid":{"uuid":"fef6c5dc-e4d2-4ff0-8785-c4d53be794b5"},"vo2MaxValue":50.0},{"userProfilePK":69302226,"calendarDate":"2018-06-03","deviceId":3969223260,"timestampGmt":"2018-06-03T16:08:17.0","sport":"RUNNING","subSport":"GENERIC","activityId":2749286369,"activityUuid":{"uuid":"55ae3450-3065-4d05-bd53-12863c07098a"},"vo2MaxValue":50.0},{"userProfilePK":69302226,"calendarDate":"2018-06-05","deviceId":3969223260,"timestampGmt":"2018-06-05T16:16:01.0","sport":"RUNNING","subSport":"GENERIC","activityId":2754079123,"activityUuid":{"uuid":"ccca71cc-6d2c-463f-a2ed-4f4ee3f554a3"},"vo2MaxValue":50.0},{"userProfilePK":69302226,"calendarDate":"2018-06-07","deviceId":3969223260,"timestampGmt":"2018-06-07T16:17:00.0","sport":"RUNNING","subSport":"GENERIC","activityId":2759205419,"activityUuid":{"uuid":"9abdc8ff-44f7-4671-905e-561ed49bdd4a"},"vo2MaxValue":51.0},{"userProfilePK":69302226,"calendarDate":"2018-06-10","deviceId":3969223260,"timestampGmt":"2018-06-10T16:10:55.0","sport":"RUNNING","subSport":"GENERIC","activityId":2767024275,"activityUuid":{"uuid":"ab44a095-bd26-4ae5-99d2-cdb4506eab91"},"vo2MaxValue":51.0},{"userProfilePK":69302226,"calendarDate":"2018-06-13","deviceId":3969223260,"timestampGmt":"2018-06-13T16:18:58.0","sport":"RUNNING","subSport":"GENERIC","activityId":2774214957,"activityUuid":{"uuid":"18cfc63e-a9e1-42d8-826a-38bc0875b202"},"vo2MaxValue":51.0},{"userProfilePK":69302226,"calendarDate":"2018-06-17","deviceId":3969223260,"timestampGmt":"2018-06-17T09:16:22.0","sport":"RUNNING","subSport":"GENERIC","activityId":2784436442,"activityUuid":{"uuid":"3779cbff-6fe6-4d6d-b42a-fefbd7ec8c2b"},"vo2MaxValue":51.0},{"userProfilePK":69302226,"calendarDate":"2018-06-20","deviceId":3969223260,"timestampGmt":"2018-06-20T17:03:29.0","sport":"RUNNING","subSport":"GENERIC","activityId":2796095344,"activityUuid":{"uuid":"8a64c49c-26ee-40d6-8c5f-2baf3cfbaea9"},"vo2MaxValue":50.0},{"userProfilePK":69302226,"calendarDate":"2018-06-21","deviceId":3969223260,"timestampGmt":"2018-06-21T13:11:02.0","sport":"RUNNING","subSport":"GENERIC","activityId":2796097361,"activityUuid":{"uuid":"6c3583b0-4cba-407f-bc75-29bc0c1c25b0"},"vo2MaxValue":43.0},{"userProfilePK":69302226,"calendarDate":"2018-06-27","deviceId":3969223260,"timestampGmt":"2018-06-27T16:57:56.0","sport":"RUNNING","subSport":"GENERIC","activityId":2809532083,"activityUuid":{"uuid":"4b610907-0fe3-460b-af15-bef73cee39eb"},"vo2MaxValue":45.0},{"userProfilePK":69302226,"calendarDate":"2018-07-02","deviceId":3969223260,"timestampGmt":"2018-07-02T16:25:20.0","sport":"RUNNING","subSport":"GENERIC","activityId":2821059799,"activityUuid":{"uuid":"c9878cb4-9741-4227-9004-b07c92be695e"},"vo2MaxValue":47.0},{"userProfilePK":69302226,"calendarDate":"2018-07-04","deviceId":3969223260,"timestampGmt":"2018-07-04T16:28:59.0","sport":"RUNNING","subSport":"GENERIC","activityId":2826100151,"activityUuid":{"uuid":"34d6616a-846f-42e9-b7a8-c205a2216cdf"},"vo2MaxValue":47.0},{"userProfilePK":69302226,"calendarDate":"2018-07-13","deviceId":3969223260,"timestampGmt":"2018-07-13T17:41:18.0","sport":"RUNNING","subSport":"GENERIC","activityId":2848711913,"activityUuid":{"uuid":"8bdd230f-9f0c-40a5-a941-15c214c16881"},"vo2MaxValue":48.0},{"userProfilePK":69302226,"calendarDate":"2018-07-15","deviceId":3969223260,"timestampGmt":"2018-07-15T18:07:00.0","sport":"RUNNING","subSport":"GENERIC","activityId":2854253146,"activityUuid":{"uuid":"e8249693-50e6-4002-800d-3a8f9dbea181"},"vo2MaxValue":49.0},{"userProfilePK":69302226,"calendarDate":"2018-07-24","deviceId":3969223260,"timestampGmt":"2018-07-24T04:18:56.0","sport":"RUNNING","subSport":"GENERIC","activityId":2875999499,"activityUuid":{"uuid":"bdd08417-b92a-44e4-baae-39832787f400"},"vo2MaxValue":50.0},{"userProfilePK":69302226,"calendarDate":"2018-07-26","deviceId":3969223260,"timestampGmt":"2018-07-26T04:28:34.0","sport":"RUNNING","subSport":"GENERIC","activityId":2881067460,"activityUuid":{"uuid":"63ef8434-4232-474f-9bd2-c74b17424622"},"vo2MaxValue":50.0},{"userProfilePK":69302226,"calendarDate":"2018-07-28","deviceId":3969223260,"timestampGmt":"2018-07-28T17:19:34.0","sport":"RUNNING","subSport":"GENERIC","activityId":2887571402,"activityUuid":{"uuid":"720f7a6a-cfff-4880-9238-165cc55fc8fc"},"vo2MaxValue":50.0},{"userProfilePK":69302226,"calendarDate":"2018-08-04","deviceId":3969223260,"timestampGmt":"2018-08-04T19:33:29.0","sport":"RUNNING","subSport":"GENERIC","activityId":2906374714,"activityUuid":{"uuid":"9655cb95-17e0-4249-aef6-68ea6e875eea"},"vo2MaxValue":50.0},{"userProfilePK":69302226,"calendarDate":"2018-08-05","deviceId":3969223260,"timestampGmt":"2018-08-05T19:54:57.0","sport":"RUNNING","subSport":"GENERIC","activityId":2917174287,"activityUuid":{"uuid":"ef17a6ef-7816-45d7-b43a-ee1f111fb9b2"},"vo2MaxValue":51.0},{"userProfilePK":69302226,"calendarDate":"2018-08-08","deviceId":3969223260,"timestampGmt":"2018-08-08T18:03:38.0","sport":"RUNNING","subSport":"GENERIC","activityId":2917174753,"activityUuid":{"uuid":"117977e7-6cd6-4c69-8b2b-b21661bbbebe"},"vo2MaxValue":53.0},{"userProfilePK":69302226,"calendarDate":"2018-08-11","deviceId":3969223260,"timestampGmt":"2018-08-11T15:08:31.0","sport":"RUNNING","subSport":"GENERIC","activityId":2923933382,"activityUuid":{"uuid":"b05a3fa9-5219-4c58-9e71-327cf4353eed"},"vo2MaxValue":53.0},{"userProfilePK":69302226,"calendarDate":"2018-08-14","deviceId":3969223260,"timestampGmt":"2018-08-14T16:40:46.0","sport":"RUNNING","subSport":"GENERIC","activityId":2933669525,"activityUuid":{"uuid":"b6694911-9424-4eeb-a53c-4b4c808b68c3"},"vo2MaxValue":53.0},{"userProfilePK":69302226,"calendarDate":"2018-08-15","deviceId":3969223260,"timestampGmt":"2018-08-15T04:47:37.0","sport":"RUNNING","subSport":"GENERIC","activityId":2933670009,"activityUuid":{"uuid":"b8d1e324-644e-4501-9247-1437073adefb"},"vo2MaxValue":53.0},{"userProfilePK":69302226,"calendarDate":"2018-08-20","deviceId":3969223260,"timestampGmt":"2018-08-20T16:57:07.0","sport":"RUNNING","subSport":"GENERIC","activityId":2955492164,"activityUuid":{"uuid":"66a51b30-5d3e-4653-afda-6d84262b4804"},"vo2MaxValue":52.0},{"userProfilePK":69302226,"calendarDate":"2018-08-21","deviceId":3969223260,"timestampGmt":"2018-08-21T05:06:26.0","sport":"RUNNING","subSport":"GENERIC","activityId":2955492673,"activityUuid":{"uuid":"23f49806-4f1a-4a66-8433-c37ce0efb65d"},"vo2MaxValue":51.0},{"userProfilePK":69302226,"calendarDate":"2018-08-22","deviceId":3969223260,"timestampGmt":"2018-08-22T16:32:33.0","sport":"RUNNING","subSport":"GENERIC","activityId":2955493123,"activityUuid":{"uuid":"5ee4b710-4259-4dea-88d5-625c502e3011"},"vo2MaxValue":52.0},{"userProfilePK":69302226,"calendarDate":"2018-08-23","deviceId":3969223260,"timestampGmt":"2018-08-23T04:41:37.0","sport":"RUNNING","subSport":"GENERIC","activityId":2955493586,"activityUuid":{"uuid":"0c825a9c-b2bd-4ef5-a6d3-3994c8c6769d"},"vo2MaxValue":51.0},{"userProfilePK":69302226,"calendarDate":"2018-08-26","deviceId":3969223260,"timestampGmt":"2018-08-26T16:27:26.0","sport":"RUNNING","subSport":"GENERIC","activityId":2966057726,"activityUuid":{"uuid":"5cdd1685-86ec-45a4-ada1-ac6f0b6140f6"},"vo2MaxValue":51.0},{"userProfilePK":69302226,"calendarDate":"2018-08-28","deviceId":3969223260,"timestampGmt":"2018-08-28T16:46:49.0","sport":"RUNNING","subSport":"GENERIC","activityId":2971085968,"activityUuid":{"uuid":"b8150d38-5057-4b54-8523-d57f0b05b61f"},"vo2MaxValue":51.0},{"userProfilePK":69302226,"calendarDate":"2018-08-29","deviceId":3969223260,"timestampGmt":"2018-08-29T04:45:14.0","sport":"RUNNING","subSport":"GENERIC","activityId":2971086137,"activityUuid":{"uuid":"c646bd90-f0d7-4486-a4b5-06f3918e742f"},"vo2MaxValue":50.0}]