[{"userProfilePK":69302226,"calendarDate":"2019-10-15","deviceId":3969223260,"timestampGmt":"2019-10-15T07:26:36.0","sport":"RUNNING","subSport":"GENERIC","activityId":4197590112,"activityUuid":{"uuid":"45aa9643-266e-4461-b3f7-bf2700919972"},"vo2MaxValue":46.0},{"userProfilePK":69302226,"calendarDate":"2019-10-27","deviceId":3969223260,"timestampGmt":"2019-10-27T15:34:39.0","sport":"RUNNING","subSport":"GENERIC","activityId":4197591003,"activityUuid":{"uuid":"b43e7974-30b9-4059-9948-fb62ca818c18"},"vo2MaxValue":45.0},{"userProfilePK":69302226,"calendarDate":"2019-10-31","deviceId":3969223260,"timestampGmt":"2019-10-31T07:59:56.0","sport":"RUNNING","subSport":"GENERIC","activityId":4229666840,"activityUuid":{"uuid":"5e9391b5-d3c8-4c7f-90aa-685841e5949f"},"vo2MaxValue":46.0},{"userProfilePK":69302226,"calendarDate":"2019-11-03","deviceId":3969223260,"timestampGmt":"2019-11-03T16:25:04.0","sport":"RUNNING","subSport":"GENERIC","activityId":4229667050,"activityUuid":{"uuid":"b282ca51-0b2e-49c5-89d7-e13246839796"},"vo2MaxValue":45.0},{"userProfilePK":69302226,"calendarDate":"2019-11-05","deviceId":3969223260,"timestampGmt":"2019-11-05T09:54:51.0","sport":"RUNNING","subSport":"GENERIC","activityId":4229667248,"activityUuid":{"uuid":"a8f70333-6b06-4bd3-be61-28b478f2dea4"},"vo2MaxValue":46.0},{"userProfilePK":69302226,"calendarDate":"2019-11-09","deviceId":3969223260,"timestampGmt":"2019-11-09T11:00:19.0","sport":"RUNNING","subSport":"GENERIC","activityId":4241279483,"activityUuid":{"uuid":"6372071a-b69f-43e4-92f8-c28a9e038ccf"},"vo2MaxValue":47.0},{"userProfilePK":69302226,"calendarDate":"2019-11-10","deviceId":3969223260,"timestampGmt":"2019-11-10T16:16:54.0","sport":"RUNNING","subSport":"GENERIC","activityId":4241279734,"activityUuid":{"uuid":"a1e84d69-c77c-46fa-890d-04d62104831e"},"vo2MaxValue":47.0},{"userProfilePK":69302226,"calendarDate":"2019-11-12","deviceId":3969223260,"timestampGmt":"2019-11-12T09:05:46.0","sport":"RUNNING","subSport":"GENERIC","activityId":4245183589,"activityUuid":{"uuid":"1afdac11-1757-4593-a6af-32de793384ad"},"vo2MaxValue":47.0},{"userProfilePK":69302226,"calendarDate":"2019-11-14","deviceId":3969223260,"timestampGmt":"2019-11-14T09:05:44.0","sport":"RUNNING","subSport":"GENERIC","activityId":4250942588,"activityUuid":{"uuid":"b99ccf6f-7fce-4073-9c6d-173ad60ac0c6"},"vo2MaxValue":49.0},{"userProfilePK":69302226,"calendarDate":"2019-11-16","deviceId":3969223260,"timestampGmt":"2019-11-16T16:04:20.0","sport":"RUNNING","subSport":"GENERIC","activityId":4258547769,"activityUuid":{"uuid":"fe737ec3-2fc8-4239-bdc9-3723e6d31797"},"vo2MaxValue":49.0},{"userProfilePK":69302226,"calendarDate":"2019-11-17","deviceId":3969223260,"timestampGmt":"2019-11-17T15:56:44.0","sport":"RUNNING","subSport":"GENERIC","activityId":4261068405,"activityUuid":{"uuid":"c5181c6a-a7d4-4ae2-8d13-fa90435dbad5"},"vo2MaxValue":49.0},{"userProfilePK":69302226,"calendarDate":"2019-11-19","deviceId":3969223260,"timestampGmt":"2019-11-19T08:49:09.0","sport":"RUNNING","subSport":"GENERIC","activityId":4265352766,"activityUuid":{"uuid":"ecdd41e4-c20b-4fed-bbfb-588033f913d5"},"vo2MaxValue":50.0},{"userProfilePK":69302226,"calendarDate":"2019-11-20","deviceId":3969223260,"timestampGmt":"2019-11-20T08:20:31.0","sport":"RUNNING","subSport":"GENERIC","activityId":4268963742,"activityUuid":{"uuid":"8409f777-2ef7-4bec-b3f0-eb37a5324f65"},"vo2MaxValue":50.0},{"userProfilePK":69302226,"calendarDate":"2019-11-21","deviceId":3969223260,"timestampGmt":"2019-11-21T08:24:47.0","sport":"RUNNING","subSport":"GENERIC","activityId":4273205610,"activityUuid":{"uuid":"c8378248-4285-4c8c-a1ff-75ce72e0ed7e"},"vo2MaxValue":50.0},{"userProfilePK":69302226,"calendarDate":"2019-11-24","deviceId":3969223260,"timestampGmt":"2019-11-24T16:00:32.0","sport":"RUNNING","subSport":"GENERIC","activityId":4282991776,"activityUuid":{"uuid":"ecafb9f8-8047-44e0-b95b-ac0e4b374470"},"vo2MaxValue":51.0},{"userProfilePK":69302226,"calendarDate":"2019-11-28","deviceId":3969223260,"timestampGmt":"2019-11-28T08:41:39.0","sport":"RUNNING","subSport":"GENERIC","activityId":4294283909,"activityUuid":{"uuid":"962a6769-0152-4cdd-829b-a1c3fb17b451"},"vo2MaxValue":51.0},{"userProfilePK":69302226,"calendarDate":"2019-11-29","deviceId":3969223260,"timestampGmt":"2019-11-29T08:37:20.0","sport":"RUNNING","subSport":"GENERIC","activityId":4294284262,"activityUuid":{"uuid":"5d3021c8-e809-48ba-88d6-0a4ff5b8cd7c"},"vo2MaxValue":51.0},{"userProfilePK":69302226,"calendarDate":"2019-11-30","deviceId":3969223260,"timestampGmt":"2019-11-30T15:31:06.0","sport":"RUNNING","subSport":"GENERIC","activityId":4298841355,"activityUuid":{"uuid":"56bb34a4-7647-457e-82e0-785f0ee8af4a"},"vo2MaxValue":51.0},{"userProfilePK":69302226,"calendarDate":"2019-12-01","deviceId":3969223260,"timestampGmt":"2019-12-01T15:51:57.0","sport":"RUNNING","subSport":"GENERIC","activityId":4301914930,"activityUuid":{"uuid":"e2b5311e-6955-4156-a6eb-e7d3536cb78e"},"vo2MaxValue":51.0}]