[{"userProfilePK":95173854,"calendarDate":{"date":"Sep 27, 2021 12:00:00 AM"},"persistedTimestampGMT":{"date":"Sep 27, 2021 5:57:38 PM"},"timestampLocal":{"date":"Sep 27, 2021 5:40:10 PM"},"hydrationSource":"GARMIN_ACTIVITY","valueInML":0.0,"activityId":7563481660,"capped":false,"estimatedSweatLossInML":0.0,"measuredSweatLossInML":0.0,"duration":0.0},{"userProfilePK":95173854,"calendarDate":{"date":"Oct 15, 2021 12:00:00 AM"},"persistedTimestampGMT":{"date":"Oct 15, 2021 4:13:58 PM"},"timestampLocal":{"date":"Oct 15, 2021 5:40:21 PM"},"hydrationSource":"GARMIN_ACTIVITY","valueInML":0.0,"activityId":7661859836,"capped":false,"estimatedSweatLossInML":0.0,"measuredSweatLossInML":0.0,"duration":0.0},{"userProfilePK":95173854,"calendarDate":{"date":"Oct 22, 2021 12:00:00 AM"},"persistedTimestampGMT":{"date":"Oct 22, 2021 3:55:17 PM"},"timestampLocal":{"date":"Oct 22, 2021 5:33:14 PM"},"hydrationSource":"GARMIN_ACTIVITY","valueInML":0.0,"activityId":7698727688,"capped":false,"estimatedSweatLossInML":0.0,"measuredSweatLossInML":0.0,"duration":0.0}]