{"id":389548960,"profileId":95173854,"displayName":"6a95cf0a-6e11-43fc-a447-c36faf2daa54","fullName":"Keren Boguslavsky","userName":"kerenboguslavsky@gmail.com","profileImageUrlLarge":"https://s3.amazonaws.com/garmin-connect-prod/profile_images/cc2863d4-ba64-4e69-bcc8-09c0b9325299-95173854.png","profileImageUrlMedium":"https://s3.amazonaws.com/garmin-connect-prod/profile_images/72e73e5e-dacf-47a3-a4d1-a5b7560cdfc7-95173854.png","profileImageUrlSmall":"https://s3.amazonaws.com/garmin-connect-prod/profile_images/844adb28-edf3-4251-8efd-6a4b125c14f0-95173854.png","runningTrainingSpeed":0.0,"cyclingTrainingSpeed":0.0,"cyclingMaxAvgPower":0.0,"swimmingTrainingSpeed":0.0,"profileVisibility":"groups","activityStartVisibility":"public","activityMapVisibility":"public","courseVisibility":"public","activityHeartRateVisibility":"public","activityPowerVisibility":"public","badgeVisibility":"groups","showAge":false,"showWeight":false,"showHeight":false,"showWeightClass":false,"showAgeRange":false,"showGender":false,"showActivityClass":false,"showVO2Max":false,"showPersonalRecords":true,"showLast12Months":true,"showLifetimeTotals":true,"showUpcomingEvents":true,"showRecentFavorites":true,"showRecentDevice":true,"showRecentGear":false,"showBadges":true,"nameApproved":true,"makeGolfScorecardsPrivate":true,"allowGolfLiveScoring":false,"allowGolfScoringByConnections":true,"userLevel":2,"userPoint":54,"levelUpdateDate":"2021-04-26T19:13:29.0","levelIsViewed":false,"levelUpdateDateGMT":"2021-04-26T19:13:29.0","userPro":false}