[{"userProfilePK":95173854,"calendarDate":{"date":"Apr 20, 2021 12:00:00 AM"},"uuid":"95cba33441cc45a0a23d1066e766d71f","durationInMilliseconds":86400000,"totalKilocalories":2103.0,"activeKilocalories":314.0,"bmrKilocalories":1789.0,"wellnessKilocalories":1789.0,"burnedKilocalories":314.0,"consumedKilocalories":1583.0,"remainingKilocalories":520.0,"wellnessTotalKilocalories":1789.0,"wellnessActiveKilocalories":0.0,"totalSteps":0,"dailyStepGoal":10000,"netCalorieGoal":1518,"totalDistanceMeters":0,"wellnessDistanceMeters":0,"wellnessStartTimeGmt":{"date":"Apr 19, 2021 9:00:00 PM"},"wellnessEndTimeGmt":{"date":"Apr 20, 2021 9:00:00 PM"},"wellnessStartTimeLocal":{"date":"Apr 20, 2021 12:00:00 AM"},"wellnessEndTimeLocal":{"date":"Apr 21, 2021 12:00:00 AM"},"highlyActiveSeconds":0,"activeSeconds":0,"moderateIntensityMinutes":0,"vigorousIntensityMinutes":0,"userIntensityMinutesGoal":150,"userFloorsAscendedGoal":10,"includesWellnessData":true,"includesActivityData":true,"includesCalorieConsumedData":true,"includesSingleMeasurement":false,"includesContinuousMeasurement":false,"includesAllDayPulseOx":false,"includesSleepPulseOx":false,"source":0,"allDayStress":{"userProfilePK":95173854,"calendarDate":{"date":"Apr 20, 2021 12:00:00 AM"},"aggregatorList":[{"type":"TOTAL","averageStressLevel":-1,"averageStressLevelIntensity":-1,"maxStressLevel":0,"stressIntensityCount":0,"stressOffWristCount":176,"stressTooActiveCount":0,"totalStressCount":176,"totalStressIntensity":0,"stressDuration":0,"restDuration":0,"activityDuration":0,"uncategorizedDuration":10560,"totalDuration":10560,"lowDuration":0,"mediumDuration":0,"highDuration":0},{"type":"AWAKE","averageStressLevel":-1,"averageStressLevelIntensity":-1,"maxStressLevel":0,"stressIntensityCount":0,"stressOffWristCount":176,"stressTooActiveCount":0,"totalStressCount":176,"totalStressIntensity":0,"stressDuration":0,"restDuration":0,"activityDuration":0,"uncategorizedDuration":10560,"totalDuration":10560,"lowDuration":0,"mediumDuration":0,"highDuration":0},{"type":"ASLEEP","averageStressLevel":-2,"averageStressLevelIntensity":-2,"maxStressLevel":0,"stressIntensityCount":0,"stressOffWristCount":0,"stressTooActiveCount":0,"totalStressCount":0,"totalStressIntensity":0,"stressDuration":0,"restDuration":0,"activityDuration":0,"uncategorizedDuration":0,"totalDuration":0,"lowDuration":0,"mediumDuration":0,"highDuration":0}]},"version":76020005},{"userProfilePK":95173854,"calendarDate":{"date":"Apr 21, 2021 12:00:00 AM"},"uuid":"ad6d529e779f4c42aa314064462b54ee","durationInMilliseconds":86400000,"totalKilocalories":2013.0,"activeKilocalories":224.0,"bmrKilocalories":1789.0,"wellnessKilocalories":2013.0,"consumedKilocalories":1915.0,"remainingKilocalories":98.0,"wellnessTotalKilocalories":2013.0,"wellnessActiveKilocalories":224.0,"totalSteps":2822,"dailyStepGoal":10000,"netCalorieGoal":1518,"totalDistanceMeters":2158,"wellnessDistanceMeters":2158,"wellnessStartTimeGmt":{"date":"Apr 20, 2021 9:00:00 PM"},"wellnessEndTimeGmt":{"date":"Apr 21, 2021 9:00:00 PM"},"wellnessStartTimeLocal":{"date":"Apr 21, 2021 12:00:00 AM"},"wellnessEndTimeLocal":{"date":"Apr 22, 2021 12:00:00 AM"},"highlyActiveSeconds":497,"activeSeconds":2698,"moderateIntensityMinutes":4,"vigorousIntensityMinutes":19,"userIntensityMinutesGoal":150,"userFloorsAscendedGoal":10,"minHeartRate":58,"maxHeartRate":176,"restingHeartRate":67,"currentDayRestingHeartRate":67,"restingHeartRateTimestamp":"Apr 21, 2021 9:00:00 PM","includesWellnessData":true,"includesActivityData":true,"includesCalorieConsumedData":true,"includesSingleMeasurement":false,"includesContinuousMeasurement":false,"includesAllDayPulseOx":false,"includesSleepPulseOx":false,"source":0,"allDayStress":{"userProfilePK":95173854,"calendarDate":{"date":"Apr 21, 2021 12:00:00 AM"},"aggregatorList":[{"type":"TOTAL","averageStressLevel":30,"averageStressLevelIntensity":24,"maxStressLevel":78,"stressIntensityCount":108,"stressOffWristCount":1067,"stressTooActiveCount":68,"totalStressCount":1243,"totalStressIntensity":715,"stressDuration":3240,"restDuration":3240,"activityDuration":4080,"uncategorizedDuration":64020,"totalDuration":74580,"lowDuration":2100,"mediumDuration":1080,"highDuration":60},{"type":"AWAKE","averageStressLevel":30,"averageStressLevelIntensity":24,"maxStressLevel":78,"stressIntensityCount":108,"stressOffWristCount":1067,"stressTooActiveCount":68,"totalStressCount":1243,"totalStressIntensity":715,"stressDuration":3240,"restDuration":3240,"activityDuration":4080,"uncategorizedDuration":64020,"totalDuration":74580,"lowDuration":2100,"mediumDuration":1080,"highDuration":60},{"type":"ASLEEP","averageStressLevel":-2,"averageStressLevelIntensity":-2,"maxStressLevel":0,"stressIntensityCount":0,"stressOffWristCount":0,"stressTooActiveCount":0,"totalStressCount":0,"totalStressIntensity":0,"stressDuration":0,"restDuration":0,"activityDuration":0,"uncategorizedDuration":0,"totalDuration":0,"lowDuration":0,"mediumDuration":0,"highDuration":0}]},"bodyBattery":{"userProfilePK":95173854,"calendarDate":{"date":"Apr 21, 2021 12:00:00 AM"},"chargedValue":5,"drainedValue":15,"bodyBatteryVersion":1.0,"bodyBatteryStatList":[{"bodyBatteryStatType":"HIGHEST","statsValue":46,"bodyBatteryStatus":"MEASURED","statTimestamp":{"date":"Apr 21, 2021 1:47:00 PM"}},{"bodyBatteryStatType":"LOWEST","statsValue":32,"bodyBatteryStatus":"MEASURED","statTimestamp":{"date":"Apr 21, 2021 5:00:00 PM"}},{"bodyBatteryStatType":"MOSTRECENT","statsValue":32,"bodyBatteryStatus":"MEASURED","statTimestamp":{"date":"Apr 21, 2021 5:34:00 PM"}}]},"minAvgHeartRate":60,"maxAvgHeartRate":173,"version":82800003},{"userProfilePK":95173854,"calendarDate":{"date":"Apr 22, 2021 12:00:00 AM"},"uuid":"3696918695e64d2896bb019e5bbe8318","durationInMilliseconds":86400000,"totalKilocalories":2289.0,"activeKilocalories":500.0,"bmrKilocalories":1789.0,"wellnessKilocalories":2289.0,"consumedKilocalories":2056.0,"remainingKilocalories":233.0,"wellnessTotalKilocalories":2289.0,"wellnessActiveKilocalories":500.0,"totalSteps":5961,"dailyStepGoal":8570,"netCalorieGoal":1518,"totalDistanceMeters":4644,"wellnessDistanceMeters":4644,"wellnessStartTimeGmt":{"date":"Apr 21, 2021 9:00:00 PM"},"wellnessEndTimeGmt":{"date":"Apr 22, 2021 9:00:00 PM"},"wellnessStartTimeLocal":{"date":"Apr 22, 2021 12:00:00 AM"},"wellnessEndTimeLocal":{"date":"Apr 23, 2021 12:00:00 AM"},"highlyActiveSeconds":2175,"activeSeconds":6518,"moderateIntensityMinutes":11,"vigorousIntensityMinutes":32,"userIntensityMinutesGoal":150,"userFloorsAscendedGoal":10,"minHeartRate":59,"maxHeartRate":177,"restingHeartRate":67,"currentDayRestingHeartRate":66,"restingHeartRateTimestamp":"Apr 22, 2021 9:00:00 PM","includesWellnessData":true,"includesActivityData":true,"includesCalorieConsumedData":true,"includesSingleMeasurement":false,"includesContinuousMeasurement":false,"includesAllDayPulseOx":false,"includesSleepPulseOx":false,"source":0,"allDayStress":{"userProfilePK":95173854,"calendarDate":{"date":"Apr 22, 2021 12:00:00 AM"},"aggregatorList":[{"type":"TOTAL","averageStressLevel":28,"averageStressLevelIntensity":23,"maxStressLevel":98,"stressIntensityCount":365,"stressOffWristCount":932,"stressTooActiveCount":139,"totalStressCount":1436,"totalStressIntensity":3825,"stressDuration":7260,"restDuration":14640,"activityDuration":8340,"uncategorizedDuration":55920,"totalDuration":86160,"lowDuration":4080,"mediumDuration":2160,"highDuration":1020},{"type":"AWAKE","averageStressLevel":28,"averageStressLevelIntensity":23,"maxStressLevel":98,"stressIntensityCount":365,"stressOffWristCount":932,"stressTooActiveCount":139,"totalStressCount":1436,"totalStressIntensity":3825,"stressDuration":7260,"restDuration":14640,"activityDuration":8340,"uncategorizedDuration":55920,"totalDuration":86160,"lowDuration":4080,"mediumDuration":2160,"highDuration":1020},{"type":"ASLEEP","averageStressLevel":-2,"averageStressLevelIntensity":-2,"maxStressLevel":0,"stressIntensityCount":0,"stressOffWristCount":0,"stressTooActiveCount":0,"totalStressCount":0,"totalStressIntensity":0,"stressDuration":0,"restDuration":0,"activityDuration":0,"uncategorizedDuration":0,"totalDuration":0,"lowDuration":0,"mediumDuration":0,"highDuration":0}]},"bodyBattery":{"userProfilePK":95173854,"calendarDate":{"date":"Apr 22, 2021 12:00:00 AM"},"chargedValue":12,"drainedValue":48,"bodyBatteryVersion":1.0,"bodyBatteryStatList":[{"bodyBatteryStatType":"HIGHEST","statsValue":85,"bodyBatteryStatus":"MEASURED","statTimestamp":{"date":"Apr 22, 2021 6:56:00 AM"}},{"bodyBatteryStatType":"LOWEST","statsValue":48,"bodyBatteryStatus":"MEASURED","statTimestamp":{"date":"Apr 22, 2021 4:14:00 PM"}},{"bodyBatteryStatType":"MOSTRECENT","statsValue":48,"bodyBatteryStatus":"MEASURED","statTimestamp":{"date":"Apr 22, 2021 4:27:00 PM"}}]},"minAvgHeartRate":61,"maxAvgHeartRate":168,"version":74160002},{"userProfilePK":95173854,"calendarDate":{"date":"Apr 23, 2021 12:00:00 AM"},"uuid":"95684ac956b04528988dfb09365e762d","durationInMilliseconds":86400000,"totalKilocalories":2457.0,"activeKilocalories":668.0,"bmrKilocalories":1789.0,"wellnessKilocalories":2457.0,"consumedKilocalories":2793.0,"remainingKilocalories":-336.0,"wellnessTotalKilocalories":2457.0,"wellnessActiveKilocalories":668.0,"totalSteps":8809,"dailyStepGoal":8050,"netCalorieGoal":1518,"totalDistanceMeters":6545,"wellnessDistanceMeters":6545,"wellnessStartTimeGmt":{"date":"Apr 22, 2021 9:00:00 PM"},"wellnessEndTimeGmt":{"date":"Apr 23, 2021 9:00:00 PM"},"wellnessStartTimeLocal":{"date":"Apr 23, 2021 12:00:00 AM"},"wellnessEndTimeLocal":{"date":"Apr 24, 2021 12:00:00 AM"},"highlyActiveSeconds":522,"activeSeconds":8015,"moderateIntensityMinutes":17,"vigorousIntensityMinutes":41,"userIntensityMinutesGoal":150,"userFloorsAscendedGoal":10,"minHeartRate":61,"maxHeartRate":180,"restingHeartRate":68,"currentDayRestingHeartRate":71,"restingHeartRateTimestamp":"Apr 23, 2021 9:00:00 PM","includesWellnessData":true,"includesActivityData":true,"includesCalorieConsumedData":true,"includesSingleMeasurement":false,"includesContinuousMeasurement":false,"includesAllDayPulseOx":false,"includesSleepPulseOx":false,"source":0,"allDayStress":{"userProfilePK":95173854,"calendarDate":{"date":"Apr 23, 2021 12:00:00 AM"},"aggregatorList":[{"type":"TOTAL","averageStressLevel":25,"averageStressLevelIntensity":22,"maxStressLevel":88,"stressIntensityCount":331,"stressOffWristCount":980,"stressTooActiveCount":128,"totalStressCount":1439,"totalStressIntensity":4256,"stressDuration":5280,"restDuration":14580,"activityDuration":7680,"uncategorizedDuration":58800,"totalDuration":86340,"lowDuration":3660,"mediumDuration":1500,"highDuration":120},{"type":"AWAKE","averageStressLevel":25,"averageStressLevelIntensity":22,"maxStressLevel":88,"stressIntensityCount":331,"stressOffWristCount":980,"stressTooActiveCount":128,"totalStressCount":1439,"totalStressIntensity":4256,"stressDuration":5280,"restDuration":14580,"activityDuration":7680,"uncategorizedDuration":58800,"totalDuration":86340,"lowDuration":3660,"mediumDuration":1500,"highDuration":120},{"type":"ASLEEP","averageStressLevel":-2,"averageStressLevelIntensity":-2,"maxStressLevel":0,"stressIntensityCount":0,"stressOffWristCount":0,"stressTooActiveCount":0,"totalStressCount":0,"totalStressIntensity":0,"stressDuration":0,"restDuration":0,"activityDuration":0,"uncategorizedDuration":0,"totalDuration":0,"lowDuration":0,"mediumDuration":0,"highDuration":0}]},"bodyBattery":{"userProfilePK":95173854,"calendarDate":{"date":"Apr 23, 2021 12:00:00 AM"},"chargedValue":21,"drainedValue":36,"bodyBatteryVersion":1.0,"bodyBatteryStatList":[{"bodyBatteryStatType":"HIGHEST","statsValue":76,"bodyBatteryStatus":"RESET","statTimestamp":{"date":"Apr 23, 2021 5:24:00 AM"}},{"bodyBatteryStatType":"LOWEST","statsValue":30,"bodyBatteryStatus":"RESET","statTimestamp":{"date":"Apr 23, 2021 4:50:00 PM"}},{"bodyBatteryStatType":"MOSTRECENT","statsValue":38,"bodyBatteryStatus":"MEASURED","statTimestamp":{"date":"Apr 23, 2021 6:57:00 PM"}}]},"minAvgHeartRate":62,"maxAvgHeartRate":170,"version":38520003},{"userProfilePK":95173854,"calendarDate":{"date":"Apr 24, 2021 12:00:00 AM"},"uuid":"4755fa3fec184772b783771413e3ff0b","durationInMilliseconds":86400000,"totalKilocalories":2570.0,"activeKilocalories":781.0,"bmrKilocalories":1789.0,"wellnessKilocalories":2570.0,"remainingKilocalories":2570.0,"wellnessTotalKilocalories":2570.0,"wellnessActiveKilocalories":781.0,"totalSteps":15442,"dailyStepGoal":8130,"netCalorieGoal":1518,"totalDistanceMeters":13346,"wellnessDistanceMeters":13346,"wellnessStartTimeGmt":{"date":"Apr 23, 2021 9:00:00 PM"},"wellnessEndTimeGmt":{"date":"Apr 24, 2021 9:00:00 PM"},"wellnessStartTimeLocal":{"date":"Apr 24, 2021 12:00:00 AM"},"wellnessEndTimeLocal":{"date":"Apr 25, 2021 12:00:00 AM"},"highlyActiveSeconds":4705,"activeSeconds":3970,"moderateIntensityMinutes":2,"vigorousIntensityMinutes":57,"userIntensityMinutesGoal":150,"userFloorsAscendedGoal":10,"minHeartRate":46,"maxHeartRate":186,"restingHeartRate":67,"currentDayRestingHeartRate":64,"restingHeartRateTimestamp":"Apr 24, 2021 9:00:00 PM","includesWellnessData":true,"includesActivityData":true,"includesCalorieConsumedData":false,"includesSingleMeasurement":false,"includesContinuousMeasurement":false,"includesAllDayPulseOx":false,"includesSleepPulseOx":false,"source":0,"allDayStress":{"userProfilePK":95173854,"calendarDate":{"date":"Apr 24, 2021 12:00:00 AM"},"aggregatorList":[{"type":"TOTAL","averageStressLevel":18,"averageStressLevelIntensity":16,"maxStressLevel":82,"stressIntensityCount":226,"stressOffWristCount":1073,"stressTooActiveCount":137,"totalStressCount":1436,"totalStressIntensity":8708,"stressDuration":2220,"restDuration":11340,"activityDuration":8220,"uncategorizedDuration":64380,"totalDuration":86160,"lowDuration":960,"mediumDuration":1020,"highDuration":240},{"type":"AWAKE","averageStressLevel":18,"averageStressLevelIntensity":16,"maxStressLevel":82,"stressIntensityCount":226,"stressOffWristCount":1073,"stressTooActiveCount":137,"totalStressCount":1436,"totalStressIntensity":8708,"stressDuration":2220,"restDuration":11340,"activityDuration":8220,"uncategorizedDuration":64380,"totalDuration":86160,"lowDuration":960,"mediumDuration":1020,"highDuration":240},{"type":"ASLEEP","averageStressLevel":-2,"averageStressLevelIntensity":-2,"maxStressLevel":0,"stressIntensityCount":0,"stressOffWristCount":0,"stressTooActiveCount":0,"totalStressCount":0,"totalStressIntensity":0,"stressDuration":0,"restDuration":0,"activityDuration":0,"uncategorizedDuration":0,"totalDuration":0,"lowDuration":0,"mediumDuration":0,"highDuration":0}]},"bodyBattery":{"userProfilePK":95173854,"calendarDate":{"date":"Apr 24, 2021 12:00:00 AM"},"chargedValue":28,"drainedValue":38,"bodyBatteryVersion":1.0,"bodyBatteryStatList":[{"bodyBatteryStatType":"HIGHEST","statsValue":67,"bodyBatteryStatus":"MEASURED","statTimestamp":{"date":"Apr 24, 2021 4:06:00 PM"}},{"bodyBatteryStatType":"LOWEST","statsValue":36,"bodyBatteryStatus":"MEASURED","statTimestamp":{"date":"Apr 24, 2021 5:27:00 PM"}},{"bodyBatteryStatType":"MOSTRECENT","statsValue":36,"bodyBatteryStatus":"MEASURED","statTimestamp":{"date":"Apr 24, 2021 5:35:00 PM"}}]},"minAvgHeartRate":52,"maxAvgHeartRate":185,"version":73800002},{"userProfilePK":95173854,"calendarDate":{"date":"Apr 25, 2021 12:00:00 AM"},"uuid":"5372f65f82d34e2d8883a959136bfeac","durationInMilliseconds":86400000,"totalKilocalories":2426.0,"activeKilocalories":637.0,"bmrKilocalories":1789.0,"wellnessKilocalories":2426.0,"consumedKilocalories":2293.0,"remainingKilocalories":133.0,"wellnessTotalKilocalories":2426.0,"wellnessActiveKilocalories":637.0,"totalSteps":8831,"dailyStepGoal":9600,"netCalorieGoal":1518,"totalDistanceMeters":6569,"wellnessDistanceMeters":6569,"wellnessStartTimeGmt":{"date":"Apr 24, 2021 9:00:00 PM"},"wellnessEndTimeGmt":{"date":"Apr 25, 2021 9:00:00 PM"},"wellnessStartTimeLocal":{"date":"Apr 25, 2021 12:00:00 AM"},"wellnessEndTimeLocal":{"date":"Apr 26, 2021 12:00:00 AM"},"highlyActiveSeconds":1740,"activeSeconds":9016,"moderateIntensityMinutes":25,"vigorousIntensityMinutes":47,"userIntensityMinutesGoal":150,"userFloorsAscendedGoal":10,"minHeartRate":51,"maxHeartRate":187,"restingHeartRate":66,"currentDayRestingHeartRate":61,"restingHeartRateTimestamp":"Apr 25, 2021 9:00:00 PM","includesWellnessData":true,"includesActivityData":true,"includesCalorieConsumedData":true,"includesSingleMeasurement":false,"includesContinuousMeasurement":false,"includesAllDayPulseOx":false,"includesSleepPulseOx":false,"source":0,"allDayStress":{"userProfilePK":95173854,"calendarDate":{"date":"Apr 25, 2021 12:00:00 AM"},"aggregatorList":[{"type":"TOTAL","averageStressLevel":17,"averageStressLevelIntensity":16,"maxStressLevel":80,"stressIntensityCount":513,"stressOffWristCount":679,"stressTooActiveCount":248,"totalStressCount":1440,"totalStressIntensity":20205,"stressDuration":4080,"restDuration":26700,"activityDuration":14880,"uncategorizedDuration":40740,"totalDuration":86400,"lowDuration":3180,"mediumDuration":780,"highDuration":120},{"type":"AWAKE","averageStressLevel":17,"averageStressLevelIntensity":16,"maxStressLevel":80,"stressIntensityCount":464,"stressOffWristCount":678,"stressTooActiveCount":248,"totalStressCount":1390,"totalStressIntensity":17871,"stressDuration":4020,"restDuration":23820,"activityDuration":14880,"uncategorizedDuration":40680,"totalDuration":83400,"lowDuration":3120,"mediumDuration":780,"highDuration":120},{"type":"ASLEEP","averageStressLevel":13,"averageStressLevelIntensity":13,"maxStressLevel":26,"stressIntensityCount":49,"stressOffWristCount":1,"stressTooActiveCount":0,"totalStressCount":50,"totalStressIntensity":2334,"stressDuration":60,"restDuration":2880,"activityDuration":0,"uncategorizedDuration":60,"totalDuration":3000,"lowDuration":60,"mediumDuration":0,"highDuration":0}]},"bodyBattery":{"userProfilePK":95173854,"calendarDate":{"date":"Apr 25, 2021 12:00:00 AM"},"chargedValue":35,"drainedValue":46,"bodyBatteryVersion":1.0,"bodyBatteryStatList":[{"bodyBatteryStatType":"HIGHEST","statsValue":95,"bodyBatteryStatus":"MEASURED","statTimestamp":{"date":"Apr 25, 2021 9:23:00 AM"}},{"bodyBatteryStatType":"LOWEST","statsValue":33,"bodyBatteryStatus":"RESET","statTimestamp":{"date":"Apr 25, 2021 7:41:00 PM"}},{"bodyBatteryStatType":"MOSTRECENT","statsValue":40,"bodyBatteryStatus":"MEASURED","statTimestamp":{"date":"Apr 25, 2021 9:00:00 PM"}},{"bodyBatteryStatType":"ENDOFDAY","statsValue":33,"bodyBatteryStatus":"MEASURED","statTimestamp":{"date":"Apr 25, 2021 8:11:00 PM"}}]},"minAvgHeartRate":53,"maxAvgHeartRate":186,"version":76020005},{"userProfilePK":95173854,"calendarDate":{"date":"Apr 26, 2021 12:00:00 AM"},"uuid":"e41845cf87204ac79a4dfc763f0c1f6e","durationInMilliseconds":86400000,"totalKilocalories":2705.0,"activeKilocalories":916.0,"bmrKilocalories":1789.0,"wellnessKilocalories":2705.0,"consumedKilocalories":2472.0,"remainingKilocalories":233.0,"wellnessTotalKilocalories":2705.0,"wellnessActiveKilocalories":916.0,"totalSteps":20891,"dailyStepGoal":9530,"netCalorieGoal":1518,"totalDistanceMeters":17206,"wellnessDistanceMeters":17206,"wellnessStartTimeGmt":{"date":"Apr 25, 2021 9:00:00 PM"},"wellnessEndTimeGmt":{"date":"Apr 26, 2021 9:00:00 PM"},"wellnessStartTimeLocal":{"date":"Apr 26, 2021 12:00:00 AM"},"wellnessEndTimeLocal":{"date":"Apr 27, 2021 12:00:00 AM"},"highlyActiveSeconds":5535,"activeSeconds":11630,"moderateIntensityMinutes":3,"vigorousIntensityMinutes":59,"userIntensityMinutesGoal":150,"userFloorsAscendedGoal":10,"minHeartRate":56,"maxHeartRate":176,"restingHeartRate":65,"currentDayRestingHeartRate":60,"restingHeartRateTimestamp":"Apr 26, 2021 9:00:00 PM","includesWellnessData":true,"includesActivityData":true,"includesCalorieConsumedData":true,"includesSingleMeasurement":false,"includesContinuousMeasurement":false,"includesAllDayPulseOx":false,"includesSleepPulseOx":false,"source":0,"allDayStress":{"userProfilePK":95173854,"calendarDate":{"date":"Apr 26, 2021 12:00:00 AM"},"aggregatorList":[{"type":"TOTAL","averageStressLevel":21,"averageStressLevelIntensity":19,"maxStressLevel":93,"stressIntensityCount":919,"stressOffWristCount":288,"stressTooActiveCount":227,"totalStressCount":1434,"totalStressIntensity":25119,"stressDuration":12060,"restDuration":43080,"activityDuration":13620,"uncategorizedDuration":17280,"totalDuration":86040,"lowDuration":8700,"mediumDuration":3120,"highDuration":240},{"type":"AWAKE","averageStressLevel":27,"averageStressLevelIntensity":23,"maxStressLevel":93,"stressIntensityCount":479,"stressOffWristCount":229,"stressTooActiveCount":227,"totalStressCount":935,"totalStressIntensity":5497,"stressDuration":11220,"restDuration":17520,"activityDuration":13620,"uncategorizedDuration":13740,"totalDuration":56100,"lowDuration":7980,"mediumDuration":3000,"highDuration":240},{"type":"ASLEEP","averageStressLevel":14,"averageStressLevelIntensity":14,"maxStressLevel":51,"stressIntensityCount":440,"stressOffWristCount":59,"stressTooActiveCount":0,"totalStressCount":499,"totalStressIntensity":19622,"stressDuration":840,"restDuration":25560,"activityDuration":0,"uncategorizedDuration":3540,"totalDuration":29940,"lowDuration":720,"mediumDuration":120,"highDuration":0}]},"bodyBattery":{"userProfilePK":95173854,"calendarDate":{"date":"Apr 26, 2021 12:00:00 AM"},"chargedValue":70,"drainedValue":61,"bodyBatteryVersion":1.0,"bodyBatteryStatList":[{"bodyBatteryStatType":"HIGHEST","statsValue":84,"bodyBatteryStatus":"MEASURED","statTimestamp":{"date":"Apr 26, 2021 4:28:00 AM"}},{"bodyBatteryStatType":"LOWEST","statsValue":40,"bodyBatteryStatus":"MEASURED","statTimestamp":{"date":"Apr 25, 2021 9:01:00 PM"}},{"bodyBatteryStatType":"MOSTRECENT","statsValue":49,"bodyBatteryStatus":"MEASURED","statTimestamp":{"date":"Apr 26, 2021 9:00:00 PM"}},{"bodyBatteryStatType":"ENDOFDAY","statsValue":49,"bodyBatteryStatus":"MEASURED","statTimestamp":{"date":"Apr 26, 2021 8:17:00 PM"}}]},"minAvgHeartRate":56,"maxAvgHeartRate":174,"version":80820003},{"userProfilePK":95173854,"calendarDate":{"date":"Apr 27, 2021 12:00:00 AM"},"uuid":"51509fe268db4bfebdb4c8f231e3d2cc","durationInMilliseconds":86400000,"totalKilocalories":2644.0,"activeKilocalories":855.0,"bmrKilocalories":1789.0,"wellnessKilocalories":2644.0,"consumedKilocalories":1984.0,"remainingKilocalories":660.0,"wellnessTotalKilocalories":2644.0,"wellnessActiveKilocalories":855.0,"totalSteps":10472,"dailyStepGoal":10670,"netCalorieGoal":1519,"totalDistanceMeters":8052,"wellnessDistanceMeters":8052,"wellnessStartTimeGmt":{"date":"Apr 26, 2021 9:00:00 PM"},"wellnessEndTimeGmt":{"date":"Apr 27, 2021 9:00:00 PM"},"wellnessStartTimeLocal":{"date":"Apr 27, 2021 12:00:00 AM"},"wellnessEndTimeLocal":{"date":"Apr 28, 2021 12:00:00 AM"},"highlyActiveSeconds":2899,"activeSeconds":11123,"moderateIntensityMinutes":11,"vigorousIntensityMinutes":50,"userIntensityMinutesGoal":150,"userFloorsAscendedGoal":10,"minHeartRate":54,"maxHeartRate":174,"restingHeartRate":64,"currentDayRestingHeartRate":62,"restingHeartRateTimestamp":"Apr 27, 2021 9:00:00 PM","includesWellnessData":true,"includesActivityData":true,"includesCalorieConsumedData":true,"includesSingleMeasurement":false,"includesContinuousMeasurement":false,"includesAllDayPulseOx":false,"includesSleepPulseOx":false,"source":0,"allDayStress":{"userProfilePK":95173854,"calendarDate":{"date":"Apr 27, 2021 12:00:00 AM"},"aggregatorList":[{"type":"TOTAL","averageStressLevel":18,"averageStressLevelIntensity":16,"maxStressLevel":92,"stressIntensityCount":853,"stressOffWristCount":364,"stressTooActiveCount":222,"totalStressCount":1439,"totalStressIntensity":30653,"stressDuration":8160,"restDuration":43020,"activityDuration":13320,"uncategorizedDuration":21840,"totalDuration":86340,"lowDuration":4560,"mediumDuration":3120,"highDuration":480},{"type":"AWAKE","averageStressLevel":24,"averageStressLevelIntensity":20,"maxStressLevel":92,"stressIntensityCount":486,"stressOffWristCount":339,"stressTooActiveCount":222,"totalStressCount":1047,"totalStressIntensity":10670,"stressDuration":7920,"restDuration":21240,"activityDuration":13320,"uncategorizedDuration":20340,"totalDuration":62820,"lowDuration":4380,"mediumDuration":3060,"highDuration":480},{"type":"ASLEEP","averageStressLevel":11,"averageStressLevelIntensity":12,"maxStressLevel":51,"stressIntensityCount":367,"stressOffWristCount":25,"stressTooActiveCount":0,"totalStressCount":392,"totalStressIntensity":19983,"stressDuration":240,"restDuration":21780,"activityDuration":0,"uncategorizedDuration":1500,"totalDuration":23520,"lowDuration":180,"mediumDuration":60,"highDuration":0}]},"bodyBattery":{"userProfilePK":95173854,"calendarDate":{"date":"Apr 27, 2021 12:00:00 AM"},"chargedValue":64,"drainedValue":61,"bodyBatteryVersion":1.0,"bodyBatteryStatList":[{"bodyBatteryStatType":"HIGHEST","statsValue":93,"bodyBatteryStatus":"MEASURED","statTimestamp":{"date":"Apr 27, 2021 3:21:00 AM"}},{"bodyBatteryStatType":"LOWEST","statsValue":49,"bodyBatteryStatus":"MEASURED","statTimestamp":{"date":"Apr 26, 2021 9:01:00 PM"}},{"bodyBatteryStatType":"MOSTRECENT","statsValue":52,"bodyBatteryStatus":"MEASURED","statTimestamp":{"date":"Apr 27, 2021 6:16:00 PM"}}]},"minAvgHeartRate":57,"maxAvgHeartRate":174,"version":77340004},{"userProfilePK":95173854,"calendarDate":{"date":"Apr 28, 2021 12:00:00 AM"},"uuid":"5c62d17514ce467c8e493e951c682543","durationInMilliseconds":86400000,"totalKilocalories":2447.0,"activeKilocalories":658.0,"bmrKilocalories":1789.0,"wellnessKilocalories":2447.0,"consumedKilocalories":1995.0,"remainingKilocalories":452.0,"wellnessTotalKilocalories":2447.0,"wellnessActiveKilocalories":658.0,"totalSteps":10655,"dailyStepGoal":10650,"netCalorieGoal":1519,"totalDistanceMeters":8042,"wellnessDistanceMeters":8042,"wellnessStartTimeGmt":{"date":"Apr 27, 2021 9:00:00 PM"},"wellnessEndTimeGmt":{"date":"Apr 28, 2021 9:00:00 PM"},"wellnessStartTimeLocal":{"date":"Apr 28, 2021 12:00:00 AM"},"wellnessEndTimeLocal":{"date":"Apr 29, 2021 12:00:00 AM"},"highlyActiveSeconds":2180,"activeSeconds":11325,"moderateIntensityMinutes":13,"vigorousIntensityMinutes":36,"userIntensityMinutesGoal":150,"userFloorsAscendedGoal":10,"minHeartRate":50,"maxHeartRate":184,"restingHeartRate":64,"currentDayRestingHeartRate":62,"restingHeartRateTimestamp":"Apr 28, 2021 9:00:00 PM","includesWellnessData":true,"includesActivityData":true,"includesCalorieConsumedData":true,"includesSingleMeasurement":false,"includesContinuousMeasurement":false,"includesAllDayPulseOx":false,"includesSleepPulseOx":false,"source":0,"allDayStress":{"userProfilePK":95173854,"calendarDate":{"date":"Apr 28, 2021 12:00:00 AM"},"aggregatorList":[{"type":"TOTAL","averageStressLevel":30,"averageStressLevelIntensity":23,"maxStressLevel":84,"stressIntensityCount":528,"stressOffWristCount":725,"stressTooActiveCount":187,"totalStressCount":1440,"totalStressIntensity":4089,"stressDuration":14640,"restDuration":17040,"activityDuration":11220,"uncategorizedDuration":43500,"totalDuration":86400,"lowDuration":8820,"mediumDuration":4740,"highDuration":1080},{"type":"AWAKE","averageStressLevel":30,"averageStressLevelIntensity":23,"maxStressLevel":84,"stressIntensityCount":528,"stressOffWristCount":725,"stressTooActiveCount":187,"totalStressCount":1440,"totalStressIntensity":4089,"stressDuration":14640,"restDuration":17040,"activityDuration":11220,"uncategorizedDuration":43500,"totalDuration":86400,"lowDuration":8820,"mediumDuration":4740,"highDuration":1080},{"type":"ASLEEP","averageStressLevel":-2,"averageStressLevelIntensity":-2,"maxStressLevel":0,"stressIntensityCount":0,"stressOffWristCount":0,"stressTooActiveCount":0,"totalStressCount":0,"totalStressIntensity":0,"stressDuration":0,"restDuration":0,"activityDuration":0,"uncategorizedDuration":0,"totalDuration":0,"lowDuration":0,"mediumDuration":0,"highDuration":0}]},"bodyBattery":{"userProfilePK":95173854,"calendarDate":{"date":"Apr 28, 2021 12:00:00 AM"},"chargedValue":18,"drainedValue":55,"bodyBatteryVersion":1.0,"bodyBatteryStatList":[{"bodyBatteryStatType":"HIGHEST","statsValue":86,"bodyBatteryStatus":"MEASURED","statTimestamp":{"date":"Apr 28, 2021 9:13:00 AM"}},{"bodyBatteryStatType":"LOWEST","statsValue":42,"bodyBatteryStatus":"MEASURED","statTimestamp":{"date":"Apr 28, 2021 7:14:00 PM"}},{"bodyBatteryStatType":"MOSTRECENT","statsValue":42,"bodyBatteryStatus":"MEASURED","statTimestamp":{"date":"Apr 28, 2021 7:27:00 PM"}}]},"minAvgHeartRate":52,"maxAvgHeartRate":184,"version":72900004},{"userProfilePK":95173854,"calendarDate":{"date":"Apr 29, 2021 12:00:00 AM"},"uuid":"5f2b755114fb4ab485aaa924f07d8e08","durationInMilliseconds":86400000,"totalKilocalories":2697.0,"activeKilocalories":896.0,"bmrKilocalories":1801.0,"wellnessKilocalories":2697.0,"consumedKilocalories":589.0,"remainingKilocalories":2108.0,"wellnessTotalKilocalories":2697.0,"wellnessActiveKilocalories":896.0,"totalSteps":10838,"dailyStepGoal":10660,"netCalorieGoal":1847,"totalDistanceMeters":8265,"wellnessDistanceMeters":8265,"wellnessStartTimeGmt":{"date":"Apr 28, 2021 9:00:00 PM"},"wellnessEndTimeGmt":{"date":"Apr 29, 2021 9:00:00 PM"},"wellnessStartTimeLocal":{"date":"Apr 29, 2021 12:00:00 AM"},"wellnessEndTimeLocal":{"date":"Apr 30, 2021 12:00:00 AM"},"highlyActiveSeconds":1922,"activeSeconds":10986,"moderateIntensityMinutes":13,"vigorousIntensityMinutes":60,"userIntensityMinutesGoal":150,"userFloorsAscendedGoal":10,"minHeartRate":70,"maxHeartRate":180,"restingHeartRate":64,"currentDayRestingHeartRate":69,"restingHeartRateTimestamp":"Apr 29, 2021 9:00:00 PM","includesWellnessData":true,"includesActivityData":true,"includesCalorieConsumedData":true,"includesSingleMeasurement":false,"includesContinuousMeasurement":false,"includesAllDayPulseOx":false,"includesSleepPulseOx":false,"source":0,"allDayStress":{"userProfilePK":95173854,"calendarDate":{"date":"Apr 29, 2021 12:00:00 AM"},"aggregatorList":[{"type":"TOTAL","averageStressLevel":45,"averageStressLevelIntensity":43,"maxStressLevel":90,"stressIntensityCount":368,"stressOffWristCount":883,"stressTooActiveCount":188,"totalStressCount":1439,"totalStressIntensity":-9086,"stressDuration":18540,"restDuration":3540,"activityDuration":11280,"uncategorizedDuration":52980,"totalDuration":86340,"lowDuration":10380,"mediumDuration":7620,"highDuration":540},{"type":"AWAKE","averageStressLevel":45,"averageStressLevelIntensity":43,"maxStressLevel":90,"stressIntensityCount":368,"stressOffWristCount":883,"stressTooActiveCount":188,"totalStressCount":1439,"totalStressIntensity":-9086,"stressDuration":18540,"restDuration":3540,"activityDuration":11280,"uncategorizedDuration":52980,"totalDuration":86340,"lowDuration":10380,"mediumDuration":7620,"highDuration":540},{"type":"ASLEEP","averageStressLevel":-2,"averageStressLevelIntensity":-2,"maxStressLevel":0,"stressIntensityCount":0,"stressOffWristCount":0,"stressTooActiveCount":0,"totalStressCount":0,"totalStressIntensity":0,"stressDuration":0,"restDuration":0,"activityDuration":0,"uncategorizedDuration":0,"totalDuration":0,"lowDuration":0,"mediumDuration":0,"highDuration":0}]},"bodyBattery":{"userProfilePK":95173854,"calendarDate":{"date":"Apr 29, 2021 12:00:00 AM"},"chargedValue":2,"drainedValue":49,"bodyBatteryVersion":1.0,"bodyBatteryStatList":[{"bodyBatteryStatType":"HIGHEST","statsValue":79,"bodyBatteryStatus":"RESET","statTimestamp":{"date":"Apr 29, 2021 4:56:00 AM"}},{"bodyBatteryStatType":"LOWEST","statsValue":31,"bodyBatteryStatus":"MEASURED","statTimestamp":{"date":"Apr 29, 2021 2:26:00 PM"}},{"bodyBatteryStatType":"MOSTRECENT","statsValue":32,"bodyBatteryStatus":"MEASURED","statTimestamp":{"date":"Apr 29, 2021 4:33:00 PM"}}]},"minAvgHeartRate":71,"maxAvgHeartRate":176,"version":72780003},{"userProfilePK":95173854,"calendarDate":{"date":"Apr 30, 2021 12:00:00 AM"},"uuid":"4aca6596c26c439a816725ac8c94718c","durationInMilliseconds":86400000,"totalKilocalories":2033.0,"activeKilocalories":232.0,"bmrKilocalories":1801.0,"wellnessKilocalories":2033.0,"remainingKilocalories":2033.0,"wellnessTotalKilocalories":2033.0,"wellnessActiveKilocalories":232.0,"totalSteps":7056,"dailyStepGoal":10700,"netCalorieGoal":1576,"totalDistanceMeters":5243,"wellnessDistanceMeters":5243,"wellnessStartTimeGmt":{"date":"Apr 29, 2021 9:00:00 PM"},"wellnessEndTimeGmt":{"date":"Apr 30, 2021 9:00:00 PM"},"wellnessStartTimeLocal":{"date":"Apr 30, 2021 12:00:00 AM"},"wellnessEndTimeLocal":{"date":"May 1, 2021 12:00:00 AM"},"highlyActiveSeconds":1635,"activeSeconds":9966,"moderateIntensityMinutes":0,"vigorousIntensityMinutes":0,"userIntensityMinutesGoal":150,"userFloorsAscendedGoal":10,"minHeartRate":59,"maxHeartRate":105,"restingHeartRate":63,"currentDayRestingHeartRate":61,"restingHeartRateTimestamp":"Apr 30, 2021 9:00:00 PM","includesWellnessData":true,"includesActivityData":false,"includesCalorieConsumedData":false,"includesSingleMeasurement":false,"includesContinuousMeasurement":false,"includesAllDayPulseOx":false,"includesSleepPulseOx":false,"source":0,"allDayStress":{"userProfilePK":95173854,"calendarDate":{"date":"Apr 30, 2021 12:00:00 AM"},"aggregatorList":[{"type":"TOTAL","averageStressLevel":27,"averageStressLevelIntensity":22,"maxStressLevel":79,"stressIntensityCount":231,"stressOffWristCount":1006,"stressTooActiveCount":201,"totalStressCount":1438,"totalStressIntensity":2866,"stressDuration":5100,"restDuration":8760,"activityDuration":12060,"uncategorizedDuration":60360,"totalDuration":86280,"lowDuration":3420,"mediumDuration":1560,"highDuration":120},{"type":"AWAKE","averageStressLevel":27,"averageStressLevelIntensity":22,"maxStressLevel":79,"stressIntensityCount":231,"stressOffWristCount":1006,"stressTooActiveCount":201,"totalStressCount":1438,"totalStressIntensity":2866,"stressDuration":5100,"restDuration":8760,"activityDuration":12060,"uncategorizedDuration":60360,"totalDuration":86280,"lowDuration":3420,"mediumDuration":1560,"highDuration":120},{"type":"ASLEEP","averageStressLevel":-2,"averageStressLevelIntensity":-2,"maxStressLevel":0,"stressIntensityCount":0,"stressOffWristCount":0,"stressTooActiveCount":0,"totalStressCount":0,"totalStressIntensity":0,"stressDuration":0,"restDuration":0,"activityDuration":0,"uncategorizedDuration":0,"totalDuration":0,"lowDuration":0,"mediumDuration":0,"highDuration":0}]},"bodyBattery":{"userProfilePK":95173854,"calendarDate":{"date":"Apr 30, 2021 12:00:00 AM"},"chargedValue":15,"drainedValue":33,"bodyBatteryVersion":1.0,"bodyBatteryStatList":[{"bodyBatteryStatType":"HIGHEST","statsValue":83,"bodyBatteryStatus":"RESET","statTimestamp":{"date":"Apr 30, 2021 4:18:00 AM"}},{"bodyBatteryStatType":"LOWEST","statsValue":59,"bodyBatteryStatus":"MEASURED","statTimestamp":{"date":"Apr 30, 2021 12:50:00 PM"}},{"bodyBatteryStatType":"MOSTRECENT","statsValue":65,"bodyBatteryStatus":"MEASURED","statTimestamp":{"date":"Apr 30, 2021 2:39:00 PM"}}]},"minAvgHeartRate":60,"maxAvgHeartRate":104,"version":82920002},{"userProfilePK":95173854,"calendarDate":{"date":"May 1, 2021 12:00:00 AM"},"uuid":"cf261f10a26041d0b0600d5900536bf4","durationInMilliseconds":86400000,"totalKilocalories":2309.0,"activeKilocalories":508.0,"bmrKilocalories":1801.0,"wellnessKilocalories":2309.0,"consumedKilocalories":864.0,"remainingKilocalories":1445.0,"wellnessTotalKilocalories":2309.0,"wellnessActiveKilocalories":508.0,"totalSteps":6454,"dailyStepGoal":10340,"netCalorieGoal":1576,"totalDistanceMeters":5566,"wellnessDistanceMeters":5566,"wellnessStartTimeGmt":{"date":"Apr 30, 2021 9:00:00 PM"},"wellnessEndTimeGmt":{"date":"May 1, 2021 9:00:00 PM"},"wellnessStartTimeLocal":{"date":"May 1, 2021 12:00:00 AM"},"wellnessEndTimeLocal":{"date":"May 2, 2021 12:00:00 AM"},"highlyActiveSeconds":1965,"activeSeconds":5425,"moderateIntensityMinutes":4,"vigorousIntensityMinutes":44,"userIntensityMinutesGoal":150,"userFloorsAscendedGoal":10,"minHeartRate":59,"maxHeartRate":179,"restingHeartRate":63,"currentDayRestingHeartRate":65,"restingHeartRateTimestamp":"May 1, 2021 9:00:00 PM","includesWellnessData":true,"includesActivityData":true,"includesCalorieConsumedData":true,"includesSingleMeasurement":false,"includesContinuousMeasurement":false,"includesAllDayPulseOx":false,"includesSleepPulseOx":false,"source":0,"allDayStress":{"userProfilePK":95173854,"calendarDate":{"date":"May 1, 2021 12:00:00 AM"},"aggregatorList":[{"type":"TOTAL","averageStressLevel":29,"averageStressLevelIntensity":23,"maxStressLevel":74,"stressIntensityCount":177,"stressOffWristCount":1118,"stressTooActiveCount":145,"totalStressCount":1440,"totalStressIntensity":2000,"stressDuration":4260,"restDuration":6360,"activityDuration":8700,"uncategorizedDuration":67080,"totalDuration":86400,"lowDuration":1920,"mediumDuration":2340,"highDuration":0},{"type":"AWAKE","averageStressLevel":29,"averageStressLevelIntensity":23,"maxStressLevel":74,"stressIntensityCount":177,"stressOffWristCount":1118,"stressTooActiveCount":145,"totalStressCount":1440,"totalStressIntensity":2000,"stressDuration":4260,"restDuration":6360,"activityDuration":8700,"uncategorizedDuration":67080,"totalDuration":86400,"lowDuration":1920,"mediumDuration":2340,"highDuration":0},{"type":"ASLEEP","averageStressLevel":-2,"averageStressLevelIntensity":-2,"maxStressLevel":0,"stressIntensityCount":0,"stressOffWristCount":0,"stressTooActiveCount":0,"totalStressCount":0,"totalStressIntensity":0,"stressDuration":0,"restDuration":0,"activityDuration":0,"uncategorizedDuration":0,"totalDuration":0,"lowDuration":0,"mediumDuration":0,"highDuration":0}]},"bodyBattery":{"userProfilePK":95173854,"calendarDate":{"date":"May 1, 2021 12:00:00 AM"},"chargedValue":14,"drainedValue":32,"bodyBatteryVersion":1.0,"bodyBatteryStatList":[{"bodyBatteryStatType":"HIGHEST","statsValue":72,"bodyBatteryStatus":"MEASURED","statTimestamp":{"date":"May 1, 2021 7:05:00 AM"}},{"bodyBatteryStatType":"LOWEST","statsValue":30,"bodyBatteryStatus":"MEASURED","statTimestamp":{"date":"May 1, 2021 3:36:00 PM"}},{"bodyBatteryStatType":"MOSTRECENT","statsValue":37,"bodyBatteryStatus":"MEASURED","statTimestamp":{"date":"May 1, 2021 6:02:00 PM"}}]},"minAvgHeartRate":60,"maxAvgHeartRate":175,"version":76920003},{"userProfilePK":95173854,"calendarDate":{"date":"May 2, 2021 12:00:00 AM"},"uuid":"9809982725ea4883af14802f92134f04","durationInMilliseconds":86400000,"totalKilocalories":2407.0,"activeKilocalories":606.0,"bmrKilocalories":1801.0,"wellnessKilocalories":2407.0,"consumedKilocalories":2106.0,"remainingKilocalories":301.0,"wellnessTotalKilocalories":2407.0,"wellnessActiveKilocalories":606.0,"totalSteps":10749,"dailyStepGoal":9570,"netCalorieGoal":1576,"totalDistanceMeters":8022,"wellnessDistanceMeters":8022,"wellnessStartTimeGmt":{"date":"May 1, 2021 9:00:00 PM"},"wellnessEndTimeGmt":{"date":"May 2, 2021 9:00:00 PM"},"wellnessStartTimeLocal":{"date":"May 2, 2021 12:00:00 AM"},"wellnessEndTimeLocal":{"date":"May 3, 2021 12:00:00 AM"},"highlyActiveSeconds":2490,"activeSeconds":10595,"moderateIntensityMinutes":8,"vigorousIntensityMinutes":37,"userIntensityMinutesGoal":150,"userFloorsAscendedGoal":10,"minHeartRate":55,"maxHeartRate":181,"restingHeartRate":63,"currentDayRestingHeartRate":61,"restingHeartRateTimestamp":"May 2, 2021 9:00:00 PM","includesWellnessData":true,"includesActivityData":true,"includesCalorieConsumedData":true,"includesSingleMeasurement":false,"includesContinuousMeasurement":false,"includesAllDayPulseOx":false,"includesSleepPulseOx":false,"source":0,"allDayStress":{"userProfilePK":95173854,"calendarDate":{"date":"May 2, 2021 12:00:00 AM"},"aggregatorList":[{"type":"TOTAL","averageStressLevel":23,"averageStressLevelIntensity":20,"maxStressLevel":81,"stressIntensityCount":333,"stressOffWristCount":888,"stressTooActiveCount":217,"totalStressCount":1438,"totalStressIntensity":7050,"stressDuration":5820,"restDuration":14160,"activityDuration":13020,"uncategorizedDuration":53280,"totalDuration":86280,"lowDuration":4320,"mediumDuration":1440,"highDuration":60},{"type":"AWAKE","averageStressLevel":23,"averageStressLevelIntensity":20,"maxStressLevel":81,"stressIntensityCount":333,"stressOffWristCount":888,"stressTooActiveCount":217,"totalStressCount":1438,"totalStressIntensity":7050,"stressDuration":5820,"restDuration":14160,"activityDuration":13020,"uncategorizedDuration":53280,"totalDuration":86280,"lowDuration":4320,"mediumDuration":1440,"highDuration":60},{"type":"ASLEEP","averageStressLevel":-2,"averageStressLevelIntensity":-2,"maxStressLevel":0,"stressIntensityCount":0,"stressOffWristCount":0,"stressTooActiveCount":0,"totalStressCount":0,"totalStressIntensity":0,"stressDuration":0,"restDuration":0,"activityDuration":0,"uncategorizedDuration":0,"totalDuration":0,"lowDuration":0,"mediumDuration":0,"highDuration":0}]},"bodyBattery":{"userProfilePK":95173854,"calendarDate":{"date":"May 2, 2021 12:00:00 AM"},"chargedValue":18,"drainedValue":42,"bodyBatteryVersion":1.0,"bodyBatteryStatList":[{"bodyBatteryStatType":"HIGHEST","statsValue":83,"bodyBatteryStatus":"MEASURED","statTimestamp":{"date":"May 2, 2021 8:55:00 AM"}},{"bodyBatteryStatType":"LOWEST","statsValue":54,"bodyBatteryStatus":"MEASURED","statTimestamp":{"date":"May 2, 2021 3:48:00 PM"}},{"bodyBatteryStatType":"MOSTRECENT","statsValue":54,"bodyBatteryStatus":"MEASURED","statTimestamp":{"date":"May 2, 2021 4:29:00 PM"}}]},"minAvgHeartRate":57,"maxAvgHeartRate":179,"version":77340003},{"userProfilePK":95173854,"calendarDate":{"date":"May 3, 2021 12:00:00 AM"},"uuid":"c00f790ebdde423e9bcb5ebf0eec5342","durationInMilliseconds":86400000,"totalKilocalories":2514.0,"activeKilocalories":713.0,"bmrKilocalories":1801.0,"wellnessKilocalories":2514.0,"consumedKilocalories":1994.0,"remainingKilocalories":520.0,"wellnessTotalKilocalories":2514.0,"wellnessActiveKilocalories":713.0,"totalSteps":11840,"dailyStepGoal":9690,"netCalorieGoal":1576,"totalDistanceMeters":8996,"wellnessDistanceMeters":8996,"wellnessStartTimeGmt":{"date":"May 2, 2021 9:00:00 PM"},"wellnessEndTimeGmt":{"date":"May 3, 2021 9:00:00 PM"},"wellnessStartTimeLocal":{"date":"May 3, 2021 12:00:00 AM"},"wellnessEndTimeLocal":{"date":"May 4, 2021 12:00:00 AM"},"highlyActiveSeconds":4180,"activeSeconds":9449,"moderateIntensityMinutes":13,"vigorousIntensityMinutes":37,"userIntensityMinutesGoal":500,"userFloorsAscendedGoal":10,"minHeartRate":59,"maxHeartRate":169,"restingHeartRate":63,"currentDayRestingHeartRate":64,"restingHeartRateTimestamp":"May 3, 2021 9:00:00 PM","includesWellnessData":true,"includesActivityData":true,"includesCalorieConsumedData":true,"includesSingleMeasurement":false,"includesContinuousMeasurement":false,"includesAllDayPulseOx":false,"includesSleepPulseOx":false,"source":0,"allDayStress":{"userProfilePK":95173854,"calendarDate":{"date":"May 3, 2021 12:00:00 AM"},"aggregatorList":[{"type":"TOTAL","averageStressLevel":26,"averageStressLevelIntensity":22,"maxStressLevel":84,"stressIntensityCount":370,"stressOffWristCount":826,"stressTooActiveCount":244,"totalStressCount":1440,"totalStressIntensity":5388,"stressDuration":6960,"restDuration":15240,"activityDuration":14640,"uncategorizedDuration":49560,"totalDuration":86400,"lowDuration":4380,"mediumDuration":1980,"highDuration":600},{"type":"AWAKE","averageStressLevel":26,"averageStressLevelIntensity":22,"maxStressLevel":84,"stressIntensityCount":370,"stressOffWristCount":826,"stressTooActiveCount":244,"totalStressCount":1440,"totalStressIntensity":5388,"stressDuration":6960,"restDuration":15240,"activityDuration":14640,"uncategorizedDuration":49560,"totalDuration":86400,"lowDuration":4380,"mediumDuration":1980,"highDuration":600},{"type":"ASLEEP","averageStressLevel":-2,"averageStressLevelIntensity":-2,"maxStressLevel":0,"stressIntensityCount":0,"stressOffWristCount":0,"stressTooActiveCount":0,"totalStressCount":0,"totalStressIntensity":0,"stressDuration":0,"restDuration":0,"activityDuration":0,"uncategorizedDuration":0,"totalDuration":0,"lowDuration":0,"mediumDuration":0,"highDuration":0}]},"bodyBattery":{"userProfilePK":95173854,"calendarDate":{"date":"May 3, 2021 12:00:00 AM"},"chargedValue":13,"drainedValue":44,"bodyBatteryVersion":1.0,"bodyBatteryStatList":[{"bodyBatteryStatType":"HIGHEST","statsValue":79,"bodyBatteryStatus":"RESET","statTimestamp":{"date":"May 3, 2021 5:00:00 AM"}},{"bodyBatteryStatType":"LOWEST","statsValue":48,"bodyBatteryStatus":"MEASURED","statTimestamp":{"date":"May 3, 2021 5:09:00 PM"}},{"bodyBatteryStatType":"MOSTRECENT","statsValue":48,"bodyBatteryStatus":"MEASURED","statTimestamp":{"date":"May 3, 2021 5:22:00 PM"}}]},"minAvgHeartRate":59,"maxAvgHeartRate":169,"version":78780005},{"userProfilePK":95173854,"calendarDate":{"date":"May 4, 2021 12:00:00 AM"},"uuid":"d9de4f005bd24cecaae4728e01550181","durationInMilliseconds":86400000,"totalKilocalories":2456.0,"activeKilocalories":655.0,"bmrKilocalories":1801.0,"wellnessKilocalories":2456.0,"consumedKilocalories":1966.0,"remainingKilocalories":490.0,"wellnessTotalKilocalories":2456.0,"wellnessActiveKilocalories":655.0,"totalSteps":9458,"dailyStepGoal":10120,"netCalorieGoal":1576,"totalDistanceMeters":7198,"wellnessDistanceMeters":7198,"wellnessStartTimeGmt":{"date":"May 3, 2021 9:00:00 PM"},"wellnessEndTimeGmt":{"date":"May 4, 2021 9:00:00 PM"},"wellnessStartTimeLocal":{"date":"May 4, 2021 12:00:00 AM"},"wellnessEndTimeLocal":{"date":"May 5, 2021 12:00:00 AM"},"highlyActiveSeconds":2805,"activeSeconds":8600,"moderateIntensityMinutes":16,"vigorousIntensityMinutes":38,"userIntensityMinutesGoal":500,"userFloorsAscendedGoal":10,"minHeartRate":57,"maxHeartRate":172,"restingHeartRate":63,"currentDayRestingHeartRate":61,"restingHeartRateTimestamp":"May 4, 2021 9:00:00 PM","includesWellnessData":true,"includesActivityData":true,"includesCalorieConsumedData":true,"includesSingleMeasurement":false,"includesContinuousMeasurement":false,"includesAllDayPulseOx":false,"includesSleepPulseOx":false,"source":0,"allDayStress":{"userProfilePK":95173854,"calendarDate":{"date":"May 4, 2021 12:00:00 AM"},"aggregatorList":[{"type":"TOTAL","averageStressLevel":28,"averageStressLevelIntensity":23,"maxStressLevel":78,"stressIntensityCount":415,"stressOffWristCount":809,"stressTooActiveCount":215,"totalStressCount":1439,"totalStressIntensity":4650,"stressDuration":10020,"restDuration":14880,"activityDuration":12900,"uncategorizedDuration":48540,"totalDuration":86340,"lowDuration":6540,"mediumDuration":3360,"highDuration":120},{"type":"AWAKE","averageStressLevel":28,"averageStressLevelIntensity":23,"maxStressLevel":78,"stressIntensityCount":415,"stressOffWristCount":809,"stressTooActiveCount":215,"totalStressCount":1439,"totalStressIntensity":4650,"stressDuration":10020,"restDuration":14880,"activityDuration":12900,"uncategorizedDuration":48540,"totalDuration":86340,"lowDuration":6540,"mediumDuration":3360,"highDuration":120},{"type":"ASLEEP","averageStressLevel":-2,"averageStressLevelIntensity":-2,"maxStressLevel":0,"stressIntensityCount":0,"stressOffWristCount":0,"stressTooActiveCount":0,"totalStressCount":0,"totalStressIntensity":0,"stressDuration":0,"restDuration":0,"activityDuration":0,"uncategorizedDuration":0,"totalDuration":0,"lowDuration":0,"mediumDuration":0,"highDuration":0}]},"bodyBattery":{"userProfilePK":95173854,"calendarDate":{"date":"May 4, 2021 12:00:00 AM"},"chargedValue":20,"drainedValue":44,"bodyBatteryVersion":1.0,"bodyBatteryStatList":[{"bodyBatteryStatType":"HIGHEST","statsValue":77,"bodyBatteryStatus":"RESET","statTimestamp":{"date":"May 4, 2021 5:11:00 AM"}},{"bodyBatteryStatType":"LOWEST","statsValue":53,"bodyBatteryStatus":"MEASURED","statTimestamp":{"date":"May 4, 2021 6:46:00 PM"}},{"bodyBatteryStatType":"MOSTRECENT","statsValue":53,"bodyBatteryStatus":"MEASURED","statTimestamp":{"date":"May 4, 2021 7:04:00 PM"}}]},"minAvgHeartRate":58,"maxAvgHeartRate":172,"version":72840007},{"userProfilePK":95173854,"calendarDate":{"date":"May 5, 2021 12:00:00 AM"},"uuid":"bab90c68c4fd4fecab5309b54588dc53","durationInMilliseconds":86400000,"totalKilocalories":2749.0,"activeKilocalories":948.0,"bmrKilocalories":1801.0,"wellnessKilocalories":2749.0,"consumedKilocalories":2115.0,"remainingKilocalories":634.0,"wellnessTotalKilocalories":2749.0,"wellnessActiveKilocalories":948.0,"totalSteps":17549,"dailyStepGoal":10060,"netCalorieGoal":1576,"totalDistanceMeters":15064,"wellnessDistanceMeters":15064,"wellnessStartTimeGmt":{"date":"May 4, 2021 9:00:00 PM"},"wellnessEndTimeGmt":{"date":"May 5, 2021 9:00:00 PM"},"wellnessStartTimeLocal":{"date":"May 5, 2021 12:00:00 AM"},"wellnessEndTimeLocal":{"date":"May 6, 2021 12:00:00 AM"},"highlyActiveSeconds":5490,"activeSeconds":8610,"moderateIntensityMinutes":2,"vigorousIntensityMinutes":58,"userIntensityMinutesGoal":500,"userFloorsAscendedGoal":10,"minHeartRate":59,"maxHeartRate":189,"restingHeartRate":63,"currentDayRestingHeartRate":62,"restingHeartRateTimestamp":"May 5, 2021 9:00:00 PM","includesWellnessData":true,"includesActivityData":true,"includesCalorieConsumedData":true,"includesSingleMeasurement":false,"includesContinuousMeasurement":false,"includesAllDayPulseOx":false,"includesSleepPulseOx":false,"source":0,"allDayStress":{"userProfilePK":95173854,"calendarDate":{"date":"May 5, 2021 12:00:00 AM"},"aggregatorList":[{"type":"TOTAL","averageStressLevel":28,"averageStressLevelIntensity":23,"maxStressLevel":81,"stressIntensityCount":404,"stressOffWristCount":804,"stressTooActiveCount":227,"totalStressCount":1435,"totalStressIntensity":3961,"stressDuration":10440,"restDuration":13800,"activityDuration":13620,"uncategorizedDuration":48240,"totalDuration":86100,"lowDuration":8220,"mediumDuration":1980,"highDuration":240},{"type":"AWAKE","averageStressLevel":28,"averageStressLevelIntensity":23,"maxStressLevel":81,"stressIntensityCount":404,"stressOffWristCount":804,"stressTooActiveCount":227,"totalStressCount":1435,"totalStressIntensity":3961,"stressDuration":10440,"restDuration":13800,"activityDuration":13620,"uncategorizedDuration":48240,"totalDuration":86100,"lowDuration":8220,"mediumDuration":1980,"highDuration":240},{"type":"ASLEEP","averageStressLevel":-2,"averageStressLevelIntensity":-2,"maxStressLevel":0,"stressIntensityCount":0,"stressOffWristCount":0,"stressTooActiveCount":0,"totalStressCount":0,"totalStressIntensity":0,"stressDuration":0,"restDuration":0,"activityDuration":0,"uncategorizedDuration":0,"totalDuration":0,"lowDuration":0,"mediumDuration":0,"highDuration":0}]},"bodyBattery":{"userProfilePK":95173854,"calendarDate":{"date":"May 5, 2021 12:00:00 AM"},"chargedValue":15,"drainedValue":62,"bodyBatteryVersion":1.0,"bodyBatteryStatList":[{"bodyBatteryStatType":"HIGHEST","statsValue":79,"bodyBatteryStatus":"RESET","statTimestamp":{"date":"May 5, 2021 4:59:00 AM"}},{"bodyBatteryStatType":"LOWEST","statsValue":32,"bodyBatteryStatus":"MEASURED","statTimestamp":{"date":"May 5, 2021 5:35:00 PM"}},{"bodyBatteryStatType":"MOSTRECENT","statsValue":32,"bodyBatteryStatus":"MEASURED","statTimestamp":{"date":"May 5, 2021 5:47:00 PM"}}]},"minAvgHeartRate":59,"maxAvgHeartRate":189,"version":82740002},{"userProfilePK":95173854,"calendarDate":{"date":"May 6, 2021 12:00:00 AM"},"uuid":"9b7b02de29c44b46a749377bbdefb6e9","durationInMilliseconds":86400000,"totalKilocalories":2833.0,"activeKilocalories":1038.0,"bmrKilocalories":1795.0,"wellnessKilocalories":2833.0,"consumedKilocalories":0.0,"remainingKilocalories":2833.0,"wellnessTotalKilocalories":2833.0,"wellnessActiveKilocalories":1038.0,"totalSteps":12027,"dailyStepGoal":10810,"netCalorieGoal":1576,"totalDistanceMeters":8999,"wellnessDistanceMeters":8999,"wellnessStartTimeGmt":{"date":"May 5, 2021 9:00:00 PM"},"wellnessEndTimeGmt":{"date":"May 6, 2021 9:00:00 PM"},"wellnessStartTimeLocal":{"date":"May 6, 2021 12:00:00 AM"},"wellnessEndTimeLocal":{"date":"May 7, 2021 12:00:00 AM"},"highlyActiveSeconds":1855,"activeSeconds":11323,"moderateIntensityMinutes":11,"vigorousIntensityMinutes":69,"userIntensityMinutesGoal":500,"userFloorsAscendedGoal":10,"minHeartRate":58,"maxHeartRate":177,"restingHeartRate":62,"currentDayRestingHeartRate":63,"restingHeartRateTimestamp":"May 6, 2021 9:00:00 PM","includesWellnessData":true,"includesActivityData":true,"includesCalorieConsumedData":true,"includesSingleMeasurement":false,"includesContinuousMeasurement":false,"includesAllDayPulseOx":false,"includesSleepPulseOx":false,"source":0,"allDayStress":{"userProfilePK":95173854,"calendarDate":{"date":"May 6, 2021 12:00:00 AM"},"aggregatorList":[{"type":"TOTAL","averageStressLevel":34,"averageStressLevelIntensity":25,"maxStressLevel":99,"stressIntensityCount":328,"stressOffWristCount":902,"stressTooActiveCount":210,"totalStressCount":1440,"totalStressIntensity":8,"stressDuration":10080,"restDuration":9600,"activityDuration":12600,"uncategorizedDuration":54120,"totalDuration":86400,"lowDuration":5700,"mediumDuration":3660,"highDuration":720},{"type":"AWAKE","averageStressLevel":34,"averageStressLevelIntensity":25,"maxStressLevel":99,"stressIntensityCount":328,"stressOffWristCount":902,"stressTooActiveCount":210,"totalStressCount":1440,"totalStressIntensity":8,"stressDuration":10080,"restDuration":9600,"activityDuration":12600,"uncategorizedDuration":54120,"totalDuration":86400,"lowDuration":5700,"mediumDuration":3660,"highDuration":720},{"type":"ASLEEP","averageStressLevel":-2,"averageStressLevelIntensity":-2,"maxStressLevel":0,"stressIntensityCount":0,"stressOffWristCount":0,"stressTooActiveCount":0,"totalStressCount":0,"totalStressIntensity":0,"stressDuration":0,"restDuration":0,"activityDuration":0,"uncategorizedDuration":0,"totalDuration":0,"lowDuration":0,"mediumDuration":0,"highDuration":0}]},"bodyBattery":{"userProfilePK":95173854,"calendarDate":{"date":"May 6, 2021 12:00:00 AM"},"chargedValue":13,"drainedValue":47,"bodyBatteryVersion":1.0,"bodyBatteryStatList":[{"bodyBatteryStatType":"HIGHEST","statsValue":71,"bodyBatteryStatus":"RESET","statTimestamp":{"date":"May 6, 2021 6:12:00 AM"}},{"bodyBatteryStatType":"LOWEST","statsValue":37,"bodyBatteryStatus":"MEASURED","statTimestamp":{"date":"May 6, 2021 8:05:00 PM"}},{"bodyBatteryStatType":"MOSTRECENT","statsValue":37,"bodyBatteryStatus":"MEASURED","statTimestamp":{"date":"May 6, 2021 8:09:00 PM"}}]},"minAvgHeartRate":60,"maxAvgHeartRate":170,"version":82620012},{"userProfilePK":95173854,"calendarDate":{"date":"May 7, 2021 12:00:00 AM"},"uuid":"99639a6927a6442c98c9bca697c744f1","durationInMilliseconds":86400000,"totalKilocalories":2661.0,"activeKilocalories":866.0,"bmrKilocalories":1795.0,"wellnessKilocalories":2661.0,"remainingKilocalories":2661.0,"wellnessTotalKilocalories":2661.0,"wellnessActiveKilocalories":866.0,"totalSteps":6731,"dailyStepGoal":11060,"netCalorieGoal":1576,"totalDistanceMeters":6337,"wellnessDistanceMeters":6337,"wellnessStartTimeGmt":{"date":"May 6, 2021 9:00:00 PM"},"wellnessEndTimeGmt":{"date":"May 7, 2021 9:00:00 PM"},"wellnessStartTimeLocal":{"date":"May 7, 2021 12:00:00 AM"},"wellnessEndTimeLocal":{"date":"May 8, 2021 12:00:00 AM"},"highlyActiveSeconds":2500,"activeSeconds":3300,"moderateIntensityMinutes":7,"vigorousIntensityMinutes":70,"userIntensityMinutesGoal":500,"userFloorsAscendedGoal":10,"minHeartRate":69,"maxHeartRate":190,"restingHeartRate":64,"currentDayRestingHeartRate":69,"restingHeartRateTimestamp":"May 7, 2021 9:00:00 PM","includesWellnessData":true,"includesActivityData":true,"includesCalorieConsumedData":false,"includesSingleMeasurement":false,"includesContinuousMeasurement":false,"includesAllDayPulseOx":false,"includesSleepPulseOx":false,"source":0,"allDayStress":{"userProfilePK":95173854,"calendarDate":{"date":"May 7, 2021 12:00:00 AM"},"aggregatorList":[{"type":"TOTAL","averageStressLevel":44,"averageStressLevelIntensity":33,"maxStressLevel":96,"stressIntensityCount":29,"stressOffWristCount":1317,"stressTooActiveCount":93,"totalStressCount":1439,"totalStressIntensity":-307,"stressDuration":1020,"restDuration":720,"activityDuration":5580,"uncategorizedDuration":79020,"totalDuration":86340,"lowDuration":300,"mediumDuration":360,"highDuration":360},{"type":"AWAKE","averageStressLevel":44,"averageStressLevelIntensity":33,"maxStressLevel":96,"stressIntensityCount":29,"stressOffWristCount":1317,"stressTooActiveCount":93,"totalStressCount":1439,"totalStressIntensity":-307,"stressDuration":1020,"restDuration":720,"activityDuration":5580,"uncategorizedDuration":79020,"totalDuration":86340,"lowDuration":300,"mediumDuration":360,"highDuration":360},{"type":"ASLEEP","averageStressLevel":-2,"averageStressLevelIntensity":-2,"maxStressLevel":0,"stressIntensityCount":0,"stressOffWristCount":0,"stressTooActiveCount":0,"totalStressCount":0,"totalStressIntensity":0,"stressDuration":0,"restDuration":0,"activityDuration":0,"uncategorizedDuration":0,"totalDuration":0,"lowDuration":0,"mediumDuration":0,"highDuration":0}]},"bodyBattery":{"userProfilePK":95173854,"calendarDate":{"date":"May 7, 2021 12:00:00 AM"},"chargedValue":1,"drainedValue":40,"bodyBatteryVersion":1.0,"bodyBatteryStatList":[{"bodyBatteryStatType":"HIGHEST","statsValue":77,"bodyBatteryStatus":"RESET","statTimestamp":{"date":"May 7, 2021 5:20:00 AM"}},{"bodyBatteryStatType":"LOWEST","statsValue":39,"bodyBatteryStatus":"MODELED","statTimestamp":{"date":"May 7, 2021 12:52:00 PM"}},{"bodyBatteryStatType":"MOSTRECENT","statsValue":40,"bodyBatteryStatus":"MEASURED","statTimestamp":{"date":"May 7, 2021 1:22:00 PM"}}]},"minAvgHeartRate":70,"maxAvgHeartRate":190,"version":80580003},{"userProfilePK":95173854,"calendarDate":{"date":"May 8, 2021 12:00:00 AM"},"uuid":"3c4ad56988f843cfafe076d7da874c97","durationInMilliseconds":86400000,"totalKilocalories":1899.0,"activeKilocalories":104.0,"bmrKilocalories":1795.0,"wellnessKilocalories":1899.0,"remainingKilocalories":1899.0,"wellnessTotalKilocalories":1899.0,"wellnessActiveKilocalories":104.0,"totalSteps":3889,"dailyStepGoal":10630,"netCalorieGoal":1576,"totalDistanceMeters":2890,"wellnessDistanceMeters":2890,"wellnessStartTimeGmt":{"date":"May 7, 2021 9:00:00 PM"},"wellnessEndTimeGmt":{"date":"May 8, 2021 9:00:00 PM"},"wellnessStartTimeLocal":{"date":"May 8, 2021 12:00:00 AM"},"wellnessEndTimeLocal":{"date":"May 9, 2021 12:00:00 AM"},"highlyActiveSeconds":0,"activeSeconds":2810,"moderateIntensityMinutes":0,"vigorousIntensityMinutes":0,"userIntensityMinutesGoal":500,"userFloorsAscendedGoal":10,"minHeartRate":66,"maxHeartRate":108,"includesWellnessData":true,"includesActivityData":false,"includesCalorieConsumedData":false,"includesSingleMeasurement":false,"includesContinuousMeasurement":false,"includesAllDayPulseOx":false,"includesSleepPulseOx":false,"source":0,"allDayStress":{"userProfilePK":95173854,"calendarDate":{"date":"May 8, 2021 12:00:00 AM"},"aggregatorList":[{"type":"TOTAL","averageStressLevel":24,"averageStressLevelIntensity":21,"maxStressLevel":60,"stressIntensityCount":7,"stressOffWristCount":1391,"stressTooActiveCount":41,"totalStressCount":1439,"totalStressIntensity":136,"stressDuration":120,"restDuration":300,"activityDuration":2460,"uncategorizedDuration":83460,"totalDuration":86340,"lowDuration":60,"mediumDuration":60,"highDuration":0},{"type":"AWAKE","averageStressLevel":24,"averageStressLevelIntensity":21,"maxStressLevel":60,"stressIntensityCount":7,"stressOffWristCount":1391,"stressTooActiveCount":41,"totalStressCount":1439,"totalStressIntensity":136,"stressDuration":120,"restDuration":300,"activityDuration":2460,"uncategorizedDuration":83460,"totalDuration":86340,"lowDuration":60,"mediumDuration":60,"highDuration":0},{"type":"ASLEEP","averageStressLevel":-2,"averageStressLevelIntensity":-2,"maxStressLevel":0,"stressIntensityCount":0,"stressOffWristCount":0,"stressTooActiveCount":0,"totalStressCount":0,"totalStressIntensity":0,"stressDuration":0,"restDuration":0,"activityDuration":0,"uncategorizedDuration":0,"totalDuration":0,"lowDuration":0,"mediumDuration":0,"highDuration":0}]},"bodyBattery":{"userProfilePK":95173854,"calendarDate":{"date":"May 8, 2021 12:00:00 AM"},"chargedValue":2,"drainedValue":15,"bodyBatteryVersion":1.0,"bodyBatteryStatList":[{"bodyBatteryStatType":"HIGHEST","statsValue":62,"bodyBatteryStatus":"RESET","statTimestamp":{"date":"May 8, 2021 7:50:00 AM"}},{"bodyBatteryStatType":"LOWEST","statsValue":35,"bodyBatteryStatus":"RESET","statTimestamp":{"date":"May 8, 2021 2:02:00 PM"}},{"bodyBatteryStatType":"MOSTRECENT","statsValue":35,"bodyBatteryStatus":"MEASURED","statTimestamp":{"date":"May 8, 2021 2:18:00 PM"}}]},"minAvgHeartRate":71,"maxAvgHeartRate":105,"version":73860002},{"userProfilePK":95173854,"calendarDate":{"date":"May 9, 2021 12:00:00 AM"},"uuid":"6bc29c2fd1ca4ca1a6a5078c53030c29","durationInMilliseconds":86400000,"totalKilocalories":2199.0,"activeKilocalories":404.0,"bmrKilocalories":1795.0,"wellnessKilocalories":2199.0,"remainingKilocalories":2199.0,"wellnessTotalKilocalories":2199.0,"wellnessActiveKilocalories":404.0,"totalSteps":2927,"dailyStepGoal":9290,"netCalorieGoal":1576,"totalDistanceMeters":2175,"wellnessDistanceMeters":2175,"wellnessStartTimeGmt":{"date":"May 8, 2021 9:00:00 PM"},"wellnessEndTimeGmt":{"date":"May 9, 2021 9:00:00 PM"},"wellnessStartTimeLocal":{"date":"May 9, 2021 12:00:00 AM"},"wellnessEndTimeLocal":{"date":"May 10, 2021 12:00:00 AM"},"highlyActiveSeconds":90,"activeSeconds":4620,"moderateIntensityMinutes":16,"vigorousIntensityMinutes":34,"userIntensityMinutesGoal":500,"userFloorsAscendedGoal":10,"minHeartRate":57,"maxHeartRate":167,"restingHeartRate":65,"currentDayRestingHeartRate":69,"restingHeartRateTimestamp":"May 9, 2021 9:00:00 PM","includesWellnessData":true,"includesActivityData":true,"includesCalorieConsumedData":false,"includesSingleMeasurement":false,"includesContinuousMeasurement":false,"includesAllDayPulseOx":false,"includesSleepPulseOx":false,"source":0,"allDayStress":{"userProfilePK":95173854,"calendarDate":{"date":"May 9, 2021 12:00:00 AM"},"aggregatorList":[{"type":"TOTAL","averageStressLevel":29,"averageStressLevelIntensity":21,"maxStressLevel":80,"stressIntensityCount":30,"stressOffWristCount":1329,"stressTooActiveCount":79,"totalStressCount":1438,"totalStressIntensity":549,"stressDuration":540,"restDuration":1260,"activityDuration":4740,"uncategorizedDuration":79740,"totalDuration":86280,"lowDuration":0,"mediumDuration":420,"highDuration":120},{"type":"AWAKE","averageStressLevel":29,"averageStressLevelIntensity":21,"maxStressLevel":80,"stressIntensityCount":30,"stressOffWristCount":1329,"stressTooActiveCount":79,"totalStressCount":1438,"totalStressIntensity":549,"stressDuration":540,"restDuration":1260,"activityDuration":4740,"uncategorizedDuration":79740,"totalDuration":86280,"lowDuration":0,"mediumDuration":420,"highDuration":120},{"type":"ASLEEP","averageStressLevel":-2,"averageStressLevelIntensity":-2,"maxStressLevel":0,"stressIntensityCount":0,"stressOffWristCount":0,"stressTooActiveCount":0,"totalStressCount":0,"totalStressIntensity":0,"stressDuration":0,"restDuration":0,"activityDuration":0,"uncategorizedDuration":0,"totalDuration":0,"lowDuration":0,"mediumDuration":0,"highDuration":0}]},"bodyBattery":{"userProfilePK":95173854,"calendarDate":{"date":"May 9, 2021 12:00:00 AM"},"chargedValue":3,"drainedValue":8,"bodyBatteryVersion":1.0,"bodyBatteryStatList":[{"bodyBatteryStatType":"HIGHEST","statsValue":38,"bodyBatteryStatus":"MEASURED","statTimestamp":{"date":"May 9, 2021 2:41:00 PM"}},{"bodyBatteryStatType":"LOWEST","statsValue":30,"bodyBatteryStatus":"MEASURED","statTimestamp":{"date":"May 9, 2021 4:49:00 PM"}},{"bodyBatteryStatType":"MOSTRECENT","statsValue":30,"bodyBatteryStatus":"MEASURED","statTimestamp":{"date":"May 9, 2021 4:55:00 PM"}}]},"minAvgHeartRate":63,"maxAvgHeartRate":164,"version":76260002},{"userProfilePK":95173854,"calendarDate":{"date":"May 10, 2021 12:00:00 AM"},"uuid":"ca57d2d7ff314984a74d8396979debdf","durationInMilliseconds":86400000,"totalKilocalories":2357.0,"activeKilocalories":562.0,"bmrKilocalories":1795.0,"wellnessKilocalories":2357.0,"consumedKilocalories":1905.0,"remainingKilocalories":452.0,"wellnessTotalKilocalories":2357.0,"wellnessActiveKilocalories":562.0,"totalSteps":4481,"dailyStepGoal":8020,"netCalorieGoal":1576,"totalDistanceMeters":3431,"wellnessDistanceMeters":3431,"wellnessStartTimeGmt":{"date":"May 9, 2021 9:00:00 PM"},"wellnessEndTimeGmt":{"date":"May 10, 2021 9:00:00 PM"},"wellnessStartTimeLocal":{"date":"May 10, 2021 12:00:00 AM"},"wellnessEndTimeLocal":{"date":"May 11, 2021 12:00:00 AM"},"highlyActiveSeconds":730,"activeSeconds":5780,"moderateIntensityMinutes":34,"vigorousIntensityMinutes":37,"userIntensityMinutesGoal":500,"userFloorsAscendedGoal":10,"minHeartRate":63,"maxHeartRate":170,"restingHeartRate":66,"currentDayRestingHeartRate":70,"restingHeartRateTimestamp":"May 10, 2021 9:00:00 PM","includesWellnessData":true,"includesActivityData":true,"includesCalorieConsumedData":true,"includesSingleMeasurement":false,"includesContinuousMeasurement":false,"includesAllDayPulseOx":false,"includesSleepPulseOx":false,"source":0,"allDayStress":{"userProfilePK":95173854,"calendarDate":{"date":"May 10, 2021 12:00:00 AM"},"aggregatorList":[{"type":"TOTAL","averageStressLevel":36,"averageStressLevelIntensity":25,"maxStressLevel":96,"stressIntensityCount":53,"stressOffWristCount":1274,"stressTooActiveCount":110,"totalStressCount":1437,"totalStressIntensity":-51,"stressDuration":1740,"restDuration":1440,"activityDuration":6600,"uncategorizedDuration":76440,"totalDuration":86220,"lowDuration":780,"mediumDuration":720,"highDuration":240},{"type":"AWAKE","averageStressLevel":36,"averageStressLevelIntensity":25,"maxStressLevel":96,"stressIntensityCount":53,"stressOffWristCount":1274,"stressTooActiveCount":110,"totalStressCount":1437,"totalStressIntensity":-51,"stressDuration":1740,"restDuration":1440,"activityDuration":6600,"uncategorizedDuration":76440,"totalDuration":86220,"lowDuration":780,"mediumDuration":720,"highDuration":240},{"type":"ASLEEP","averageStressLevel":-2,"averageStressLevelIntensity":-2,"maxStressLevel":0,"stressIntensityCount":0,"stressOffWristCount":0,"stressTooActiveCount":0,"totalStressCount":0,"totalStressIntensity":0,"stressDuration":0,"restDuration":0,"activityDuration":0,"uncategorizedDuration":0,"totalDuration":0,"lowDuration":0,"mediumDuration":0,"highDuration":0}]},"bodyBattery":{"userProfilePK":95173854,"calendarDate":{"date":"May 10, 2021 12:00:00 AM"},"chargedValue":3,"drainedValue":15,"bodyBatteryVersion":1.0,"bodyBatteryStatList":[{"bodyBatteryStatType":"HIGHEST","statsValue":44,"bodyBatteryStatus":"RESET","statTimestamp":{"date":"May 10, 2021 11:29:00 AM"}},{"bodyBatteryStatType":"LOWEST","statsValue":32,"bodyBatteryStatus":"MEASURED","statTimestamp":{"date":"May 10, 2021 4:42:00 PM"}},{"bodyBatteryStatType":"MOSTRECENT","statsValue":32,"bodyBatteryStatus":"MEASURED","statTimestamp":{"date":"May 10, 2021 4:51:00 PM"}}]},"minAvgHeartRate":68,"maxAvgHeartRate":165,"version":83460002},{"userProfilePK":95173854,"calendarDate":{"date":"May 11, 2021 12:00:00 AM"},"uuid":"bf1fc38774414a47af26d97514eb8307","durationInMilliseconds":86400000,"totalKilocalories":1930.0,"activeKilocalories":135.0,"bmrKilocalories":1795.0,"wellnessKilocalories":1930.0,"remainingKilocalories":1930.0,"wellnessTotalKilocalories":1930.0,"wellnessActiveKilocalories":135.0,"totalSteps":5150,"dailyStepGoal":7320,"netCalorieGoal":1576,"totalDistanceMeters":3827,"wellnessDistanceMeters":3827,"wellnessStartTimeGmt":{"date":"May 10, 2021 9:00:00 PM"},"wellnessEndTimeGmt":{"date":"May 11, 2021 9:00:00 PM"},"wellnessStartTimeLocal":{"date":"May 11, 2021 12:00:00 AM"},"wellnessEndTimeLocal":{"date":"May 12, 2021 12:00:00 AM"},"highlyActiveSeconds":1080,"activeSeconds":4755,"moderateIntensityMinutes":0,"vigorousIntensityMinutes":0,"userIntensityMinutesGoal":500,"userFloorsAscendedGoal":10,"minHeartRate":56,"maxHeartRate":122,"restingHeartRate":66,"currentDayRestingHeartRate":63,"restingHeartRateTimestamp":"May 11, 2021 9:00:00 PM","includesWellnessData":true,"includesActivityData":false,"includesCalorieConsumedData":false,"includesSingleMeasurement":false,"includesContinuousMeasurement":false,"includesAllDayPulseOx":false,"includesSleepPulseOx":false,"source":0,"allDayStress":{"userProfilePK":95173854,"calendarDate":{"date":"May 11, 2021 12:00:00 AM"},"aggregatorList":[{"type":"TOTAL","averageStressLevel":17,"averageStressLevelIntensity":17,"maxStressLevel":46,"stressIntensityCount":50,"stressOffWristCount":1301,"stressTooActiveCount":88,"totalStressCount":1439,"totalStressIntensity":1770,"stressDuration":420,"restDuration":2580,"activityDuration":5280,"uncategorizedDuration":78060,"totalDuration":86340,"lowDuration":420,"mediumDuration":0,"highDuration":0},{"type":"AWAKE","averageStressLevel":17,"averageStressLevelIntensity":17,"maxStressLevel":46,"stressIntensityCount":50,"stressOffWristCount":1301,"stressTooActiveCount":88,"totalStressCount":1439,"totalStressIntensity":1770,"stressDuration":420,"restDuration":2580,"activityDuration":5280,"uncategorizedDuration":78060,"totalDuration":86340,"lowDuration":420,"mediumDuration":0,"highDuration":0},{"type":"ASLEEP","averageStressLevel":-2,"averageStressLevelIntensity":-2,"maxStressLevel":0,"stressIntensityCount":0,"stressOffWristCount":0,"stressTooActiveCount":0,"totalStressCount":0,"totalStressIntensity":0,"stressDuration":0,"restDuration":0,"activityDuration":0,"uncategorizedDuration":0,"totalDuration":0,"lowDuration":0,"mediumDuration":0,"highDuration":0}]},"bodyBattery":{"userProfilePK":95173854,"calendarDate":{"date":"May 11, 2021 12:00:00 AM"},"chargedValue":9,"drainedValue":2,"bodyBatteryVersion":1.0,"bodyBatteryStatList":[{"bodyBatteryStatType":"HIGHEST","statsValue":49,"bodyBatteryStatus":"MEASURED","statTimestamp":{"date":"May 11, 2021 2:40:00 PM"}},{"bodyBatteryStatType":"LOWEST","statsValue":41,"bodyBatteryStatus":"MEASURED","statTimestamp":{"date":"May 11, 2021 12:30:00 PM"}},{"bodyBatteryStatType":"MOSTRECENT","statsValue":49,"bodyBatteryStatus":"MEASURED","statTimestamp":{"date":"May 11, 2021 2:47:00 PM"}}]},"minAvgHeartRate":57,"maxAvgHeartRate":122,"version":83820002},{"userProfilePK":95173854,"calendarDate":{"date":"May 12, 2021 12:00:00 AM"},"uuid":"e7fc50d435564fa8ab2b49fc5e60b8ab","durationInMilliseconds":86400000,"totalKilocalories":2199.0,"activeKilocalories":404.0,"bmrKilocalories":1795.0,"wellnessKilocalories":2199.0,"remainingKilocalories":2199.0,"wellnessTotalKilocalories":2199.0,"wellnessActiveKilocalories":404.0,"totalSteps":4059,"dailyStepGoal":6890,"netCalorieGoal":1576,"totalDistanceMeters":3046,"wellnessDistanceMeters":3046,"wellnessStartTimeGmt":{"date":"May 11, 2021 9:00:00 PM"},"wellnessEndTimeGmt":{"date":"May 12, 2021 9:00:00 PM"},"wellnessStartTimeLocal":{"date":"May 12, 2021 12:00:00 AM"},"wellnessEndTimeLocal":{"date":"May 13, 2021 12:00:00 AM"},"highlyActiveSeconds":345,"activeSeconds":4499,"moderateIntensityMinutes":10,"vigorousIntensityMinutes":32,"userIntensityMinutesGoal":500,"userFloorsAscendedGoal":10,"minHeartRate":72,"maxHeartRate":161,"restingHeartRate":69,"currentDayRestingHeartRate":79,"restingHeartRateTimestamp":"May 12, 2021 9:00:00 PM","includesWellnessData":true,"includesActivityData":true,"includesCalorieConsumedData":false,"includesSingleMeasurement":false,"includesContinuousMeasurement":false,"includesAllDayPulseOx":false,"includesSleepPulseOx":false,"source":0,"allDayStress":{"userProfilePK":95173854,"calendarDate":{"date":"May 12, 2021 12:00:00 AM"},"aggregatorList":[{"type":"TOTAL","averageStressLevel":41,"averageStressLevelIntensity":35,"maxStressLevel":79,"stressIntensityCount":60,"stressOffWristCount":1307,"stressTooActiveCount":72,"totalStressCount":1439,"totalStressIntensity":-817,"stressDuration":2400,"restDuration":1200,"activityDuration":4320,"uncategorizedDuration":78420,"totalDuration":86340,"lowDuration":1140,"mediumDuration":1080,"highDuration":180},{"type":"AWAKE","averageStressLevel":41,"averageStressLevelIntensity":35,"maxStressLevel":79,"stressIntensityCount":60,"stressOffWristCount":1307,"stressTooActiveCount":72,"totalStressCount":1439,"totalStressIntensity":-817,"stressDuration":2400,"restDuration":1200,"activityDuration":4320,"uncategorizedDuration":78420,"totalDuration":86340,"lowDuration":1140,"mediumDuration":1080,"highDuration":180},{"type":"ASLEEP","averageStressLevel":-2,"averageStressLevelIntensity":-2,"maxStressLevel":0,"stressIntensityCount":0,"stressOffWristCount":0,"stressTooActiveCount":0,"totalStressCount":0,"totalStressIntensity":0,"stressDuration":0,"restDuration":0,"activityDuration":0,"uncategorizedDuration":0,"totalDuration":0,"lowDuration":0,"mediumDuration":0,"highDuration":0}]},"bodyBattery":{"userProfilePK":95173854,"calendarDate":{"date":"May 12, 2021 12:00:00 AM"},"chargedValue":2,"drainedValue":10,"bodyBatteryVersion":1.0,"bodyBatteryStatList":[{"bodyBatteryStatType":"HIGHEST","statsValue":36,"bodyBatteryStatus":"MEASURED","statTimestamp":{"date":"May 12, 2021 2:26:00 PM"}},{"bodyBatteryStatType":"LOWEST","statsValue":27,"bodyBatteryStatus":"MEASURED","statTimestamp":{"date":"May 12, 2021 5:21:00 PM"}},{"bodyBatteryStatType":"MOSTRECENT","statsValue":27,"bodyBatteryStatus":"MEASURED","statTimestamp":{"date":"May 12, 2021 5:52:00 PM"}}]},"minAvgHeartRate":72,"maxAvgHeartRate":160,"version":79200002},{"userProfilePK":95173854,"calendarDate":{"date":"May 13, 2021 12:00:00 AM"},"uuid":"6cd4db87802d458db3d64cc17ccfae6f","durationInMilliseconds":86400000,"totalKilocalories":2202.0,"activeKilocalories":407.0,"bmrKilocalories":1795.0,"wellnessKilocalories":2202.0,"remainingKilocalories":2202.0,"wellnessTotalKilocalories":2202.0,"wellnessActiveKilocalories":407.0,"totalSteps":8443,"dailyStepGoal":6330,"netCalorieGoal":1576,"totalDistanceMeters":6306,"wellnessDistanceMeters":6306,"wellnessStartTimeGmt":{"date":"May 12, 2021 9:00:00 PM"},"wellnessEndTimeGmt":{"date":"May 13, 2021 9:00:00 PM"},"wellnessStartTimeLocal":{"date":"May 13, 2021 12:00:00 AM"},"wellnessEndTimeLocal":{"date":"May 14, 2021 12:00:00 AM"},"highlyActiveSeconds":1845,"activeSeconds":10535,"moderateIntensityMinutes":11,"vigorousIntensityMinutes":16,"userIntensityMinutesGoal":500,"userFloorsAscendedGoal":10,"minHeartRate":52,"maxHeartRate":144,"restingHeartRate":70,"currentDayRestingHeartRate":69,"restingHeartRateTimestamp":"May 13, 2021 9:00:00 PM","includesWellnessData":true,"includesActivityData":true,"includesCalorieConsumedData":false,"includesSingleMeasurement":false,"includesContinuousMeasurement":false,"includesAllDayPulseOx":false,"includesSleepPulseOx":false,"source":0,"allDayStress":{"userProfilePK":95173854,"calendarDate":{"date":"May 13, 2021 12:00:00 AM"},"aggregatorList":[{"type":"TOTAL","averageStressLevel":31,"averageStressLevelIntensity":24,"maxStressLevel":79,"stressIntensityCount":266,"stressOffWristCount":1037,"stressTooActiveCount":137,"totalStressCount":1440,"totalStressIntensity":1086,"stressDuration":8400,"restDuration":7560,"activityDuration":8220,"uncategorizedDuration":62220,"totalDuration":86400,"lowDuration":5460,"mediumDuration":2640,"highDuration":300},{"type":"AWAKE","averageStressLevel":31,"averageStressLevelIntensity":24,"maxStressLevel":79,"stressIntensityCount":266,"stressOffWristCount":1037,"stressTooActiveCount":137,"totalStressCount":1440,"totalStressIntensity":1086,"stressDuration":8400,"restDuration":7560,"activityDuration":8220,"uncategorizedDuration":62220,"totalDuration":86400,"lowDuration":5460,"mediumDuration":2640,"highDuration":300},{"type":"ASLEEP","averageStressLevel":-2,"averageStressLevelIntensity":-2,"maxStressLevel":0,"stressIntensityCount":0,"stressOffWristCount":0,"stressTooActiveCount":0,"totalStressCount":0,"totalStressIntensity":0,"stressDuration":0,"restDuration":0,"activityDuration":0,"uncategorizedDuration":0,"totalDuration":0,"lowDuration":0,"mediumDuration":0,"highDuration":0}]},"bodyBattery":{"userProfilePK":95173854,"calendarDate":{"date":"May 13, 2021 12:00:00 AM"},"chargedValue":13,"drainedValue":29,"bodyBatteryVersion":1.0,"bodyBatteryStatList":[{"bodyBatteryStatType":"HIGHEST","statsValue":64,"bodyBatteryStatus":"RESET","statTimestamp":{"date":"May 13, 2021 7:24:00 AM"}},{"bodyBatteryStatType":"LOWEST","statsValue":46,"bodyBatteryStatus":"MEASURED","statTimestamp":{"date":"May 13, 2021 4:20:00 PM"}},{"bodyBatteryStatType":"MOSTRECENT","statsValue":48,"bodyBatteryStatus":"MEASURED","statTimestamp":{"date":"May 13, 2021 6:27:00 PM"}}]},"minAvgHeartRate":53,"maxAvgHeartRate":142,"version":69540002},{"userProfilePK":95173854,"calendarDate":{"date":"May 14, 2021 12:00:00 AM"},"uuid":"1b0e44cfa67f4f428f7255f70f297990","durationInMilliseconds":86400000,"totalKilocalories":1795.0,"activeKilocalories":0.0,"bmrKilocalories":1795.0,"wellnessKilocalories":1795.0,"remainingKilocalories":1795.0,"wellnessTotalKilocalories":1795.0,"wellnessActiveKilocalories":0.0,"totalSteps":0,"dailyStepGoal":6550,"netCalorieGoal":1576,"totalDistanceMeters":0,"wellnessDistanceMeters":0,"wellnessStartTimeGmt":{"date":"May 13, 2021 9:00:00 PM"},"wellnessEndTimeGmt":{"date":"May 14, 2021 9:00:00 PM"},"wellnessStartTimeLocal":{"date":"May 14, 2021 12:00:00 AM"},"wellnessEndTimeLocal":{"date":"May 15, 2021 12:00:00 AM"},"highlyActiveSeconds":0,"activeSeconds":0,"moderateIntensityMinutes":0,"vigorousIntensityMinutes":0,"userIntensityMinutesGoal":500,"userFloorsAscendedGoal":10,"includesWellnessData":true,"includesActivityData":false,"includesCalorieConsumedData":false,"includesSingleMeasurement":false,"includesContinuousMeasurement":false,"includesAllDayPulseOx":false,"includesSleepPulseOx":false,"source":0,"allDayStress":{"userProfilePK":95173854,"calendarDate":{"date":"May 14, 2021 12:00:00 AM"},"aggregatorList":[{"type":"TOTAL","averageStressLevel":-1,"averageStressLevelIntensity":-1,"maxStressLevel":0,"stressIntensityCount":0,"stressOffWristCount":1440,"stressTooActiveCount":0,"totalStressCount":1440,"totalStressIntensity":0,"stressDuration":0,"restDuration":0,"activityDuration":0,"uncategorizedDuration":86400,"totalDuration":86400,"lowDuration":0,"mediumDuration":0,"highDuration":0},{"type":"AWAKE","averageStressLevel":-1,"averageStressLevelIntensity":-1,"maxStressLevel":0,"stressIntensityCount":0,"stressOffWristCount":1440,"stressTooActiveCount":0,"totalStressCount":1440,"totalStressIntensity":0,"stressDuration":0,"restDuration":0,"activityDuration":0,"uncategorizedDuration":86400,"totalDuration":86400,"lowDuration":0,"mediumDuration":0,"highDuration":0},{"type":"ASLEEP","averageStressLevel":-2,"averageStressLevelIntensity":-2,"maxStressLevel":0,"stressIntensityCount":0,"stressOffWristCount":0,"stressTooActiveCount":0,"totalStressCount":0,"totalStressIntensity":0,"stressDuration":0,"restDuration":0,"activityDuration":0,"uncategorizedDuration":0,"totalDuration":0,"lowDuration":0,"mediumDuration":0,"highDuration":0}]},"bodyBattery":{"userProfilePK":95173854,"calendarDate":{"date":"May 14, 2021 12:00:00 AM"},"bodyBatteryVersion":1.0,"bodyBatteryStatList":[]},"version":11940002},{"userProfilePK":95173854,"calendarDate":{"date":"May 15, 2021 12:00:00 AM"},"uuid":"75bb6125c8e84be1b0569eef045bf107","durationInMilliseconds":86400000,"totalKilocalories":2305.0,"activeKilocalories":510.0,"bmrKilocalories":1795.0,"wellnessKilocalories":2305.0,"consumedKilocalories":0.0,"remainingKilocalories":2305.0,"wellnessTotalKilocalories":2305.0,"wellnessActiveKilocalories":510.0,"totalSteps":4211,"dailyStepGoal":6550,"netCalorieGoal":1576,"totalDistanceMeters":3763,"wellnessDistanceMeters":3763,"wellnessStartTimeGmt":{"date":"May 14, 2021 9:00:00 PM"},"wellnessEndTimeGmt":{"date":"May 15, 2021 9:00:00 PM"},"wellnessStartTimeLocal":{"date":"May 15, 2021 12:00:00 AM"},"wellnessEndTimeLocal":{"date":"May 16, 2021 12:00:00 AM"},"highlyActiveSeconds":1095,"activeSeconds":2735,"moderateIntensityMinutes":10,"vigorousIntensityMinutes":32,"userIntensityMinutesGoal":500,"userFloorsAscendedGoal":10,"minHeartRate":71,"maxHeartRate":191,"restingHeartRate":73,"currentDayRestingHeartRate":88,"restingHeartRateTimestamp":"May 15, 2021 9:00:00 PM","includesWellnessData":true,"includesActivityData":true,"includesCalorieConsumedData":true,"includesSingleMeasurement":false,"includesContinuousMeasurement":false,"includesAllDayPulseOx":false,"includesSleepPulseOx":false,"source":0,"allDayStress":{"userProfilePK":95173854,"calendarDate":{"date":"May 15, 2021 12:00:00 AM"},"aggregatorList":[{"type":"TOTAL","averageStressLevel":30,"averageStressLevelIntensity":25,"maxStressLevel":84,"stressIntensityCount":19,"stressOffWristCount":1363,"stressTooActiveCount":58,"totalStressCount":1440,"totalStressIntensity":22,"stressDuration":180,"restDuration":960,"activityDuration":3480,"uncategorizedDuration":81780,"totalDuration":86400,"lowDuration":0,"mediumDuration":60,"highDuration":120},{"type":"AWAKE","averageStressLevel":30,"averageStressLevelIntensity":25,"maxStressLevel":84,"stressIntensityCount":19,"stressOffWristCount":1363,"stressTooActiveCount":58,"totalStressCount":1440,"totalStressIntensity":22,"stressDuration":180,"restDuration":960,"activityDuration":3480,"uncategorizedDuration":81780,"totalDuration":86400,"lowDuration":0,"mediumDuration":60,"highDuration":120},{"type":"ASLEEP","averageStressLevel":-2,"averageStressLevelIntensity":-2,"maxStressLevel":0,"stressIntensityCount":0,"stressOffWristCount":0,"stressTooActiveCount":0,"totalStressCount":0,"totalStressIntensity":0,"stressDuration":0,"restDuration":0,"activityDuration":0,"uncategorizedDuration":0,"totalDuration":0,"lowDuration":0,"mediumDuration":0,"highDuration":0}]},"bodyBattery":{"userProfilePK":95173854,"calendarDate":{"date":"May 15, 2021 12:00:00 AM"},"chargedValue":0,"drainedValue":9,"bodyBatteryVersion":1.0,"bodyBatteryStatList":[{"bodyBatteryStatType":"HIGHEST","statsValue":34,"bodyBatteryStatus":"RESET","statTimestamp":{"date":"May 15, 2021 2:25:00 PM"}},{"bodyBatteryStatType":"LOWEST","statsValue":25,"bodyBatteryStatus":"MEASURED","statTimestamp":{"date":"May 15, 2021 3:51:00 PM"}},{"bodyBatteryStatType":"MOSTRECENT","statsValue":25,"bodyBatteryStatus":"MEASURED","statTimestamp":{"date":"May 15, 2021 4:26:00 PM"}}]},"minAvgHeartRate":72,"maxAvgHeartRate":190,"version":68460007},{"userProfilePK":95173854,"calendarDate":{"date":"May 16, 2021 12:00:00 AM"},"uuid":"72732a7420f9407e93948e7a4791886b","durationInMilliseconds":86400000,"totalKilocalories":2285.0,"activeKilocalories":490.0,"bmrKilocalories":1795.0,"wellnessKilocalories":2285.0,"consumedKilocalories":0.0,"remainingKilocalories":2285.0,"wellnessTotalKilocalories":2285.0,"wellnessActiveKilocalories":490.0,"totalSteps":6405,"dailyStepGoal":6320,"netCalorieGoal":1576,"totalDistanceMeters":4907,"wellnessDistanceMeters":4907,"wellnessStartTimeGmt":{"date":"May 15, 2021 9:00:00 PM"},"wellnessEndTimeGmt":{"date":"May 16, 2021 9:00:00 PM"},"wellnessStartTimeLocal":{"date":"May 16, 2021 12:00:00 AM"},"wellnessEndTimeLocal":{"date":"May 17, 2021 12:00:00 AM"},"highlyActiveSeconds":1525,"activeSeconds":7937,"moderateIntensityMinutes":20,"vigorousIntensityMinutes":27,"userIntensityMinutesGoal":500,"userFloorsAscendedGoal":10,"minHeartRate":60,"maxHeartRate":176,"restingHeartRate":73,"currentDayRestingHeartRate":69,"restingHeartRateTimestamp":"May 16, 2021 9:00:00 PM","includesWellnessData":true,"includesActivityData":true,"includesCalorieConsumedData":true,"includesSingleMeasurement":false,"includesContinuousMeasurement":false,"includesAllDayPulseOx":false,"includesSleepPulseOx":false,"source":0,"allDayStress":{"userProfilePK":95173854,"calendarDate":{"date":"May 16, 2021 12:00:00 AM"},"aggregatorList":[{"type":"TOTAL","averageStressLevel":19,"averageStressLevelIntensity":18,"maxStressLevel":77,"stressIntensityCount":88,"stressOffWristCount":1156,"stressTooActiveCount":193,"totalStressCount":1437,"totalStressIntensity":2519,"stressDuration":660,"restDuration":4620,"activityDuration":11580,"uncategorizedDuration":69360,"totalDuration":86220,"lowDuration":480,"mediumDuration":120,"highDuration":60},{"type":"AWAKE","averageStressLevel":19,"averageStressLevelIntensity":18,"maxStressLevel":77,"stressIntensityCount":88,"stressOffWristCount":1156,"stressTooActiveCount":193,"totalStressCount":1437,"totalStressIntensity":2519,"stressDuration":660,"restDuration":4620,"activityDuration":11580,"uncategorizedDuration":69360,"totalDuration":86220,"lowDuration":480,"mediumDuration":120,"highDuration":60},{"type":"ASLEEP","averageStressLevel":-2,"averageStressLevelIntensity":-2,"maxStressLevel":0,"stressIntensityCount":0,"stressOffWristCount":0,"stressTooActiveCount":0,"totalStressCount":0,"totalStressIntensity":0,"stressDuration":0,"restDuration":0,"activityDuration":0,"uncategorizedDuration":0,"totalDuration":0,"lowDuration":0,"mediumDuration":0,"highDuration":0}]},"bodyBattery":{"userProfilePK":95173854,"calendarDate":{"date":"May 16, 2021 12:00:00 AM"},"chargedValue":9,"drainedValue":14,"bodyBatteryVersion":1.0,"bodyBatteryStatList":[{"bodyBatteryStatType":"HIGHEST","statsValue":63,"bodyBatteryStatus":"MEASURED","statTimestamp":{"date":"May 16, 2021 9:49:00 AM"}},{"bodyBatteryStatType":"LOWEST","statsValue":54,"bodyBatteryStatus":"MEASURED","statTimestamp":{"date":"May 16, 2021 1:00:00 PM"}},{"bodyBatteryStatType":"MOSTRECENT","statsValue":54,"bodyBatteryStatus":"MEASURED","statTimestamp":{"date":"May 16, 2021 2:10:00 PM"}}]},"minAvgHeartRate":63,"maxAvgHeartRate":171,"version":82020006},{"userProfilePK":95173854,"calendarDate":{"date":"May 17, 2021 12:00:00 AM"},"uuid":"ac1b696619ec4a9e8a569e02b506d912","durationInMilliseconds":86400000,"totalKilocalories":2351.0,"activeKilocalories":556.0,"bmrKilocalories":1795.0,"wellnessKilocalories":2351.0,"consumedKilocalories":2106.0,"remainingKilocalories":245.0,"wellnessTotalKilocalories":2351.0,"wellnessActiveKilocalories":556.0,"totalSteps":3323,"dailyStepGoal":6330,"netCalorieGoal":1576,"totalDistanceMeters":2850,"wellnessDistanceMeters":2850,"wellnessStartTimeGmt":{"date":"May 16, 2021 9:00:00 PM"},"wellnessEndTimeGmt":{"date":"May 17, 2021 9:00:00 PM"},"wellnessStartTimeLocal":{"date":"May 17, 2021 12:00:00 AM"},"wellnessEndTimeLocal":{"date":"May 18, 2021 12:00:00 AM"},"highlyActiveSeconds":1500,"activeSeconds":3180,"moderateIntensityMinutes":20,"vigorousIntensityMinutes":44,"userIntensityMinutesGoal":500,"userFloorsAscendedGoal":10,"minHeartRate":69,"maxHeartRate":174,"restingHeartRate":75,"currentDayRestingHeartRate":82,"restingHeartRateTimestamp":"May 17, 2021 9:00:00 PM","includesWellnessData":true,"includesActivityData":true,"includesCalorieConsumedData":true,"includesSingleMeasurement":false,"includesContinuousMeasurement":false,"includesAllDayPulseOx":false,"includesSleepPulseOx":false,"source":0,"allDayStress":{"userProfilePK":95173854,"calendarDate":{"date":"May 17, 2021 12:00:00 AM"},"aggregatorList":[{"type":"TOTAL","averageStressLevel":21,"averageStressLevelIntensity":20,"maxStressLevel":68,"stressIntensityCount":21,"stressOffWristCount":1360,"stressTooActiveCount":59,"totalStressCount":1440,"totalStressIntensity":481,"stressDuration":180,"restDuration":1080,"activityDuration":3540,"uncategorizedDuration":81600,"totalDuration":86400,"lowDuration":120,"mediumDuration":60,"highDuration":0},{"type":"AWAKE","averageStressLevel":21,"averageStressLevelIntensity":20,"maxStressLevel":68,"stressIntensityCount":21,"stressOffWristCount":1360,"stressTooActiveCount":59,"totalStressCount":1440,"totalStressIntensity":481,"stressDuration":180,"restDuration":1080,"activityDuration":3540,"uncategorizedDuration":81600,"totalDuration":86400,"lowDuration":120,"mediumDuration":60,"highDuration":0},{"type":"ASLEEP","averageStressLevel":-2,"averageStressLevelIntensity":-2,"maxStressLevel":0,"stressIntensityCount":0,"stressOffWristCount":0,"stressTooActiveCount":0,"totalStressCount":0,"totalStressIntensity":0,"stressDuration":0,"restDuration":0,"activityDuration":0,"uncategorizedDuration":0,"totalDuration":0,"lowDuration":0,"mediumDuration":0,"highDuration":0}]},"bodyBattery":{"userProfilePK":95173854,"calendarDate":{"date":"May 17, 2021 12:00:00 AM"},"chargedValue":2,"drainedValue":7,"bodyBatteryVersion":1.0,"bodyBatteryStatList":[{"bodyBatteryStatType":"HIGHEST","statsValue":36,"bodyBatteryStatus":"MEASURED","statTimestamp":{"date":"May 17, 2021 2:48:00 PM"}},{"bodyBatteryStatType":"LOWEST","statsValue":29,"bodyBatteryStatus":"MEASURED","statTimestamp":{"date":"May 17, 2021 4:05:00 PM"}},{"bodyBatteryStatType":"MOSTRECENT","statsValue":29,"bodyBatteryStatus":"MEASURED","statTimestamp":{"date":"May 17, 2021 4:43:00 PM"}}]},"minAvgHeartRate":74,"maxAvgHeartRate":172,"version":83940021},{"userProfilePK":95173854,"calendarDate":{"date":"May 18, 2021 12:00:00 AM"},"uuid":"527fe25659c84de9bc3d40d40829003a","durationInMilliseconds":86400000,"totalKilocalories":2273.0,"activeKilocalories":478.0,"bmrKilocalories":1795.0,"wellnessKilocalories":2273.0,"consumedKilocalories":1093.0,"remainingKilocalories":1180.0,"wellnessTotalKilocalories":2273.0,"wellnessActiveKilocalories":478.0,"totalSteps":6371,"dailyStepGoal":6030,"netCalorieGoal":1576,"totalDistanceMeters":4751,"wellnessDistanceMeters":4751,"wellnessStartTimeGmt":{"date":"May 17, 2021 9:00:00 PM"},"wellnessEndTimeGmt":{"date":"May 18, 2021 9:00:00 PM"},"wellnessStartTimeLocal":{"date":"May 18, 2021 12:00:00 AM"},"wellnessEndTimeLocal":{"date":"May 19, 2021 12:00:00 AM"},"highlyActiveSeconds":800,"activeSeconds":8390,"moderateIntensityMinutes":8,"vigorousIntensityMinutes":33,"userIntensityMinutesGoal":500,"userFloorsAscendedGoal":10,"minHeartRate":56,"maxHeartRate":167,"restingHeartRate":74,"currentDayRestingHeartRate":59,"restingHeartRateTimestamp":"May 18, 2021 9:00:00 PM","includesWellnessData":true,"includesActivityData":true,"includesCalorieConsumedData":true,"includesSingleMeasurement":false,"includesContinuousMeasurement":false,"includesAllDayPulseOx":false,"includesSleepPulseOx":false,"source":0,"allDayStress":{"userProfilePK":95173854,"calendarDate":{"date":"May 18, 2021 12:00:00 AM"},"aggregatorList":[{"type":"TOTAL","averageStressLevel":14,"averageStressLevelIntensity":14,"maxStressLevel":65,"stressIntensityCount":255,"stressOffWristCount":1018,"stressTooActiveCount":166,"totalStressCount":1439,"totalStressIntensity":11532,"stressDuration":960,"restDuration":14340,"activityDuration":9960,"uncategorizedDuration":61080,"totalDuration":86340,"lowDuration":660,"mediumDuration":300,"highDuration":0},{"type":"AWAKE","averageStressLevel":14,"averageStressLevelIntensity":14,"maxStressLevel":65,"stressIntensityCount":255,"stressOffWristCount":1018,"stressTooActiveCount":166,"totalStressCount":1439,"totalStressIntensity":11532,"stressDuration":960,"restDuration":14340,"activityDuration":9960,"uncategorizedDuration":61080,"totalDuration":86340,"lowDuration":660,"mediumDuration":300,"highDuration":0},{"type":"ASLEEP","averageStressLevel":-2,"averageStressLevelIntensity":-2,"maxStressLevel":0,"stressIntensityCount":0,"stressOffWristCount":0,"stressTooActiveCount":0,"totalStressCount":0,"totalStressIntensity":0,"stressDuration":0,"restDuration":0,"activityDuration":0,"uncategorizedDuration":0,"totalDuration":0,"lowDuration":0,"mediumDuration":0,"highDuration":0}]},"bodyBattery":{"userProfilePK":95173854,"calendarDate":{"date":"May 18, 2021 12:00:00 AM"},"chargedValue":30,"drainedValue":27,"bodyBatteryVersion":1.0,"bodyBatteryStatList":[{"bodyBatteryStatType":"HIGHEST","statsValue":89,"bodyBatteryStatus":"MEASURED","statTimestamp":{"date":"May 18, 2021 11:09:00 AM"}},{"bodyBatteryStatType":"LOWEST","statsValue":67,"bodyBatteryStatus":"MEASURED","statTimestamp":{"date":"May 18, 2021 4:42:00 PM"}},{"bodyBatteryStatType":"MOSTRECENT","statsValue":72,"bodyBatteryStatus":"MEASURED","statTimestamp":{"date":"May 18, 2021 7:55:00 PM"}}]},"minAvgHeartRate":56,"maxAvgHeartRate":163,"version":48660003},{"userProfilePK":95173854,"calendarDate":{"date":"May 19, 2021 12:00:00 AM"},"uuid":"dfb4f3711c6b4694ad7689129d6f97a8","durationInMilliseconds":86400000,"totalKilocalories":2452.0,"activeKilocalories":657.0,"bmrKilocalories":1795.0,"wellnessKilocalories":2452.0,"consumedKilocalories":1716.0,"remainingKilocalories":736.0,"wellnessTotalKilocalories":2452.0,"wellnessActiveKilocalories":657.0,"totalSteps":13311,"dailyStepGoal":6070,"netCalorieGoal":1568,"totalDistanceMeters":11469,"wellnessDistanceMeters":11469,"wellnessStartTimeGmt":{"date":"May 18, 2021 9:00:00 PM"},"wellnessEndTimeGmt":{"date":"May 19, 2021 9:00:00 PM"},"wellnessStartTimeLocal":{"date":"May 19, 2021 12:00:00 AM"},"wellnessEndTimeLocal":{"date":"May 20, 2021 12:00:00 AM"},"highlyActiveSeconds":3465,"activeSeconds":5615,"moderateIntensityMinutes":2,"vigorousIntensityMinutes":46,"userIntensityMinutesGoal":500,"userFloorsAscendedGoal":10,"minHeartRate":56,"maxHeartRate":175,"restingHeartRate":71,"currentDayRestingHeartRate":61,"restingHeartRateTimestamp":"May 19, 2021 9:00:00 PM","includesWellnessData":true,"includesActivityData":true,"includesCalorieConsumedData":true,"includesSingleMeasurement":false,"includesContinuousMeasurement":false,"includesAllDayPulseOx":false,"includesSleepPulseOx":false,"source":0,"allDayStress":{"userProfilePK":95173854,"calendarDate":{"date":"May 19, 2021 12:00:00 AM"},"aggregatorList":[{"type":"TOTAL","averageStressLevel":17,"averageStressLevelIntensity":16,"maxStressLevel":72,"stressIntensityCount":97,"stressOffWristCount":1193,"stressTooActiveCount":148,"totalStressCount":1438,"totalStressIntensity":3789,"stressDuration":600,"restDuration":5220,"activityDuration":8880,"uncategorizedDuration":71580,"totalDuration":86280,"lowDuration":300,"mediumDuration":300,"highDuration":0},{"type":"AWAKE","averageStressLevel":17,"averageStressLevelIntensity":16,"maxStressLevel":72,"stressIntensityCount":97,"stressOffWristCount":1193,"stressTooActiveCount":148,"totalStressCount":1438,"totalStressIntensity":3789,"stressDuration":600,"restDuration":5220,"activityDuration":8880,"uncategorizedDuration":71580,"totalDuration":86280,"lowDuration":300,"mediumDuration":300,"highDuration":0},{"type":"ASLEEP","averageStressLevel":-2,"averageStressLevelIntensity":-2,"maxStressLevel":0,"stressIntensityCount":0,"stressOffWristCount":0,"stressTooActiveCount":0,"totalStressCount":0,"totalStressIntensity":0,"stressDuration":0,"restDuration":0,"activityDuration":0,"uncategorizedDuration":0,"totalDuration":0,"lowDuration":0,"mediumDuration":0,"highDuration":0}]},"bodyBattery":{"userProfilePK":95173854,"calendarDate":{"date":"May 19, 2021 12:00:00 AM"},"chargedValue":14,"drainedValue":15,"bodyBatteryVersion":1.0,"bodyBatteryStatList":[{"bodyBatteryStatType":"HIGHEST","statsValue":66,"bodyBatteryStatus":"MEASURED","statTimestamp":{"date":"May 19, 2021 9:08:00 AM"}},{"bodyBatteryStatType":"LOWEST","statsValue":29,"bodyBatteryStatus":"MEASURED","statTimestamp":{"date":"May 19, 2021 5:04:00 PM"}},{"bodyBatteryStatType":"MOSTRECENT","statsValue":29,"bodyBatteryStatus":"MEASURED","statTimestamp":{"date":"May 19, 2021 5:35:00 PM"}}]},"minAvgHeartRate":58,"maxAvgHeartRate":175,"version":82800002},{"userProfilePK":95173854,"calendarDate":{"date":"May 20, 2021 12:00:00 AM"},"uuid":"86bb65f40fd74a4d815976c1f6debedb","durationInMilliseconds":86400000,"totalKilocalories":2070.0,"activeKilocalories":275.0,"bmrKilocalories":1795.0,"wellnessKilocalories":2070.0,"consumedKilocalories":2161.0,"remainingKilocalories":-91.0,"wellnessTotalKilocalories":2070.0,"wellnessActiveKilocalories":275.0,"totalSteps":4559,"dailyStepGoal":7520,"netCalorieGoal":1568,"totalDistanceMeters":3431,"wellnessDistanceMeters":3431,"wellnessStartTimeGmt":{"date":"May 19, 2021 9:00:00 PM"},"wellnessEndTimeGmt":{"date":"May 20, 2021 9:00:00 PM"},"wellnessStartTimeLocal":{"date":"May 20, 2021 12:00:00 AM"},"wellnessEndTimeLocal":{"date":"May 21, 2021 12:00:00 AM"},"highlyActiveSeconds":765,"activeSeconds":4770,"moderateIntensityMinutes":4,"vigorousIntensityMinutes":7,"userIntensityMinutesGoal":500,"userFloorsAscendedGoal":10,"minHeartRate":69,"maxHeartRate":135,"restingHeartRate":73,"currentDayRestingHeartRate":78,"restingHeartRateTimestamp":"May 20, 2021 9:00:00 PM","includesWellnessData":true,"includesActivityData":false,"includesCalorieConsumedData":true,"includesSingleMeasurement":false,"includesContinuousMeasurement":false,"includesAllDayPulseOx":false,"includesSleepPulseOx":false,"source":0,"allDayStress":{"userProfilePK":95173854,"calendarDate":{"date":"May 20, 2021 12:00:00 AM"},"aggregatorList":[{"type":"TOTAL","averageStressLevel":36,"averageStressLevelIntensity":29,"maxStressLevel":93,"stressIntensityCount":82,"stressOffWristCount":1284,"stressTooActiveCount":74,"totalStressCount":1440,"totalStressIntensity":-472,"stressDuration":2460,"restDuration":2460,"activityDuration":4440,"uncategorizedDuration":77040,"totalDuration":86400,"lowDuration":1080,"mediumDuration":1020,"highDuration":360},{"type":"AWAKE","averageStressLevel":36,"averageStressLevelIntensity":29,"maxStressLevel":93,"stressIntensityCount":82,"stressOffWristCount":1284,"stressTooActiveCount":74,"totalStressCount":1440,"totalStressIntensity":-472,"stressDuration":2460,"restDuration":2460,"activityDuration":4440,"uncategorizedDuration":77040,"totalDuration":86400,"lowDuration":1080,"mediumDuration":1020,"highDuration":360},{"type":"ASLEEP","averageStressLevel":-2,"averageStressLevelIntensity":-2,"maxStressLevel":0,"stressIntensityCount":0,"stressOffWristCount":0,"stressTooActiveCount":0,"totalStressCount":0,"totalStressIntensity":0,"stressDuration":0,"restDuration":0,"activityDuration":0,"uncategorizedDuration":0,"totalDuration":0,"lowDuration":0,"mediumDuration":0,"highDuration":0}]},"bodyBattery":{"userProfilePK":95173854,"calendarDate":{"date":"May 20, 2021 12:00:00 AM"},"chargedValue":2,"drainedValue":3,"bodyBatteryVersion":1.0,"bodyBatteryStatList":[{"bodyBatteryStatType":"HIGHEST","statsValue":36,"bodyBatteryStatus":"MEASURED","statTimestamp":{"date":"May 20, 2021 2:44:00 PM"}},{"bodyBatteryStatType":"LOWEST","statsValue":33,"bodyBatteryStatus":"MEASURED","statTimestamp":{"date":"May 20, 2021 4:19:00 PM"}},{"bodyBatteryStatType":"MOSTRECENT","statsValue":33,"bodyBatteryStatus":"MEASURED","statTimestamp":{"date":"May 20, 2021 7:19:00 PM"}}]},"minAvgHeartRate":70,"maxAvgHeartRate":132,"version":81960002}]