[{"userProfilePK":95173854,"calendarDate":{"date":"Aug 12, 2020 12:00:00 AM"},"uuid":"36721f62ee2c4580975c5827e0a970f3","durationInMilliseconds":26280000,"totalKilocalories":545.0,"activeKilocalories":0.0,"bmrKilocalories":545.0,"wellnessKilocalories":545.0,"remainingKilocalories":545.0,"wellnessTotalKilocalories":545.0,"wellnessActiveKilocalories":0.0,"totalSteps":25,"dailyStepGoal":10000,"totalDistanceMeters":19,"wellnessDistanceMeters":19,"wellnessStartTimeGmt":{"date":"Aug 11, 2020 4:00:00 PM"},"wellnessEndTimeGmt":{"date":"Aug 11, 2020 11:18:00 PM"},"wellnessStartTimeLocal":{"date":"Aug 12, 2020 12:00:00 AM"},"wellnessEndTimeLocal":{"date":"Aug 12, 2020 7:18:00 AM"},"highlyActiveSeconds":0,"activeSeconds":120,"moderateIntensityMinutes":0,"vigorousIntensityMinutes":0,"userIntensityMinutesGoal":150,"userFloorsAscendedGoal":10,"minHeartRate":71,"maxHeartRate":78,"includesWellnessData":true,"includesActivityData":false,"includesCalorieConsumedData":false,"includesSingleMeasurement":false,"includesContinuousMeasurement":false,"includesAllDayPulseOx":false,"includesSleepPulseOx":false,"source":0,"allDayStress":{"userProfilePK":95173854,"calendarDate":{"date":"Aug 12, 2020 12:00:00 AM"},"aggregatorList":[{"type":"TOTAL","averageStressLevel":45,"averageStressLevelIntensity":44,"maxStressLevel":45,"stressIntensityCount":1,"stressOffWristCount":57,"stressTooActiveCount":0,"totalStressCount":58,"totalStressIntensity":-26,"stressDuration":60,"restDuration":0,"activityDuration":0,"uncategorizedDuration":3420,"totalDuration":3480,"lowDuration":60,"mediumDuration":0,"highDuration":0},{"type":"AWAKE","averageStressLevel":45,"averageStressLevelIntensity":44,"maxStressLevel":45,"stressIntensityCount":1,"stressOffWristCount":57,"stressTooActiveCount":0,"totalStressCount":58,"totalStressIntensity":-26,"stressDuration":60,"restDuration":0,"activityDuration":0,"uncategorizedDuration":3420,"totalDuration":3480,"lowDuration":60,"mediumDuration":0,"highDuration":0},{"type":"ASLEEP","averageStressLevel":-2,"averageStressLevelIntensity":-2,"maxStressLevel":0,"stressIntensityCount":0,"stressOffWristCount":0,"stressTooActiveCount":0,"totalStressCount":0,"totalStressIntensity":0,"stressDuration":0,"restDuration":0,"activityDuration":0,"uncategorizedDuration":0,"totalDuration":0,"lowDuration":0,"mediumDuration":0,"highDuration":0}]},"bodyBattery":{"userProfilePK":95173854,"calendarDate":{"date":"Aug 12, 2020 12:00:00 AM"},"chargedValue":0,"drainedValue":0,"bodyBatteryVersion":1.0,"bodyBatteryStatList":[{"bodyBatteryStatType":"HIGHEST","statsValue":81,"bodyBatteryStatus":"MODELED","statTimestamp":{"date":"Aug 11, 2020 10:20:00 PM"}},{"bodyBatteryStatType":"LOWEST","statsValue":81,"bodyBatteryStatus":"MODELED","statTimestamp":{"date":"Aug 11, 2020 10:20:00 PM"}},{"bodyBatteryStatType":"MOSTRECENT","statsValue":81,"bodyBatteryStatus":"MEASURED","statTimestamp":{"date":"Aug 11, 2020 10:26:00 PM"}}]},"minAvgHeartRate":74,"maxAvgHeartRate":78,"version":26280000}]