[{"userProfilePk":95173854,"userGoalCategory":"MYFITNESSPAL","userGoalType":"NET_CALORIES","startDate":{"date":"Aug 26, 2021"},"endDate":{"date":"Aug 26, 2021"},"goalValue":"1582.0","updateDate":{"date":"Aug 26, 2021"},"createDate":{"date":"Aug 26, 2021"}},{"userProfilePk":95173854,"userGoalCategory":"MYFITNESSPAL","userGoalType":"NET_CALORIES","startDate":{"date":"Aug 26, 2021"},"endDate":{"date":"Aug 26, 2021"},"goalValue":"1582.0","updateDate":{"date":"Aug 26, 2021"},"createDate":{"date":"Aug 26, 2021"}},{"userProfilePk":95173854,"userGoalCategory":"MYFITNESSPAL","userGoalType":"NET_CALORIES","startDate":{"date":"Aug 26, 2021"},"endDate":{"date":"Aug 26, 2021"},"goalValue":"1582.0","updateDate":{"date":"Aug 26, 2021"},"createDate":{"date":"Aug 26, 2021"}},{"userProfilePk":95173854,"userGoalCategory":"MYFITNESSPAL","userGoalType":"NET_CALORIES","startDate":{"date":"Aug 26, 2021"},"endDate":{"date":"Aug 26, 2021"},"goalValue":"1582.0","updateDate":{"date":"Aug 26, 2021"},"createDate":{"date":"Aug 26, 2021"}},{"userProfilePk":95173854,"userGoalCategory":"MYFITNESSPAL","userGoalType":"NET_CALORIES","startDate":{"date":"Aug 29, 2021"},"endDate":{"date":"Aug 29, 2021"},"goalValue":"1582.0","updateDate":{"date":"Aug 29, 2021"},"createDate":{"date":"Aug 29, 2021"}},{"userProfilePk":95173854,"userGoalCategory":"MYFITNESSPAL","userGoalType":"NET_CALORIES","startDate":{"date":"Aug 29, 2021"},"endDate":{"date":"Aug 29, 2021"},"goalValue":"1582.0","updateDate":{"date":"Aug 29, 2021"},"createDate":{"date":"Aug 29, 2021"}},{"userProfilePk":95173854,"userGoalCategory":"MYFITNESSPAL","userGoalType":"NET_CALORIES","startDate":{"date":"Aug 31, 2021"},"endDate":{"date":"Aug 31, 2021"},"goalValue":"1582.0","updateDate":{"date":"Aug 31, 2021"},"createDate":{"date":"Aug 31, 2021"}},{"userProfilePk":95173854,"userGoalCategory":"MYFITNESSPAL","userGoalType":"NET_CALORIES","startDate":{"date":"Aug 31, 2021"},"endDate":{"date":"Aug 31, 2021"},"goalValue":"1582.0","updateDate":{"date":"Aug 31, 2021"},"createDate":{"date":"Aug 31, 2021"}},{"userProfilePk":95173854,"userGoalCategory":"MYFITNESSPAL","userGoalType":"NET_CALORIES","startDate":{"date":"Sep 1, 2021"},"endDate":{"date":"Sep 1, 2021"},"goalValue":"1582.0","updateDate":{"date":"Sep 1, 2021"},"createDate":{"date":"Sep 1, 2021"}},{"userProfilePk":95173854,"userGoalCategory":"MYFITNESSPAL","userGoalType":"NET_CALORIES","startDate":{"date":"Sep 1, 2021"},"endDate":{"date":"Sep 1, 2021"},"goalValue":"1582.0","updateDate":{"date":"Sep 1, 2021"},"createDate":{"date":"Sep 1, 2021"}},{"userProfilePk":95173854,"userGoalCategory":"MYFITNESSPAL","userGoalType":"NET_CALORIES","startDate":{"date":"Sep 2, 2021"},"endDate":{"date":"Sep 2, 2021"},"goalValue":"1582.0","updateDate":{"date":"Sep 2, 2021"},"createDate":{"date":"Sep 2, 2021"}},{"userProfilePk":95173854,"userGoalCategory":"MYFITNESSPAL","userGoalType":"NET_CALORIES","startDate":{"date":"Sep 2, 2021"},"endDate":{"date":"Sep 2, 2021"},"goalValue":"1582.0","updateDate":{"date":"Sep 2, 2021"},"createDate":{"date":"Sep 2, 2021"}},{"userProfilePk":95173854,"userGoalCategory":"MYFITNESSPAL","userGoalType":"NET_CALORIES","startDate":{"date":"Sep 3, 2021"},"endDate":{"date":"Sep 3, 2021"},"goalValue":"1582.0","updateDate":{"date":"Sep 3, 2021"},"createDate":{"date":"Sep 3, 2021"}},{"userProfilePk":95173854,"userGoalCategory":"MYFITNESSPAL","userGoalType":"NET_CALORIES","startDate":{"date":"Sep 3, 2021"},"endDate":{"date":"Sep 3, 2021"},"goalValue":"1582.0","updateDate":{"date":"Sep 3, 2021"},"createDate":{"date":"Sep 3, 2021"}},{"userProfilePk":95173854,"userGoalCategory":"MYFITNESSPAL","userGoalType":"NET_CALORIES","startDate":{"date":"Sep 3, 2021"},"endDate":{"date":"Sep 3, 2021"},"goalValue":"1582.0","updateDate":{"date":"Sep 3, 2021"},"createDate":{"date":"Sep 3, 2021"}},{"userProfilePk":95173854,"userGoalCategory":"MYFITNESSPAL","userGoalType":"NET_CALORIES","startDate":{"date":"Sep 7, 2021"},"endDate":{"date":"Sep 7, 2021"},"goalValue":"1582.0","updateDate":{"date":"Sep 7, 2021"},"createDate":{"date":"Sep 7, 2021"}},{"userProfilePk":95173854,"userGoalCategory":"MYFITNESSPAL","userGoalType":"NET_CALORIES","startDate":{"date":"Sep 9, 2021"},"endDate":{"date":"Sep 9, 2021"},"goalValue":"1582.0","updateDate":{"date":"Sep 9, 2021"},"createDate":{"date":"Sep 9, 2021"}},{"userProfilePk":95173854,"userGoalCategory":"MYFITNESSPAL","userGoalType":"NET_CALORIES","startDate":{"date":"Sep 9, 2021"},"endDate":{"date":"Sep 9, 2021"},"goalValue":"1582.0","updateDate":{"date":"Sep 9, 2021"},"createDate":{"date":"Sep 9, 2021"}},{"userProfilePk":95173854,"userGoalCategory":"MYFITNESSPAL","userGoalType":"NET_CALORIES","startDate":{"date":"Sep 11, 2021"},"endDate":{"date":"Sep 11, 2021"},"goalValue":"1582.0","updateDate":{"date":"Sep 11, 2021"},"createDate":{"date":"Sep 11, 2021"}},{"userProfilePk":95173854,"userGoalCategory":"MYFITNESSPAL","userGoalType":"NET_CALORIES","startDate":{"date":"Sep 11, 2021"},"endDate":{"date":"Sep 11, 2021"},"goalValue":"1582.0","updateDate":{"date":"Sep 11, 2021"},"createDate":{"date":"Sep 11, 2021"}},{"userProfilePk":95173854,"userGoalCategory":"MYFITNESSPAL","userGoalType":"NET_CALORIES","startDate":{"date":"Sep 14, 2021"},"endDate":{"date":"Sep 14, 2021"},"goalValue":"1582.0","updateDate":{"date":"Sep 14, 2021"},"createDate":{"date":"Sep 14, 2021"}},{"userProfilePk":95173854,"userGoalCategory":"MYFITNESSPAL","userGoalType":"NET_CALORIES","startDate":{"date":"Sep 14, 2021"},"endDate":{"date":"Sep 14, 2021"},"goalValue":"1582.0","updateDate":{"date":"Sep 14, 2021"},"createDate":{"date":"Sep 14, 2021"}},{"userProfilePk":95173854,"userGoalCategory":"MYFITNESSPAL","userGoalType":"NET_CALORIES","startDate":{"date":"Sep 14, 2021"},"endDate":{"date":"Sep 14, 2021"},"goalValue":"1582.0","updateDate":{"date":"Sep 14, 2021"},"createDate":{"date":"Sep 14, 2021"}},{"userProfilePk":95173854,"userGoalCategory":"MYFITNESSPAL","userGoalType":"NET_CALORIES","startDate":{"date":"Sep 14, 2021"},"endDate":{"date":"Sep 14, 2021"},"goalValue":"1582.0","updateDate":{"date":"Sep 14, 2021"},"createDate":{"date":"Sep 14, 2021"}},{"userProfilePk":95173854,"userGoalCategory":"MYFITNESSPAL","userGoalType":"NET_CALORIES","startDate":{"date":"Sep 14, 2021"},"endDate":{"date":"Sep 14, 2021"},"goalValue":"1582.0","updateDate":{"date":"Sep 14, 2021"},"createDate":{"date":"Sep 14, 2021"}},{"userProfilePk":95173854,"userGoalCategory":"MYFITNESSPAL","userGoalType":"NET_CALORIES","startDate":{"date":"Sep 15, 2021"},"endDate":{"date":"Sep 15, 2021"},"goalValue":"1582.0","updateDate":{"date":"Sep 15, 2021"},"createDate":{"date":"Sep 15, 2021"}},{"userProfilePk":95173854,"userGoalCategory":"MYFITNESSPAL","userGoalType":"NET_CALORIES","startDate":{"date":"Sep 15, 2021"},"endDate":{"date":"Sep 15, 2021"},"goalValue":"1582.0","updateDate":{"date":"Sep 15, 2021"},"createDate":{"date":"Sep 15, 2021"}},{"userProfilePk":95173854,"userGoalCategory":"MYFITNESSPAL","userGoalType":"NET_CALORIES","startDate":{"date":"Sep 15, 2021"},"endDate":{"date":"Sep 15, 2021"},"goalValue":"1582.0","updateDate":{"date":"Sep 15, 2021"},"createDate":{"date":"Sep 15, 2021"}},{"userProfilePk":95173854,"userGoalCategory":"MYFITNESSPAL","userGoalType":"NET_CALORIES","startDate":{"date":"Sep 15, 2021"},"endDate":{"date":"Sep 15, 2021"},"goalValue":"1582.0","updateDate":{"date":"Sep 15, 2021"},"createDate":{"date":"Sep 15, 2021"}},{"userProfilePk":95173854,"userGoalCategory":"MYFITNESSPAL","userGoalType":"NET_CALORIES","startDate":{"date":"Sep 15, 2021"},"endDate":{"date":"Sep 15, 2021"},"goalValue":"1582.0","updateDate":{"date":"Sep 15, 2021"},"createDate":{"date":"Sep 15, 2021"}},{"userProfilePk":95173854,"userGoalCategory":"MYFITNESSPAL","userGoalType":"NET_CALORIES","startDate":{"date":"Sep 15, 2021"},"endDate":{"date":"Sep 15, 2021"},"goalValue":"1582.0","updateDate":{"date":"Sep 15, 2021"},"createDate":{"date":"Sep 15, 2021"}},{"userProfilePk":95173854,"userGoalCategory":"MYFITNESSPAL","userGoalType":"NET_CALORIES","startDate":{"date":"Sep 15, 2021"},"endDate":{"date":"Sep 15, 2021"},"goalValue":"1582.0","updateDate":{"date":"Sep 15, 2021"},"createDate":{"date":"Sep 15, 2021"}},{"userProfilePk":95173854,"userGoalCategory":"MYFITNESSPAL","userGoalType":"NET_CALORIES","startDate":{"date":"Sep 17, 2021"},"endDate":{"date":"Sep 17, 2021"},"goalValue":"1582.0","updateDate":{"date":"Sep 17, 2021"},"createDate":{"date":"Sep 17, 2021"}},{"userProfilePk":95173854,"userGoalCategory":"MYFITNESSPAL","userGoalType":"NET_CALORIES","startDate":{"date":"Sep 17, 2021"},"endDate":{"date":"Sep 17, 2021"},"goalValue":"1582.0","updateDate":{"date":"Sep 17, 2021"},"createDate":{"date":"Sep 17, 2021"}},{"userProfilePk":95173854,"userGoalCategory":"MYFITNESSPAL","userGoalType":"NET_CALORIES","startDate":{"date":"Sep 17, 2021"},"endDate":{"date":"Sep 17, 2021"},"goalValue":"1582.0","updateDate":{"date":"Sep 17, 2021"},"createDate":{"date":"Sep 17, 2021"}},{"userProfilePk":95173854,"userGoalCategory":"MYFITNESSPAL","userGoalType":"NET_CALORIES","startDate":{"date":"Sep 17, 2021"},"endDate":{"date":"Sep 17, 2021"},"goalValue":"1582.0","updateDate":{"date":"Sep 17, 2021"},"createDate":{"date":"Sep 17, 2021"}},{"userProfilePk":95173854,"userGoalCategory":"MYFITNESSPAL","userGoalType":"NET_CALORIES","startDate":{"date":"Sep 17, 2021"},"endDate":{"date":"Sep 17, 2021"},"goalValue":"1582.0","updateDate":{"date":"Sep 17, 2021"},"createDate":{"date":"Sep 17, 2021"}},{"userProfilePk":95173854,"userGoalCategory":"MYFITNESSPAL","userGoalType":"NET_CALORIES","startDate":{"date":"Sep 17, 2021"},"endDate":{"date":"Sep 17, 2021"},"goalValue":"1582.0","updateDate":{"date":"Sep 17, 2021"},"createDate":{"date":"Sep 17, 2021"}},{"userProfilePk":95173854,"userGoalCategory":"MYFITNESSPAL","userGoalType":"NET_CALORIES","startDate":{"date":"Sep 17, 2021"},"endDate":{"date":"Sep 17, 2021"},"goalValue":"1582.0","updateDate":{"date":"Sep 17, 2021"},"createDate":{"date":"Sep 17, 2021"}},{"userProfilePk":95173854,"userGoalCategory":"MYFITNESSPAL","userGoalType":"NET_CALORIES","startDate":{"date":"Sep 17, 2021"},"endDate":{"date":"Sep 17, 2021"},"goalValue":"1582.0","updateDate":{"date":"Sep 17, 2021"},"createDate":{"date":"Sep 17, 2021"}},{"userProfilePk":95173854,"userGoalCategory":"MYFITNESSPAL","userGoalType":"NET_CALORIES","startDate":{"date":"Sep 17, 2021"},"endDate":{"date":"Sep 17, 2021"},"goalValue":"1582.0","updateDate":{"date":"Sep 17, 2021"},"createDate":{"date":"Sep 17, 2021"}},{"userProfilePk":95173854,"userGoalCategory":"MYFITNESSPAL","userGoalType":"NET_CALORIES","startDate":{"date":"Sep 17, 2021"},"endDate":{"date":"Sep 17, 2021"},"goalValue":"1582.0","updateDate":{"date":"Sep 17, 2021"},"createDate":{"date":"Sep 17, 2021"}},{"userProfilePk":95173854,"userGoalCategory":"MYFITNESSPAL","userGoalType":"NET_CALORIES","startDate":{"date":"Sep 17, 2021"},"endDate":{"date":"Sep 17, 2021"},"goalValue":"1582.0","updateDate":{"date":"Sep 17, 2021"},"createDate":{"date":"Sep 17, 2021"}},{"userProfilePk":95173854,"userGoalCategory":"MYFITNESSPAL","userGoalType":"NET_CALORIES","startDate":{"date":"Sep 17, 2021"},"endDate":{"date":"Sep 17, 2021"},"goalValue":"1582.0","updateDate":{"date":"Sep 17, 2021"},"createDate":{"date":"Sep 17, 2021"}},{"userProfilePk":95173854,"userGoalCategory":"MYFITNESSPAL","userGoalType":"NET_CALORIES","startDate":{"date":"Sep 17, 2021"},"endDate":{"date":"Sep 17, 2021"},"goalValue":"1582.0","updateDate":{"date":"Sep 17, 2021"},"createDate":{"date":"Sep 17, 2021"}},{"userProfilePk":95173854,"userGoalCategory":"MYFITNESSPAL","userGoalType":"NET_CALORIES","startDate":{"date":"Sep 17, 2021"},"endDate":{"date":"Sep 17, 2021"},"goalValue":"1582.0","updateDate":{"date":"Sep 17, 2021"},"createDate":{"date":"Sep 17, 2021"}},{"userProfilePk":95173854,"userGoalCategory":"MYFITNESSPAL","userGoalType":"NET_CALORIES","startDate":{"date":"Sep 17, 2021"},"endDate":{"date":"Sep 17, 2021"},"goalValue":"1582.0","updateDate":{"date":"Sep 17, 2021"},"createDate":{"date":"Sep 17, 2021"}},{"userProfilePk":95173854,"userGoalCategory":"MYFITNESSPAL","userGoalType":"NET_CALORIES","startDate":{"date":"Sep 17, 2021"},"endDate":{"date":"Sep 17, 2021"},"goalValue":"1582.0","updateDate":{"date":"Sep 17, 2021"},"createDate":{"date":"Sep 17, 2021"}},{"userProfilePk":95173854,"userGoalCategory":"MYFITNESSPAL","userGoalType":"NET_CALORIES","startDate":{"date":"Sep 17, 2021"},"endDate":{"date":"Sep 17, 2021"},"goalValue":"1582.0","updateDate":{"date":"Sep 17, 2021"},"createDate":{"date":"Sep 17, 2021"}},{"userProfilePk":95173854,"userGoalCategory":"MYFITNESSPAL","userGoalType":"NET_CALORIES","startDate":{"date":"Sep 18, 2021"},"endDate":{"date":"Sep 18, 2021"},"goalValue":"1582.0","updateDate":{"date":"Sep 18, 2021"},"createDate":{"date":"Sep 18, 2021"}},{"userProfilePk":95173854,"userGoalCategory":"MYFITNESSPAL","userGoalType":"NET_CALORIES","startDate":{"date":"Sep 18, 2021"},"endDate":{"date":"Sep 18, 2021"},"goalValue":"1582.0","updateDate":{"date":"Sep 18, 2021"},"createDate":{"date":"Sep 18, 2021"}},{"userProfilePk":95173854,"userGoalCategory":"MYFITNESSPAL","userGoalType":"NET_CALORIES","startDate":{"date":"Sep 18, 2021"},"endDate":{"date":"Sep 18, 2021"},"goalValue":"1582.0","updateDate":{"date":"Sep 18, 2021"},"createDate":{"date":"Sep 18, 2021"}},{"userProfilePk":95173854,"userGoalCategory":"MYFITNESSPAL","userGoalType":"NET_CALORIES","startDate":{"date":"Sep 18, 2021"},"endDate":{"date":"Sep 18, 2021"},"goalValue":"1582.0","updateDate":{"date":"Sep 18, 2021"},"createDate":{"date":"Sep 18, 2021"}},{"userProfilePk":95173854,"userGoalCategory":"MYFITNESSPAL","userGoalType":"NET_CALORIES","startDate":{"date":"Sep 18, 2021"},"endDate":{"date":"Sep 18, 2021"},"goalValue":"1582.0","updateDate":{"date":"Sep 18, 2021"},"createDate":{"date":"Sep 18, 2021"}},{"userProfilePk":95173854,"userGoalCategory":"MYFITNESSPAL","userGoalType":"NET_CALORIES","startDate":{"date":"Sep 18, 2021"},"endDate":{"date":"Sep 18, 2021"},"goalValue":"1582.0","updateDate":{"date":"Sep 18, 2021"},"createDate":{"date":"Sep 18, 2021"}},{"userProfilePk":95173854,"userGoalCategory":"MYFITNESSPAL","userGoalType":"NET_CALORIES","startDate":{"date":"Sep 18, 2021"},"endDate":{"date":"Sep 18, 2021"},"goalValue":"1582.0","updateDate":{"date":"Sep 18, 2021"},"createDate":{"date":"Sep 18, 2021"}},{"userProfilePk":95173854,"userGoalCategory":"MYFITNESSPAL","userGoalType":"NET_CALORIES","startDate":{"date":"Sep 18, 2021"},"endDate":{"date":"Sep 18, 2021"},"goalValue":"1582.0","updateDate":{"date":"Sep 18, 2021"},"createDate":{"date":"Sep 18, 2021"}},{"userProfilePk":95173854,"userGoalCategory":"MYFITNESSPAL","userGoalType":"NET_CALORIES","startDate":{"date":"Sep 18, 2021"},"endDate":{"date":"Sep 18, 2021"},"goalValue":"1582.0","updateDate":{"date":"Sep 18, 2021"},"createDate":{"date":"Sep 18, 2021"}},{"userProfilePk":95173854,"userGoalCategory":"MYFITNESSPAL","userGoalType":"NET_CALORIES","startDate":{"date":"Sep 18, 2021"},"endDate":{"date":"Sep 18, 2021"},"goalValue":"1582.0","updateDate":{"date":"Sep 18, 2021"},"createDate":{"date":"Sep 18, 2021"}},{"userProfilePk":95173854,"userGoalCategory":"MYFITNESSPAL","userGoalType":"NET_CALORIES","startDate":{"date":"Sep 18, 2021"},"endDate":{"date":"Sep 18, 2021"},"goalValue":"1582.0","updateDate":{"date":"Sep 18, 2021"},"createDate":{"date":"Sep 18, 2021"}},{"userProfilePk":95173854,"userGoalCategory":"MYFITNESSPAL","userGoalType":"NET_CALORIES","startDate":{"date":"Sep 18, 2021"},"endDate":{"date":"Sep 18, 2021"},"goalValue":"1582.0","updateDate":{"date":"Sep 18, 2021"},"createDate":{"date":"Sep 18, 2021"}},{"userProfilePk":95173854,"userGoalCategory":"MYFITNESSPAL","userGoalType":"NET_CALORIES","startDate":{"date":"Sep 19, 2021"},"endDate":{"date":"Sep 19, 2021"},"goalValue":"1582.0","updateDate":{"date":"Sep 19, 2021"},"createDate":{"date":"Sep 19, 2021"}},{"userProfilePk":95173854,"userGoalCategory":"MYFITNESSPAL","userGoalType":"NET_CALORIES","startDate":{"date":"Sep 19, 2021"},"endDate":{"date":"Sep 19, 2021"},"goalValue":"1582.0","updateDate":{"date":"Sep 19, 2021"},"createDate":{"date":"Sep 19, 2021"}},{"userProfilePk":95173854,"userGoalCategory":"MYFITNESSPAL","userGoalType":"NET_CALORIES","startDate":{"date":"Sep 19, 2021"},"endDate":{"date":"Sep 19, 2021"},"goalValue":"1582.0","updateDate":{"date":"Sep 19, 2021"},"createDate":{"date":"Sep 19, 2021"}},{"userProfilePk":95173854,"userGoalCategory":"MYFITNESSPAL","userGoalType":"NET_CALORIES","startDate":{"date":"Sep 19, 2021"},"endDate":{"date":"Sep 19, 2021"},"goalValue":"1582.0","updateDate":{"date":"Sep 19, 2021"},"createDate":{"date":"Sep 19, 2021"}},{"userProfilePk":95173854,"userGoalCategory":"MYFITNESSPAL","userGoalType":"NET_CALORIES","startDate":{"date":"Sep 19, 2021"},"endDate":{"date":"Sep 19, 2021"},"goalValue":"1582.0","updateDate":{"date":"Sep 19, 2021"},"createDate":{"date":"Sep 19, 2021"}},{"userProfilePk":95173854,"userGoalCategory":"MYFITNESSPAL","userGoalType":"NET_CALORIES","startDate":{"date":"Sep 19, 2021"},"endDate":{"date":"Sep 19, 2021"},"goalValue":"1582.0","updateDate":{"date":"Sep 19, 2021"},"createDate":{"date":"Sep 19, 2021"}},{"userProfilePk":95173854,"userGoalCategory":"MYFITNESSPAL","userGoalType":"NET_CALORIES","startDate":{"date":"Sep 19, 2021"},"endDate":{"date":"Sep 19, 2021"},"goalValue":"1582.0","updateDate":{"date":"Sep 19, 2021"},"createDate":{"date":"Sep 19, 2021"}},{"userProfilePk":95173854,"userGoalCategory":"MYFITNESSPAL","userGoalType":"NET_CALORIES","startDate":{"date":"Sep 19, 2021"},"endDate":{"date":"Sep 19, 2021"},"goalValue":"1582.0","updateDate":{"date":"Sep 19, 2021"},"createDate":{"date":"Sep 19, 2021"}},{"userProfilePk":95173854,"userGoalCategory":"MYFITNESSPAL","userGoalType":"NET_CALORIES","startDate":{"date":"Sep 19, 2021"},"endDate":{"date":"Sep 19, 2021"},"goalValue":"1582.0","updateDate":{"date":"Sep 19, 2021"},"createDate":{"date":"Sep 19, 2021"}},{"userProfilePk":95173854,"userGoalCategory":"MYFITNESSPAL","userGoalType":"NET_CALORIES","startDate":{"date":"Sep 19, 2021"},"endDate":{"date":"Sep 19, 2021"},"goalValue":"1582.0","updateDate":{"date":"Sep 19, 2021"},"createDate":{"date":"Sep 19, 2021"}},{"userProfilePk":95173854,"userGoalCategory":"MYFITNESSPAL","userGoalType":"NET_CALORIES","startDate":{"date":"Sep 19, 2021"},"endDate":{"date":"Sep 19, 2021"},"goalValue":"1582.0","updateDate":{"date":"Sep 19, 2021"},"createDate":{"date":"Sep 19, 2021"}},{"userProfilePk":95173854,"userGoalCategory":"MYFITNESSPAL","userGoalType":"NET_CALORIES","startDate":{"date":"Sep 19, 2021"},"endDate":{"date":"Sep 19, 2021"},"goalValue":"1582.0","updateDate":{"date":"Sep 19, 2021"},"createDate":{"date":"Sep 19, 2021"}},{"userProfilePk":95173854,"userGoalCategory":"MYFITNESSPAL","userGoalType":"NET_CALORIES","startDate":{"date":"Sep 19, 2021"},"endDate":{"date":"Sep 19, 2021"},"goalValue":"1582.0","updateDate":{"date":"Sep 19, 2021"},"createDate":{"date":"Sep 19, 2021"}},{"userProfilePk":95173854,"userGoalCategory":"MYFITNESSPAL","userGoalType":"NET_CALORIES","startDate":{"date":"Sep 20, 2021"},"endDate":{"date":"Sep 20, 2021"},"goalValue":"1853.0","updateDate":{"date":"Sep 20, 2021"},"createDate":{"date":"Sep 20, 2021"}},{"userProfilePk":95173854,"userGoalCategory":"MYFITNESSPAL","userGoalType":"NET_CALORIES","startDate":{"date":"Sep 20, 2021"},"endDate":{"date":"Sep 20, 2021"},"goalValue":"1853.0","updateDate":{"date":"Sep 20, 2021"},"createDate":{"date":"Sep 20, 2021"}},{"userProfilePk":95173854,"userGoalCategory":"MYFITNESSPAL","userGoalType":"NET_CALORIES","startDate":{"date":"Sep 20, 2021"},"endDate":{"date":"Sep 20, 2021"},"goalValue":"1853.0","updateDate":{"date":"Sep 20, 2021"},"createDate":{"date":"Sep 20, 2021"}},{"userProfilePk":95173854,"userGoalCategory":"MYFITNESSPAL","userGoalType":"NET_CALORIES","startDate":{"date":"Sep 20, 2021"},"endDate":{"date":"Sep 20, 2021"},"goalValue":"1853.0","updateDate":{"date":"Sep 20, 2021"},"createDate":{"date":"Sep 20, 2021"}},{"userProfilePk":95173854,"userGoalCategory":"MYFITNESSPAL","userGoalType":"NET_CALORIES","startDate":{"date":"Sep 20, 2021"},"endDate":{"date":"Sep 20, 2021"},"goalValue":"1853.0","updateDate":{"date":"Sep 20, 2021"},"createDate":{"date":"Sep 20, 2021"}},{"userProfilePk":95173854,"userGoalCategory":"MYFITNESSPAL","userGoalType":"NET_CALORIES","startDate":{"date":"Sep 20, 2021"},"endDate":{"date":"Sep 20, 2021"},"goalValue":"1853.0","updateDate":{"date":"Sep 20, 2021"},"createDate":{"date":"Sep 20, 2021"}},{"userProfilePk":95173854,"userGoalCategory":"MYFITNESSPAL","userGoalType":"NET_CALORIES","startDate":{"date":"Sep 20, 2021"},"endDate":{"date":"Sep 20, 2021"},"goalValue":"1853.0","updateDate":{"date":"Sep 20, 2021"},"createDate":{"date":"Sep 20, 2021"}},{"userProfilePk":95173854,"userGoalCategory":"MYFITNESSPAL","userGoalType":"NET_CALORIES","startDate":{"date":"Sep 21, 2021"},"endDate":{"date":"Sep 21, 2021"},"goalValue":"1853.0","updateDate":{"date":"Sep 21, 2021"},"createDate":{"date":"Sep 21, 2021"}},{"userProfilePk":95173854,"userGoalCategory":"MYFITNESSPAL","userGoalType":"NET_CALORIES","startDate":{"date":"Sep 22, 2021"},"endDate":{"date":"Sep 22, 2021"},"goalValue":"1853.0","updateDate":{"date":"Sep 22, 2021"},"createDate":{"date":"Sep 22, 2021"}},{"userProfilePk":95173854,"userGoalCategory":"MYFITNESSPAL","userGoalType":"NET_CALORIES","startDate":{"date":"Sep 22, 2021"},"endDate":{"date":"Sep 22, 2021"},"goalValue":"1853.0","updateDate":{"date":"Sep 22, 2021"},"createDate":{"date":"Sep 22, 2021"}},{"userProfilePk":95173854,"userGoalCategory":"MYFITNESSPAL","userGoalType":"NET_CALORIES","startDate":{"date":"Sep 22, 2021"},"endDate":{"date":"Sep 22, 2021"},"goalValue":"1853.0","updateDate":{"date":"Sep 22, 2021"},"createDate":{"date":"Sep 22, 2021"}},{"userProfilePk":95173854,"userGoalCategory":"MYFITNESSPAL","userGoalType":"NET_CALORIES","startDate":{"date":"Sep 22, 2021"},"endDate":{"date":"Sep 22, 2021"},"goalValue":"1853.0","updateDate":{"date":"Sep 22, 2021"},"createDate":{"date":"Sep 22, 2021"}},{"userProfilePk":95173854,"userGoalCategory":"MYFITNESSPAL","userGoalType":"NET_CALORIES","startDate":{"date":"Sep 22, 2021"},"endDate":{"date":"Sep 22, 2021"},"goalValue":"1853.0","updateDate":{"date":"Sep 22, 2021"},"createDate":{"date":"Sep 22, 2021"}},{"userProfilePk":95173854,"userGoalCategory":"MYFITNESSPAL","userGoalType":"NET_CALORIES","startDate":{"date":"Sep 22, 2021"},"endDate":{"date":"Sep 22, 2021"},"goalValue":"1853.0","updateDate":{"date":"Sep 22, 2021"},"createDate":{"date":"Sep 22, 2021"}},{"userProfilePk":95173854,"userGoalCategory":"MYFITNESSPAL","userGoalType":"NET_CALORIES","startDate":{"date":"Sep 22, 2021"},"endDate":{"date":"Sep 22, 2021"},"goalValue":"1853.0","updateDate":{"date":"Sep 22, 2021"},"createDate":{"date":"Sep 22, 2021"}},{"userProfilePk":95173854,"userGoalCategory":"MYFITNESSPAL","userGoalType":"NET_CALORIES","startDate":{"date":"Sep 22, 2021"},"endDate":{"date":"Sep 22, 2021"},"goalValue":"1853.0","updateDate":{"date":"Sep 22, 2021"},"createDate":{"date":"Sep 22, 2021"}},{"userProfilePk":95173854,"userGoalCategory":"MYFITNESSPAL","userGoalType":"NET_CALORIES","startDate":{"date":"Sep 22, 2021"},"endDate":{"date":"Sep 22, 2021"},"goalValue":"1853.0","updateDate":{"date":"Sep 22, 2021"},"createDate":{"date":"Sep 22, 2021"}},{"userProfilePk":95173854,"userGoalCategory":"MYFITNESSPAL","userGoalType":"NET_CALORIES","startDate":{"date":"Sep 23, 2021"},"endDate":{"date":"Sep 23, 2021"},"goalValue":"1853.0","updateDate":{"date":"Sep 23, 2021"},"createDate":{"date":"Sep 23, 2021"}},{"userProfilePk":95173854,"userGoalCategory":"MYFITNESSPAL","userGoalType":"NET_CALORIES","startDate":{"date":"Sep 23, 2021"},"endDate":{"date":"Sep 23, 2021"},"goalValue":"1853.0","updateDate":{"date":"Sep 23, 2021"},"createDate":{"date":"Sep 23, 2021"}},{"userProfilePk":95173854,"userGoalCategory":"MYFITNESSPAL","userGoalType":"NET_CALORIES","startDate":{"date":"Sep 23, 2021"},"endDate":{"date":"Sep 23, 2021"},"goalValue":"1853.0","updateDate":{"date":"Sep 23, 2021"},"createDate":{"date":"Sep 23, 2021"}},{"userProfilePk":95173854,"userGoalCategory":"MYFITNESSPAL","userGoalType":"NET_CALORIES","startDate":{"date":"Sep 23, 2021"},"endDate":{"date":"Sep 23, 2021"},"goalValue":"1853.0","updateDate":{"date":"Sep 23, 2021"},"createDate":{"date":"Sep 23, 2021"}},{"userProfilePk":95173854,"userGoalCategory":"MYFITNESSPAL","userGoalType":"NET_CALORIES","startDate":{"date":"Sep 23, 2021"},"endDate":{"date":"Sep 23, 2021"},"goalValue":"1853.0","updateDate":{"date":"Sep 23, 2021"},"createDate":{"date":"Sep 23, 2021"}},{"userProfilePk":95173854,"userGoalCategory":"MYFITNESSPAL","userGoalType":"NET_CALORIES","startDate":{"date":"Sep 23, 2021"},"endDate":{"date":"Sep 23, 2021"},"goalValue":"1853.0","updateDate":{"date":"Sep 23, 2021"},"createDate":{"date":"Sep 23, 2021"}},{"userProfilePk":95173854,"userGoalCategory":"MYFITNESSPAL","userGoalType":"NET_CALORIES","startDate":{"date":"Sep 23, 2021"},"endDate":{"date":"Sep 23, 2021"},"goalValue":"1853.0","updateDate":{"date":"Sep 23, 2021"},"createDate":{"date":"Sep 23, 2021"}},{"userProfilePk":95173854,"userGoalCategory":"MYFITNESSPAL","userGoalType":"NET_CALORIES","startDate":{"date":"Sep 23, 2021"},"endDate":{"date":"Sep 23, 2021"},"goalValue":"1853.0","updateDate":{"date":"Sep 23, 2021"},"createDate":{"date":"Sep 23, 2021"}},{"userProfilePk":95173854,"userGoalCategory":"MYFITNESSPAL","userGoalType":"NET_CALORIES","startDate":{"date":"Sep 23, 2021"},"endDate":{"date":"Sep 23, 2021"},"goalValue":"1853.0","updateDate":{"date":"Sep 23, 2021"},"createDate":{"date":"Sep 23, 2021"}},{"userProfilePk":95173854,"userGoalCategory":"MYFITNESSPAL","userGoalType":"NET_CALORIES","startDate":{"date":"Sep 23, 2021"},"endDate":{"date":"Sep 23, 2021"},"goalValue":"1853.0","updateDate":{"date":"Sep 23, 2021"},"createDate":{"date":"Sep 23, 2021"}},{"userProfilePk":95173854,"userGoalCategory":"MYFITNESSPAL","userGoalType":"NET_CALORIES","startDate":{"date":"Sep 23, 2021"},"endDate":{"date":"Sep 23, 2021"},"goalValue":"1853.0","updateDate":{"date":"Sep 23, 2021"},"createDate":{"date":"Sep 23, 2021"}},{"userProfilePk":95173854,"userGoalCategory":"MYFITNESSPAL","userGoalType":"NET_CALORIES","startDate":{"date":"Sep 23, 2021"},"endDate":{"date":"Sep 23, 2021"},"goalValue":"1853.0","updateDate":{"date":"Sep 23, 2021"},"createDate":{"date":"Sep 23, 2021"}},{"userProfilePk":95173854,"userGoalCategory":"MYFITNESSPAL","userGoalType":"NET_CALORIES","startDate":{"date":"Sep 23, 2021"},"endDate":{"date":"Sep 23, 2021"},"goalValue":"1853.0","updateDate":{"date":"Sep 23, 2021"},"createDate":{"date":"Sep 23, 2021"}},{"userProfilePk":95173854,"userGoalCategory":"MYFITNESSPAL","userGoalType":"NET_CALORIES","startDate":{"date":"Sep 23, 2021"},"endDate":{"date":"Sep 23, 2021"},"goalValue":"1853.0","updateDate":{"date":"Sep 23, 2021"},"createDate":{"date":"Sep 23, 2021"}},{"userProfilePk":95173854,"userGoalCategory":"MYFITNESSPAL","userGoalType":"NET_CALORIES","startDate":{"date":"Sep 23, 2021"},"endDate":{"date":"Sep 23, 2021"},"goalValue":"1853.0","updateDate":{"date":"Sep 23, 2021"},"createDate":{"date":"Sep 23, 2021"}},{"userProfilePk":95173854,"userGoalCategory":"MYFITNESSPAL","userGoalType":"NET_CALORIES","startDate":{"date":"Sep 23, 2021"},"endDate":{"date":"Sep 23, 2021"},"goalValue":"1853.0","updateDate":{"date":"Sep 23, 2021"},"createDate":{"date":"Sep 23, 2021"}},{"userProfilePk":95173854,"userGoalCategory":"MYFITNESSPAL","userGoalType":"NET_CALORIES","startDate":{"date":"Sep 24, 2021"},"endDate":{"date":"Sep 24, 2021"},"goalValue":"1853.0","updateDate":{"date":"Sep 24, 2021"},"createDate":{"date":"Sep 24, 2021"}},{"userProfilePk":95173854,"userGoalCategory":"MYFITNESSPAL","userGoalType":"NET_CALORIES","startDate":{"date":"Sep 24, 2021"},"endDate":{"date":"Sep 24, 2021"},"goalValue":"1853.0","updateDate":{"date":"Sep 24, 2021"},"createDate":{"date":"Sep 24, 2021"}},{"userProfilePk":95173854,"userGoalCategory":"MYFITNESSPAL","userGoalType":"NET_CALORIES","startDate":{"date":"Sep 24, 2021"},"endDate":{"date":"Sep 24, 2021"},"goalValue":"1853.0","updateDate":{"date":"Sep 24, 2021"},"createDate":{"date":"Sep 24, 2021"}},{"userProfilePk":95173854,"userGoalCategory":"MYFITNESSPAL","userGoalType":"NET_CALORIES","startDate":{"date":"Sep 24, 2021"},"endDate":{"date":"Sep 24, 2021"},"goalValue":"1853.0","updateDate":{"date":"Sep 24, 2021"},"createDate":{"date":"Sep 24, 2021"}},{"userProfilePk":95173854,"userGoalCategory":"MYFITNESSPAL","userGoalType":"NET_CALORIES","startDate":{"date":"Sep 24, 2021"},"endDate":{"date":"Sep 24, 2021"},"goalValue":"1853.0","updateDate":{"date":"Sep 24, 2021"},"createDate":{"date":"Sep 24, 2021"}},{"userProfilePk":95173854,"userGoalCategory":"MYFITNESSPAL","userGoalType":"NET_CALORIES","startDate":{"date":"Sep 24, 2021"},"endDate":{"date":"Sep 24, 2021"},"goalValue":"1853.0","updateDate":{"date":"Sep 24, 2021"},"createDate":{"date":"Sep 24, 2021"}},{"userProfilePk":95173854,"userGoalCategory":"MYFITNESSPAL","userGoalType":"NET_CALORIES","startDate":{"date":"Sep 24, 2021"},"endDate":{"date":"Sep 24, 2021"},"goalValue":"1853.0","updateDate":{"date":"Sep 24, 2021"},"createDate":{"date":"Sep 24, 2021"}},{"userProfilePk":95173854,"userGoalCategory":"MYFITNESSPAL","userGoalType":"NET_CALORIES","startDate":{"date":"Sep 24, 2021"},"endDate":{"date":"Sep 24, 2021"},"goalValue":"1853.0","updateDate":{"date":"Sep 24, 2021"},"createDate":{"date":"Sep 24, 2021"}},{"userProfilePk":95173854,"userGoalCategory":"MYFITNESSPAL","userGoalType":"NET_CALORIES","startDate":{"date":"Sep 24, 2021"},"endDate":{"date":"Sep 24, 2021"},"goalValue":"1853.0","updateDate":{"date":"Sep 24, 2021"},"createDate":{"date":"Sep 24, 2021"}},{"userProfilePk":95173854,"userGoalCategory":"MYFITNESSPAL","userGoalType":"NET_CALORIES","startDate":{"date":"Sep 24, 2021"},"endDate":{"date":"Sep 24, 2021"},"goalValue":"1853.0","updateDate":{"date":"Sep 24, 2021"},"createDate":{"date":"Sep 24, 2021"}},{"userProfilePk":95173854,"userGoalCategory":"MYFITNESSPAL","userGoalType":"NET_CALORIES","startDate":{"date":"Sep 24, 2021"},"endDate":{"date":"Sep 24, 2021"},"goalValue":"1853.0","updateDate":{"date":"Sep 24, 2021"},"createDate":{"date":"Sep 24, 2021"}},{"userProfilePk":95173854,"userGoalCategory":"MYFITNESSPAL","userGoalType":"NET_CALORIES","startDate":{"date":"Sep 24, 2021"},"endDate":{"date":"Sep 24, 2021"},"goalValue":"1853.0","updateDate":{"date":"Sep 24, 2021"},"createDate":{"date":"Sep 24, 2021"}},{"userProfilePk":95173854,"userGoalCategory":"MYFITNESSPAL","userGoalType":"NET_CALORIES","startDate":{"date":"Sep 25, 2021"},"endDate":{"date":"Sep 25, 2021"},"goalValue":"1853.0","updateDate":{"date":"Sep 25, 2021"},"createDate":{"date":"Sep 25, 2021"}},{"userProfilePk":95173854,"userGoalCategory":"MYFITNESSPAL","userGoalType":"NET_CALORIES","startDate":{"date":"Sep 25, 2021"},"endDate":{"date":"Sep 25, 2021"},"goalValue":"1853.0","updateDate":{"date":"Sep 25, 2021"},"createDate":{"date":"Sep 25, 2021"}},{"userProfilePk":95173854,"userGoalCategory":"MYFITNESSPAL","userGoalType":"NET_CALORIES","startDate":{"date":"Sep 25, 2021"},"endDate":{"date":"Sep 25, 2021"},"goalValue":"1853.0","updateDate":{"date":"Sep 25, 2021"},"createDate":{"date":"Sep 25, 2021"}},{"userProfilePk":95173854,"userGoalCategory":"MYFITNESSPAL","userGoalType":"NET_CALORIES","startDate":{"date":"Sep 25, 2021"},"endDate":{"date":"Sep 25, 2021"},"goalValue":"1853.0","updateDate":{"date":"Sep 25, 2021"},"createDate":{"date":"Sep 25, 2021"}},{"userProfilePk":95173854,"userGoalCategory":"MYFITNESSPAL","userGoalType":"NET_CALORIES","startDate":{"date":"Sep 25, 2021"},"endDate":{"date":"Sep 25, 2021"},"goalValue":"1853.0","updateDate":{"date":"Sep 25, 2021"},"createDate":{"date":"Sep 25, 2021"}},{"userProfilePk":95173854,"userGoalCategory":"MYFITNESSPAL","userGoalType":"NET_CALORIES","startDate":{"date":"Sep 25, 2021"},"endDate":{"date":"Sep 25, 2021"},"goalValue":"1853.0","updateDate":{"date":"Sep 25, 2021"},"createDate":{"date":"Sep 25, 2021"}},{"userProfilePk":95173854,"userGoalCategory":"MYFITNESSPAL","userGoalType":"NET_CALORIES","startDate":{"date":"Sep 25, 2021"},"endDate":{"date":"Sep 25, 2021"},"goalValue":"1853.0","updateDate":{"date":"Sep 25, 2021"},"createDate":{"date":"Sep 25, 2021"}},{"userProfilePk":95173854,"userGoalCategory":"MYFITNESSPAL","userGoalType":"NET_CALORIES","startDate":{"date":"Sep 25, 2021"},"endDate":{"date":"Sep 25, 2021"},"goalValue":"1853.0","updateDate":{"date":"Sep 25, 2021"},"createDate":{"date":"Sep 25, 2021"}},{"userProfilePk":95173854,"userGoalCategory":"MYFITNESSPAL","userGoalType":"NET_CALORIES","startDate":{"date":"Sep 25, 2021"},"endDate":{"date":"Sep 25, 2021"},"goalValue":"1853.0","updateDate":{"date":"Sep 25, 2021"},"createDate":{"date":"Sep 25, 2021"}},{"userProfilePk":95173854,"userGoalCategory":"MYFITNESSPAL","userGoalType":"NET_CALORIES","startDate":{"date":"Sep 25, 2021"},"endDate":{"date":"Sep 25, 2021"},"goalValue":"1853.0","updateDate":{"date":"Sep 25, 2021"},"createDate":{"date":"Sep 25, 2021"}},{"userProfilePk":95173854,"userGoalCategory":"MYFITNESSPAL","userGoalType":"NET_CALORIES","startDate":{"date":"Sep 25, 2021"},"endDate":{"date":"Sep 25, 2021"},"goalValue":"1853.0","updateDate":{"date":"Sep 25, 2021"},"createDate":{"date":"Sep 25, 2021"}},{"userProfilePk":95173854,"userGoalCategory":"MYFITNESSPAL","userGoalType":"NET_CALORIES","startDate":{"date":"Sep 25, 2021"},"endDate":{"date":"Sep 25, 2021"},"goalValue":"1853.0","updateDate":{"date":"Sep 25, 2021"},"createDate":{"date":"Sep 25, 2021"}},{"userProfilePk":95173854,"userGoalCategory":"MYFITNESSPAL","userGoalType":"NET_CALORIES","startDate":{"date":"Sep 26, 2021"},"endDate":{"date":"Sep 26, 2021"},"goalValue":"1853.0","updateDate":{"date":"Sep 26, 2021"},"createDate":{"date":"Sep 26, 2021"}},{"userProfilePk":95173854,"userGoalCategory":"MYFITNESSPAL","userGoalType":"NET_CALORIES","startDate":{"date":"Sep 26, 2021"},"endDate":{"date":"Sep 26, 2021"},"goalValue":"1853.0","updateDate":{"date":"Sep 26, 2021"},"createDate":{"date":"Sep 26, 2021"}},{"userProfilePk":95173854,"userGoalCategory":"MYFITNESSPAL","userGoalType":"NET_CALORIES","startDate":{"date":"Sep 26, 2021"},"endDate":{"date":"Sep 26, 2021"},"goalValue":"1853.0","updateDate":{"date":"Sep 26, 2021"},"createDate":{"date":"Sep 26, 2021"}},{"userProfilePk":95173854,"userGoalCategory":"MYFITNESSPAL","userGoalType":"NET_CALORIES","startDate":{"date":"Sep 26, 2021"},"endDate":{"date":"Sep 26, 2021"},"goalValue":"1853.0","updateDate":{"date":"Sep 26, 2021"},"createDate":{"date":"Sep 26, 2021"}},{"userProfilePk":95173854,"userGoalCategory":"MYFITNESSPAL","userGoalType":"NET_CALORIES","startDate":{"date":"Sep 26, 2021"},"endDate":{"date":"Sep 26, 2021"},"goalValue":"1853.0","updateDate":{"date":"Sep 26, 2021"},"createDate":{"date":"Sep 26, 2021"}},{"userProfilePk":95173854,"userGoalCategory":"MYFITNESSPAL","userGoalType":"NET_CALORIES","startDate":{"date":"Sep 27, 2021"},"endDate":{"date":"Sep 27, 2021"},"goalValue":"1853.0","updateDate":{"date":"Sep 27, 2021"},"createDate":{"date":"Sep 27, 2021"}},{"userProfilePk":95173854,"userGoalCategory":"MYFITNESSPAL","userGoalType":"NET_CALORIES","startDate":{"date":"Sep 27, 2021"},"endDate":{"date":"Sep 27, 2021"},"goalValue":"1853.0","updateDate":{"date":"Sep 27, 2021"},"createDate":{"date":"Sep 27, 2021"}},{"userProfilePk":95173854,"userGoalCategory":"MYFITNESSPAL","userGoalType":"NET_CALORIES","startDate":{"date":"Sep 27, 2021"},"endDate":{"date":"Sep 27, 2021"},"goalValue":"1853.0","updateDate":{"date":"Sep 27, 2021"},"createDate":{"date":"Sep 27, 2021"}},{"userProfilePk":95173854,"userGoalCategory":"MYFITNESSPAL","userGoalType":"NET_CALORIES","startDate":{"date":"Sep 27, 2021"},"endDate":{"date":"Sep 27, 2021"},"goalValue":"1853.0","updateDate":{"date":"Sep 27, 2021"},"createDate":{"date":"Sep 27, 2021"}},{"userProfilePk":95173854,"userGoalCategory":"MYFITNESSPAL","userGoalType":"NET_CALORIES","startDate":{"date":"Sep 27, 2021"},"endDate":{"date":"Sep 27, 2021"},"goalValue":"1853.0","updateDate":{"date":"Sep 27, 2021"},"createDate":{"date":"Sep 27, 2021"}},{"userProfilePk":95173854,"userGoalCategory":"MYFITNESSPAL","userGoalType":"NET_CALORIES","startDate":{"date":"Sep 27, 2021"},"endDate":{"date":"Sep 27, 2021"},"goalValue":"1853.0","updateDate":{"date":"Sep 27, 2021"},"createDate":{"date":"Sep 27, 2021"}},{"userProfilePk":95173854,"userGoalCategory":"MYFITNESSPAL","userGoalType":"NET_CALORIES","startDate":{"date":"Sep 27, 2021"},"endDate":{"date":"Sep 27, 2021"},"goalValue":"1853.0","updateDate":{"date":"Sep 27, 2021"},"createDate":{"date":"Sep 27, 2021"}},{"userProfilePk":95173854,"userGoalCategory":"MYFITNESSPAL","userGoalType":"NET_CALORIES","startDate":{"date":"Sep 27, 2021"},"endDate":{"date":"Sep 27, 2021"},"goalValue":"1853.0","updateDate":{"date":"Sep 27, 2021"},"createDate":{"date":"Sep 27, 2021"}},{"userProfilePk":95173854,"userGoalCategory":"MYFITNESSPAL","userGoalType":"NET_CALORIES","startDate":{"date":"Sep 27, 2021"},"endDate":{"date":"Sep 27, 2021"},"goalValue":"1853.0","updateDate":{"date":"Sep 27, 2021"},"createDate":{"date":"Sep 27, 2021"}},{"userProfilePk":95173854,"userGoalCategory":"MYFITNESSPAL","userGoalType":"NET_CALORIES","startDate":{"date":"Sep 27, 2021"},"endDate":{"date":"Sep 27, 2021"},"goalValue":"1853.0","updateDate":{"date":"Sep 27, 2021"},"createDate":{"date":"Sep 27, 2021"}},{"userProfilePk":95173854,"userGoalCategory":"MYFITNESSPAL","userGoalType":"NET_CALORIES","startDate":{"date":"Sep 27, 2021"},"endDate":{"date":"Sep 27, 2021"},"goalValue":"1853.0","updateDate":{"date":"Sep 27, 2021"},"createDate":{"date":"Sep 27, 2021"}},{"userProfilePk":95173854,"userGoalCategory":"MYFITNESSPAL","userGoalType":"NET_CALORIES","startDate":{"date":"Sep 28, 2021"},"endDate":{"date":"Sep 28, 2021"},"goalValue":"1853.0","updateDate":{"date":"Sep 28, 2021"},"createDate":{"date":"Sep 28, 2021"}},{"userProfilePk":95173854,"userGoalCategory":"MYFITNESSPAL","userGoalType":"NET_CALORIES","startDate":{"date":"Sep 28, 2021"},"endDate":{"date":"Sep 28, 2021"},"goalValue":"1853.0","updateDate":{"date":"Sep 28, 2021"},"createDate":{"date":"Sep 28, 2021"}},{"userProfilePk":95173854,"userGoalCategory":"MYFITNESSPAL","userGoalType":"NET_CALORIES","startDate":{"date":"Sep 28, 2021"},"endDate":{"date":"Sep 28, 2021"},"goalValue":"1853.0","updateDate":{"date":"Sep 28, 2021"},"createDate":{"date":"Sep 28, 2021"}},{"userProfilePk":95173854,"userGoalCategory":"MYFITNESSPAL","userGoalType":"NET_CALORIES","startDate":{"date":"Sep 29, 2021"},"endDate":{"date":"Sep 29, 2021"},"goalValue":"1853.0","updateDate":{"date":"Sep 29, 2021"},"createDate":{"date":"Sep 29, 2021"}},{"userProfilePk":95173854,"userGoalCategory":"MYFITNESSPAL","userGoalType":"NET_CALORIES","startDate":{"date":"Sep 29, 2021"},"endDate":{"date":"Sep 29, 2021"},"goalValue":"1853.0","updateDate":{"date":"Sep 29, 2021"},"createDate":{"date":"Sep 29, 2021"}},{"userProfilePk":95173854,"userGoalCategory":"MYFITNESSPAL","userGoalType":"NET_CALORIES","startDate":{"date":"Sep 30, 2021"},"endDate":{"date":"Sep 30, 2021"},"goalValue":"1853.0","updateDate":{"date":"Sep 30, 2021"},"createDate":{"date":"Sep 30, 2021"}},{"userProfilePk":95173854,"userGoalCategory":"MYFITNESSPAL","userGoalType":"NET_CALORIES","startDate":{"date":"Sep 30, 2021"},"endDate":{"date":"Sep 30, 2021"},"goalValue":"1853.0","updateDate":{"date":"Sep 30, 2021"},"createDate":{"date":"Sep 30, 2021"}},{"userProfilePk":95173854,"userGoalCategory":"MYFITNESSPAL","userGoalType":"NET_CALORIES","startDate":{"date":"Oct 1, 2021"},"endDate":{"date":"Oct 1, 2021"},"goalValue":"1853.0","updateDate":{"date":"Oct 1, 2021"},"createDate":{"date":"Oct 1, 2021"}},{"userProfilePk":95173854,"userGoalCategory":"MYFITNESSPAL","userGoalType":"NET_CALORIES","startDate":{"date":"Oct 1, 2021"},"endDate":{"date":"Oct 1, 2021"},"goalValue":"1853.0","updateDate":{"date":"Oct 1, 2021"},"createDate":{"date":"Oct 1, 2021"}},{"userProfilePk":95173854,"userGoalCategory":"MYFITNESSPAL","userGoalType":"NET_CALORIES","startDate":{"date":"Oct 1, 2021"},"endDate":{"date":"Oct 1, 2021"},"goalValue":"1853.0","updateDate":{"date":"Oct 1, 2021"},"createDate":{"date":"Oct 1, 2021"}},{"userProfilePk":95173854,"userGoalCategory":"MYFITNESSPAL","userGoalType":"NET_CALORIES","startDate":{"date":"Oct 2, 2021"},"endDate":{"date":"Oct 2, 2021"},"goalValue":"1853.0","updateDate":{"date":"Oct 2, 2021"},"createDate":{"date":"Oct 2, 2021"}},{"userProfilePk":95173854,"userGoalCategory":"MYFITNESSPAL","userGoalType":"NET_CALORIES","startDate":{"date":"Oct 2, 2021"},"endDate":{"date":"Oct 2, 2021"},"goalValue":"1853.0","updateDate":{"date":"Oct 2, 2021"},"createDate":{"date":"Oct 2, 2021"}},{"userProfilePk":95173854,"userGoalCategory":"MYFITNESSPAL","userGoalType":"NET_CALORIES","startDate":{"date":"Oct 3, 2021"},"endDate":{"date":"Oct 3, 2021"},"goalValue":"1853.0","updateDate":{"date":"Oct 3, 2021"},"createDate":{"date":"Oct 3, 2021"}},{"userProfilePk":95173854,"userGoalCategory":"MYFITNESSPAL","userGoalType":"NET_CALORIES","startDate":{"date":"Oct 3, 2021"},"endDate":{"date":"Oct 3, 2021"},"goalValue":"1853.0","updateDate":{"date":"Oct 3, 2021"},"createDate":{"date":"Oct 3, 2021"}},{"userProfilePk":95173854,"userGoalCategory":"MYFITNESSPAL","userGoalType":"NET_CALORIES","startDate":{"date":"Oct 3, 2021"},"endDate":{"date":"Oct 3, 2021"},"goalValue":"1853.0","updateDate":{"date":"Oct 3, 2021"},"createDate":{"date":"Oct 3, 2021"}},{"userProfilePk":95173854,"userGoalCategory":"MYFITNESSPAL","userGoalType":"NET_CALORIES","startDate":{"date":"Oct 6, 2021"},"endDate":{"date":"Oct 6, 2021"},"goalValue":"1853.0","updateDate":{"date":"Oct 6, 2021"},"createDate":{"date":"Oct 6, 2021"}},{"userProfilePk":95173854,"userGoalCategory":"MYFITNESSPAL","userGoalType":"NET_CALORIES","startDate":{"date":"Oct 6, 2021"},"endDate":{"date":"Oct 6, 2021"},"goalValue":"1853.0","updateDate":{"date":"Oct 6, 2021"},"createDate":{"date":"Oct 6, 2021"}},{"userProfilePk":95173854,"userGoalCategory":"MYFITNESSPAL","userGoalType":"NET_CALORIES","startDate":{"date":"Oct 7, 2021"},"endDate":{"date":"Oct 7, 2021"},"goalValue":"1853.0","updateDate":{"date":"Oct 7, 2021"},"createDate":{"date":"Oct 7, 2021"}},{"userProfilePk":95173854,"userGoalCategory":"MYFITNESSPAL","userGoalType":"NET_CALORIES","startDate":{"date":"Oct 7, 2021"},"endDate":{"date":"Oct 7, 2021"},"goalValue":"1853.0","updateDate":{"date":"Oct 7, 2021"},"createDate":{"date":"Oct 7, 2021"}},{"userProfilePk":95173854,"userGoalCategory":"MYFITNESSPAL","userGoalType":"NET_CALORIES","startDate":{"date":"Oct 7, 2021"},"endDate":{"date":"Oct 7, 2021"},"goalValue":"1853.0","updateDate":{"date":"Oct 7, 2021"},"createDate":{"date":"Oct 7, 2021"}},{"userProfilePk":95173854,"userGoalCategory":"MYFITNESSPAL","userGoalType":"NET_CALORIES","startDate":{"date":"Oct 8, 2021"},"endDate":{"date":"Oct 8, 2021"},"goalValue":"1853.0","updateDate":{"date":"Oct 8, 2021"},"createDate":{"date":"Oct 8, 2021"}},{"userProfilePk":95173854,"userGoalCategory":"MYFITNESSPAL","userGoalType":"NET_CALORIES","startDate":{"date":"Oct 12, 2021"},"endDate":{"date":"Oct 12, 2021"},"goalValue":"1853.0","updateDate":{"date":"Oct 12, 2021"},"createDate":{"date":"Oct 12, 2021"}},{"userProfilePk":95173854,"userGoalCategory":"MYFITNESSPAL","userGoalType":"NET_CALORIES","startDate":{"date":"Oct 15, 2021"},"endDate":{"date":"Oct 15, 2021"},"goalValue":"1853.0","updateDate":{"date":"Oct 15, 2021"},"createDate":{"date":"Oct 15, 2021"}},{"userProfilePk":95173854,"userGoalCategory":"MYFITNESSPAL","userGoalType":"NET_CALORIES","startDate":{"date":"Oct 18, 2021"},"endDate":{"date":"Oct 18, 2021"},"goalValue":"1853.0","updateDate":{"date":"Oct 18, 2021"},"createDate":{"date":"Oct 18, 2021"}},{"userProfilePk":95173854,"userGoalCategory":"MYFITNESSPAL","userGoalType":"NET_CALORIES","startDate":{"date":"Oct 19, 2021"},"endDate":{"date":"Oct 19, 2021"},"goalValue":"1853.0","updateDate":{"date":"Oct 19, 2021"},"createDate":{"date":"Oct 19, 2021"}},{"userProfilePk":95173854,"userGoalCategory":"MYFITNESSPAL","userGoalType":"NET_CALORIES","startDate":{"date":"Oct 21, 2021"},"endDate":{"date":"Oct 21, 2021"},"goalValue":"1853.0","updateDate":{"date":"Oct 21, 2021"},"createDate":{"date":"Oct 21, 2021"}},{"userProfilePk":95173854,"userGoalCategory":"MYFITNESSPAL","userGoalType":"NET_CALORIES","startDate":{"date":"Oct 22, 2021"},"endDate":{"date":"Oct 22, 2021"},"goalValue":"1853.0","updateDate":{"date":"Oct 22, 2021"},"createDate":{"date":"Oct 22, 2021"}},{"userProfilePk":95173854,"userGoalCategory":"MYFITNESSPAL","userGoalType":"NET_CALORIES","startDate":{"date":"Oct 22, 2021"},"endDate":{"date":"Oct 22, 2021"},"goalValue":"1853.0","updateDate":{"date":"Oct 22, 2021"},"createDate":{"date":"Oct 22, 2021"}},{"userProfilePk":95173854,"userGoalCategory":"MYFITNESSPAL","userGoalType":"NET_CALORIES","startDate":{"date":"Oct 22, 2021"},"endDate":{"date":"Oct 22, 2021"},"goalValue":"1853.0","updateDate":{"date":"Oct 22, 2021"},"createDate":{"date":"Oct 22, 2021"}},{"userProfilePk":95173854,"userGoalCategory":"MYFITNESSPAL","userGoalType":"NET_CALORIES","startDate":{"date":"Oct 22, 2021"},"endDate":{"date":"Oct 22, 2021"},"goalValue":"1853.0","updateDate":{"date":"Oct 22, 2021"},"createDate":{"date":"Oct 22, 2021"}},{"userProfilePk":95173854,"userGoalCategory":"MYFITNESSPAL","userGoalType":"NET_CALORIES","startDate":{"date":"Oct 22, 2021"},"endDate":{"date":"Oct 22, 2021"},"goalValue":"1853.0","updateDate":{"date":"Oct 22, 2021"},"createDate":{"date":"Oct 22, 2021"}},{"userProfilePk":95173854,"userGoalCategory":"MYFITNESSPAL","userGoalType":"NET_CALORIES","startDate":{"date":"Oct 23, 2021"},"endDate":{"date":"Oct 23, 2021"},"goalValue":"1853.0","updateDate":{"date":"Oct 23, 2021"},"createDate":{"date":"Oct 23, 2021"}},{"userProfilePk":95173854,"userGoalCategory":"MYFITNESSPAL","userGoalType":"NET_CALORIES","startDate":{"date":"Oct 24, 2021"},"endDate":{"date":"Oct 24, 2021"},"goalValue":"1853.0","updateDate":{"date":"Oct 24, 2021"},"createDate":{"date":"Oct 24, 2021"}},{"userProfilePk":95173854,"userGoalCategory":"MYFITNESSPAL","userGoalType":"NET_CALORIES","startDate":{"date":"Oct 25, 2021"},"endDate":{"date":"Oct 25, 2021"},"goalValue":"1853.0","updateDate":{"date":"Oct 25, 2021"},"createDate":{"date":"Oct 25, 2021"}},{"userProfilePk":95173854,"userGoalCategory":"MYFITNESSPAL","userGoalType":"NET_CALORIES","startDate":{"date":"Oct 25, 2021"},"endDate":{"date":"Oct 25, 2021"},"goalValue":"1853.0","updateDate":{"date":"Oct 25, 2021"},"createDate":{"date":"Oct 25, 2021"}},{"userProfilePk":95173854,"userGoalCategory":"MYFITNESSPAL","userGoalType":"NET_CALORIES","startDate":{"date":"Oct 25, 2021"},"endDate":{"date":"Oct 25, 2021"},"goalValue":"1853.0","updateDate":{"date":"Oct 25, 2021"},"createDate":{"date":"Oct 25, 2021"}},{"userProfilePk":95173854,"userGoalCategory":"MYFITNESSPAL","userGoalType":"NET_CALORIES","startDate":{"date":"Oct 25, 2021"},"endDate":{"date":"Oct 25, 2021"},"goalValue":"1853.0","updateDate":{"date":"Oct 25, 2021"},"createDate":{"date":"Oct 25, 2021"}},{"userProfilePk":95173854,"userGoalCategory":"MYFITNESSPAL","userGoalType":"NET_CALORIES","startDate":{"date":"Oct 25, 2021"},"endDate":{"date":"Oct 25, 2021"},"goalValue":"1853.0","updateDate":{"date":"Oct 25, 2021"},"createDate":{"date":"Oct 25, 2021"}},{"userProfilePk":95173854,"userGoalCategory":"MYFITNESSPAL","userGoalType":"NET_CALORIES","startDate":{"date":"Oct 25, 2021"},"endDate":{"date":"Oct 25, 2021"},"goalValue":"1853.0","updateDate":{"date":"Oct 25, 2021"},"createDate":{"date":"Oct 25, 2021"}},{"userProfilePk":95173854,"userGoalCategory":"MYFITNESSPAL","userGoalType":"NET_CALORIES","startDate":{"date":"Oct 25, 2021"},"endDate":{"date":"Oct 25, 2021"},"goalValue":"1853.0","updateDate":{"date":"Oct 25, 2021"},"createDate":{"date":"Oct 25, 2021"}},{"userProfilePk":95173854,"userGoalCategory":"MYFITNESSPAL","userGoalType":"NET_CALORIES","startDate":{"date":"Oct 25, 2021"},"endDate":{"date":"Oct 25, 2021"},"goalValue":"1853.0","updateDate":{"date":"Oct 25, 2021"},"createDate":{"date":"Oct 25, 2021"}},{"userProfilePk":95173854,"userGoalCategory":"MYFITNESSPAL","userGoalType":"NET_CALORIES","startDate":{"date":"Oct 25, 2021"},"endDate":{"date":"Oct 25, 2021"},"goalValue":"1853.0","updateDate":{"date":"Oct 25, 2021"},"createDate":{"date":"Oct 25, 2021"}},{"userProfilePk":95173854,"userGoalCategory":"MYFITNESSPAL","userGoalType":"NET_CALORIES","startDate":{"date":"Oct 25, 2021"},"endDate":{"date":"Oct 25, 2021"},"goalValue":"1853.0","updateDate":{"date":"Oct 25, 2021"},"createDate":{"date":"Oct 25, 2021"}},{"userProfilePk":95173854,"userGoalCategory":"MYFITNESSPAL","userGoalType":"NET_CALORIES","startDate":{"date":"Oct 26, 2021"},"endDate":{"date":"Oct 26, 2021"},"goalValue":"1853.0","updateDate":{"date":"Oct 26, 2021"},"createDate":{"date":"Oct 26, 2021"}},{"userProfilePk":95173854,"userGoalCategory":"MYFITNESSPAL","userGoalType":"NET_CALORIES","startDate":{"date":"Oct 26, 2021"},"endDate":{"date":"Oct 26, 2021"},"goalValue":"1853.0","updateDate":{"date":"Oct 26, 2021"},"createDate":{"date":"Oct 26, 2021"}},{"userProfilePk":95173854,"userGoalCategory":"MYFITNESSPAL","userGoalType":"NET_CALORIES","startDate":{"date":"Oct 28, 2021"},"endDate":{"date":"Oct 28, 2021"},"goalValue":"1853.0","updateDate":{"date":"Oct 28, 2021"},"createDate":{"date":"Oct 28, 2021"}},{"userProfilePk":95173854,"userGoalCategory":"MYFITNESSPAL","userGoalType":"NET_CALORIES","startDate":{"date":"Oct 30, 2021"},"endDate":{"date":"Oct 30, 2021"},"goalValue":"1853.0","updateDate":{"date":"Oct 30, 2021"},"createDate":{"date":"Oct 30, 2021"}},{"userProfilePk":95173854,"userGoalCategory":"MYFITNESSPAL","userGoalType":"NET_CALORIES","startDate":{"date":"Oct 31, 2021"},"endDate":{"date":"Oct 31, 2021"},"goalValue":"1853.0","updateDate":{"date":"Oct 31, 2021"},"createDate":{"date":"Oct 31, 2021"}},{"userProfilePk":95173854,"userGoalCategory":"MYFITNESSPAL","userGoalType":"NET_CALORIES","startDate":{"date":"Oct 31, 2021"},"endDate":{"date":"Oct 31, 2021"},"goalValue":"1853.0","updateDate":{"date":"Oct 31, 2021"},"createDate":{"date":"Oct 31, 2021"}},{"userProfilePk":95173854,"userGoalCategory":"MYFITNESSPAL","userGoalType":"NET_CALORIES","startDate":{"date":"Oct 31, 2021"},"endDate":{"date":"Oct 31, 2021"},"goalValue":"1853.0","updateDate":{"date":"Oct 31, 2021"},"createDate":{"date":"Oct 31, 2021"}},{"userProfilePk":95173854,"userGoalCategory":"MYFITNESSPAL","userGoalType":"NET_CALORIES","startDate":{"date":"Oct 31, 2021"},"endDate":{"date":"Oct 31, 2021"},"goalValue":"1853.0","updateDate":{"date":"Oct 31, 2021"},"createDate":{"date":"Oct 31, 2021"}},{"userProfilePk":95173854,"userGoalCategory":"MYFITNESSPAL","userGoalType":"NET_CALORIES","startDate":{"date":"Nov 1, 2021"},"endDate":{"date":"Nov 1, 2021"},"goalValue":"1853.0","updateDate":{"date":"Nov 1, 2021"},"createDate":{"date":"Nov 1, 2021"}},{"userProfilePk":95173854,"userGoalCategory":"MYFITNESSPAL","userGoalType":"NET_CALORIES","startDate":{"date":"Nov 1, 2021"},"endDate":{"date":"Nov 1, 2021"},"goalValue":"1853.0","updateDate":{"date":"Nov 1, 2021"},"createDate":{"date":"Nov 1, 2021"}},{"userProfilePk":95173854,"userGoalCategory":"MYFITNESSPAL","userGoalType":"NET_CALORIES","startDate":{"date":"Nov 1, 2021"},"endDate":{"date":"Nov 1, 2021"},"goalValue":"1853.0","updateDate":{"date":"Nov 1, 2021"},"createDate":{"date":"Nov 1, 2021"}},{"userProfilePk":95173854,"userGoalCategory":"MYFITNESSPAL","userGoalType":"NET_CALORIES","startDate":{"date":"Nov 2, 2021"},"endDate":{"date":"Nov 2, 2021"},"goalValue":"1853.0","updateDate":{"date":"Nov 2, 2021"},"createDate":{"date":"Nov 2, 2021"}},{"userProfilePk":95173854,"userGoalCategory":"MYFITNESSPAL","userGoalType":"NET_CALORIES","startDate":{"date":"Nov 2, 2021"},"endDate":{"date":"Nov 2, 2021"},"goalValue":"1853.0","updateDate":{"date":"Nov 2, 2021"},"createDate":{"date":"Nov 2, 2021"}},{"userProfilePk":95173854,"userGoalCategory":"MYFITNESSPAL","userGoalType":"NET_CALORIES","startDate":{"date":"Nov 2, 2021"},"endDate":{"date":"Nov 2, 2021"},"goalValue":"1853.0","updateDate":{"date":"Nov 2, 2021"},"createDate":{"date":"Nov 2, 2021"}},{"userProfilePk":95173854,"userGoalCategory":"MYFITNESSPAL","userGoalType":"NET_CALORIES","startDate":{"date":"Nov 3, 2021"},"endDate":{"date":"Nov 3, 2021"},"goalValue":"1853.0","updateDate":{"date":"Nov 3, 2021"},"createDate":{"date":"Nov 3, 2021"}},{"userProfilePk":95173854,"userGoalCategory":"MYFITNESSPAL","userGoalType":"NET_CALORIES","startDate":{"date":"Nov 3, 2021"},"endDate":{"date":"Nov 3, 2021"},"goalValue":"1853.0","updateDate":{"date":"Nov 3, 2021"},"createDate":{"date":"Nov 3, 2021"}},{"userProfilePk":95173854,"userGoalCategory":"MYFITNESSPAL","userGoalType":"NET_CALORIES","startDate":{"date":"Nov 3, 2021"},"endDate":{"date":"Nov 3, 2021"},"goalValue":"1853.0","updateDate":{"date":"Nov 3, 2021"},"createDate":{"date":"Nov 3, 2021"}},{"userProfilePk":95173854,"userGoalCategory":"MYFITNESSPAL","userGoalType":"NET_CALORIES","startDate":{"date":"Nov 3, 2021"},"endDate":{"date":"Nov 3, 2021"},"goalValue":"1853.0","updateDate":{"date":"Nov 3, 2021"},"createDate":{"date":"Nov 3, 2021"}},{"userProfilePk":95173854,"userGoalCategory":"MYFITNESSPAL","userGoalType":"NET_CALORIES","startDate":{"date":"Nov 4, 2021"},"endDate":{"date":"Nov 4, 2021"},"goalValue":"1853.0","updateDate":{"date":"Nov 4, 2021"},"createDate":{"date":"Nov 4, 2021"}},{"userProfilePk":95173854,"userGoalCategory":"MYFITNESSPAL","userGoalType":"NET_CALORIES","startDate":{"date":"Nov 4, 2021"},"endDate":{"date":"Nov 4, 2021"},"goalValue":"1853.0","updateDate":{"date":"Nov 4, 2021"},"createDate":{"date":"Nov 4, 2021"}},{"userProfilePk":95173854,"userGoalCategory":"MYFITNESSPAL","userGoalType":"NET_CALORIES","startDate":{"date":"Nov 6, 2021"},"endDate":{"date":"Nov 6, 2021"},"goalValue":"1853.0","updateDate":{"date":"Nov 6, 2021"},"createDate":{"date":"Nov 6, 2021"}},{"userProfilePk":95173854,"userGoalCategory":"MYFITNESSPAL","userGoalType":"NET_CALORIES","startDate":{"date":"Nov 6, 2021"},"endDate":{"date":"Nov 6, 2021"},"goalValue":"1853.0","updateDate":{"date":"Nov 6, 2021"},"createDate":{"date":"Nov 6, 2021"}},{"userProfilePk":95173854,"userGoalCategory":"MYFITNESSPAL","userGoalType":"NET_CALORIES","startDate":{"date":"Nov 8, 2021"},"endDate":{"date":"Nov 8, 2021"},"goalValue":"1853.0","updateDate":{"date":"Nov 8, 2021"},"createDate":{"date":"Nov 8, 2021"}},{"userProfilePk":95173854,"userGoalCategory":"MYFITNESSPAL","userGoalType":"NET_CALORIES","startDate":{"date":"Nov 8, 2021"},"endDate":{"date":"Nov 8, 2021"},"goalValue":"1853.0","updateDate":{"date":"Nov 8, 2021"},"createDate":{"date":"Nov 8, 2021"}},{"userProfilePk":95173854,"userGoalCategory":"MYFITNESSPAL","userGoalType":"NET_CALORIES","startDate":{"date":"Nov 8, 2021"},"endDate":{"date":"Nov 8, 2021"},"goalValue":"1853.0","updateDate":{"date":"Nov 8, 2021"},"createDate":{"date":"Nov 8, 2021"}},{"userProfilePk":95173854,"userGoalCategory":"MYFITNESSPAL","userGoalType":"NET_CALORIES","startDate":{"date":"Nov 9, 2021"},"endDate":{"date":"Nov 9, 2021"},"goalValue":"1853.0","updateDate":{"date":"Nov 9, 2021"},"createDate":{"date":"Nov 9, 2021"}},{"userProfilePk":95173854,"userGoalCategory":"MYFITNESSPAL","userGoalType":"NET_CALORIES","startDate":{"date":"Nov 9, 2021"},"endDate":{"date":"Nov 9, 2021"},"goalValue":"1853.0","updateDate":{"date":"Nov 9, 2021"},"createDate":{"date":"Nov 9, 2021"}},{"userProfilePk":95173854,"userGoalCategory":"MYFITNESSPAL","userGoalType":"NET_CALORIES","startDate":{"date":"Nov 9, 2021"},"endDate":{"date":"Nov 9, 2021"},"goalValue":"1853.0","updateDate":{"date":"Nov 9, 2021"},"createDate":{"date":"Nov 9, 2021"}},{"userProfilePk":95173854,"userGoalCategory":"MYFITNESSPAL","userGoalType":"NET_CALORIES","startDate":{"date":"Nov 9, 2021"},"endDate":{"date":"Nov 9, 2021"},"goalValue":"1853.0","updateDate":{"date":"Nov 9, 2021"},"createDate":{"date":"Nov 9, 2021"}},{"userProfilePk":95173854,"userGoalCategory":"MYFITNESSPAL","userGoalType":"NET_CALORIES","startDate":{"date":"Nov 9, 2021"},"endDate":{"date":"Nov 9, 2021"},"goalValue":"1853.0","updateDate":{"date":"Nov 9, 2021"},"createDate":{"date":"Nov 9, 2021"}},{"userProfilePk":95173854,"userGoalCategory":"MYFITNESSPAL","userGoalType":"NET_CALORIES","startDate":{"date":"Nov 9, 2021"},"endDate":{"date":"Nov 9, 2021"},"goalValue":"1853.0","updateDate":{"date":"Nov 9, 2021"},"createDate":{"date":"Nov 9, 2021"}},{"userProfilePk":95173854,"userGoalCategory":"MYFITNESSPAL","userGoalType":"NET_CALORIES","startDate":{"date":"Nov 9, 2021"},"endDate":{"date":"Nov 9, 2021"},"goalValue":"1853.0","updateDate":{"date":"Nov 9, 2021"},"createDate":{"date":"Nov 9, 2021"}},{"userProfilePk":95173854,"userGoalCategory":"MYFITNESSPAL","userGoalType":"NET_CALORIES","startDate":{"date":"Nov 10, 2021"},"endDate":{"date":"Nov 10, 2021"},"goalValue":"1853.0","updateDate":{"date":"Nov 10, 2021"},"createDate":{"date":"Nov 10, 2021"}},{"userProfilePk":95173854,"userGoalCategory":"MYFITNESSPAL","userGoalType":"NET_CALORIES","startDate":{"date":"Nov 10, 2021"},"endDate":{"date":"Nov 10, 2021"},"goalValue":"1853.0","updateDate":{"date":"Nov 10, 2021"},"createDate":{"date":"Nov 10, 2021"}},{"userProfilePk":95173854,"userGoalCategory":"MYFITNESSPAL","userGoalType":"NET_CALORIES","startDate":{"date":"Nov 10, 2021"},"endDate":{"date":"Nov 10, 2021"},"goalValue":"1853.0","updateDate":{"date":"Nov 10, 2021"},"createDate":{"date":"Nov 10, 2021"}},{"userProfilePk":95173854,"userGoalCategory":"MYFITNESSPAL","userGoalType":"NET_CALORIES","startDate":{"date":"Nov 10, 2021"},"endDate":{"date":"Nov 10, 2021"},"goalValue":"1853.0","updateDate":{"date":"Nov 10, 2021"},"createDate":{"date":"Nov 10, 2021"}},{"userProfilePk":95173854,"userGoalCategory":"MYFITNESSPAL","userGoalType":"NET_CALORIES","startDate":{"date":"Nov 11, 2021"},"endDate":{"date":"Nov 11, 2021"},"goalValue":"1853.0","updateDate":{"date":"Nov 11, 2021"},"createDate":{"date":"Nov 11, 2021"}},{"userProfilePk":95173854,"userGoalCategory":"MYFITNESSPAL","userGoalType":"NET_CALORIES","startDate":{"date":"Nov 11, 2021"},"endDate":{"date":"Nov 11, 2021"},"goalValue":"1853.0","updateDate":{"date":"Nov 11, 2021"},"createDate":{"date":"Nov 11, 2021"}},{"userProfilePk":95173854,"userGoalCategory":"MYFITNESSPAL","userGoalType":"NET_CALORIES","startDate":{"date":"Nov 12, 2021"},"endDate":{"date":"Nov 12, 2021"},"goalValue":"1853.0","updateDate":{"date":"Nov 12, 2021"},"createDate":{"date":"Nov 12, 2021"}},{"userProfilePk":95173854,"userGoalCategory":"MYFITNESSPAL","userGoalType":"NET_CALORIES","startDate":{"date":"Nov 12, 2021"},"endDate":{"date":"Nov 12, 2021"},"goalValue":"1853.0","updateDate":{"date":"Nov 12, 2021"},"createDate":{"date":"Nov 12, 2021"}},{"userProfilePk":95173854,"userGoalCategory":"MYFITNESSPAL","userGoalType":"NET_CALORIES","startDate":{"date":"Nov 14, 2021"},"endDate":{"date":"Nov 14, 2021"},"goalValue":"1853.0","updateDate":{"date":"Nov 14, 2021"},"createDate":{"date":"Nov 14, 2021"}},{"userProfilePk":95173854,"userGoalCategory":"MYFITNESSPAL","userGoalType":"NET_CALORIES","startDate":{"date":"Nov 14, 2021"},"endDate":{"date":"Nov 14, 2021"},"goalValue":"1853.0","updateDate":{"date":"Nov 14, 2021"},"createDate":{"date":"Nov 14, 2021"}},{"userProfilePk":95173854,"userGoalCategory":"MYFITNESSPAL","userGoalType":"NET_CALORIES","startDate":{"date":"Nov 14, 2021"},"endDate":{"date":"Nov 14, 2021"},"goalValue":"1853.0","updateDate":{"date":"Nov 14, 2021"},"createDate":{"date":"Nov 14, 2021"}},{"userProfilePk":95173854,"userGoalCategory":"MYFITNESSPAL","userGoalType":"NET_CALORIES","startDate":{"date":"Nov 14, 2021"},"endDate":{"date":"Nov 14, 2021"},"goalValue":"1853.0","updateDate":{"date":"Nov 14, 2021"},"createDate":{"date":"Nov 14, 2021"}},{"userProfilePk":95173854,"userGoalCategory":"MYFITNESSPAL","userGoalType":"NET_CALORIES","startDate":{"date":"Nov 14, 2021"},"endDate":{"date":"Nov 14, 2021"},"goalValue":"1853.0","updateDate":{"date":"Nov 14, 2021"},"createDate":{"date":"Nov 14, 2021"}},{"userProfilePk":95173854,"userGoalCategory":"MYFITNESSPAL","userGoalType":"NET_CALORIES","startDate":{"date":"Nov 15, 2021"},"endDate":{"date":"Nov 15, 2021"},"goalValue":"1853.0","updateDate":{"date":"Nov 15, 2021"},"createDate":{"date":"Nov 15, 2021"}},{"userProfilePk":95173854,"userGoalCategory":"MYFITNESSPAL","userGoalType":"NET_CALORIES","startDate":{"date":"Nov 15, 2021"},"endDate":{"date":"Nov 15, 2021"},"goalValue":"1853.0","updateDate":{"date":"Nov 15, 2021"},"createDate":{"date":"Nov 15, 2021"}},{"userProfilePk":95173854,"userGoalCategory":"MYFITNESSPAL","userGoalType":"NET_CALORIES","startDate":{"date":"Nov 15, 2021"},"endDate":{"date":"Nov 15, 2021"},"goalValue":"1853.0","updateDate":{"date":"Nov 15, 2021"},"createDate":{"date":"Nov 15, 2021"}},{"userProfilePk":95173854,"userGoalCategory":"MYFITNESSPAL","userGoalType":"NET_CALORIES","startDate":{"date":"Nov 16, 2021"},"endDate":{"date":"Nov 16, 2021"},"goalValue":"1853.0","updateDate":{"date":"Nov 16, 2021"},"createDate":{"date":"Nov 16, 2021"}},{"userProfilePk":95173854,"userGoalCategory":"MYFITNESSPAL","userGoalType":"NET_CALORIES","startDate":{"date":"Nov 16, 2021"},"endDate":{"date":"Nov 16, 2021"},"goalValue":"1853.0","updateDate":{"date":"Nov 16, 2021"},"createDate":{"date":"Nov 16, 2021"}},{"userProfilePk":95173854,"userGoalCategory":"MYFITNESSPAL","userGoalType":"NET_CALORIES","startDate":{"date":"Nov 16, 2021"},"endDate":{"date":"Nov 16, 2021"},"goalValue":"1853.0","updateDate":{"date":"Nov 16, 2021"},"createDate":{"date":"Nov 16, 2021"}},{"userProfilePk":95173854,"userGoalCategory":"MYFITNESSPAL","userGoalType":"NET_CALORIES","startDate":{"date":"Nov 16, 2021"},"endDate":{"date":"Nov 16, 2021"},"goalValue":"1853.0","updateDate":{"date":"Nov 16, 2021"},"createDate":{"date":"Nov 16, 2021"}},{"userProfilePk":95173854,"userGoalCategory":"MYFITNESSPAL","userGoalType":"NET_CALORIES","startDate":{"date":"Nov 16, 2021"},"endDate":{"date":"Nov 16, 2021"},"goalValue":"1853.0","updateDate":{"date":"Nov 16, 2021"},"createDate":{"date":"Nov 16, 2021"}},{"userProfilePk":95173854,"userGoalCategory":"MYFITNESSPAL","userGoalType":"NET_CALORIES","startDate":{"date":"Nov 16, 2021"},"endDate":{"date":"Nov 16, 2021"},"goalValue":"1853.0","updateDate":{"date":"Nov 16, 2021"},"createDate":{"date":"Nov 16, 2021"}},{"userProfilePk":95173854,"userGoalCategory":"MYFITNESSPAL","userGoalType":"NET_CALORIES","startDate":{"date":"Nov 16, 2021"},"endDate":{"date":"Nov 16, 2021"},"goalValue":"1853.0","updateDate":{"date":"Nov 16, 2021"},"createDate":{"date":"Nov 16, 2021"}},{"userProfilePk":95173854,"userGoalCategory":"MYFITNESSPAL","userGoalType":"NET_CALORIES","startDate":{"date":"Nov 17, 2021"},"endDate":{"date":"Nov 17, 2021"},"goalValue":"1853.0","updateDate":{"date":"Nov 17, 2021"},"createDate":{"date":"Nov 17, 2021"}},{"userProfilePk":95173854,"userGoalCategory":"MYFITNESSPAL","userGoalType":"NET_CALORIES","startDate":{"date":"Nov 17, 2021"},"endDate":{"date":"Nov 17, 2021"},"goalValue":"1853.0","updateDate":{"date":"Nov 17, 2021"},"createDate":{"date":"Nov 17, 2021"}},{"userProfilePk":95173854,"userGoalCategory":"MYFITNESSPAL","userGoalType":"NET_CALORIES","startDate":{"date":"Nov 17, 2021"},"endDate":{"date":"Nov 17, 2021"},"goalValue":"1853.0","updateDate":{"date":"Nov 17, 2021"},"createDate":{"date":"Nov 17, 2021"}},{"userProfilePk":95173854,"userGoalCategory":"MYFITNESSPAL","userGoalType":"NET_CALORIES","startDate":{"date":"Nov 17, 2021"},"endDate":{"date":"Nov 17, 2021"},"goalValue":"1853.0","updateDate":{"date":"Nov 17, 2021"},"createDate":{"date":"Nov 17, 2021"}},{"userProfilePk":95173854,"userGoalCategory":"MYFITNESSPAL","userGoalType":"NET_CALORIES","startDate":{"date":"Nov 17, 2021"},"endDate":{"date":"Nov 17, 2021"},"goalValue":"1853.0","updateDate":{"date":"Nov 17, 2021"},"createDate":{"date":"Nov 17, 2021"}},{"userProfilePk":95173854,"userGoalCategory":"MYFITNESSPAL","userGoalType":"NET_CALORIES","startDate":{"date":"Nov 17, 2021"},"endDate":{"date":"Nov 17, 2021"},"goalValue":"1853.0","updateDate":{"date":"Nov 17, 2021"},"createDate":{"date":"Nov 17, 2021"}},{"userProfilePk":95173854,"userGoalCategory":"MYFITNESSPAL","userGoalType":"NET_CALORIES","startDate":{"date":"Nov 17, 2021"},"endDate":{"date":"Nov 17, 2021"},"goalValue":"1853.0","updateDate":{"date":"Nov 17, 2021"},"createDate":{"date":"Nov 17, 2021"}},{"userProfilePk":95173854,"userGoalCategory":"MYFITNESSPAL","userGoalType":"NET_CALORIES","startDate":{"date":"Nov 17, 2021"},"endDate":{"date":"Nov 17, 2021"},"goalValue":"1853.0","updateDate":{"date":"Nov 17, 2021"},"createDate":{"date":"Nov 17, 2021"}},{"userProfilePk":95173854,"userGoalCategory":"MYFITNESSPAL","userGoalType":"NET_CALORIES","startDate":{"date":"Nov 18, 2021"},"endDate":{"date":"Nov 18, 2021"},"goalValue":"1853.0","updateDate":{"date":"Nov 18, 2021"},"createDate":{"date":"Nov 18, 2021"}},{"userProfilePk":95173854,"userGoalCategory":"MYFITNESSPAL","userGoalType":"NET_CALORIES","startDate":{"date":"Nov 18, 2021"},"endDate":{"date":"Nov 18, 2021"},"goalValue":"1853.0","updateDate":{"date":"Nov 18, 2021"},"createDate":{"date":"Nov 18, 2021"}},{"userProfilePk":95173854,"userGoalCategory":"MYFITNESSPAL","userGoalType":"NET_CALORIES","startDate":{"date":"Nov 18, 2021"},"endDate":{"date":"Nov 18, 2021"},"goalValue":"1853.0","updateDate":{"date":"Nov 18, 2021"},"createDate":{"date":"Nov 18, 2021"}},{"userProfilePk":95173854,"userGoalCategory":"MYFITNESSPAL","userGoalType":"NET_CALORIES","startDate":{"date":"Nov 18, 2021"},"endDate":{"date":"Nov 18, 2021"},"goalValue":"1853.0","updateDate":{"date":"Nov 18, 2021"},"createDate":{"date":"Nov 18, 2021"}},{"userProfilePk":95173854,"userGoalCategory":"MYFITNESSPAL","userGoalType":"NET_CALORIES","startDate":{"date":"Nov 18, 2021"},"endDate":{"date":"Nov 18, 2021"},"goalValue":"1853.0","updateDate":{"date":"Nov 18, 2021"},"createDate":{"date":"Nov 18, 2021"}},{"userProfilePk":95173854,"userGoalCategory":"MYFITNESSPAL","userGoalType":"NET_CALORIES","startDate":{"date":"Nov 19, 2021"},"endDate":{"date":"Nov 19, 2021"},"goalValue":"1853.0","updateDate":{"date":"Nov 19, 2021"},"createDate":{"date":"Nov 19, 2021"}},{"userProfilePk":95173854,"userGoalCategory":"MYFITNESSPAL","userGoalType":"NET_CALORIES","startDate":{"date":"Nov 21, 2021"},"endDate":{"date":"Nov 21, 2021"},"goalValue":"1853.0","updateDate":{"date":"Nov 21, 2021"},"createDate":{"date":"Nov 21, 2021"}},{"userProfilePk":95173854,"userGoalCategory":"MYFITNESSPAL","userGoalType":"NET_CALORIES","startDate":{"date":"Nov 21, 2021"},"endDate":{"date":"Nov 21, 2021"},"goalValue":"1853.0","updateDate":{"date":"Nov 21, 2021"},"createDate":{"date":"Nov 21, 2021"}},{"userProfilePk":95173854,"userGoalCategory":"MYFITNESSPAL","userGoalType":"NET_CALORIES","startDate":{"date":"Nov 22, 2021"},"endDate":{"date":"Nov 22, 2021"},"goalValue":"1853.0","updateDate":{"date":"Nov 22, 2021"},"createDate":{"date":"Nov 22, 2021"}},{"userProfilePk":95173854,"userGoalCategory":"MYFITNESSPAL","userGoalType":"NET_CALORIES","startDate":{"date":"Nov 22, 2021"},"endDate":{"date":"Nov 22, 2021"},"goalValue":"1853.0","updateDate":{"date":"Nov 22, 2021"},"createDate":{"date":"Nov 22, 2021"}},{"userProfilePk":95173854,"userGoalCategory":"MYFITNESSPAL","userGoalType":"NET_CALORIES","startDate":{"date":"Nov 23, 2021"},"endDate":{"date":"Nov 23, 2021"},"goalValue":"1853.0","updateDate":{"date":"Nov 23, 2021"},"createDate":{"date":"Nov 23, 2021"}},{"userProfilePk":95173854,"userGoalCategory":"MYFITNESSPAL","userGoalType":"NET_CALORIES","startDate":{"date":"Nov 23, 2021"},"endDate":{"date":"Nov 23, 2021"},"goalValue":"1853.0","updateDate":{"date":"Nov 23, 2021"},"createDate":{"date":"Nov 23, 2021"}},{"userProfilePk":95173854,"userGoalCategory":"MYFITNESSPAL","userGoalType":"NET_CALORIES","startDate":{"date":"Nov 23, 2021"},"endDate":{"date":"Nov 23, 2021"},"goalValue":"1853.0","updateDate":{"date":"Nov 23, 2021"},"createDate":{"date":"Nov 23, 2021"}},{"userProfilePk":95173854,"userGoalCategory":"MYFITNESSPAL","userGoalType":"NET_CALORIES","startDate":{"date":"Nov 23, 2021"},"endDate":{"date":"Nov 23, 2021"},"goalValue":"1853.0","updateDate":{"date":"Nov 23, 2021"},"createDate":{"date":"Nov 23, 2021"}},{"userProfilePk":95173854,"userGoalCategory":"MYFITNESSPAL","userGoalType":"NET_CALORIES","startDate":{"date":"Nov 24, 2021"},"endDate":{"date":"Nov 24, 2021"},"goalValue":"1853.0","updateDate":{"date":"Nov 24, 2021"},"createDate":{"date":"Nov 24, 2021"}},{"userProfilePk":95173854,"userGoalCategory":"MYFITNESSPAL","userGoalType":"NET_CALORIES","startDate":{"date":"Nov 24, 2021"},"endDate":{"date":"Nov 24, 2021"},"goalValue":"1853.0","updateDate":{"date":"Nov 24, 2021"},"createDate":{"date":"Nov 24, 2021"}},{"userProfilePk":95173854,"userGoalCategory":"MYFITNESSPAL","userGoalType":"NET_CALORIES","startDate":{"date":"Nov 24, 2021"},"endDate":{"date":"Nov 24, 2021"},"goalValue":"1853.0","updateDate":{"date":"Nov 24, 2021"},"createDate":{"date":"Nov 24, 2021"}},{"userProfilePk":95173854,"userGoalCategory":"MYFITNESSPAL","userGoalType":"NET_CALORIES","startDate":{"date":"Nov 24, 2021"},"endDate":{"date":"Nov 24, 2021"},"goalValue":"1853.0","updateDate":{"date":"Nov 24, 2021"},"createDate":{"date":"Nov 24, 2021"}},{"userProfilePk":95173854,"userGoalCategory":"MYFITNESSPAL","userGoalType":"NET_CALORIES","startDate":{"date":"Nov 24, 2021"},"endDate":{"date":"Nov 24, 2021"},"goalValue":"1853.0","updateDate":{"date":"Nov 24, 2021"},"createDate":{"date":"Nov 24, 2021"}},{"userProfilePk":95173854,"userGoalCategory":"MYFITNESSPAL","userGoalType":"NET_CALORIES","startDate":{"date":"Nov 25, 2021"},"endDate":{"date":"Nov 25, 2021"},"goalValue":"1853.0","updateDate":{"date":"Nov 25, 2021"},"createDate":{"date":"Nov 25, 2021"}},{"userProfilePk":95173854,"userGoalCategory":"MYFITNESSPAL","userGoalType":"NET_CALORIES","startDate":{"date":"Nov 25, 2021"},"endDate":{"date":"Nov 25, 2021"},"goalValue":"1853.0","updateDate":{"date":"Nov 25, 2021"},"createDate":{"date":"Nov 25, 2021"}},{"userProfilePk":95173854,"userGoalCategory":"MYFITNESSPAL","userGoalType":"NET_CALORIES","startDate":{"date":"Nov 26, 2021"},"endDate":{"date":"Nov 26, 2021"},"goalValue":"1853.0","updateDate":{"date":"Nov 26, 2021"},"createDate":{"date":"Nov 26, 2021"}},{"userProfilePk":95173854,"userGoalCategory":"MYFITNESSPAL","userGoalType":"NET_CALORIES","startDate":{"date":"Nov 26, 2021"},"endDate":{"date":"Nov 26, 2021"},"goalValue":"1853.0","updateDate":{"date":"Nov 26, 2021"},"createDate":{"date":"Nov 26, 2021"}},{"userProfilePk":95173854,"userGoalCategory":"MYFITNESSPAL","userGoalType":"NET_CALORIES","startDate":{"date":"Nov 26, 2021"},"endDate":{"date":"Nov 26, 2021"},"goalValue":"1853.0","updateDate":{"date":"Nov 26, 2021"},"createDate":{"date":"Nov 26, 2021"}},{"userProfilePk":95173854,"userGoalCategory":"MYFITNESSPAL","userGoalType":"NET_CALORIES","startDate":{"date":"Nov 28, 2021"},"endDate":{"date":"Nov 28, 2021"},"goalValue":"1853.0","updateDate":{"date":"Nov 28, 2021"},"createDate":{"date":"Nov 28, 2021"}},{"userProfilePk":95173854,"userGoalCategory":"MYFITNESSPAL","userGoalType":"NET_CALORIES","startDate":{"date":"Nov 28, 2021"},"endDate":{"date":"Nov 28, 2021"},"goalValue":"1853.0","updateDate":{"date":"Nov 28, 2021"},"createDate":{"date":"Nov 28, 2021"}},{"userProfilePk":95173854,"userGoalCategory":"MYFITNESSPAL","userGoalType":"NET_CALORIES","startDate":{"date":"Nov 29, 2021"},"endDate":{"date":"Nov 29, 2021"},"goalValue":"1853.0","updateDate":{"date":"Nov 29, 2021"},"createDate":{"date":"Nov 29, 2021"}},{"userProfilePk":95173854,"userGoalCategory":"MYFITNESSPAL","userGoalType":"NET_CALORIES","startDate":{"date":"Nov 29, 2021"},"endDate":{"date":"Nov 29, 2021"},"goalValue":"1853.0","updateDate":{"date":"Nov 29, 2021"},"createDate":{"date":"Nov 29, 2021"}},{"userProfilePk":95173854,"userGoalCategory":"MYFITNESSPAL","userGoalType":"NET_CALORIES","startDate":{"date":"Nov 29, 2021"},"endDate":{"date":"Nov 29, 2021"},"goalValue":"1853.0","updateDate":{"date":"Nov 29, 2021"},"createDate":{"date":"Nov 29, 2021"}},{"userProfilePk":95173854,"userGoalCategory":"MYFITNESSPAL","userGoalType":"NET_CALORIES","startDate":{"date":"Nov 29, 2021"},"endDate":{"date":"Nov 29, 2021"},"goalValue":"1853.0","updateDate":{"date":"Nov 29, 2021"},"createDate":{"date":"Nov 29, 2021"}},{"userProfilePk":95173854,"userGoalCategory":"MYFITNESSPAL","userGoalType":"NET_CALORIES","startDate":{"date":"Nov 29, 2021"},"endDate":{"date":"Nov 29, 2021"},"goalValue":"1853.0","updateDate":{"date":"Nov 29, 2021"},"createDate":{"date":"Nov 29, 2021"}},{"userProfilePk":95173854,"userGoalCategory":"MYFITNESSPAL","userGoalType":"NET_CALORIES","startDate":{"date":"Nov 29, 2021"},"endDate":{"date":"Nov 29, 2021"},"goalValue":"1853.0","updateDate":{"date":"Nov 29, 2021"},"createDate":{"date":"Nov 29, 2021"}},{"userProfilePk":95173854,"userGoalCategory":"MYFITNESSPAL","userGoalType":"NET_CALORIES","startDate":{"date":"Nov 30, 2021"},"endDate":{"date":"Nov 30, 2021"},"goalValue":"1853.0","updateDate":{"date":"Nov 30, 2021"},"createDate":{"date":"Nov 30, 2021"}},{"userProfilePk":95173854,"userGoalCategory":"MYFITNESSPAL","userGoalType":"NET_CALORIES","startDate":{"date":"Nov 30, 2021"},"endDate":{"date":"Nov 30, 2021"},"goalValue":"1853.0","updateDate":{"date":"Nov 30, 2021"},"createDate":{"date":"Nov 30, 2021"}},{"userProfilePk":95173854,"userGoalCategory":"MYFITNESSPAL","userGoalType":"NET_CALORIES","startDate":{"date":"Nov 30, 2021"},"endDate":{"date":"Nov 30, 2021"},"goalValue":"1853.0","updateDate":{"date":"Nov 30, 2021"},"createDate":{"date":"Nov 30, 2021"}},{"userProfilePk":95173854,"userGoalCategory":"MYFITNESSPAL","userGoalType":"NET_CALORIES","startDate":{"date":"Nov 30, 2021"},"endDate":{"date":"Nov 30, 2021"},"goalValue":"1853.0","updateDate":{"date":"Nov 30, 2021"},"createDate":{"date":"Nov 30, 2021"}},{"userProfilePk":95173854,"userGoalCategory":"MYFITNESSPAL","userGoalType":"NET_CALORIES","startDate":{"date":"Nov 30, 2021"},"endDate":{"date":"Nov 30, 2021"},"goalValue":"1853.0","updateDate":{"date":"Nov 30, 2021"},"createDate":{"date":"Nov 30, 2021"}},{"userProfilePk":95173854,"userGoalCategory":"MYFITNESSPAL","userGoalType":"NET_CALORIES","startDate":{"date":"Nov 30, 2021"},"endDate":{"date":"Nov 30, 2021"},"goalValue":"1853.0","updateDate":{"date":"Nov 30, 2021"},"createDate":{"date":"Nov 30, 2021"}},{"userProfilePk":95173854,"userGoalCategory":"MYFITNESSPAL","userGoalType":"NET_CALORIES","startDate":{"date":"Nov 30, 2021"},"endDate":{"date":"Nov 30, 2021"},"goalValue":"1853.0","updateDate":{"date":"Nov 30, 2021"},"createDate":{"date":"Nov 30, 2021"}},{"userProfilePk":95173854,"userGoalCategory":"MYFITNESSPAL","userGoalType":"NET_CALORIES","startDate":{"date":"Dec 1, 2021"},"endDate":{"date":"Dec 1, 2021"},"goalValue":"1853.0","updateDate":{"date":"Dec 1, 2021"},"createDate":{"date":"Dec 1, 2021"}},{"userProfilePk":95173854,"userGoalCategory":"MYFITNESSPAL","userGoalType":"NET_CALORIES","startDate":{"date":"Dec 1, 2021"},"endDate":{"date":"Dec 1, 2021"},"goalValue":"1853.0","updateDate":{"date":"Dec 1, 2021"},"createDate":{"date":"Dec 1, 2021"}},{"userProfilePk":95173854,"userGoalCategory":"MYFITNESSPAL","userGoalType":"NET_CALORIES","startDate":{"date":"Dec 1, 2021"},"endDate":{"date":"Dec 1, 2021"},"goalValue":"1853.0","updateDate":{"date":"Dec 1, 2021"},"createDate":{"date":"Dec 1, 2021"}},{"userProfilePk":95173854,"userGoalCategory":"MYFITNESSPAL","userGoalType":"NET_CALORIES","startDate":{"date":"Dec 2, 2021"},"endDate":{"date":"Dec 2, 2021"},"goalValue":"1853.0","updateDate":{"date":"Dec 2, 2021"},"createDate":{"date":"Dec 2, 2021"}},{"userProfilePk":95173854,"userGoalCategory":"MYFITNESSPAL","userGoalType":"NET_CALORIES","startDate":{"date":"Dec 2, 2021"},"endDate":{"date":"Dec 2, 2021"},"goalValue":"1853.0","updateDate":{"date":"Dec 2, 2021"},"createDate":{"date":"Dec 2, 2021"}},{"userProfilePk":95173854,"userGoalCategory":"MYFITNESSPAL","userGoalType":"NET_CALORIES","startDate":{"date":"Dec 3, 2021"},"endDate":{"date":"Dec 3, 2021"},"goalValue":"1853.0","updateDate":{"date":"Dec 3, 2021"},"createDate":{"date":"Dec 3, 2021"}},{"userProfilePk":95173854,"userGoalCategory":"MYFITNESSPAL","userGoalType":"NET_CALORIES","startDate":{"date":"Dec 3, 2021"},"endDate":{"date":"Dec 3, 2021"},"goalValue":"1853.0","updateDate":{"date":"Dec 3, 2021"},"createDate":{"date":"Dec 3, 2021"}}]