[{"userProfilePk":95173854,"userGoalCategory":"MYFITNESSPAL","userGoalType":"NET_CALORIES","startDate":{"date":"Dec 5, 2021"},"endDate":{"date":"Dec 5, 2021"},"goalValue":"1853.0","updateDate":{"date":"Dec 5, 2021"},"createDate":{"date":"Dec 5, 2021"}},{"userProfilePk":95173854,"userGoalCategory":"MYFITNESSPAL","userGoalType":"NET_CALORIES","startDate":{"date":"Dec 5, 2021"},"endDate":{"date":"Dec 5, 2021"},"goalValue":"1853.0","updateDate":{"date":"Dec 5, 2021"},"createDate":{"date":"Dec 5, 2021"}},{"userProfilePk":95173854,"userGoalCategory":"MYFITNESSPAL","userGoalType":"NET_CALORIES","startDate":{"date":"Dec 5, 2021"},"endDate":{"date":"Dec 5, 2021"},"goalValue":"1853.0","updateDate":{"date":"Dec 5, 2021"},"createDate":{"date":"Dec 5, 2021"}},{"userProfilePk":95173854,"userGoalCategory":"MYFITNESSPAL","userGoalType":"NET_CALORIES","startDate":{"date":"Dec 6, 2021"},"endDate":{"date":"Dec 6, 2021"},"goalValue":"1853.0","updateDate":{"date":"Dec 6, 2021"},"createDate":{"date":"Dec 6, 2021"}},{"userProfilePk":95173854,"userGoalCategory":"MYFITNESSPAL","userGoalType":"NET_CALORIES","startDate":{"date":"Dec 6, 2021"},"endDate":{"date":"Dec 6, 2021"},"goalValue":"1853.0","updateDate":{"date":"Dec 6, 2021"},"createDate":{"date":"Dec 6, 2021"}},{"userProfilePk":95173854,"userGoalCategory":"MYFITNESSPAL","userGoalType":"NET_CALORIES","startDate":{"date":"Dec 6, 2021"},"endDate":{"date":"Dec 6, 2021"},"goalValue":"1853.0","updateDate":{"date":"Dec 6, 2021"},"createDate":{"date":"Dec 6, 2021"}},{"userProfilePk":95173854,"userGoalCategory":"MYFITNESSPAL","userGoalType":"NET_CALORIES","startDate":{"date":"Dec 6, 2021"},"endDate":{"date":"Dec 6, 2021"},"goalValue":"1853.0","updateDate":{"date":"Dec 6, 2021"},"createDate":{"date":"Dec 6, 2021"}},{"userProfilePk":95173854,"userGoalCategory":"MYFITNESSPAL","userGoalType":"NET_CALORIES","startDate":{"date":"Dec 6, 2021"},"endDate":{"date":"Dec 6, 2021"},"goalValue":"1853.0","updateDate":{"date":"Dec 6, 2021"},"createDate":{"date":"Dec 6, 2021"}},{"userProfilePk":95173854,"userGoalCategory":"MYFITNESSPAL","userGoalType":"NET_CALORIES","startDate":{"date":"Dec 7, 2021"},"endDate":{"date":"Dec 7, 2021"},"goalValue":"1853.0","updateDate":{"date":"Dec 7, 2021"},"createDate":{"date":"Dec 7, 2021"}},{"userProfilePk":95173854,"userGoalCategory":"MYFITNESSPAL","userGoalType":"NET_CALORIES","startDate":{"date":"Dec 7, 2021"},"endDate":{"date":"Dec 7, 2021"},"goalValue":"1853.0","updateDate":{"date":"Dec 7, 2021"},"createDate":{"date":"Dec 7, 2021"}},{"userProfilePk":95173854,"userGoalCategory":"MYFITNESSPAL","userGoalType":"NET_CALORIES","startDate":{"date":"Dec 7, 2021"},"endDate":{"date":"Dec 7, 2021"},"goalValue":"1853.0","updateDate":{"date":"Dec 7, 2021"},"createDate":{"date":"Dec 7, 2021"}},{"userProfilePk":95173854,"userGoalCategory":"MYFITNESSPAL","userGoalType":"NET_CALORIES","startDate":{"date":"Dec 8, 2021"},"endDate":{"date":"Dec 8, 2021"},"goalValue":"1853.0","updateDate":{"date":"Dec 8, 2021"},"createDate":{"date":"Dec 8, 2021"}},{"userProfilePk":95173854,"userGoalCategory":"MYFITNESSPAL","userGoalType":"NET_CALORIES","startDate":{"date":"Dec 8, 2021"},"endDate":{"date":"Dec 8, 2021"},"goalValue":"1853.0","updateDate":{"date":"Dec 8, 2021"},"createDate":{"date":"Dec 8, 2021"}},{"userProfilePk":95173854,"userGoalCategory":"MYFITNESSPAL","userGoalType":"NET_CALORIES","startDate":{"date":"Dec 9, 2021"},"endDate":{"date":"Dec 9, 2021"},"goalValue":"1853.0","updateDate":{"date":"Dec 9, 2021"},"createDate":{"date":"Dec 9, 2021"}},{"userProfilePk":95173854,"userGoalCategory":"MYFITNESSPAL","userGoalType":"NET_CALORIES","startDate":{"date":"Dec 9, 2021"},"endDate":{"date":"Dec 9, 2021"},"goalValue":"1853.0","updateDate":{"date":"Dec 9, 2021"},"createDate":{"date":"Dec 9, 2021"}},{"userProfilePk":95173854,"userGoalCategory":"MYFITNESSPAL","userGoalType":"NET_CALORIES","startDate":{"date":"Dec 9, 2021"},"endDate":{"date":"Dec 9, 2021"},"goalValue":"1853.0","updateDate":{"date":"Dec 9, 2021"},"createDate":{"date":"Dec 9, 2021"}},{"userProfilePk":95173854,"userGoalCategory":"MYFITNESSPAL","userGoalType":"NET_CALORIES","startDate":{"date":"Dec 9, 2021"},"endDate":{"date":"Dec 9, 2021"},"goalValue":"1853.0","updateDate":{"date":"Dec 9, 2021"},"createDate":{"date":"Dec 9, 2021"}},{"userProfilePk":95173854,"userGoalCategory":"MYFITNESSPAL","userGoalType":"NET_CALORIES","startDate":{"date":"Dec 9, 2021"},"endDate":{"date":"Dec 9, 2021"},"goalValue":"1853.0","updateDate":{"date":"Dec 9, 2021"},"createDate":{"date":"Dec 9, 2021"}},{"userProfilePk":95173854,"userGoalCategory":"MYFITNESSPAL","userGoalType":"NET_CALORIES","startDate":{"date":"Dec 9, 2021"},"endDate":{"date":"Dec 9, 2021"},"goalValue":"1853.0","updateDate":{"date":"Dec 9, 2021"},"createDate":{"date":"Dec 9, 2021"}},{"userProfilePk":95173854,"userGoalCategory":"MYFITNESSPAL","userGoalType":"NET_CALORIES","startDate":{"date":"Dec 10, 2021"},"endDate":{"date":"Dec 10, 2021"},"goalValue":"1853.0","updateDate":{"date":"Dec 10, 2021"},"createDate":{"date":"Dec 10, 2021"}},{"userProfilePk":95173854,"userGoalCategory":"MYFITNESSPAL","userGoalType":"NET_CALORIES","startDate":{"date":"Dec 10, 2021"},"endDate":{"date":"Dec 10, 2021"},"goalValue":"1853.0","updateDate":{"date":"Dec 10, 2021"},"createDate":{"date":"Dec 10, 2021"}},{"userProfilePk":95173854,"userGoalCategory":"MYFITNESSPAL","userGoalType":"NET_CALORIES","startDate":{"date":"Dec 10, 2021"},"endDate":{"date":"Dec 10, 2021"},"goalValue":"1853.0","updateDate":{"date":"Dec 10, 2021"},"createDate":{"date":"Dec 10, 2021"}},{"userProfilePk":95173854,"userGoalCategory":"MYFITNESSPAL","userGoalType":"NET_CALORIES","startDate":{"date":"Dec 11, 2021"},"endDate":{"date":"Dec 11, 2021"},"goalValue":"1853.0","updateDate":{"date":"Dec 11, 2021"},"createDate":{"date":"Dec 11, 2021"}},{"userProfilePk":95173854,"userGoalCategory":"MYFITNESSPAL","userGoalType":"NET_CALORIES","startDate":{"date":"Jan 31, 2022"},"endDate":{"date":"Jan 31, 2022"},"goalValue":"1853.0","updateDate":{"date":"Jan 31, 2022"},"createDate":{"date":"Jan 31, 2022"}},{"userProfilePk":95173854,"userGoalCategory":"MYFITNESSPAL","userGoalType":"NET_CALORIES","startDate":{"date":"Jan 31, 2022"},"endDate":{"date":"Jan 31, 2022"},"goalValue":"1853.0","updateDate":{"date":"Jan 31, 2022"},"createDate":{"date":"Jan 31, 2022"}},{"userProfilePk":95173854,"userGoalCategory":"MYFITNESSPAL","userGoalType":"NET_CALORIES","startDate":{"date":"Jan 31, 2022"},"endDate":{"date":"Jan 31, 2022"},"goalValue":"1853.0","updateDate":{"date":"Jan 31, 2022"},"createDate":{"date":"Jan 31, 2022"}},{"userProfilePk":95173854,"userGoalCategory":"MYFITNESSPAL","userGoalType":"NET_CALORIES","startDate":{"date":"Jan 31, 2022"},"endDate":{"date":"Jan 31, 2022"},"goalValue":"1853.0","updateDate":{"date":"Jan 31, 2022"},"createDate":{"date":"Jan 31, 2022"}},{"userProfilePk":95173854,"userGoalCategory":"MYFITNESSPAL","userGoalType":"NET_CALORIES","startDate":{"date":"Jan 31, 2022"},"endDate":{"date":"Jan 31, 2022"},"goalValue":"1853.0","updateDate":{"date":"Jan 31, 2022"},"createDate":{"date":"Jan 31, 2022"}},{"userProfilePk":95173854,"userGoalCategory":"MYFITNESSPAL","userGoalType":"NET_CALORIES","startDate":{"date":"Jan 31, 2022"},"endDate":{"date":"Jan 31, 2022"},"goalValue":"1853.0","updateDate":{"date":"Jan 31, 2022"},"createDate":{"date":"Jan 31, 2022"}},{"userProfilePk":95173854,"userGoalCategory":"MYFITNESSPAL","userGoalType":"NET_CALORIES","startDate":{"date":"Jan 31, 2022"},"endDate":{"date":"Jan 31, 2022"},"goalValue":"1853.0","updateDate":{"date":"Jan 31, 2022"},"createDate":{"date":"Jan 31, 2022"}},{"userProfilePk":95173854,"userGoalCategory":"MYFITNESSPAL","userGoalType":"NET_CALORIES","startDate":{"date":"Feb 1, 2022"},"endDate":{"date":"Feb 1, 2022"},"goalValue":"1853.0","updateDate":{"date":"Feb 1, 2022"},"createDate":{"date":"Feb 1, 2022"}},{"userProfilePk":95173854,"userGoalCategory":"MYFITNESSPAL","userGoalType":"NET_CALORIES","startDate":{"date":"Feb 1, 2022"},"endDate":{"date":"Feb 1, 2022"},"goalValue":"1853.0","updateDate":{"date":"Feb 1, 2022"},"createDate":{"date":"Feb 1, 2022"}},{"userProfilePk":95173854,"userGoalCategory":"MYFITNESSPAL","userGoalType":"NET_CALORIES","startDate":{"date":"Feb 1, 2022"},"endDate":{"date":"Feb 1, 2022"},"goalValue":"1853.0","updateDate":{"date":"Feb 1, 2022"},"createDate":{"date":"Feb 1, 2022"}},{"userProfilePk":95173854,"userGoalCategory":"MYFITNESSPAL","userGoalType":"NET_CALORIES","startDate":{"date":"Feb 1, 2022"},"endDate":{"date":"Feb 1, 2022"},"goalValue":"1853.0","updateDate":{"date":"Feb 1, 2022"},"createDate":{"date":"Feb 1, 2022"}},{"userProfilePk":95173854,"userGoalCategory":"MYFITNESSPAL","userGoalType":"NET_CALORIES","startDate":{"date":"Feb 1, 2022"},"endDate":{"date":"Feb 1, 2022"},"goalValue":"1853.0","updateDate":{"date":"Feb 1, 2022"},"createDate":{"date":"Feb 1, 2022"}},{"userProfilePk":95173854,"userGoalCategory":"MYFITNESSPAL","userGoalType":"NET_CALORIES","startDate":{"date":"Feb 6, 2022"},"endDate":{"date":"Feb 6, 2022"},"goalValue":"1853.0","updateDate":{"date":"Feb 6, 2022"},"createDate":{"date":"Feb 6, 2022"}},{"userProfilePk":95173854,"userGoalCategory":"MYFITNESSPAL","userGoalType":"NET_CALORIES","startDate":{"date":"Feb 6, 2022"},"endDate":{"date":"Feb 6, 2022"},"goalValue":"1853.0","updateDate":{"date":"Feb 6, 2022"},"createDate":{"date":"Feb 6, 2022"}},{"userProfilePk":95173854,"userGoalCategory":"MYFITNESSPAL","userGoalType":"NET_CALORIES","startDate":{"date":"Feb 6, 2022"},"endDate":{"date":"Feb 6, 2022"},"goalValue":"1853.0","updateDate":{"date":"Feb 6, 2022"},"createDate":{"date":"Feb 6, 2022"}},{"userProfilePk":95173854,"userGoalCategory":"MYFITNESSPAL","userGoalType":"NET_CALORIES","startDate":{"date":"Feb 6, 2022"},"endDate":{"date":"Feb 6, 2022"},"goalValue":"1853.0","updateDate":{"date":"Feb 6, 2022"},"createDate":{"date":"Feb 6, 2022"}},{"userProfilePk":95173854,"userGoalCategory":"MYFITNESSPAL","userGoalType":"NET_CALORIES","startDate":{"date":"Feb 14, 2022"},"endDate":{"date":"Feb 14, 2022"},"goalValue":"1853.0","updateDate":{"date":"Feb 14, 2022"},"createDate":{"date":"Feb 14, 2022"}},{"userProfilePk":95173854,"userGoalCategory":"MYFITNESSPAL","userGoalType":"NET_CALORIES","startDate":{"date":"Feb 14, 2022"},"endDate":{"date":"Feb 14, 2022"},"goalValue":"1853.0","updateDate":{"date":"Feb 14, 2022"},"createDate":{"date":"Feb 14, 2022"}},{"userProfilePk":95173854,"userGoalCategory":"MYFITNESSPAL","userGoalType":"NET_CALORIES","startDate":{"date":"Feb 14, 2022"},"endDate":{"date":"Feb 14, 2022"},"goalValue":"1853.0","updateDate":{"date":"Feb 14, 2022"},"createDate":{"date":"Feb 14, 2022"}},{"userProfilePk":95173854,"userGoalCategory":"MYFITNESSPAL","userGoalType":"NET_CALORIES","startDate":{"date":"Feb 14, 2022"},"endDate":{"date":"Feb 14, 2022"},"goalValue":"1853.0","updateDate":{"date":"Feb 14, 2022"},"createDate":{"date":"Feb 14, 2022"}},{"userProfilePk":95173854,"userGoalCategory":"MYFITNESSPAL","userGoalType":"NET_CALORIES","startDate":{"date":"Feb 14, 2022"},"endDate":{"date":"Feb 14, 2022"},"goalValue":"1853.0","updateDate":{"date":"Feb 14, 2022"},"createDate":{"date":"Feb 14, 2022"}},{"userProfilePk":95173854,"userGoalCategory":"MYFITNESSPAL","userGoalType":"NET_CALORIES","startDate":{"date":"Feb 14, 2022"},"endDate":{"date":"Feb 14, 2022"},"goalValue":"1853.0","updateDate":{"date":"Feb 14, 2022"},"createDate":{"date":"Feb 14, 2022"}},{"userProfilePk":95173854,"userGoalCategory":"MYFITNESSPAL","userGoalType":"NET_CALORIES","startDate":{"date":"Feb 14, 2022"},"endDate":{"date":"Feb 14, 2022"},"goalValue":"1853.0","updateDate":{"date":"Feb 14, 2022"},"createDate":{"date":"Feb 14, 2022"}},{"userProfilePk":95173854,"userGoalCategory":"MYFITNESSPAL","userGoalType":"NET_CALORIES","startDate":{"date":"Feb 14, 2022"},"endDate":{"date":"Feb 14, 2022"},"goalValue":"1853.0","updateDate":{"date":"Feb 14, 2022"},"createDate":{"date":"Feb 14, 2022"}},{"userProfilePk":95173854,"userGoalCategory":"MYFITNESSPAL","userGoalType":"NET_CALORIES","startDate":{"date":"Feb 14, 2022"},"endDate":{"date":"Feb 14, 2022"},"goalValue":"1853.0","updateDate":{"date":"Feb 14, 2022"},"createDate":{"date":"Feb 14, 2022"}},{"userProfilePk":95173854,"userGoalCategory":"MYFITNESSPAL","userGoalType":"NET_CALORIES","startDate":{"date":"Feb 14, 2022"},"endDate":{"date":"Feb 14, 2022"},"goalValue":"1853.0","updateDate":{"date":"Feb 14, 2022"},"createDate":{"date":"Feb 14, 2022"}},{"userProfilePk":95173854,"userGoalCategory":"MYFITNESSPAL","userGoalType":"NET_CALORIES","startDate":{"date":"Feb 14, 2022"},"endDate":{"date":"Feb 14, 2022"},"goalValue":"1853.0","updateDate":{"date":"Feb 14, 2022"},"createDate":{"date":"Feb 14, 2022"}},{"userProfilePk":95173854,"userGoalCategory":"MYFITNESSPAL","userGoalType":"NET_CALORIES","startDate":{"date":"Feb 15, 2022"},"endDate":{"date":"Feb 15, 2022"},"goalValue":"1853.0","updateDate":{"date":"Feb 15, 2022"},"createDate":{"date":"Feb 15, 2022"}},{"userProfilePk":95173854,"userGoalCategory":"MYFITNESSPAL","userGoalType":"NET_CALORIES","startDate":{"date":"Feb 15, 2022"},"endDate":{"date":"Feb 15, 2022"},"goalValue":"1853.0","updateDate":{"date":"Feb 15, 2022"},"createDate":{"date":"Feb 15, 2022"}},{"userProfilePk":95173854,"userGoalCategory":"MYFITNESSPAL","userGoalType":"NET_CALORIES","startDate":{"date":"Feb 15, 2022"},"endDate":{"date":"Feb 15, 2022"},"goalValue":"1853.0","updateDate":{"date":"Feb 15, 2022"},"createDate":{"date":"Feb 15, 2022"}},{"userProfilePk":95173854,"userGoalCategory":"MYFITNESSPAL","userGoalType":"NET_CALORIES","startDate":{"date":"Feb 15, 2022"},"endDate":{"date":"Feb 15, 2022"},"goalValue":"1853.0","updateDate":{"date":"Feb 15, 2022"},"createDate":{"date":"Feb 15, 2022"}},{"userProfilePk":95173854,"userGoalCategory":"MYFITNESSPAL","userGoalType":"NET_CALORIES","startDate":{"date":"Feb 15, 2022"},"endDate":{"date":"Feb 15, 2022"},"goalValue":"1853.0","updateDate":{"date":"Feb 15, 2022"},"createDate":{"date":"Feb 15, 2022"}},{"userProfilePk":95173854,"userGoalCategory":"MYFITNESSPAL","userGoalType":"NET_CALORIES","startDate":{"date":"Feb 15, 2022"},"endDate":{"date":"Feb 15, 2022"},"goalValue":"1853.0","updateDate":{"date":"Feb 15, 2022"},"createDate":{"date":"Feb 15, 2022"}},{"userProfilePk":95173854,"userGoalCategory":"MYFITNESSPAL","userGoalType":"NET_CALORIES","startDate":{"date":"Feb 15, 2022"},"endDate":{"date":"Feb 15, 2022"},"goalValue":"1753.0","updateDate":{"date":"Feb 15, 2022"},"createDate":{"date":"Feb 15, 2022"}},{"userProfilePk":95173854,"userGoalCategory":"MYFITNESSPAL","userGoalType":"NET_CALORIES","startDate":{"date":"Feb 15, 2022"},"endDate":{"date":"Feb 15, 2022"},"goalValue":"1753.0","updateDate":{"date":"Feb 15, 2022"},"createDate":{"date":"Feb 15, 2022"}},{"userProfilePk":95173854,"userGoalCategory":"MYFITNESSPAL","userGoalType":"NET_CALORIES","startDate":{"date":"Feb 15, 2022"},"endDate":{"date":"Feb 15, 2022"},"goalValue":"1753.0","updateDate":{"date":"Feb 15, 2022"},"createDate":{"date":"Feb 15, 2022"}},{"userProfilePk":95173854,"userGoalCategory":"MYFITNESSPAL","userGoalType":"NET_CALORIES","startDate":{"date":"Feb 15, 2022"},"endDate":{"date":"Feb 15, 2022"},"goalValue":"1753.0","updateDate":{"date":"Feb 15, 2022"},"createDate":{"date":"Feb 15, 2022"}},{"userProfilePk":95173854,"userGoalCategory":"MYFITNESSPAL","userGoalType":"NET_CALORIES","startDate":{"date":"Feb 15, 2022"},"endDate":{"date":"Feb 15, 2022"},"goalValue":"1753.0","updateDate":{"date":"Feb 15, 2022"},"createDate":{"date":"Feb 15, 2022"}},{"userProfilePk":95173854,"userGoalCategory":"MYFITNESSPAL","userGoalType":"NET_CALORIES","startDate":{"date":"Feb 15, 2022"},"endDate":{"date":"Feb 15, 2022"},"goalValue":"1753.0","updateDate":{"date":"Feb 15, 2022"},"createDate":{"date":"Feb 15, 2022"}},{"userProfilePk":95173854,"userGoalCategory":"MYFITNESSPAL","userGoalType":"NET_CALORIES","startDate":{"date":"Feb 15, 2022"},"endDate":{"date":"Feb 15, 2022"},"goalValue":"1753.0","updateDate":{"date":"Feb 15, 2022"},"createDate":{"date":"Feb 15, 2022"}},{"userProfilePk":95173854,"userGoalCategory":"MYFITNESSPAL","userGoalType":"NET_CALORIES","startDate":{"date":"Feb 15, 2022"},"endDate":{"date":"Feb 15, 2022"},"goalValue":"1753.0","updateDate":{"date":"Feb 15, 2022"},"createDate":{"date":"Feb 15, 2022"}},{"userProfilePk":95173854,"userGoalCategory":"MYFITNESSPAL","userGoalType":"NET_CALORIES","startDate":{"date":"Feb 15, 2022"},"endDate":{"date":"Feb 15, 2022"},"goalValue":"1753.0","updateDate":{"date":"Feb 15, 2022"},"createDate":{"date":"Feb 15, 2022"}},{"userProfilePk":95173854,"userGoalCategory":"MYFITNESSPAL","userGoalType":"NET_CALORIES","startDate":{"date":"Feb 16, 2022"},"endDate":{"date":"Feb 16, 2022"},"goalValue":"1753.0","updateDate":{"date":"Feb 16, 2022"},"createDate":{"date":"Feb 16, 2022"}},{"userProfilePk":95173854,"userGoalCategory":"MYFITNESSPAL","userGoalType":"NET_CALORIES","startDate":{"date":"Feb 16, 2022"},"endDate":{"date":"Feb 16, 2022"},"goalValue":"1753.0","updateDate":{"date":"Feb 16, 2022"},"createDate":{"date":"Feb 16, 2022"}},{"userProfilePk":95173854,"userGoalCategory":"MYFITNESSPAL","userGoalType":"NET_CALORIES","startDate":{"date":"Feb 16, 2022"},"endDate":{"date":"Feb 16, 2022"},"goalValue":"1753.0","updateDate":{"date":"Feb 16, 2022"},"createDate":{"date":"Feb 16, 2022"}},{"userProfilePk":95173854,"userGoalCategory":"MYFITNESSPAL","userGoalType":"NET_CALORIES","startDate":{"date":"Feb 16, 2022"},"endDate":{"date":"Feb 16, 2022"},"goalValue":"1753.0","updateDate":{"date":"Feb 16, 2022"},"createDate":{"date":"Feb 16, 2022"}},{"userProfilePk":95173854,"userGoalCategory":"MYFITNESSPAL","userGoalType":"NET_CALORIES","startDate":{"date":"Feb 16, 2022"},"endDate":{"date":"Feb 16, 2022"},"goalValue":"1753.0","updateDate":{"date":"Feb 16, 2022"},"createDate":{"date":"Feb 16, 2022"}},{"userProfilePk":95173854,"userGoalCategory":"MYFITNESSPAL","userGoalType":"NET_CALORIES","startDate":{"date":"Feb 16, 2022"},"endDate":{"date":"Feb 16, 2022"},"goalValue":"1753.0","updateDate":{"date":"Feb 16, 2022"},"createDate":{"date":"Feb 16, 2022"}},{"userProfilePk":95173854,"userGoalCategory":"MYFITNESSPAL","userGoalType":"NET_CALORIES","startDate":{"date":"Feb 16, 2022"},"endDate":{"date":"Feb 16, 2022"},"goalValue":"1753.0","updateDate":{"date":"Feb 16, 2022"},"createDate":{"date":"Feb 16, 2022"}},{"userProfilePk":95173854,"userGoalCategory":"MYFITNESSPAL","userGoalType":"NET_CALORIES","startDate":{"date":"Feb 16, 2022"},"endDate":{"date":"Feb 16, 2022"},"goalValue":"1753.0","updateDate":{"date":"Feb 16, 2022"},"createDate":{"date":"Feb 16, 2022"}},{"userProfilePk":95173854,"userGoalCategory":"MYFITNESSPAL","userGoalType":"NET_CALORIES","startDate":{"date":"Feb 16, 2022"},"endDate":{"date":"Feb 16, 2022"},"goalValue":"1753.0","updateDate":{"date":"Feb 16, 2022"},"createDate":{"date":"Feb 16, 2022"}},{"userProfilePk":95173854,"userGoalCategory":"MYFITNESSPAL","userGoalType":"NET_CALORIES","startDate":{"date":"Feb 16, 2022"},"endDate":{"date":"Feb 16, 2022"},"goalValue":"1753.0","updateDate":{"date":"Feb 16, 2022"},"createDate":{"date":"Feb 16, 2022"}},{"userProfilePk":95173854,"userGoalCategory":"MYFITNESSPAL","userGoalType":"NET_CALORIES","startDate":{"date":"Feb 16, 2022"},"endDate":{"date":"Feb 16, 2022"},"goalValue":"1753.0","updateDate":{"date":"Feb 16, 2022"},"createDate":{"date":"Feb 16, 2022"}},{"userProfilePk":95173854,"userGoalCategory":"MYFITNESSPAL","userGoalType":"NET_CALORIES","startDate":{"date":"Feb 16, 2022"},"endDate":{"date":"Feb 16, 2022"},"goalValue":"1753.0","updateDate":{"date":"Feb 16, 2022"},"createDate":{"date":"Feb 16, 2022"}},{"userProfilePk":95173854,"userGoalCategory":"MYFITNESSPAL","userGoalType":"NET_CALORIES","startDate":{"date":"Feb 17, 2022"},"endDate":{"date":"Feb 17, 2022"},"goalValue":"1753.0","updateDate":{"date":"Feb 17, 2022"},"createDate":{"date":"Feb 17, 2022"}},{"userProfilePk":95173854,"userGoalCategory":"MYFITNESSPAL","userGoalType":"NET_CALORIES","startDate":{"date":"Feb 17, 2022"},"endDate":{"date":"Feb 17, 2022"},"goalValue":"1753.0","updateDate":{"date":"Feb 17, 2022"},"createDate":{"date":"Feb 17, 2022"}},{"userProfilePk":95173854,"userGoalCategory":"MYFITNESSPAL","userGoalType":"NET_CALORIES","startDate":{"date":"Feb 17, 2022"},"endDate":{"date":"Feb 17, 2022"},"goalValue":"1753.0","updateDate":{"date":"Feb 17, 2022"},"createDate":{"date":"Feb 17, 2022"}},{"userProfilePk":95173854,"userGoalCategory":"MYFITNESSPAL","userGoalType":"NET_CALORIES","startDate":{"date":"Feb 17, 2022"},"endDate":{"date":"Feb 17, 2022"},"goalValue":"1753.0","updateDate":{"date":"Feb 17, 2022"},"createDate":{"date":"Feb 17, 2022"}},{"userProfilePk":95173854,"userGoalCategory":"MYFITNESSPAL","userGoalType":"NET_CALORIES","startDate":{"date":"Feb 17, 2022"},"endDate":{"date":"Feb 17, 2022"},"goalValue":"1753.0","updateDate":{"date":"Feb 17, 2022"},"createDate":{"date":"Feb 17, 2022"}},{"userProfilePk":95173854,"userGoalCategory":"MYFITNESSPAL","userGoalType":"NET_CALORIES","startDate":{"date":"Feb 17, 2022"},"endDate":{"date":"Feb 17, 2022"},"goalValue":"1753.0","updateDate":{"date":"Feb 17, 2022"},"createDate":{"date":"Feb 17, 2022"}},{"userProfilePk":95173854,"userGoalCategory":"MYFITNESSPAL","userGoalType":"NET_CALORIES","startDate":{"date":"Feb 17, 2022"},"endDate":{"date":"Feb 17, 2022"},"goalValue":"1753.0","updateDate":{"date":"Feb 17, 2022"},"createDate":{"date":"Feb 17, 2022"}},{"userProfilePk":95173854,"userGoalCategory":"MYFITNESSPAL","userGoalType":"NET_CALORIES","startDate":{"date":"Feb 17, 2022"},"endDate":{"date":"Feb 17, 2022"},"goalValue":"1753.0","updateDate":{"date":"Feb 17, 2022"},"createDate":{"date":"Feb 17, 2022"}},{"userProfilePk":95173854,"userGoalCategory":"MYFITNESSPAL","userGoalType":"NET_CALORIES","startDate":{"date":"Feb 17, 2022"},"endDate":{"date":"Feb 17, 2022"},"goalValue":"1753.0","updateDate":{"date":"Feb 17, 2022"},"createDate":{"date":"Feb 17, 2022"}},{"userProfilePk":95173854,"userGoalCategory":"MYFITNESSPAL","userGoalType":"NET_CALORIES","startDate":{"date":"Feb 17, 2022"},"endDate":{"date":"Feb 17, 2022"},"goalValue":"1753.0","updateDate":{"date":"Feb 17, 2022"},"createDate":{"date":"Feb 17, 2022"}},{"userProfilePk":95173854,"userGoalCategory":"MYFITNESSPAL","userGoalType":"NET_CALORIES","startDate":{"date":"Feb 17, 2022"},"endDate":{"date":"Feb 17, 2022"},"goalValue":"1753.0","updateDate":{"date":"Feb 17, 2022"},"createDate":{"date":"Feb 17, 2022"}},{"userProfilePk":95173854,"userGoalCategory":"MYFITNESSPAL","userGoalType":"NET_CALORIES","startDate":{"date":"Feb 17, 2022"},"endDate":{"date":"Feb 17, 2022"},"goalValue":"1753.0","updateDate":{"date":"Feb 17, 2022"},"createDate":{"date":"Feb 17, 2022"}},{"userProfilePk":95173854,"userGoalCategory":"MYFITNESSPAL","userGoalType":"NET_CALORIES","startDate":{"date":"Feb 17, 2022"},"endDate":{"date":"Feb 17, 2022"},"goalValue":"1753.0","updateDate":{"date":"Feb 17, 2022"},"createDate":{"date":"Feb 17, 2022"}},{"userProfilePk":95173854,"userGoalCategory":"MYFITNESSPAL","userGoalType":"NET_CALORIES","startDate":{"date":"Feb 18, 2022"},"endDate":{"date":"Feb 18, 2022"},"goalValue":"1753.0","updateDate":{"date":"Feb 18, 2022"},"createDate":{"date":"Feb 18, 2022"}},{"userProfilePk":95173854,"userGoalCategory":"MYFITNESSPAL","userGoalType":"NET_CALORIES","startDate":{"date":"Feb 18, 2022"},"endDate":{"date":"Feb 18, 2022"},"goalValue":"1753.0","updateDate":{"date":"Feb 18, 2022"},"createDate":{"date":"Feb 18, 2022"}},{"userProfilePk":95173854,"userGoalCategory":"MYFITNESSPAL","userGoalType":"NET_CALORIES","startDate":{"date":"Feb 18, 2022"},"endDate":{"date":"Feb 18, 2022"},"goalValue":"1753.0","updateDate":{"date":"Feb 18, 2022"},"createDate":{"date":"Feb 18, 2022"}},{"userProfilePk":95173854,"userGoalCategory":"MYFITNESSPAL","userGoalType":"NET_CALORIES","startDate":{"date":"Feb 18, 2022"},"endDate":{"date":"Feb 18, 2022"},"goalValue":"1753.0","updateDate":{"date":"Feb 18, 2022"},"createDate":{"date":"Feb 18, 2022"}},{"userProfilePk":95173854,"userGoalCategory":"MYFITNESSPAL","userGoalType":"NET_CALORIES","startDate":{"date":"Feb 18, 2022"},"endDate":{"date":"Feb 18, 2022"},"goalValue":"1753.0","updateDate":{"date":"Feb 18, 2022"},"createDate":{"date":"Feb 18, 2022"}},{"userProfilePk":95173854,"userGoalCategory":"MYFITNESSPAL","userGoalType":"NET_CALORIES","startDate":{"date":"Feb 18, 2022"},"endDate":{"date":"Feb 18, 2022"},"goalValue":"1753.0","updateDate":{"date":"Feb 18, 2022"},"createDate":{"date":"Feb 18, 2022"}},{"userProfilePk":95173854,"userGoalCategory":"MYFITNESSPAL","userGoalType":"NET_CALORIES","startDate":{"date":"Feb 18, 2022"},"endDate":{"date":"Feb 18, 2022"},"goalValue":"1753.0","updateDate":{"date":"Feb 18, 2022"},"createDate":{"date":"Feb 18, 2022"}},{"userProfilePk":95173854,"userGoalCategory":"MYFITNESSPAL","userGoalType":"NET_CALORIES","startDate":{"date":"Feb 18, 2022"},"endDate":{"date":"Feb 18, 2022"},"goalValue":"1753.0","updateDate":{"date":"Feb 18, 2022"},"createDate":{"date":"Feb 18, 2022"}},{"userProfilePk":95173854,"userGoalCategory":"MYFITNESSPAL","userGoalType":"NET_CALORIES","startDate":{"date":"Feb 18, 2022"},"endDate":{"date":"Feb 18, 2022"},"goalValue":"1753.0","updateDate":{"date":"Feb 18, 2022"},"createDate":{"date":"Feb 18, 2022"}},{"userProfilePk":95173854,"userGoalCategory":"MYFITNESSPAL","userGoalType":"NET_CALORIES","startDate":{"date":"Feb 19, 2022"},"endDate":{"date":"Feb 19, 2022"},"goalValue":"1753.0","updateDate":{"date":"Feb 19, 2022"},"createDate":{"date":"Feb 19, 2022"}},{"userProfilePk":95173854,"userGoalCategory":"MYFITNESSPAL","userGoalType":"NET_CALORIES","startDate":{"date":"Feb 19, 2022"},"endDate":{"date":"Feb 19, 2022"},"goalValue":"1753.0","updateDate":{"date":"Feb 19, 2022"},"createDate":{"date":"Feb 19, 2022"}},{"userProfilePk":95173854,"userGoalCategory":"MYFITNESSPAL","userGoalType":"NET_CALORIES","startDate":{"date":"Feb 19, 2022"},"endDate":{"date":"Feb 19, 2022"},"goalValue":"1753.0","updateDate":{"date":"Feb 19, 2022"},"createDate":{"date":"Feb 19, 2022"}},{"userProfilePk":95173854,"userGoalCategory":"MYFITNESSPAL","userGoalType":"NET_CALORIES","startDate":{"date":"Feb 19, 2022"},"endDate":{"date":"Feb 19, 2022"},"goalValue":"1753.0","updateDate":{"date":"Feb 19, 2022"},"createDate":{"date":"Feb 19, 2022"}},{"userProfilePk":95173854,"userGoalCategory":"MYFITNESSPAL","userGoalType":"NET_CALORIES","startDate":{"date":"Feb 19, 2022"},"endDate":{"date":"Feb 19, 2022"},"goalValue":"1753.0","updateDate":{"date":"Feb 19, 2022"},"createDate":{"date":"Feb 19, 2022"}},{"userProfilePk":95173854,"userGoalCategory":"MYFITNESSPAL","userGoalType":"NET_CALORIES","startDate":{"date":"Feb 19, 2022"},"endDate":{"date":"Feb 19, 2022"},"goalValue":"1753.0","updateDate":{"date":"Feb 19, 2022"},"createDate":{"date":"Feb 19, 2022"}},{"userProfilePk":95173854,"userGoalCategory":"MYFITNESSPAL","userGoalType":"NET_CALORIES","startDate":{"date":"Feb 19, 2022"},"endDate":{"date":"Feb 19, 2022"},"goalValue":"1753.0","updateDate":{"date":"Feb 19, 2022"},"createDate":{"date":"Feb 19, 2022"}},{"userProfilePk":95173854,"userGoalCategory":"MYFITNESSPAL","userGoalType":"NET_CALORIES","startDate":{"date":"Feb 19, 2022"},"endDate":{"date":"Feb 19, 2022"},"goalValue":"1753.0","updateDate":{"date":"Feb 19, 2022"},"createDate":{"date":"Feb 19, 2022"}},{"userProfilePk":95173854,"userGoalCategory":"MYFITNESSPAL","userGoalType":"NET_CALORIES","startDate":{"date":"Feb 19, 2022"},"endDate":{"date":"Feb 19, 2022"},"goalValue":"1753.0","updateDate":{"date":"Feb 19, 2022"},"createDate":{"date":"Feb 19, 2022"}},{"userProfilePk":95173854,"userGoalCategory":"MYFITNESSPAL","userGoalType":"NET_CALORIES","startDate":{"date":"Feb 19, 2022"},"endDate":{"date":"Feb 19, 2022"},"goalValue":"1753.0","updateDate":{"date":"Feb 19, 2022"},"createDate":{"date":"Feb 19, 2022"}},{"userProfilePk":95173854,"userGoalCategory":"MYFITNESSPAL","userGoalType":"NET_CALORIES","startDate":{"date":"Feb 19, 2022"},"endDate":{"date":"Feb 19, 2022"},"goalValue":"1753.0","updateDate":{"date":"Feb 19, 2022"},"createDate":{"date":"Feb 19, 2022"}},{"userProfilePk":95173854,"userGoalCategory":"MYFITNESSPAL","userGoalType":"NET_CALORIES","startDate":{"date":"Feb 19, 2022"},"endDate":{"date":"Feb 19, 2022"},"goalValue":"1753.0","updateDate":{"date":"Feb 19, 2022"},"createDate":{"date":"Feb 19, 2022"}},{"userProfilePk":95173854,"userGoalCategory":"MYFITNESSPAL","userGoalType":"NET_CALORIES","startDate":{"date":"Feb 20, 2022"},"endDate":{"date":"Feb 20, 2022"},"goalValue":"1753.0","updateDate":{"date":"Feb 20, 2022"},"createDate":{"date":"Feb 20, 2022"}},{"userProfilePk":95173854,"userGoalCategory":"MYFITNESSPAL","userGoalType":"NET_CALORIES","startDate":{"date":"Feb 20, 2022"},"endDate":{"date":"Feb 20, 2022"},"goalValue":"1753.0","updateDate":{"date":"Feb 20, 2022"},"createDate":{"date":"Feb 20, 2022"}},{"userProfilePk":95173854,"userGoalCategory":"MYFITNESSPAL","userGoalType":"NET_CALORIES","startDate":{"date":"Feb 20, 2022"},"endDate":{"date":"Feb 20, 2022"},"goalValue":"1753.0","updateDate":{"date":"Feb 20, 2022"},"createDate":{"date":"Feb 20, 2022"}},{"userProfilePk":95173854,"userGoalCategory":"MYFITNESSPAL","userGoalType":"NET_CALORIES","startDate":{"date":"Feb 20, 2022"},"endDate":{"date":"Feb 20, 2022"},"goalValue":"1753.0","updateDate":{"date":"Feb 20, 2022"},"createDate":{"date":"Feb 20, 2022"}},{"userProfilePk":95173854,"userGoalCategory":"MYFITNESSPAL","userGoalType":"NET_CALORIES","startDate":{"date":"Feb 20, 2022"},"endDate":{"date":"Feb 20, 2022"},"goalValue":"1753.0","updateDate":{"date":"Feb 20, 2022"},"createDate":{"date":"Feb 20, 2022"}},{"userProfilePk":95173854,"userGoalCategory":"MYFITNESSPAL","userGoalType":"NET_CALORIES","startDate":{"date":"Feb 20, 2022"},"endDate":{"date":"Feb 20, 2022"},"goalValue":"1753.0","updateDate":{"date":"Feb 20, 2022"},"createDate":{"date":"Feb 20, 2022"}},{"userProfilePk":95173854,"userGoalCategory":"MYFITNESSPAL","userGoalType":"NET_CALORIES","startDate":{"date":"Feb 20, 2022"},"endDate":{"date":"Feb 20, 2022"},"goalValue":"1753.0","updateDate":{"date":"Feb 20, 2022"},"createDate":{"date":"Feb 20, 2022"}},{"userProfilePk":95173854,"userGoalCategory":"MYFITNESSPAL","userGoalType":"NET_CALORIES","startDate":{"date":"Feb 20, 2022"},"endDate":{"date":"Feb 20, 2022"},"goalValue":"1753.0","updateDate":{"date":"Feb 20, 2022"},"createDate":{"date":"Feb 20, 2022"}},{"userProfilePk":95173854,"userGoalCategory":"MYFITNESSPAL","userGoalType":"NET_CALORIES","startDate":{"date":"Feb 20, 2022"},"endDate":{"date":"Feb 20, 2022"},"goalValue":"1753.0","updateDate":{"date":"Feb 20, 2022"},"createDate":{"date":"Feb 20, 2022"}},{"userProfilePk":95173854,"userGoalCategory":"MYFITNESSPAL","userGoalType":"NET_CALORIES","startDate":{"date":"Feb 21, 2022"},"endDate":{"date":"Feb 21, 2022"},"goalValue":"1753.0","updateDate":{"date":"Feb 21, 2022"},"createDate":{"date":"Feb 21, 2022"}},{"userProfilePk":95173854,"userGoalCategory":"MYFITNESSPAL","userGoalType":"NET_CALORIES","startDate":{"date":"Feb 21, 2022"},"endDate":{"date":"Feb 21, 2022"},"goalValue":"1753.0","updateDate":{"date":"Feb 21, 2022"},"createDate":{"date":"Feb 21, 2022"}},{"userProfilePk":95173854,"userGoalCategory":"MYFITNESSPAL","userGoalType":"NET_CALORIES","startDate":{"date":"Feb 21, 2022"},"endDate":{"date":"Feb 21, 2022"},"goalValue":"1753.0","updateDate":{"date":"Feb 21, 2022"},"createDate":{"date":"Feb 21, 2022"}},{"userProfilePk":95173854,"userGoalCategory":"MYFITNESSPAL","userGoalType":"NET_CALORIES","startDate":{"date":"Feb 21, 2022"},"endDate":{"date":"Feb 21, 2022"},"goalValue":"1753.0","updateDate":{"date":"Feb 21, 2022"},"createDate":{"date":"Feb 21, 2022"}},{"userProfilePk":95173854,"userGoalCategory":"MYFITNESSPAL","userGoalType":"NET_CALORIES","startDate":{"date":"Feb 21, 2022"},"endDate":{"date":"Feb 21, 2022"},"goalValue":"1753.0","updateDate":{"date":"Feb 21, 2022"},"createDate":{"date":"Feb 21, 2022"}},{"userProfilePk":95173854,"userGoalCategory":"MYFITNESSPAL","userGoalType":"NET_CALORIES","startDate":{"date":"Feb 21, 2022"},"endDate":{"date":"Feb 21, 2022"},"goalValue":"1753.0","updateDate":{"date":"Feb 21, 2022"},"createDate":{"date":"Feb 21, 2022"}},{"userProfilePk":95173854,"userGoalCategory":"MYFITNESSPAL","userGoalType":"NET_CALORIES","startDate":{"date":"Feb 21, 2022"},"endDate":{"date":"Feb 21, 2022"},"goalValue":"1753.0","updateDate":{"date":"Feb 21, 2022"},"createDate":{"date":"Feb 21, 2022"}},{"userProfilePk":95173854,"userGoalCategory":"MYFITNESSPAL","userGoalType":"NET_CALORIES","startDate":{"date":"Feb 21, 2022"},"endDate":{"date":"Feb 21, 2022"},"goalValue":"1753.0","updateDate":{"date":"Feb 21, 2022"},"createDate":{"date":"Feb 21, 2022"}},{"userProfilePk":95173854,"userGoalCategory":"MYFITNESSPAL","userGoalType":"NET_CALORIES","startDate":{"date":"Feb 21, 2022"},"endDate":{"date":"Feb 21, 2022"},"goalValue":"1753.0","updateDate":{"date":"Feb 21, 2022"},"createDate":{"date":"Feb 21, 2022"}},{"userProfilePk":95173854,"userGoalCategory":"MYFITNESSPAL","userGoalType":"NET_CALORIES","startDate":{"date":"Feb 21, 2022"},"endDate":{"date":"Feb 21, 2022"},"goalValue":"1753.0","updateDate":{"date":"Feb 21, 2022"},"createDate":{"date":"Feb 21, 2022"}},{"userProfilePk":95173854,"userGoalCategory":"MYFITNESSPAL","userGoalType":"NET_CALORIES","startDate":{"date":"Feb 21, 2022"},"endDate":{"date":"Feb 21, 2022"},"goalValue":"1753.0","updateDate":{"date":"Feb 21, 2022"},"createDate":{"date":"Feb 21, 2022"}},{"userProfilePk":95173854,"userGoalCategory":"MYFITNESSPAL","userGoalType":"NET_CALORIES","startDate":{"date":"Feb 21, 2022"},"endDate":{"date":"Feb 21, 2022"},"goalValue":"1753.0","updateDate":{"date":"Feb 21, 2022"},"createDate":{"date":"Feb 21, 2022"}},{"userProfilePk":95173854,"userGoalCategory":"MYFITNESSPAL","userGoalType":"NET_CALORIES","startDate":{"date":"Feb 22, 2022"},"endDate":{"date":"Feb 22, 2022"},"goalValue":"1753.0","updateDate":{"date":"Feb 22, 2022"},"createDate":{"date":"Feb 22, 2022"}},{"userProfilePk":95173854,"userGoalCategory":"MYFITNESSPAL","userGoalType":"NET_CALORIES","startDate":{"date":"Feb 22, 2022"},"endDate":{"date":"Feb 22, 2022"},"goalValue":"1753.0","updateDate":{"date":"Feb 22, 2022"},"createDate":{"date":"Feb 22, 2022"}},{"userProfilePk":95173854,"userGoalCategory":"MYFITNESSPAL","userGoalType":"NET_CALORIES","startDate":{"date":"Feb 22, 2022"},"endDate":{"date":"Feb 22, 2022"},"goalValue":"1753.0","updateDate":{"date":"Feb 22, 2022"},"createDate":{"date":"Feb 22, 2022"}},{"userProfilePk":95173854,"userGoalCategory":"MYFITNESSPAL","userGoalType":"NET_CALORIES","startDate":{"date":"Feb 22, 2022"},"endDate":{"date":"Feb 22, 2022"},"goalValue":"1753.0","updateDate":{"date":"Feb 22, 2022"},"createDate":{"date":"Feb 22, 2022"}},{"userProfilePk":95173854,"userGoalCategory":"MYFITNESSPAL","userGoalType":"NET_CALORIES","startDate":{"date":"Feb 22, 2022"},"endDate":{"date":"Feb 22, 2022"},"goalValue":"1753.0","updateDate":{"date":"Feb 22, 2022"},"createDate":{"date":"Feb 22, 2022"}},{"userProfilePk":95173854,"userGoalCategory":"MYFITNESSPAL","userGoalType":"NET_CALORIES","startDate":{"date":"Feb 22, 2022"},"endDate":{"date":"Feb 22, 2022"},"goalValue":"1753.0","updateDate":{"date":"Feb 22, 2022"},"createDate":{"date":"Feb 22, 2022"}},{"userProfilePk":95173854,"userGoalCategory":"MYFITNESSPAL","userGoalType":"NET_CALORIES","startDate":{"date":"Feb 22, 2022"},"endDate":{"date":"Feb 22, 2022"},"goalValue":"1753.0","updateDate":{"date":"Feb 22, 2022"},"createDate":{"date":"Feb 22, 2022"}},{"userProfilePk":95173854,"userGoalCategory":"MYFITNESSPAL","userGoalType":"NET_CALORIES","startDate":{"date":"Feb 22, 2022"},"endDate":{"date":"Feb 22, 2022"},"goalValue":"1753.0","updateDate":{"date":"Feb 22, 2022"},"createDate":{"date":"Feb 22, 2022"}},{"userProfilePk":95173854,"userGoalCategory":"MYFITNESSPAL","userGoalType":"NET_CALORIES","startDate":{"date":"Feb 23, 2022"},"endDate":{"date":"Feb 23, 2022"},"goalValue":"1753.0","updateDate":{"date":"Feb 23, 2022"},"createDate":{"date":"Feb 23, 2022"}},{"userProfilePk":95173854,"userGoalCategory":"MYFITNESSPAL","userGoalType":"NET_CALORIES","startDate":{"date":"Feb 23, 2022"},"endDate":{"date":"Feb 23, 2022"},"goalValue":"1753.0","updateDate":{"date":"Feb 23, 2022"},"createDate":{"date":"Feb 23, 2022"}},{"userProfilePk":95173854,"userGoalCategory":"MYFITNESSPAL","userGoalType":"NET_CALORIES","startDate":{"date":"Feb 23, 2022"},"endDate":{"date":"Feb 23, 2022"},"goalValue":"1753.0","updateDate":{"date":"Feb 23, 2022"},"createDate":{"date":"Feb 23, 2022"}},{"userProfilePk":95173854,"userGoalCategory":"MYFITNESSPAL","userGoalType":"NET_CALORIES","startDate":{"date":"Feb 23, 2022"},"endDate":{"date":"Feb 23, 2022"},"goalValue":"1753.0","updateDate":{"date":"Feb 23, 2022"},"createDate":{"date":"Feb 23, 2022"}},{"userProfilePk":95173854,"userGoalCategory":"MYFITNESSPAL","userGoalType":"NET_CALORIES","startDate":{"date":"Feb 23, 2022"},"endDate":{"date":"Feb 23, 2022"},"goalValue":"1753.0","updateDate":{"date":"Feb 23, 2022"},"createDate":{"date":"Feb 23, 2022"}},{"userProfilePk":95173854,"userGoalCategory":"MYFITNESSPAL","userGoalType":"NET_CALORIES","startDate":{"date":"Feb 23, 2022"},"endDate":{"date":"Feb 23, 2022"},"goalValue":"1753.0","updateDate":{"date":"Feb 23, 2022"},"createDate":{"date":"Feb 23, 2022"}},{"userProfilePk":95173854,"userGoalCategory":"MYFITNESSPAL","userGoalType":"NET_CALORIES","startDate":{"date":"Feb 24, 2022"},"endDate":{"date":"Feb 24, 2022"},"goalValue":"1753.0","updateDate":{"date":"Feb 24, 2022"},"createDate":{"date":"Feb 24, 2022"}},{"userProfilePk":95173854,"userGoalCategory":"MYFITNESSPAL","userGoalType":"NET_CALORIES","startDate":{"date":"Feb 24, 2022"},"endDate":{"date":"Feb 24, 2022"},"goalValue":"1753.0","updateDate":{"date":"Feb 24, 2022"},"createDate":{"date":"Feb 24, 2022"}},{"userProfilePk":95173854,"userGoalCategory":"MYFITNESSPAL","userGoalType":"NET_CALORIES","startDate":{"date":"Feb 24, 2022"},"endDate":{"date":"Feb 24, 2022"},"goalValue":"1753.0","updateDate":{"date":"Feb 24, 2022"},"createDate":{"date":"Feb 24, 2022"}},{"userProfilePk":95173854,"userGoalCategory":"MYFITNESSPAL","userGoalType":"NET_CALORIES","startDate":{"date":"Feb 24, 2022"},"endDate":{"date":"Feb 24, 2022"},"goalValue":"1753.0","updateDate":{"date":"Feb 24, 2022"},"createDate":{"date":"Feb 24, 2022"}},{"userProfilePk":95173854,"userGoalCategory":"MYFITNESSPAL","userGoalType":"NET_CALORIES","startDate":{"date":"Feb 24, 2022"},"endDate":{"date":"Feb 24, 2022"},"goalValue":"1753.0","updateDate":{"date":"Feb 24, 2022"},"createDate":{"date":"Feb 24, 2022"}},{"userProfilePk":95173854,"userGoalCategory":"MYFITNESSPAL","userGoalType":"NET_CALORIES","startDate":{"date":"Feb 24, 2022"},"endDate":{"date":"Feb 24, 2022"},"goalValue":"1753.0","updateDate":{"date":"Feb 24, 2022"},"createDate":{"date":"Feb 24, 2022"}},{"userProfilePk":95173854,"userGoalCategory":"MYFITNESSPAL","userGoalType":"NET_CALORIES","startDate":{"date":"Feb 24, 2022"},"endDate":{"date":"Feb 24, 2022"},"goalValue":"1753.0","updateDate":{"date":"Feb 24, 2022"},"createDate":{"date":"Feb 24, 2022"}},{"userProfilePk":95173854,"userGoalCategory":"MYFITNESSPAL","userGoalType":"NET_CALORIES","startDate":{"date":"Feb 24, 2022"},"endDate":{"date":"Feb 24, 2022"},"goalValue":"1753.0","updateDate":{"date":"Feb 24, 2022"},"createDate":{"date":"Feb 24, 2022"}},{"userProfilePk":95173854,"userGoalCategory":"MYFITNESSPAL","userGoalType":"NET_CALORIES","startDate":{"date":"Feb 25, 2022"},"endDate":{"date":"Feb 25, 2022"},"goalValue":"1753.0","updateDate":{"date":"Feb 25, 2022"},"createDate":{"date":"Feb 25, 2022"}},{"userProfilePk":95173854,"userGoalCategory":"MYFITNESSPAL","userGoalType":"NET_CALORIES","startDate":{"date":"Feb 25, 2022"},"endDate":{"date":"Feb 25, 2022"},"goalValue":"1753.0","updateDate":{"date":"Feb 25, 2022"},"createDate":{"date":"Feb 25, 2022"}},{"userProfilePk":95173854,"userGoalCategory":"MYFITNESSPAL","userGoalType":"NET_CALORIES","startDate":{"date":"Feb 25, 2022"},"endDate":{"date":"Feb 25, 2022"},"goalValue":"1753.0","updateDate":{"date":"Feb 25, 2022"},"createDate":{"date":"Feb 25, 2022"}},{"userProfilePk":95173854,"userGoalCategory":"MYFITNESSPAL","userGoalType":"NET_CALORIES","startDate":{"date":"Feb 26, 2022"},"endDate":{"date":"Feb 26, 2022"},"goalValue":"1753.0","updateDate":{"date":"Feb 26, 2022"},"createDate":{"date":"Feb 26, 2022"}},{"userProfilePk":95173854,"userGoalCategory":"MYFITNESSPAL","userGoalType":"NET_CALORIES","startDate":{"date":"Feb 26, 2022"},"endDate":{"date":"Feb 26, 2022"},"goalValue":"1753.0","updateDate":{"date":"Feb 26, 2022"},"createDate":{"date":"Feb 26, 2022"}},{"userProfilePk":95173854,"userGoalCategory":"MYFITNESSPAL","userGoalType":"NET_CALORIES","startDate":{"date":"Feb 26, 2022"},"endDate":{"date":"Feb 26, 2022"},"goalValue":"1753.0","updateDate":{"date":"Feb 26, 2022"},"createDate":{"date":"Feb 26, 2022"}},{"userProfilePk":95173854,"userGoalCategory":"MYFITNESSPAL","userGoalType":"NET_CALORIES","startDate":{"date":"Feb 26, 2022"},"endDate":{"date":"Feb 26, 2022"},"goalValue":"1753.0","updateDate":{"date":"Feb 26, 2022"},"createDate":{"date":"Feb 26, 2022"}},{"userProfilePk":95173854,"userGoalCategory":"MYFITNESSPAL","userGoalType":"NET_CALORIES","startDate":{"date":"Feb 26, 2022"},"endDate":{"date":"Feb 26, 2022"},"goalValue":"1753.0","updateDate":{"date":"Feb 26, 2022"},"createDate":{"date":"Feb 26, 2022"}},{"userProfilePk":95173854,"userGoalCategory":"MYFITNESSPAL","userGoalType":"NET_CALORIES","startDate":{"date":"Feb 26, 2022"},"endDate":{"date":"Feb 26, 2022"},"goalValue":"1753.0","updateDate":{"date":"Feb 26, 2022"},"createDate":{"date":"Feb 26, 2022"}},{"userProfilePk":95173854,"userGoalCategory":"MYFITNESSPAL","userGoalType":"NET_CALORIES","startDate":{"date":"Feb 26, 2022"},"endDate":{"date":"Feb 26, 2022"},"goalValue":"1753.0","updateDate":{"date":"Feb 26, 2022"},"createDate":{"date":"Feb 26, 2022"}},{"userProfilePk":95173854,"userGoalCategory":"MYFITNESSPAL","userGoalType":"NET_CALORIES","startDate":{"date":"Feb 26, 2022"},"endDate":{"date":"Feb 26, 2022"},"goalValue":"1753.0","updateDate":{"date":"Feb 26, 2022"},"createDate":{"date":"Feb 26, 2022"}},{"userProfilePk":95173854,"userGoalCategory":"MYFITNESSPAL","userGoalType":"NET_CALORIES","startDate":{"date":"Feb 26, 2022"},"endDate":{"date":"Feb 26, 2022"},"goalValue":"1753.0","updateDate":{"date":"Feb 26, 2022"},"createDate":{"date":"Feb 26, 2022"}},{"userProfilePk":95173854,"userGoalCategory":"MYFITNESSPAL","userGoalType":"NET_CALORIES","startDate":{"date":"Feb 26, 2022"},"endDate":{"date":"Feb 26, 2022"},"goalValue":"1753.0","updateDate":{"date":"Feb 26, 2022"},"createDate":{"date":"Feb 26, 2022"}},{"userProfilePk":95173854,"userGoalCategory":"MYFITNESSPAL","userGoalType":"NET_CALORIES","startDate":{"date":"Feb 26, 2022"},"endDate":{"date":"Feb 26, 2022"},"goalValue":"1753.0","updateDate":{"date":"Feb 26, 2022"},"createDate":{"date":"Feb 26, 2022"}},{"userProfilePk":95173854,"userGoalCategory":"MYFITNESSPAL","userGoalType":"NET_CALORIES","startDate":{"date":"Feb 26, 2022"},"endDate":{"date":"Feb 26, 2022"},"goalValue":"1753.0","updateDate":{"date":"Feb 26, 2022"},"createDate":{"date":"Feb 26, 2022"}},{"userProfilePk":95173854,"userGoalCategory":"MYFITNESSPAL","userGoalType":"NET_CALORIES","startDate":{"date":"Feb 26, 2022"},"endDate":{"date":"Feb 26, 2022"},"goalValue":"1753.0","updateDate":{"date":"Feb 26, 2022"},"createDate":{"date":"Feb 26, 2022"}},{"userProfilePk":95173854,"userGoalCategory":"MYFITNESSPAL","userGoalType":"NET_CALORIES","startDate":{"date":"Feb 26, 2022"},"endDate":{"date":"Feb 26, 2022"},"goalValue":"1753.0","updateDate":{"date":"Feb 26, 2022"},"createDate":{"date":"Feb 26, 2022"}},{"userProfilePk":95173854,"userGoalCategory":"MYFITNESSPAL","userGoalType":"NET_CALORIES","startDate":{"date":"Feb 26, 2022"},"endDate":{"date":"Feb 26, 2022"},"goalValue":"1753.0","updateDate":{"date":"Feb 26, 2022"},"createDate":{"date":"Feb 26, 2022"}},{"userProfilePk":95173854,"userGoalCategory":"MYFITNESSPAL","userGoalType":"NET_CALORIES","startDate":{"date":"Feb 26, 2022"},"endDate":{"date":"Feb 26, 2022"},"goalValue":"1753.0","updateDate":{"date":"Feb 26, 2022"},"createDate":{"date":"Feb 26, 2022"}},{"userProfilePk":95173854,"userGoalCategory":"MYFITNESSPAL","userGoalType":"NET_CALORIES","startDate":{"date":"Feb 27, 2022"},"endDate":{"date":"Feb 27, 2022"},"goalValue":"1753.0","updateDate":{"date":"Feb 27, 2022"},"createDate":{"date":"Feb 27, 2022"}},{"userProfilePk":95173854,"userGoalCategory":"MYFITNESSPAL","userGoalType":"NET_CALORIES","startDate":{"date":"Feb 27, 2022"},"endDate":{"date":"Feb 27, 2022"},"goalValue":"1753.0","updateDate":{"date":"Feb 27, 2022"},"createDate":{"date":"Feb 27, 2022"}},{"userProfilePk":95173854,"userGoalCategory":"MYFITNESSPAL","userGoalType":"NET_CALORIES","startDate":{"date":"Feb 27, 2022"},"endDate":{"date":"Feb 27, 2022"},"goalValue":"1753.0","updateDate":{"date":"Feb 27, 2022"},"createDate":{"date":"Feb 27, 2022"}},{"userProfilePk":95173854,"userGoalCategory":"MYFITNESSPAL","userGoalType":"NET_CALORIES","startDate":{"date":"Feb 27, 2022"},"endDate":{"date":"Feb 27, 2022"},"goalValue":"1753.0","updateDate":{"date":"Feb 27, 2022"},"createDate":{"date":"Feb 27, 2022"}},{"userProfilePk":95173854,"userGoalCategory":"MYFITNESSPAL","userGoalType":"NET_CALORIES","startDate":{"date":"Feb 27, 2022"},"endDate":{"date":"Feb 27, 2022"},"goalValue":"1753.0","updateDate":{"date":"Feb 27, 2022"},"createDate":{"date":"Feb 27, 2022"}},{"userProfilePk":95173854,"userGoalCategory":"MYFITNESSPAL","userGoalType":"NET_CALORIES","startDate":{"date":"Feb 27, 2022"},"endDate":{"date":"Feb 27, 2022"},"goalValue":"1753.0","updateDate":{"date":"Feb 27, 2022"},"createDate":{"date":"Feb 27, 2022"}},{"userProfilePk":95173854,"userGoalCategory":"MYFITNESSPAL","userGoalType":"NET_CALORIES","startDate":{"date":"Feb 28, 2022"},"endDate":{"date":"Feb 28, 2022"},"goalValue":"1753.0","updateDate":{"date":"Feb 28, 2022"},"createDate":{"date":"Feb 28, 2022"}},{"userProfilePk":95173854,"userGoalCategory":"MYFITNESSPAL","userGoalType":"NET_CALORIES","startDate":{"date":"Feb 28, 2022"},"endDate":{"date":"Feb 28, 2022"},"goalValue":"1753.0","updateDate":{"date":"Feb 28, 2022"},"createDate":{"date":"Feb 28, 2022"}},{"userProfilePk":95173854,"userGoalCategory":"MYFITNESSPAL","userGoalType":"NET_CALORIES","startDate":{"date":"Feb 28, 2022"},"endDate":{"date":"Feb 28, 2022"},"goalValue":"1753.0","updateDate":{"date":"Feb 28, 2022"},"createDate":{"date":"Feb 28, 2022"}},{"userProfilePk":95173854,"userGoalCategory":"MYFITNESSPAL","userGoalType":"NET_CALORIES","startDate":{"date":"Feb 28, 2022"},"endDate":{"date":"Feb 28, 2022"},"goalValue":"1753.0","updateDate":{"date":"Feb 28, 2022"},"createDate":{"date":"Feb 28, 2022"}},{"userProfilePk":95173854,"userGoalCategory":"MYFITNESSPAL","userGoalType":"NET_CALORIES","startDate":{"date":"Feb 28, 2022"},"endDate":{"date":"Feb 28, 2022"},"goalValue":"1753.0","updateDate":{"date":"Feb 28, 2022"},"createDate":{"date":"Feb 28, 2022"}},{"userProfilePk":95173854,"userGoalCategory":"MYFITNESSPAL","userGoalType":"NET_CALORIES","startDate":{"date":"Feb 28, 2022"},"endDate":{"date":"Feb 28, 2022"},"goalValue":"1753.0","updateDate":{"date":"Feb 28, 2022"},"createDate":{"date":"Feb 28, 2022"}},{"userProfilePk":95173854,"userGoalCategory":"MYFITNESSPAL","userGoalType":"NET_CALORIES","startDate":{"date":"Feb 28, 2022"},"endDate":{"date":"Feb 28, 2022"},"goalValue":"1753.0","updateDate":{"date":"Feb 28, 2022"},"createDate":{"date":"Feb 28, 2022"}},{"userProfilePk":95173854,"userGoalCategory":"MYFITNESSPAL","userGoalType":"NET_CALORIES","startDate":{"date":"Feb 28, 2022"},"endDate":{"date":"Feb 28, 2022"},"goalValue":"1753.0","updateDate":{"date":"Feb 28, 2022"},"createDate":{"date":"Feb 28, 2022"}},{"userProfilePk":95173854,"userGoalCategory":"MYFITNESSPAL","userGoalType":"NET_CALORIES","startDate":{"date":"Feb 28, 2022"},"endDate":{"date":"Feb 28, 2022"},"goalValue":"1753.0","updateDate":{"date":"Feb 28, 2022"},"createDate":{"date":"Feb 28, 2022"}},{"userProfilePk":95173854,"userGoalCategory":"MYFITNESSPAL","userGoalType":"NET_CALORIES","startDate":{"date":"Feb 28, 2022"},"endDate":{"date":"Feb 28, 2022"},"goalValue":"1753.0","updateDate":{"date":"Feb 28, 2022"},"createDate":{"date":"Feb 28, 2022"}},{"userProfilePk":95173854,"userGoalCategory":"MYFITNESSPAL","userGoalType":"NET_CALORIES","startDate":{"date":"Feb 28, 2022"},"endDate":{"date":"Feb 28, 2022"},"goalValue":"1753.0","updateDate":{"date":"Feb 28, 2022"},"createDate":{"date":"Feb 28, 2022"}},{"userProfilePk":95173854,"userGoalCategory":"MYFITNESSPAL","userGoalType":"NET_CALORIES","startDate":{"date":"Feb 28, 2022"},"endDate":{"date":"Feb 28, 2022"},"goalValue":"1753.0","updateDate":{"date":"Feb 28, 2022"},"createDate":{"date":"Feb 28, 2022"}},{"userProfilePk":95173854,"userGoalCategory":"MYFITNESSPAL","userGoalType":"NET_CALORIES","startDate":{"date":"Feb 28, 2022"},"endDate":{"date":"Feb 28, 2022"},"goalValue":"1753.0","updateDate":{"date":"Feb 28, 2022"},"createDate":{"date":"Feb 28, 2022"}},{"userProfilePk":95173854,"userGoalCategory":"MYFITNESSPAL","userGoalType":"NET_CALORIES","startDate":{"date":"Mar 1, 2022"},"endDate":{"date":"Mar 1, 2022"},"goalValue":"1753.0","updateDate":{"date":"Mar 1, 2022"},"createDate":{"date":"Mar 1, 2022"}},{"userProfilePk":95173854,"userGoalCategory":"MYFITNESSPAL","userGoalType":"NET_CALORIES","startDate":{"date":"Mar 1, 2022"},"endDate":{"date":"Mar 1, 2022"},"goalValue":"1753.0","updateDate":{"date":"Mar 1, 2022"},"createDate":{"date":"Mar 1, 2022"}},{"userProfilePk":95173854,"userGoalCategory":"MYFITNESSPAL","userGoalType":"NET_CALORIES","startDate":{"date":"Mar 1, 2022"},"endDate":{"date":"Mar 1, 2022"},"goalValue":"1753.0","updateDate":{"date":"Mar 1, 2022"},"createDate":{"date":"Mar 1, 2022"}},{"userProfilePk":95173854,"userGoalCategory":"MYFITNESSPAL","userGoalType":"NET_CALORIES","startDate":{"date":"Mar 1, 2022"},"endDate":{"date":"Mar 1, 2022"},"goalValue":"1753.0","updateDate":{"date":"Mar 1, 2022"},"createDate":{"date":"Mar 1, 2022"}},{"userProfilePk":95173854,"userGoalCategory":"MYFITNESSPAL","userGoalType":"NET_CALORIES","startDate":{"date":"Mar 1, 2022"},"endDate":{"date":"Mar 1, 2022"},"goalValue":"1753.0","updateDate":{"date":"Mar 1, 2022"},"createDate":{"date":"Mar 1, 2022"}},{"userProfilePk":95173854,"userGoalCategory":"MYFITNESSPAL","userGoalType":"NET_CALORIES","startDate":{"date":"Mar 1, 2022"},"endDate":{"date":"Mar 1, 2022"},"goalValue":"1753.0","updateDate":{"date":"Mar 1, 2022"},"createDate":{"date":"Mar 1, 2022"}},{"userProfilePk":95173854,"userGoalCategory":"MYFITNESSPAL","userGoalType":"NET_CALORIES","startDate":{"date":"Mar 1, 2022"},"endDate":{"date":"Mar 1, 2022"},"goalValue":"1753.0","updateDate":{"date":"Mar 1, 2022"},"createDate":{"date":"Mar 1, 2022"}},{"userProfilePk":95173854,"userGoalCategory":"MYFITNESSPAL","userGoalType":"NET_CALORIES","startDate":{"date":"Mar 1, 2022"},"endDate":{"date":"Mar 1, 2022"},"goalValue":"1753.0","updateDate":{"date":"Mar 1, 2022"},"createDate":{"date":"Mar 1, 2022"}},{"userProfilePk":95173854,"userGoalCategory":"MYFITNESSPAL","userGoalType":"NET_CALORIES","startDate":{"date":"Mar 1, 2022"},"endDate":{"date":"Mar 1, 2022"},"goalValue":"1753.0","updateDate":{"date":"Mar 1, 2022"},"createDate":{"date":"Mar 1, 2022"}},{"userProfilePk":95173854,"userGoalCategory":"MYFITNESSPAL","userGoalType":"NET_CALORIES","startDate":{"date":"Mar 1, 2022"},"endDate":{"date":"Mar 1, 2022"},"goalValue":"1753.0","updateDate":{"date":"Mar 1, 2022"},"createDate":{"date":"Mar 1, 2022"}},{"userProfilePk":95173854,"userGoalCategory":"MYFITNESSPAL","userGoalType":"NET_CALORIES","startDate":{"date":"Mar 2, 2022"},"endDate":{"date":"Mar 2, 2022"},"goalValue":"1753.0","updateDate":{"date":"Mar 2, 2022"},"createDate":{"date":"Mar 2, 2022"}},{"userProfilePk":95173854,"userGoalCategory":"MYFITNESSPAL","userGoalType":"NET_CALORIES","startDate":{"date":"Mar 2, 2022"},"endDate":{"date":"Mar 2, 2022"},"goalValue":"1753.0","updateDate":{"date":"Mar 2, 2022"},"createDate":{"date":"Mar 2, 2022"}},{"userProfilePk":95173854,"userGoalCategory":"MYFITNESSPAL","userGoalType":"NET_CALORIES","startDate":{"date":"Mar 2, 2022"},"endDate":{"date":"Mar 2, 2022"},"goalValue":"1753.0","updateDate":{"date":"Mar 2, 2022"},"createDate":{"date":"Mar 2, 2022"}},{"userProfilePk":95173854,"userGoalCategory":"MYFITNESSPAL","userGoalType":"NET_CALORIES","startDate":{"date":"Mar 2, 2022"},"endDate":{"date":"Mar 2, 2022"},"goalValue":"1753.0","updateDate":{"date":"Mar 2, 2022"},"createDate":{"date":"Mar 2, 2022"}},{"userProfilePk":95173854,"userGoalCategory":"MYFITNESSPAL","userGoalType":"NET_CALORIES","startDate":{"date":"Mar 2, 2022"},"endDate":{"date":"Mar 2, 2022"},"goalValue":"1753.0","updateDate":{"date":"Mar 2, 2022"},"createDate":{"date":"Mar 2, 2022"}},{"userProfilePk":95173854,"userGoalCategory":"MYFITNESSPAL","userGoalType":"NET_CALORIES","startDate":{"date":"Mar 2, 2022"},"endDate":{"date":"Mar 2, 2022"},"goalValue":"1753.0","updateDate":{"date":"Mar 2, 2022"},"createDate":{"date":"Mar 2, 2022"}},{"userProfilePk":95173854,"userGoalCategory":"MYFITNESSPAL","userGoalType":"NET_CALORIES","startDate":{"date":"Mar 2, 2022"},"endDate":{"date":"Mar 2, 2022"},"goalValue":"1753.0","updateDate":{"date":"Mar 2, 2022"},"createDate":{"date":"Mar 2, 2022"}},{"userProfilePk":95173854,"userGoalCategory":"MYFITNESSPAL","userGoalType":"NET_CALORIES","startDate":{"date":"Mar 2, 2022"},"endDate":{"date":"Mar 2, 2022"},"goalValue":"1753.0","updateDate":{"date":"Mar 2, 2022"},"createDate":{"date":"Mar 2, 2022"}},{"userProfilePk":95173854,"userGoalCategory":"MYFITNESSPAL","userGoalType":"NET_CALORIES","startDate":{"date":"Mar 2, 2022"},"endDate":{"date":"Mar 2, 2022"},"goalValue":"1753.0","updateDate":{"date":"Mar 2, 2022"},"createDate":{"date":"Mar 2, 2022"}},{"userProfilePk":95173854,"userGoalCategory":"MYFITNESSPAL","userGoalType":"NET_CALORIES","startDate":{"date":"Mar 3, 2022"},"endDate":{"date":"Mar 3, 2022"},"goalValue":"1753.0","updateDate":{"date":"Mar 3, 2022"},"createDate":{"date":"Mar 3, 2022"}},{"userProfilePk":95173854,"userGoalCategory":"MYFITNESSPAL","userGoalType":"NET_CALORIES","startDate":{"date":"Mar 3, 2022"},"endDate":{"date":"Mar 3, 2022"},"goalValue":"1753.0","updateDate":{"date":"Mar 3, 2022"},"createDate":{"date":"Mar 3, 2022"}},{"userProfilePk":95173854,"userGoalCategory":"MYFITNESSPAL","userGoalType":"NET_CALORIES","startDate":{"date":"Mar 3, 2022"},"endDate":{"date":"Mar 3, 2022"},"goalValue":"1753.0","updateDate":{"date":"Mar 3, 2022"},"createDate":{"date":"Mar 3, 2022"}},{"userProfilePk":95173854,"userGoalCategory":"MYFITNESSPAL","userGoalType":"NET_CALORIES","startDate":{"date":"Mar 3, 2022"},"endDate":{"date":"Mar 3, 2022"},"goalValue":"1753.0","updateDate":{"date":"Mar 3, 2022"},"createDate":{"date":"Mar 3, 2022"}},{"userProfilePk":95173854,"userGoalCategory":"MYFITNESSPAL","userGoalType":"NET_CALORIES","startDate":{"date":"Mar 3, 2022"},"endDate":{"date":"Mar 3, 2022"},"goalValue":"1753.0","updateDate":{"date":"Mar 3, 2022"},"createDate":{"date":"Mar 3, 2022"}},{"userProfilePk":95173854,"userGoalCategory":"MYFITNESSPAL","userGoalType":"NET_CALORIES","startDate":{"date":"Mar 3, 2022"},"endDate":{"date":"Mar 3, 2022"},"goalValue":"1753.0","updateDate":{"date":"Mar 3, 2022"},"createDate":{"date":"Mar 3, 2022"}},{"userProfilePk":95173854,"userGoalCategory":"MYFITNESSPAL","userGoalType":"NET_CALORIES","startDate":{"date":"Mar 3, 2022"},"endDate":{"date":"Mar 3, 2022"},"goalValue":"1753.0","updateDate":{"date":"Mar 3, 2022"},"createDate":{"date":"Mar 3, 2022"}},{"userProfilePk":95173854,"userGoalCategory":"MYFITNESSPAL","userGoalType":"NET_CALORIES","startDate":{"date":"Mar 3, 2022"},"endDate":{"date":"Mar 3, 2022"},"goalValue":"1753.0","updateDate":{"date":"Mar 3, 2022"},"createDate":{"date":"Mar 3, 2022"}},{"userProfilePk":95173854,"userGoalCategory":"MYFITNESSPAL","userGoalType":"NET_CALORIES","startDate":{"date":"Mar 3, 2022"},"endDate":{"date":"Mar 3, 2022"},"goalValue":"1753.0","updateDate":{"date":"Mar 3, 2022"},"createDate":{"date":"Mar 3, 2022"}},{"userProfilePk":95173854,"userGoalCategory":"MYFITNESSPAL","userGoalType":"NET_CALORIES","startDate":{"date":"Mar 4, 2022"},"endDate":{"date":"Mar 4, 2022"},"goalValue":"1753.0","updateDate":{"date":"Mar 4, 2022"},"createDate":{"date":"Mar 4, 2022"}},{"userProfilePk":95173854,"userGoalCategory":"MYFITNESSPAL","userGoalType":"NET_CALORIES","startDate":{"date":"Mar 4, 2022"},"endDate":{"date":"Mar 4, 2022"},"goalValue":"1753.0","updateDate":{"date":"Mar 4, 2022"},"createDate":{"date":"Mar 4, 2022"}},{"userProfilePk":95173854,"userGoalCategory":"MYFITNESSPAL","userGoalType":"NET_CALORIES","startDate":{"date":"Mar 4, 2022"},"endDate":{"date":"Mar 4, 2022"},"goalValue":"1753.0","updateDate":{"date":"Mar 4, 2022"},"createDate":{"date":"Mar 4, 2022"}},{"userProfilePk":95173854,"userGoalCategory":"MYFITNESSPAL","userGoalType":"NET_CALORIES","startDate":{"date":"Mar 4, 2022"},"endDate":{"date":"Mar 4, 2022"},"goalValue":"1753.0","updateDate":{"date":"Mar 4, 2022"},"createDate":{"date":"Mar 4, 2022"}},{"userProfilePk":95173854,"userGoalCategory":"MYFITNESSPAL","userGoalType":"NET_CALORIES","startDate":{"date":"Mar 4, 2022"},"endDate":{"date":"Mar 4, 2022"},"goalValue":"1753.0","updateDate":{"date":"Mar 4, 2022"},"createDate":{"date":"Mar 4, 2022"}},{"userProfilePk":95173854,"userGoalCategory":"MYFITNESSPAL","userGoalType":"NET_CALORIES","startDate":{"date":"Mar 4, 2022"},"endDate":{"date":"Mar 4, 2022"},"goalValue":"1753.0","updateDate":{"date":"Mar 4, 2022"},"createDate":{"date":"Mar 4, 2022"}},{"userProfilePk":95173854,"userGoalCategory":"MYFITNESSPAL","userGoalType":"NET_CALORIES","startDate":{"date":"Mar 4, 2022"},"endDate":{"date":"Mar 4, 2022"},"goalValue":"1753.0","updateDate":{"date":"Mar 4, 2022"},"createDate":{"date":"Mar 4, 2022"}},{"userProfilePk":95173854,"userGoalCategory":"MYFITNESSPAL","userGoalType":"NET_CALORIES","startDate":{"date":"Mar 5, 2022"},"endDate":{"date":"Mar 5, 2022"},"goalValue":"1753.0","updateDate":{"date":"Mar 5, 2022"},"createDate":{"date":"Mar 5, 2022"}},{"userProfilePk":95173854,"userGoalCategory":"MYFITNESSPAL","userGoalType":"NET_CALORIES","startDate":{"date":"Mar 5, 2022"},"endDate":{"date":"Mar 5, 2022"},"goalValue":"1753.0","updateDate":{"date":"Mar 5, 2022"},"createDate":{"date":"Mar 5, 2022"}},{"userProfilePk":95173854,"userGoalCategory":"MYFITNESSPAL","userGoalType":"NET_CALORIES","startDate":{"date":"Mar 5, 2022"},"endDate":{"date":"Mar 5, 2022"},"goalValue":"1753.0","updateDate":{"date":"Mar 5, 2022"},"createDate":{"date":"Mar 5, 2022"}},{"userProfilePk":95173854,"userGoalCategory":"MYFITNESSPAL","userGoalType":"NET_CALORIES","startDate":{"date":"Mar 5, 2022"},"endDate":{"date":"Mar 5, 2022"},"goalValue":"1753.0","updateDate":{"date":"Mar 5, 2022"},"createDate":{"date":"Mar 5, 2022"}},{"userProfilePk":95173854,"userGoalCategory":"MYFITNESSPAL","userGoalType":"NET_CALORIES","startDate":{"date":"Mar 5, 2022"},"endDate":{"date":"Mar 5, 2022"},"goalValue":"1753.0","updateDate":{"date":"Mar 5, 2022"},"createDate":{"date":"Mar 5, 2022"}},{"userProfilePk":95173854,"userGoalCategory":"MYFITNESSPAL","userGoalType":"NET_CALORIES","startDate":{"date":"Mar 5, 2022"},"endDate":{"date":"Mar 5, 2022"},"goalValue":"1753.0","updateDate":{"date":"Mar 5, 2022"},"createDate":{"date":"Mar 5, 2022"}},{"userProfilePk":95173854,"userGoalCategory":"MYFITNESSPAL","userGoalType":"NET_CALORIES","startDate":{"date":"Mar 5, 2022"},"endDate":{"date":"Mar 5, 2022"},"goalValue":"1753.0","updateDate":{"date":"Mar 5, 2022"},"createDate":{"date":"Mar 5, 2022"}},{"userProfilePk":95173854,"userGoalCategory":"MYFITNESSPAL","userGoalType":"NET_CALORIES","startDate":{"date":"Mar 6, 2022"},"endDate":{"date":"Mar 6, 2022"},"goalValue":"1753.0","updateDate":{"date":"Mar 6, 2022"},"createDate":{"date":"Mar 6, 2022"}},{"userProfilePk":95173854,"userGoalCategory":"MYFITNESSPAL","userGoalType":"NET_CALORIES","startDate":{"date":"Mar 6, 2022"},"endDate":{"date":"Mar 6, 2022"},"goalValue":"1753.0","updateDate":{"date":"Mar 6, 2022"},"createDate":{"date":"Mar 6, 2022"}},{"userProfilePk":95173854,"userGoalCategory":"MYFITNESSPAL","userGoalType":"NET_CALORIES","startDate":{"date":"Mar 6, 2022"},"endDate":{"date":"Mar 6, 2022"},"goalValue":"1753.0","updateDate":{"date":"Mar 6, 2022"},"createDate":{"date":"Mar 6, 2022"}},{"userProfilePk":95173854,"userGoalCategory":"MYFITNESSPAL","userGoalType":"NET_CALORIES","startDate":{"date":"Mar 6, 2022"},"endDate":{"date":"Mar 6, 2022"},"goalValue":"1753.0","updateDate":{"date":"Mar 6, 2022"},"createDate":{"date":"Mar 6, 2022"}},{"userProfilePk":95173854,"userGoalCategory":"MYFITNESSPAL","userGoalType":"NET_CALORIES","startDate":{"date":"Mar 6, 2022"},"endDate":{"date":"Mar 6, 2022"},"goalValue":"1753.0","updateDate":{"date":"Mar 6, 2022"},"createDate":{"date":"Mar 6, 2022"}},{"userProfilePk":95173854,"userGoalCategory":"MYFITNESSPAL","userGoalType":"NET_CALORIES","startDate":{"date":"Mar 6, 2022"},"endDate":{"date":"Mar 6, 2022"},"goalValue":"1753.0","updateDate":{"date":"Mar 6, 2022"},"createDate":{"date":"Mar 6, 2022"}},{"userProfilePk":95173854,"userGoalCategory":"MYFITNESSPAL","userGoalType":"NET_CALORIES","startDate":{"date":"Mar 6, 2022"},"endDate":{"date":"Mar 6, 2022"},"goalValue":"1753.0","updateDate":{"date":"Mar 6, 2022"},"createDate":{"date":"Mar 6, 2022"}},{"userProfilePk":95173854,"userGoalCategory":"MYFITNESSPAL","userGoalType":"NET_CALORIES","startDate":{"date":"Mar 6, 2022"},"endDate":{"date":"Mar 6, 2022"},"goalValue":"1753.0","updateDate":{"date":"Mar 6, 2022"},"createDate":{"date":"Mar 6, 2022"}},{"userProfilePk":95173854,"userGoalCategory":"MYFITNESSPAL","userGoalType":"NET_CALORIES","startDate":{"date":"Mar 7, 2022"},"endDate":{"date":"Mar 7, 2022"},"goalValue":"1753.0","updateDate":{"date":"Mar 7, 2022"},"createDate":{"date":"Mar 7, 2022"}},{"userProfilePk":95173854,"userGoalCategory":"MYFITNESSPAL","userGoalType":"NET_CALORIES","startDate":{"date":"Mar 7, 2022"},"endDate":{"date":"Mar 7, 2022"},"goalValue":"1753.0","updateDate":{"date":"Mar 7, 2022"},"createDate":{"date":"Mar 7, 2022"}},{"userProfilePk":95173854,"userGoalCategory":"MYFITNESSPAL","userGoalType":"NET_CALORIES","startDate":{"date":"Mar 7, 2022"},"endDate":{"date":"Mar 7, 2022"},"goalValue":"1753.0","updateDate":{"date":"Mar 7, 2022"},"createDate":{"date":"Mar 7, 2022"}},{"userProfilePk":95173854,"userGoalCategory":"MYFITNESSPAL","userGoalType":"NET_CALORIES","startDate":{"date":"Mar 7, 2022"},"endDate":{"date":"Mar 7, 2022"},"goalValue":"1753.0","updateDate":{"date":"Mar 7, 2022"},"createDate":{"date":"Mar 7, 2022"}},{"userProfilePk":95173854,"userGoalCategory":"MYFITNESSPAL","userGoalType":"NET_CALORIES","startDate":{"date":"Mar 7, 2022"},"endDate":{"date":"Mar 7, 2022"},"goalValue":"1753.0","updateDate":{"date":"Mar 7, 2022"},"createDate":{"date":"Mar 7, 2022"}},{"userProfilePk":95173854,"userGoalCategory":"MYFITNESSPAL","userGoalType":"NET_CALORIES","startDate":{"date":"Mar 7, 2022"},"endDate":{"date":"Mar 7, 2022"},"goalValue":"1753.0","updateDate":{"date":"Mar 7, 2022"},"createDate":{"date":"Mar 7, 2022"}},{"userProfilePk":95173854,"userGoalCategory":"MYFITNESSPAL","userGoalType":"NET_CALORIES","startDate":{"date":"Mar 7, 2022"},"endDate":{"date":"Mar 7, 2022"},"goalValue":"1753.0","updateDate":{"date":"Mar 7, 2022"},"createDate":{"date":"Mar 7, 2022"}},{"userProfilePk":95173854,"userGoalCategory":"MYFITNESSPAL","userGoalType":"NET_CALORIES","startDate":{"date":"Mar 7, 2022"},"endDate":{"date":"Mar 7, 2022"},"goalValue":"1753.0","updateDate":{"date":"Mar 7, 2022"},"createDate":{"date":"Mar 7, 2022"}},{"userProfilePk":95173854,"userGoalCategory":"MYFITNESSPAL","userGoalType":"NET_CALORIES","startDate":{"date":"Mar 7, 2022"},"endDate":{"date":"Mar 7, 2022"},"goalValue":"1753.0","updateDate":{"date":"Mar 7, 2022"},"createDate":{"date":"Mar 7, 2022"}},{"userProfilePk":95173854,"userGoalCategory":"MYFITNESSPAL","userGoalType":"NET_CALORIES","startDate":{"date":"Mar 7, 2022"},"endDate":{"date":"Mar 7, 2022"},"goalValue":"1753.0","updateDate":{"date":"Mar 7, 2022"},"createDate":{"date":"Mar 7, 2022"}},{"userProfilePk":95173854,"userGoalCategory":"MYFITNESSPAL","userGoalType":"NET_CALORIES","startDate":{"date":"Mar 7, 2022"},"endDate":{"date":"Mar 7, 2022"},"goalValue":"1753.0","updateDate":{"date":"Mar 7, 2022"},"createDate":{"date":"Mar 7, 2022"}},{"userProfilePk":95173854,"userGoalCategory":"MYFITNESSPAL","userGoalType":"NET_CALORIES","startDate":{"date":"Mar 7, 2022"},"endDate":{"date":"Mar 7, 2022"},"goalValue":"1753.0","updateDate":{"date":"Mar 7, 2022"},"createDate":{"date":"Mar 7, 2022"}},{"userProfilePk":95173854,"userGoalCategory":"MYFITNESSPAL","userGoalType":"NET_CALORIES","startDate":{"date":"Mar 7, 2022"},"endDate":{"date":"Mar 7, 2022"},"goalValue":"1753.0","updateDate":{"date":"Mar 7, 2022"},"createDate":{"date":"Mar 7, 2022"}},{"userProfilePk":95173854,"userGoalCategory":"MYFITNESSPAL","userGoalType":"NET_CALORIES","startDate":{"date":"Mar 7, 2022"},"endDate":{"date":"Mar 7, 2022"},"goalValue":"1753.0","updateDate":{"date":"Mar 7, 2022"},"createDate":{"date":"Mar 7, 2022"}},{"userProfilePk":95173854,"userGoalCategory":"MYFITNESSPAL","userGoalType":"NET_CALORIES","startDate":{"date":"Mar 8, 2022"},"endDate":{"date":"Mar 8, 2022"},"goalValue":"1753.0","updateDate":{"date":"Mar 8, 2022"},"createDate":{"date":"Mar 8, 2022"}},{"userProfilePk":95173854,"userGoalCategory":"MYFITNESSPAL","userGoalType":"NET_CALORIES","startDate":{"date":"Mar 8, 2022"},"endDate":{"date":"Mar 8, 2022"},"goalValue":"1753.0","updateDate":{"date":"Mar 8, 2022"},"createDate":{"date":"Mar 8, 2022"}},{"userProfilePk":95173854,"userGoalCategory":"MYFITNESSPAL","userGoalType":"NET_CALORIES","startDate":{"date":"Mar 8, 2022"},"endDate":{"date":"Mar 8, 2022"},"goalValue":"1753.0","updateDate":{"date":"Mar 8, 2022"},"createDate":{"date":"Mar 8, 2022"}},{"userProfilePk":95173854,"userGoalCategory":"MYFITNESSPAL","userGoalType":"NET_CALORIES","startDate":{"date":"Mar 8, 2022"},"endDate":{"date":"Mar 8, 2022"},"goalValue":"1753.0","updateDate":{"date":"Mar 8, 2022"},"createDate":{"date":"Mar 8, 2022"}},{"userProfilePk":95173854,"userGoalCategory":"MYFITNESSPAL","userGoalType":"NET_CALORIES","startDate":{"date":"Mar 8, 2022"},"endDate":{"date":"Mar 8, 2022"},"goalValue":"1753.0","updateDate":{"date":"Mar 8, 2022"},"createDate":{"date":"Mar 8, 2022"}},{"userProfilePk":95173854,"userGoalCategory":"MYFITNESSPAL","userGoalType":"NET_CALORIES","startDate":{"date":"Mar 8, 2022"},"endDate":{"date":"Mar 8, 2022"},"goalValue":"1753.0","updateDate":{"date":"Mar 8, 2022"},"createDate":{"date":"Mar 8, 2022"}},{"userProfilePk":95173854,"userGoalCategory":"MYFITNESSPAL","userGoalType":"NET_CALORIES","startDate":{"date":"Mar 8, 2022"},"endDate":{"date":"Mar 8, 2022"},"goalValue":"1753.0","updateDate":{"date":"Mar 8, 2022"},"createDate":{"date":"Mar 8, 2022"}},{"userProfilePk":95173854,"userGoalCategory":"MYFITNESSPAL","userGoalType":"NET_CALORIES","startDate":{"date":"Mar 9, 2022"},"endDate":{"date":"Mar 9, 2022"},"goalValue":"1753.0","updateDate":{"date":"Mar 9, 2022"},"createDate":{"date":"Mar 9, 2022"}},{"userProfilePk":95173854,"userGoalCategory":"MYFITNESSPAL","userGoalType":"NET_CALORIES","startDate":{"date":"Mar 9, 2022"},"endDate":{"date":"Mar 9, 2022"},"goalValue":"1753.0","updateDate":{"date":"Mar 9, 2022"},"createDate":{"date":"Mar 9, 2022"}},{"userProfilePk":95173854,"userGoalCategory":"MYFITNESSPAL","userGoalType":"NET_CALORIES","startDate":{"date":"Mar 9, 2022"},"endDate":{"date":"Mar 9, 2022"},"goalValue":"1753.0","updateDate":{"date":"Mar 9, 2022"},"createDate":{"date":"Mar 9, 2022"}},{"userProfilePk":95173854,"userGoalCategory":"MYFITNESSPAL","userGoalType":"NET_CALORIES","startDate":{"date":"Mar 9, 2022"},"endDate":{"date":"Mar 9, 2022"},"goalValue":"1753.0","updateDate":{"date":"Mar 9, 2022"},"createDate":{"date":"Mar 9, 2022"}},{"userProfilePk":95173854,"userGoalCategory":"MYFITNESSPAL","userGoalType":"NET_CALORIES","startDate":{"date":"Mar 9, 2022"},"endDate":{"date":"Mar 9, 2022"},"goalValue":"1753.0","updateDate":{"date":"Mar 9, 2022"},"createDate":{"date":"Mar 9, 2022"}},{"userProfilePk":95173854,"userGoalCategory":"MYFITNESSPAL","userGoalType":"NET_CALORIES","startDate":{"date":"Mar 9, 2022"},"endDate":{"date":"Mar 9, 2022"},"goalValue":"1753.0","updateDate":{"date":"Mar 9, 2022"},"createDate":{"date":"Mar 9, 2022"}},{"userProfilePk":95173854,"userGoalCategory":"MYFITNESSPAL","userGoalType":"NET_CALORIES","startDate":{"date":"Mar 9, 2022"},"endDate":{"date":"Mar 9, 2022"},"goalValue":"1753.0","updateDate":{"date":"Mar 9, 2022"},"createDate":{"date":"Mar 9, 2022"}},{"userProfilePk":95173854,"userGoalCategory":"MYFITNESSPAL","userGoalType":"NET_CALORIES","startDate":{"date":"Mar 9, 2022"},"endDate":{"date":"Mar 9, 2022"},"goalValue":"1753.0","updateDate":{"date":"Mar 9, 2022"},"createDate":{"date":"Mar 9, 2022"}},{"userProfilePk":95173854,"userGoalCategory":"MYFITNESSPAL","userGoalType":"NET_CALORIES","startDate":{"date":"Mar 9, 2022"},"endDate":{"date":"Mar 9, 2022"},"goalValue":"1753.0","updateDate":{"date":"Mar 9, 2022"},"createDate":{"date":"Mar 9, 2022"}},{"userProfilePk":95173854,"userGoalCategory":"MYFITNESSPAL","userGoalType":"NET_CALORIES","startDate":{"date":"Mar 9, 2022"},"endDate":{"date":"Mar 9, 2022"},"goalValue":"1753.0","updateDate":{"date":"Mar 9, 2022"},"createDate":{"date":"Mar 9, 2022"}},{"userProfilePk":95173854,"userGoalCategory":"MYFITNESSPAL","userGoalType":"NET_CALORIES","startDate":{"date":"Mar 9, 2022"},"endDate":{"date":"Mar 9, 2022"},"goalValue":"1753.0","updateDate":{"date":"Mar 9, 2022"},"createDate":{"date":"Mar 9, 2022"}},{"userProfilePk":95173854,"userGoalCategory":"MYFITNESSPAL","userGoalType":"NET_CALORIES","startDate":{"date":"Mar 9, 2022"},"endDate":{"date":"Mar 9, 2022"},"goalValue":"1753.0","updateDate":{"date":"Mar 9, 2022"},"createDate":{"date":"Mar 9, 2022"}},{"userProfilePk":95173854,"userGoalCategory":"MYFITNESSPAL","userGoalType":"NET_CALORIES","startDate":{"date":"Mar 9, 2022"},"endDate":{"date":"Mar 9, 2022"},"goalValue":"1753.0","updateDate":{"date":"Mar 9, 2022"},"createDate":{"date":"Mar 9, 2022"}},{"userProfilePk":95173854,"userGoalCategory":"MYFITNESSPAL","userGoalType":"NET_CALORIES","startDate":{"date":"Mar 10, 2022"},"endDate":{"date":"Mar 10, 2022"},"goalValue":"1753.0","updateDate":{"date":"Mar 10, 2022"},"createDate":{"date":"Mar 10, 2022"}},{"userProfilePk":95173854,"userGoalCategory":"MYFITNESSPAL","userGoalType":"NET_CALORIES","startDate":{"date":"Mar 10, 2022"},"endDate":{"date":"Mar 10, 2022"},"goalValue":"1753.0","updateDate":{"date":"Mar 10, 2022"},"createDate":{"date":"Mar 10, 2022"}},{"userProfilePk":95173854,"userGoalCategory":"MYFITNESSPAL","userGoalType":"NET_CALORIES","startDate":{"date":"Mar 10, 2022"},"endDate":{"date":"Mar 10, 2022"},"goalValue":"1753.0","updateDate":{"date":"Mar 10, 2022"},"createDate":{"date":"Mar 10, 2022"}},{"userProfilePk":95173854,"userGoalCategory":"MYFITNESSPAL","userGoalType":"NET_CALORIES","startDate":{"date":"Mar 10, 2022"},"endDate":{"date":"Mar 10, 2022"},"goalValue":"1753.0","updateDate":{"date":"Mar 10, 2022"},"createDate":{"date":"Mar 10, 2022"}},{"userProfilePk":95173854,"userGoalCategory":"MYFITNESSPAL","userGoalType":"NET_CALORIES","startDate":{"date":"Mar 10, 2022"},"endDate":{"date":"Mar 10, 2022"},"goalValue":"1753.0","updateDate":{"date":"Mar 10, 2022"},"createDate":{"date":"Mar 10, 2022"}},{"userProfilePk":95173854,"userGoalCategory":"MYFITNESSPAL","userGoalType":"NET_CALORIES","startDate":{"date":"Mar 10, 2022"},"endDate":{"date":"Mar 10, 2022"},"goalValue":"1753.0","updateDate":{"date":"Mar 10, 2022"},"createDate":{"date":"Mar 10, 2022"}},{"userProfilePk":95173854,"userGoalCategory":"MYFITNESSPAL","userGoalType":"NET_CALORIES","startDate":{"date":"Mar 10, 2022"},"endDate":{"date":"Mar 10, 2022"},"goalValue":"1753.0","updateDate":{"date":"Mar 10, 2022"},"createDate":{"date":"Mar 10, 2022"}},{"userProfilePk":95173854,"userGoalCategory":"MYFITNESSPAL","userGoalType":"NET_CALORIES","startDate":{"date":"Mar 10, 2022"},"endDate":{"date":"Mar 10, 2022"},"goalValue":"1753.0","updateDate":{"date":"Mar 10, 2022"},"createDate":{"date":"Mar 10, 2022"}},{"userProfilePk":95173854,"userGoalCategory":"MYFITNESSPAL","userGoalType":"NET_CALORIES","startDate":{"date":"Mar 10, 2022"},"endDate":{"date":"Mar 10, 2022"},"goalValue":"1753.0","updateDate":{"date":"Mar 10, 2022"},"createDate":{"date":"Mar 10, 2022"}},{"userProfilePk":95173854,"userGoalCategory":"MYFITNESSPAL","userGoalType":"NET_CALORIES","startDate":{"date":"Mar 10, 2022"},"endDate":{"date":"Mar 10, 2022"},"goalValue":"1753.0","updateDate":{"date":"Mar 10, 2022"},"createDate":{"date":"Mar 10, 2022"}},{"userProfilePk":95173854,"userGoalCategory":"MYFITNESSPAL","userGoalType":"NET_CALORIES","startDate":{"date":"Mar 11, 2022"},"endDate":{"date":"Mar 11, 2022"},"goalValue":"1753.0","updateDate":{"date":"Mar 11, 2022"},"createDate":{"date":"Mar 11, 2022"}},{"userProfilePk":95173854,"userGoalCategory":"MYFITNESSPAL","userGoalType":"NET_CALORIES","startDate":{"date":"Mar 11, 2022"},"endDate":{"date":"Mar 11, 2022"},"goalValue":"1753.0","updateDate":{"date":"Mar 11, 2022"},"createDate":{"date":"Mar 11, 2022"}},{"userProfilePk":95173854,"userGoalCategory":"MYFITNESSPAL","userGoalType":"NET_CALORIES","startDate":{"date":"Mar 11, 2022"},"endDate":{"date":"Mar 11, 2022"},"goalValue":"1753.0","updateDate":{"date":"Mar 11, 2022"},"createDate":{"date":"Mar 11, 2022"}},{"userProfilePk":95173854,"userGoalCategory":"MYFITNESSPAL","userGoalType":"NET_CALORIES","startDate":{"date":"Mar 11, 2022"},"endDate":{"date":"Mar 11, 2022"},"goalValue":"1753.0","updateDate":{"date":"Mar 11, 2022"},"createDate":{"date":"Mar 11, 2022"}},{"userProfilePk":95173854,"userGoalCategory":"MYFITNESSPAL","userGoalType":"NET_CALORIES","startDate":{"date":"Mar 11, 2022"},"endDate":{"date":"Mar 11, 2022"},"goalValue":"1753.0","updateDate":{"date":"Mar 11, 2022"},"createDate":{"date":"Mar 11, 2022"}},{"userProfilePk":95173854,"userGoalCategory":"MYFITNESSPAL","userGoalType":"NET_CALORIES","startDate":{"date":"Mar 11, 2022"},"endDate":{"date":"Mar 11, 2022"},"goalValue":"1753.0","updateDate":{"date":"Mar 11, 2022"},"createDate":{"date":"Mar 11, 2022"}},{"userProfilePk":95173854,"userGoalCategory":"MYFITNESSPAL","userGoalType":"NET_CALORIES","startDate":{"date":"Mar 11, 2022"},"endDate":{"date":"Mar 11, 2022"},"goalValue":"1753.0","updateDate":{"date":"Mar 11, 2022"},"createDate":{"date":"Mar 11, 2022"}},{"userProfilePk":95173854,"userGoalCategory":"MYFITNESSPAL","userGoalType":"NET_CALORIES","startDate":{"date":"Mar 12, 2022"},"endDate":{"date":"Mar 12, 2022"},"goalValue":"1753.0","updateDate":{"date":"Mar 12, 2022"},"createDate":{"date":"Mar 12, 2022"}},{"userProfilePk":95173854,"userGoalCategory":"MYFITNESSPAL","userGoalType":"NET_CALORIES","startDate":{"date":"Mar 12, 2022"},"endDate":{"date":"Mar 12, 2022"},"goalValue":"1753.0","updateDate":{"date":"Mar 12, 2022"},"createDate":{"date":"Mar 12, 2022"}},{"userProfilePk":95173854,"userGoalCategory":"MYFITNESSPAL","userGoalType":"NET_CALORIES","startDate":{"date":"Mar 12, 2022"},"endDate":{"date":"Mar 12, 2022"},"goalValue":"1753.0","updateDate":{"date":"Mar 12, 2022"},"createDate":{"date":"Mar 12, 2022"}},{"userProfilePk":95173854,"userGoalCategory":"MYFITNESSPAL","userGoalType":"NET_CALORIES","startDate":{"date":"Mar 12, 2022"},"endDate":{"date":"Mar 12, 2022"},"goalValue":"1753.0","updateDate":{"date":"Mar 12, 2022"},"createDate":{"date":"Mar 12, 2022"}},{"userProfilePk":95173854,"userGoalCategory":"MYFITNESSPAL","userGoalType":"NET_CALORIES","startDate":{"date":"Mar 12, 2022"},"endDate":{"date":"Mar 12, 2022"},"goalValue":"1753.0","updateDate":{"date":"Mar 12, 2022"},"createDate":{"date":"Mar 12, 2022"}},{"userProfilePk":95173854,"userGoalCategory":"MYFITNESSPAL","userGoalType":"NET_CALORIES","startDate":{"date":"Mar 12, 2022"},"endDate":{"date":"Mar 12, 2022"},"goalValue":"1753.0","updateDate":{"date":"Mar 12, 2022"},"createDate":{"date":"Mar 12, 2022"}},{"userProfilePk":95173854,"userGoalCategory":"MYFITNESSPAL","userGoalType":"NET_CALORIES","startDate":{"date":"Mar 12, 2022"},"endDate":{"date":"Mar 12, 2022"},"goalValue":"1753.0","updateDate":{"date":"Mar 12, 2022"},"createDate":{"date":"Mar 12, 2022"}},{"userProfilePk":95173854,"userGoalCategory":"MYFITNESSPAL","userGoalType":"NET_CALORIES","startDate":{"date":"Mar 13, 2022"},"endDate":{"date":"Mar 13, 2022"},"goalValue":"1753.0","updateDate":{"date":"Mar 13, 2022"},"createDate":{"date":"Mar 13, 2022"}},{"userProfilePk":95173854,"userGoalCategory":"MYFITNESSPAL","userGoalType":"NET_CALORIES","startDate":{"date":"Mar 13, 2022"},"endDate":{"date":"Mar 13, 2022"},"goalValue":"1753.0","updateDate":{"date":"Mar 13, 2022"},"createDate":{"date":"Mar 13, 2022"}},{"userProfilePk":95173854,"userGoalCategory":"MYFITNESSPAL","userGoalType":"NET_CALORIES","startDate":{"date":"Mar 13, 2022"},"endDate":{"date":"Mar 13, 2022"},"goalValue":"1753.0","updateDate":{"date":"Mar 13, 2022"},"createDate":{"date":"Mar 13, 2022"}},{"userProfilePk":95173854,"userGoalCategory":"MYFITNESSPAL","userGoalType":"NET_CALORIES","startDate":{"date":"Mar 13, 2022"},"endDate":{"date":"Mar 13, 2022"},"goalValue":"1753.0","updateDate":{"date":"Mar 13, 2022"},"createDate":{"date":"Mar 13, 2022"}},{"userProfilePk":95173854,"userGoalCategory":"MYFITNESSPAL","userGoalType":"NET_CALORIES","startDate":{"date":"Mar 13, 2022"},"endDate":{"date":"Mar 13, 2022"},"goalValue":"1753.0","updateDate":{"date":"Mar 13, 2022"},"createDate":{"date":"Mar 13, 2022"}},{"userProfilePk":95173854,"userGoalCategory":"MYFITNESSPAL","userGoalType":"NET_CALORIES","startDate":{"date":"Mar 13, 2022"},"endDate":{"date":"Mar 13, 2022"},"goalValue":"1753.0","updateDate":{"date":"Mar 13, 2022"},"createDate":{"date":"Mar 13, 2022"}},{"userProfilePk":95173854,"userGoalCategory":"MYFITNESSPAL","userGoalType":"NET_CALORIES","startDate":{"date":"Mar 13, 2022"},"endDate":{"date":"Mar 13, 2022"},"goalValue":"1753.0","updateDate":{"date":"Mar 13, 2022"},"createDate":{"date":"Mar 13, 2022"}},{"userProfilePk":95173854,"userGoalCategory":"MYFITNESSPAL","userGoalType":"NET_CALORIES","startDate":{"date":"Mar 13, 2022"},"endDate":{"date":"Mar 13, 2022"},"goalValue":"1753.0","updateDate":{"date":"Mar 13, 2022"},"createDate":{"date":"Mar 13, 2022"}},{"userProfilePk":95173854,"userGoalCategory":"MYFITNESSPAL","userGoalType":"NET_CALORIES","startDate":{"date":"Mar 13, 2022"},"endDate":{"date":"Mar 13, 2022"},"goalValue":"1753.0","updateDate":{"date":"Mar 13, 2022"},"createDate":{"date":"Mar 13, 2022"}},{"userProfilePk":95173854,"userGoalCategory":"MYFITNESSPAL","userGoalType":"NET_CALORIES","startDate":{"date":"Mar 13, 2022"},"endDate":{"date":"Mar 13, 2022"},"goalValue":"1753.0","updateDate":{"date":"Mar 13, 2022"},"createDate":{"date":"Mar 13, 2022"}}]