[{"version":1618941736877,"metaData":{"userProfilePK":95173854,"calendarDate":"2020-08-12T01:20:01.0","sequence":1618941736877},"weight":{"weight":74000.0,"sourceType":"CHANGE_LOG","timestampGMT":"2020-08-11T22:20:01.0"},"userSetNullForHeight":false,"userSetNullForWeight":false,"userSetNullForActivityClass":false,"userSetNullForLactateThresholdSpeed":false,"userSetNullForLactateThresholdHR":false,"userSetNullForVO2MaxCycling":false,"userSetNullForVO2MaxRunning":false},{"version":1618941736353,"metaData":{"userProfilePK":95173854,"calendarDate":"2021-04-20T21:02:16.333","sequence":1618941736353},"height":167.0,"userSetNullForHeight":false,"userSetNullForWeight":true,"userSetNullForActivityClass":true,"userSetNullForLactateThresholdSpeed":true,"userSetNullForLactateThresholdHR":true,"userSetNullForVO2MaxCycling":true,"userSetNullForVO2MaxRunning":true},{"version":1618941840101,"metaData":{"userProfilePK":95173854,"calendarDate":"2021-04-20T21:04:00.92","sequence":1618941840101},"height":167.0,"userSetNullForHeight":false,"userSetNullForWeight":false,"userSetNullForActivityClass":false,"userSetNullForLactateThresholdSpeed":false,"userSetNullForLactateThresholdHR":false,"userSetNullForVO2MaxCycling":false,"userSetNullForVO2MaxRunning":false},{"version":1618941840172,"metaData":{"userProfilePK":95173854,"calendarDate":"2021-04-20T21:04:00.92","sequence":1618941840172},"weight":{"weight":74000.0,"sourceType":"USER_SETTING","timestampGMT":"2021-04-20T18:04:00.920"},"userSetNullForHeight":false,"userSetNullForWeight":false,"userSetNullForActivityClass":false,"userSetNullForLactateThresholdSpeed":false,"userSetNullForLactateThresholdHR":false,"userSetNullForVO2MaxCycling":false,"userSetNullForVO2MaxRunning":false},{"version":1619671089611,"metaData":{"userProfilePK":95173854,"calendarDate":"2021-04-29T07:38:09.587","sequence":1619671089611},"weight":{"weight":75000.0,"sourceType":"USER_SETTING","timestampGMT":"2021-04-29T04:38:09.587"},"userSetNullForHeight":false,"userSetNullForWeight":false,"userSetNullForActivityClass":false,"userSetNullForLactateThresholdSpeed":false,"userSetNullForLactateThresholdHR":false,"userSetNullForVO2MaxCycling":false,"userSetNullForVO2MaxRunning":false},{"version":1620277075587,"metaData":{"userProfilePK":95173854,"calendarDate":"2021-05-06T07:57:55.549","sequence":1620277075587},"weight":{"weight":74500.0,"sourceType":"USER_SETTING","timestampGMT":"2021-05-06T04:57:55.549"},"userSetNullForHeight":false,"userSetNullForWeight":false,"userSetNullForActivityClass":false,"userSetNullForLactateThresholdSpeed":false,"userSetNullForLactateThresholdHR":false,"userSetNullForVO2MaxCycling":false,"userSetNullForVO2MaxRunning":false},{"version":1621574294713,"metaData":{"userProfilePK":95173854,"calendarDate":"2021-05-21T08:18:14.690","sequence":1621574294713},"weight":{"weight":75500.0,"sourceType":"USER_SETTING","timestampGMT":"2021-05-21T05:18:14.690"},"userSetNullForHeight":false,"userSetNullForWeight":false,"userSetNullForActivityClass":false,"userSetNullForLactateThresholdSpeed":false,"userSetNullForLactateThresholdHR":false,"userSetNullForVO2MaxCycling":false,"userSetNullForVO2MaxRunning":false},{"version":1624467507947,"metaData":{"userProfilePK":95173854,"calendarDate":"2021-06-23T00:00:00.0","sequence":1624467507947},"vo2MaxRunning":45.0,"userSetNullForHeight":false,"userSetNullForWeight":false,"userSetNullForActivityClass":false,"userSetNullForLactateThresholdSpeed":false,"userSetNullForLactateThresholdHR":false,"userSetNullForVO2MaxCycling":false,"userSetNullForVO2MaxRunning":false},{"version":1625675611854,"metaData":{"userProfilePK":95173854,"calendarDate":"2021-07-07T00:00:00.0","sequence":1625675611854},"vo2MaxRunning":45.0,"userSetNullForHeight":false,"userSetNullForWeight":false,"userSetNullForActivityClass":false,"userSetNullForLactateThresholdSpeed":false,"userSetNullForLactateThresholdHR":false,"userSetNullForVO2MaxCycling":false,"userSetNullForVO2MaxRunning":false},{"version":1625765241970,"metaData":{"userProfilePK":95173854,"calendarDate":"2021-07-08T00:00:00.0","sequence":1625765241970},"vo2MaxRunning":44.0,"userSetNullForHeight":false,"userSetNullForWeight":false,"userSetNullForActivityClass":false,"userSetNullForLactateThresholdSpeed":false,"userSetNullForLactateThresholdHR":false,"userSetNullForVO2MaxCycling":false,"userSetNullForVO2MaxRunning":false},{"version":1626896389805,"metaData":{"userProfilePK":95173854,"calendarDate":"2021-07-15T00:00:00.0","sequence":1626896389805},"vo2MaxRunning":44.0,"userSetNullForHeight":false,"userSetNullForWeight":false,"userSetNullForActivityClass":false,"userSetNullForLactateThresholdSpeed":false,"userSetNullForLactateThresholdHR":false,"userSetNullForVO2MaxCycling":false,"userSetNullForVO2MaxRunning":false},{"version":1627493549093,"metaData":{"userProfilePK":95173854,"calendarDate":"2021-07-28T00:00:00.0","sequence":1627493549093},"vo2MaxRunning":44.0,"userSetNullForHeight":false,"userSetNullForWeight":false,"userSetNullForActivityClass":false,"userSetNullForLactateThresholdSpeed":false,"userSetNullForLactateThresholdHR":false,"userSetNullForVO2MaxCycling":false,"userSetNullForVO2MaxRunning":false},{"version":1629478983536,"metaData":{"userProfilePK":95173854,"calendarDate":"2021-08-20T00:00:00.0","sequence":1629478983536},"vo2MaxRunning":44.0,"userSetNullForHeight":false,"userSetNullForWeight":false,"userSetNullForActivityClass":false,"userSetNullForLactateThresholdSpeed":false,"userSetNullForLactateThresholdHR":false,"userSetNullForVO2MaxCycling":false,"userSetNullForVO2MaxRunning":false},{"version":1630515936003,"metaData":{"userProfilePK":95173854,"calendarDate":"2021-09-01T00:00:00.0","sequence":1630515936003},"vo2MaxRunning":44.0,"userSetNullForHeight":false,"userSetNullForWeight":false,"userSetNullForActivityClass":false,"userSetNullForLactateThresholdSpeed":false,"userSetNullForLactateThresholdHR":false,"userSetNullForVO2MaxCycling":false,"userSetNullForVO2MaxRunning":false},{"version":1631032095988,"metaData":{"userProfilePK":95173854,"calendarDate":"2021-09-07T00:00:00.0","sequence":1631032095988},"vo2MaxRunning":44.0,"userSetNullForHeight":false,"userSetNullForWeight":false,"userSetNullForActivityClass":false,"userSetNullForLactateThresholdSpeed":false,"userSetNullForLactateThresholdHR":false,"userSetNullForVO2MaxCycling":false,"userSetNullForVO2MaxRunning":false},{"version":1631725614576,"metaData":{"userProfilePK":95173854,"calendarDate":"2021-09-15T00:00:00.0","sequence":1631725614576},"vo2MaxRunning":43.0,"userSetNullForHeight":false,"userSetNullForWeight":false,"userSetNullForActivityClass":false,"userSetNullForLactateThresholdSpeed":false,"userSetNullForLactateThresholdHR":false,"userSetNullForVO2MaxCycling":false,"userSetNullForVO2MaxRunning":false},{"version":1632498191330,"metaData":{"userProfilePK":95173854,"calendarDate":"2021-09-24T00:00:00.0","sequence":1632498191330},"vo2MaxRunning":43.0,"userSetNullForHeight":false,"userSetNullForWeight":false,"userSetNullForActivityClass":false,"userSetNullForLactateThresholdSpeed":false,"userSetNullForLactateThresholdHR":false,"userSetNullForVO2MaxCycling":false,"userSetNullForVO2MaxRunning":false},{"version":1632758496125,"metaData":{"userProfilePK":95173854,"calendarDate":"2021-09-27T00:00:00.0","sequence":1632758496125},"vo2MaxRunning":45.0,"userSetNullForHeight":false,"userSetNullForWeight":false,"userSetNullForActivityClass":false,"userSetNullForLactateThresholdSpeed":false,"userSetNullForLactateThresholdHR":false,"userSetNullForVO2MaxCycling":false,"userSetNullForVO2MaxRunning":false},{"version":1632765458722,"metaData":{"userProfilePK":95173854,"calendarDate":"2021-09-27T20:57:38.710","sequence":1632765458722},"height":167.0,"vo2MaxRunning":45.0,"userSetNullForHeight":false,"userSetNullForWeight":false,"userSetNullForActivityClass":true,"userSetNullForLactateThresholdSpeed":true,"userSetNullForLactateThresholdHR":true,"userSetNullForVO2MaxCycling":true,"userSetNullForVO2MaxRunning":false},{"version":1632765458741,"metaData":{"userProfilePK":95173854,"calendarDate":"2021-09-27T20:57:38.710","sequence":1632765458741},"weight":{"weight":75500.0,"sourceType":"USER_SETTING","timestampGMT":"2021-09-27T17:57:38.710"},"userSetNullForHeight":false,"userSetNullForWeight":false,"userSetNullForActivityClass":false,"userSetNullForLactateThresholdSpeed":false,"userSetNullForLactateThresholdHR":false,"userSetNullForVO2MaxCycling":false,"userSetNullForVO2MaxRunning":false},{"version":1632931679247,"metaData":{"userProfilePK":95173854,"calendarDate":"2021-09-29T00:00:00.0","sequence":1632931679247},"vo2MaxRunning":44.0,"userSetNullForHeight":false,"userSetNullForWeight":false,"userSetNullForActivityClass":false,"userSetNullForLactateThresholdSpeed":false,"userSetNullForLactateThresholdHR":false,"userSetNullForVO2MaxCycling":false,"userSetNullForVO2MaxRunning":false},{"version":1634061310869,"metaData":{"userProfilePK":95173854,"calendarDate":"2021-10-11T00:00:00.0","sequence":1634061310869},"vo2MaxRunning":44.0,"userSetNullForHeight":false,"userSetNullForWeight":false,"userSetNullForActivityClass":false,"userSetNullForLactateThresholdSpeed":false,"userSetNullForLactateThresholdHR":false,"userSetNullForVO2MaxCycling":false,"userSetNullForVO2MaxRunning":false},{"version":1634314362946,"metaData":{"userProfilePK":95173854,"calendarDate":"2021-10-15T00:00:00.0","sequence":1634314362946},"vo2MaxRunning":44.0,"userSetNullForHeight":false,"userSetNullForWeight":false,"userSetNullForActivityClass":false,"userSetNullForLactateThresholdSpeed":false,"userSetNullForLactateThresholdHR":false,"userSetNullForVO2MaxCycling":false,"userSetNullForVO2MaxRunning":false},{"version":1634915784659,"metaData":{"userProfilePK":95173854,"calendarDate":"2021-10-22T00:00:00.0","sequence":1634915784659},"vo2MaxRunning":45.0,"userSetNullForHeight":false,"userSetNullForWeight":false,"userSetNullForActivityClass":false,"userSetNullForLactateThresholdSpeed":false,"userSetNullForLactateThresholdHR":false,"userSetNullForVO2MaxCycling":false,"userSetNullForVO2MaxRunning":false},{"version":1635402600439,"metaData":{"userProfilePK":95173854,"calendarDate":"2021-10-28T00:00:00.0","sequence":1635402600439},"vo2MaxRunning":45.0,"userSetNullForHeight":false,"userSetNullForWeight":false,"userSetNullForActivityClass":false,"userSetNullForLactateThresholdSpeed":false,"userSetNullForLactateThresholdHR":false,"userSetNullForVO2MaxCycling":false,"userSetNullForVO2MaxRunning":false},{"version":1635837162232,"metaData":{"userProfilePK":95173854,"calendarDate":"2021-11-02T00:00:00.0","sequence":1635837162232},"vo2MaxRunning":45.0,"userSetNullForHeight":false,"userSetNullForWeight":false,"userSetNullForActivityClass":false,"userSetNullForLactateThresholdSpeed":false,"userSetNullForLactateThresholdHR":false,"userSetNullForVO2MaxCycling":false,"userSetNullForVO2MaxRunning":false},{"version":1636437751224,"metaData":{"userProfilePK":95173854,"calendarDate":"2021-11-09T00:00:00.0","sequence":1636437751224},"vo2MaxRunning":45.0,"userSetNullForHeight":false,"userSetNullForWeight":false,"userSetNullForActivityClass":false,"userSetNullForLactateThresholdSpeed":false,"userSetNullForLactateThresholdHR":false,"userSetNullForVO2MaxCycling":false,"userSetNullForVO2MaxRunning":false},{"version":1636915348047,"metaData":{"userProfilePK":95173854,"calendarDate":"2021-11-14T00:00:00.0","sequence":1636915348047},"vo2MaxRunning":45.0,"userSetNullForHeight":false,"userSetNullForWeight":false,"userSetNullForActivityClass":false,"userSetNullForLactateThresholdSpeed":false,"userSetNullForLactateThresholdHR":false,"userSetNullForVO2MaxCycling":false,"userSetNullForVO2MaxRunning":false},{"version":1636915348050,"metaData":{"userProfilePK":95173854,"calendarDate":"2021-11-14T00:00:00.0","sequence":1636915348050},"vo2MaxRunning":45.0,"userSetNullForHeight":false,"userSetNullForWeight":false,"userSetNullForActivityClass":false,"userSetNullForLactateThresholdSpeed":false,"userSetNullForLactateThresholdHR":false,"userSetNullForVO2MaxCycling":false,"userSetNullForVO2MaxRunning":false},{"version":1637046171456,"metaData":{"userProfilePK":95173854,"calendarDate":"2021-11-16T00:00:00.0","sequence":1637046171456},"vo2MaxRunning":45.0,"userSetNullForHeight":false,"userSetNullForWeight":false,"userSetNullForActivityClass":false,"userSetNullForLactateThresholdSpeed":false,"userSetNullForLactateThresholdHR":false,"userSetNullForVO2MaxCycling":false,"userSetNullForVO2MaxRunning":false},{"version":1637519515078,"metaData":{"userProfilePK":95173854,"calendarDate":"2021-11-21T00:00:00.0","sequence":1637519515078},"vo2MaxRunning":45.0,"userSetNullForHeight":false,"userSetNullForWeight":false,"userSetNullForActivityClass":false,"userSetNullForLactateThresholdSpeed":false,"userSetNullForLactateThresholdHR":false,"userSetNullForVO2MaxCycling":false,"userSetNullForVO2MaxRunning":false},{"version":1637657811751,"metaData":{"userProfilePK":95173854,"calendarDate":"2021-11-23T00:00:00.0","sequence":1637657811751},"vo2MaxRunning":44.0,"userSetNullForHeight":false,"userSetNullForWeight":false,"userSetNullForActivityClass":false,"userSetNullForLactateThresholdSpeed":false,"userSetNullForLactateThresholdHR":false,"userSetNullForVO2MaxCycling":false,"userSetNullForVO2MaxRunning":false},{"version":1638258047667,"metaData":{"userProfilePK":95173854,"calendarDate":"2021-11-30T00:00:00.0","sequence":1638258047667},"vo2MaxRunning":44.0,"userSetNullForHeight":false,"userSetNullForWeight":false,"userSetNullForActivityClass":false,"userSetNullForLactateThresholdSpeed":false,"userSetNullForLactateThresholdHR":false,"userSetNullForVO2MaxCycling":false,"userSetNullForVO2MaxRunning":false},{"version":1638691792403,"metaData":{"userProfilePK":95173854,"calendarDate":"2021-12-05T00:00:00.0","sequence":1638691792403},"vo2MaxRunning":45.0,"userSetNullForHeight":false,"userSetNullForWeight":false,"userSetNullForActivityClass":false,"userSetNullForLactateThresholdSpeed":false,"userSetNullForLactateThresholdHR":false,"userSetNullForVO2MaxCycling":false,"userSetNullForVO2MaxRunning":false},{"version":1638868831204,"metaData":{"userProfilePK":95173854,"calendarDate":"2021-12-07T00:00:00.0","sequence":1638868831204},"vo2MaxRunning":45.0,"userSetNullForHeight":false,"userSetNullForWeight":false,"userSetNullForActivityClass":false,"userSetNullForLactateThresholdSpeed":false,"userSetNullForLactateThresholdHR":false,"userSetNullForVO2MaxCycling":false,"userSetNullForVO2MaxRunning":false},{"version":1639902597926,"metaData":{"userProfilePK":95173854,"calendarDate":"2021-12-19T00:00:00.0","sequence":1639902597926},"vo2MaxRunning":44.0,"userSetNullForHeight":false,"userSetNullForWeight":false,"userSetNullForActivityClass":false,"userSetNullForLactateThresholdSpeed":false,"userSetNullForLactateThresholdHR":false,"userSetNullForVO2MaxCycling":false,"userSetNullForVO2MaxRunning":false},{"version":1642947594650,"metaData":{"userProfilePK":95173854,"calendarDate":"2022-01-20T00:00:00.0","sequence":1642947594650},"vo2MaxRunning":44.0,"userSetNullForHeight":false,"userSetNullForWeight":false,"userSetNullForActivityClass":false,"userSetNullForLactateThresholdSpeed":false,"userSetNullForLactateThresholdHR":false,"userSetNullForVO2MaxCycling":false,"userSetNullForVO2MaxRunning":false},{"version":1642947594653,"metaData":{"userProfilePK":95173854,"calendarDate":"2022-01-20T00:00:00.0","sequence":1642947594653},"vo2MaxRunning":45.0,"userSetNullForHeight":false,"userSetNullForWeight":false,"userSetNullForActivityClass":false,"userSetNullForLactateThresholdSpeed":false,"userSetNullForLactateThresholdHR":false,"userSetNullForVO2MaxCycling":false,"userSetNullForVO2MaxRunning":false},{"version":1642947594655,"metaData":{"userProfilePK":95173854,"calendarDate":"2022-01-20T00:00:00.0","sequence":1642947594655},"vo2MaxRunning":44.0,"userSetNullForHeight":false,"userSetNullForWeight":false,"userSetNullForActivityClass":false,"userSetNullForLactateThresholdSpeed":false,"userSetNullForLactateThresholdHR":false,"userSetNullForVO2MaxCycling":false,"userSetNullForVO2MaxRunning":false},{"version":1643647216040,"metaData":{"userProfilePK":95173854,"calendarDate":"2022-01-31T00:00:00.0","sequence":1643647216040},"vo2MaxRunning":44.0,"userSetNullForHeight":false,"userSetNullForWeight":false,"userSetNullForActivityClass":false,"userSetNullForLactateThresholdSpeed":false,"userSetNullForLactateThresholdHR":false,"userSetNullForVO2MaxCycling":false,"userSetNullForVO2MaxRunning":false},{"version":1644823847054,"metaData":{"userProfilePK":95173854,"calendarDate":"2022-02-14T09:30:21.0","sequence":1644823847054},"weight":{"weight":77899.95368912618,"sourceType":"MFP","timestampGMT":"2022-02-14T07:30:21.0"},"userSetNullForHeight":false,"userSetNullForWeight":false,"userSetNullForActivityClass":false,"userSetNullForLactateThresholdSpeed":false,"userSetNullForLactateThresholdHR":false,"userSetNullForVO2MaxCycling":false,"userSetNullForVO2MaxRunning":false},{"version":1645000953731,"metaData":{"userProfilePK":95173854,"calendarDate":"2022-02-16T00:00:00.0","sequence":1645000953731},"vo2MaxRunning":43.0,"userSetNullForHeight":false,"userSetNullForWeight":false,"userSetNullForActivityClass":false,"userSetNullForLactateThresholdSpeed":false,"userSetNullForLactateThresholdHR":false,"userSetNullForVO2MaxCycling":false,"userSetNullForVO2MaxRunning":false},{"version":1645203336053,"metaData":{"userProfilePK":95173854,"calendarDate":"2022-02-18T00:00:00.0","sequence":1645203336053},"vo2MaxRunning":43.0,"userSetNullForHeight":false,"userSetNullForWeight":false,"userSetNullForActivityClass":false,"userSetNullForLactateThresholdSpeed":false,"userSetNullForLactateThresholdHR":false,"userSetNullForVO2MaxCycling":false,"userSetNullForVO2MaxRunning":false},{"version":1645348145712,"metaData":{"userProfilePK":95173854,"calendarDate":"2022-02-20T00:00:00.0","sequence":1645348145712},"vo2MaxRunning":42.0,"userSetNullForHeight":false,"userSetNullForWeight":false,"userSetNullForActivityClass":false,"userSetNullForLactateThresholdSpeed":false,"userSetNullForLactateThresholdHR":false,"userSetNullForVO2MaxCycling":false,"userSetNullForVO2MaxRunning":false},{"version":1645425088062,"metaData":{"userProfilePK":95173854,"calendarDate":"2022-02-21T08:30:45.0","sequence":1645425088062},"weight":{"weight":76500.16763413232,"sourceType":"MFP","timestampGMT":"2022-02-21T06:30:45.0"},"userSetNullForHeight":false,"userSetNullForWeight":false,"userSetNullForActivityClass":false,"userSetNullForLactateThresholdSpeed":false,"userSetNullForLactateThresholdHR":false,"userSetNullForVO2MaxCycling":false,"userSetNullForVO2MaxRunning":false},{"version":1645636705419,"metaData":{"userProfilePK":95173854,"calendarDate":"2022-02-23T00:00:00.0","sequence":1645636705419},"vo2MaxRunning":42.0,"userSetNullForHeight":false,"userSetNullForWeight":false,"userSetNullForActivityClass":false,"userSetNullForLactateThresholdSpeed":false,"userSetNullForLactateThresholdHR":false,"userSetNullForVO2MaxCycling":false,"userSetNullForVO2MaxRunning":false},{"version":1645951940284,"metaData":{"userProfilePK":95173854,"calendarDate":"2022-02-27T00:00:00.0","sequence":1645951940284},"vo2MaxRunning":41.0,"userSetNullForHeight":false,"userSetNullForWeight":false,"userSetNullForActivityClass":false,"userSetNullForLactateThresholdSpeed":false,"userSetNullForLactateThresholdHR":false,"userSetNullForVO2MaxCycling":false,"userSetNullForVO2MaxRunning":false},{"version":1646075018501,"metaData":{"userProfilePK":95173854,"calendarDate":"2022-02-28T21:02:54.0","sequence":1646075018501},"weight":{"weight":76500.16763413232,"sourceType":"MFP","timestampGMT":"2022-02-28T19:02:54.0"},"userSetNullForHeight":false,"userSetNullForWeight":false,"userSetNullForActivityClass":false,"userSetNullForLactateThresholdSpeed":false,"userSetNullForLactateThresholdHR":false,"userSetNullForVO2MaxCycling":false,"userSetNullForVO2MaxRunning":false},{"version":1646240388543,"metaData":{"userProfilePK":95173854,"calendarDate":"2022-03-02T00:00:00.0","sequence":1646240388543},"vo2MaxRunning":42.0,"userSetNullForHeight":false,"userSetNullForWeight":false,"userSetNullForActivityClass":false,"userSetNullForLactateThresholdSpeed":false,"userSetNullForLactateThresholdHR":false,"userSetNullForVO2MaxCycling":false,"userSetNullForVO2MaxRunning":false},{"version":1646634301594,"metaData":{"userProfilePK":95173854,"calendarDate":"2022-03-07T08:24:45.0","sequence":1646634301594},"weight":{"weight":75099.9279867681,"sourceType":"MFP","timestampGMT":"2022-03-07T06:24:45.0"},"userSetNullForHeight":false,"userSetNullForWeight":false,"userSetNullForActivityClass":false,"userSetNullForLactateThresholdSpeed":false,"userSetNullForLactateThresholdHR":false,"userSetNullForVO2MaxCycling":false,"userSetNullForVO2MaxRunning":false},{"version":1646726837850,"metaData":{"userProfilePK":95173854,"calendarDate":"2022-03-08T00:00:00.0","sequence":1646726837850},"vo2MaxRunning":41.0,"userSetNullForHeight":false,"userSetNullForWeight":false,"userSetNullForActivityClass":false,"userSetNullForLactateThresholdSpeed":false,"userSetNullForLactateThresholdHR":false,"userSetNullForVO2MaxCycling":false,"userSetNullForVO2MaxRunning":false},{"version":1647158042713,"metaData":{"userProfilePK":95173854,"calendarDate":"2022-03-13T00:00:00.0","sequence":1647158042713},"vo2MaxRunning":42.0,"userSetNullForHeight":false,"userSetNullForWeight":false,"userSetNullForActivityClass":false,"userSetNullForLactateThresholdSpeed":false,"userSetNullForLactateThresholdHR":false,"userSetNullForVO2MaxCycling":false,"userSetNullForVO2MaxRunning":false},{"version":1647498080205,"metaData":{"userProfilePK":95173854,"calendarDate":"2022-03-17T08:20:59.0","sequence":1647498080205},"weight":{"weight":74899.89375143035,"sourceType":"MFP","timestampGMT":"2022-03-17T06:20:59.0"},"userSetNullForHeight":false,"userSetNullForWeight":false,"userSetNullForActivityClass":false,"userSetNullForLactateThresholdSpeed":false,"userSetNullForLactateThresholdHR":false,"userSetNullForVO2MaxCycling":false,"userSetNullForVO2MaxRunning":false},{"version":1647615043875,"metaData":{"userProfilePK":95173854,"calendarDate":"2022-03-18T00:00:00.0","sequence":1647615043875},"vo2MaxRunning":43.0,"userSetNullForHeight":false,"userSetNullForWeight":false,"userSetNullForActivityClass":false,"userSetNullForLactateThresholdSpeed":false,"userSetNullForLactateThresholdHR":false,"userSetNullForVO2MaxCycling":false,"userSetNullForVO2MaxRunning":false},{"version":1647628638559,"metaData":{"userProfilePK":95173854,"calendarDate":"2022-03-18T20:37:14.0","sequence":1647628638559},"weight":{"weight":74899.89375143035,"sourceType":"MANUAL","timestampGMT":"2022-03-18T18:37:14.0"},"userSetNullForHeight":false,"userSetNullForWeight":false,"userSetNullForActivityClass":false,"userSetNullForLactateThresholdSpeed":false,"userSetNullForLactateThresholdHR":false,"userSetNullForVO2MaxCycling":false,"userSetNullForVO2MaxRunning":false},{"version":1647767524863,"metaData":{"userProfilePK":95173854,"calendarDate":"2022-03-20T00:00:00.0","sequence":1647767524863},"vo2MaxRunning":43.0,"userSetNullForHeight":false,"userSetNullForWeight":false,"userSetNullForActivityClass":false,"userSetNullForLactateThresholdSpeed":false,"userSetNullForLactateThresholdHR":false,"userSetNullForVO2MaxCycling":false,"userSetNullForVO2MaxRunning":false},{"version":1647848904110,"metaData":{"userProfilePK":95173854,"calendarDate":"2022-03-21T09:48:00.0","sequence":1647848904110},"weight":{"weight":74200.00072393342,"sourceType":"MFP","timestampGMT":"2022-03-21T07:48:00.0"},"userSetNullForHeight":false,"userSetNullForWeight":false,"userSetNullForActivityClass":false,"userSetNullForLactateThresholdSpeed":false,"userSetNullForLactateThresholdHR":false,"userSetNullForVO2MaxCycling":false,"userSetNullForVO2MaxRunning":false},{"version":1648226327193,"metaData":{"userProfilePK":95173854,"calendarDate":"2022-03-25T00:00:00.0","sequence":1648226327193},"vo2MaxRunning":43.0,"userSetNullForHeight":false,"userSetNullForWeight":false,"userSetNullForActivityClass":false,"userSetNullForLactateThresholdSpeed":false,"userSetNullForLactateThresholdHR":false,"userSetNullForVO2MaxCycling":false,"userSetNullForVO2MaxRunning":false},{"version":1648402269629,"metaData":{"userProfilePK":95173854,"calendarDate":"2022-03-27T00:00:00.0","sequence":1648402269629},"vo2MaxRunning":43.0,"userSetNullForHeight":false,"userSetNullForWeight":false,"userSetNullForActivityClass":false,"userSetNullForLactateThresholdSpeed":false,"userSetNullForLactateThresholdHR":false,"userSetNullForVO2MaxCycling":false,"userSetNullForVO2MaxRunning":false},{"version":1648830467114,"metaData":{"userProfilePK":95173854,"calendarDate":"2022-04-01T00:00:00.0","sequence":1648830467114},"vo2MaxRunning":43.0,"userSetNullForHeight":false,"userSetNullForWeight":false,"userSetNullForActivityClass":false,"userSetNullForLactateThresholdSpeed":false,"userSetNullForLactateThresholdHR":false,"userSetNullForVO2MaxCycling":false,"userSetNullForVO2MaxRunning":false},{"version":1649006700912,"metaData":{"userProfilePK":95173854,"calendarDate":"2022-04-03T00:00:00.0","sequence":1649006700912},"vo2MaxRunning":43.0,"userSetNullForHeight":false,"userSetNullForWeight":false,"userSetNullForActivityClass":false,"userSetNullForLactateThresholdSpeed":false,"userSetNullForLactateThresholdHR":false,"userSetNullForVO2MaxCycling":false,"userSetNullForVO2MaxRunning":false},{"version":1649057293273,"metaData":{"userProfilePK":95173854,"calendarDate":"2022-04-04T10:27:38.0","sequence":1649057293273},"weight":{"weight":74200.00072393342,"sourceType":"MFP","timestampGMT":"2022-04-04T07:27:38.0"},"userSetNullForHeight":false,"userSetNullForWeight":false,"userSetNullForActivityClass":false,"userSetNullForLactateThresholdSpeed":false,"userSetNullForLactateThresholdHR":false,"userSetNullForVO2MaxCycling":false,"userSetNullForVO2MaxRunning":false},{"version":1649228159486,"metaData":{"userProfilePK":95173854,"calendarDate":"2022-04-06T09:55:23.0","sequence":1649228159486},"weight":{"weight":73700.14193177425,"sourceType":"MFP","timestampGMT":"2022-04-06T06:55:23.0"},"userSetNullForHeight":false,"userSetNullForWeight":false,"userSetNullForActivityClass":false,"userSetNullForLactateThresholdSpeed":false,"userSetNullForLactateThresholdHR":false,"userSetNullForVO2MaxCycling":false,"userSetNullForVO2MaxRunning":false},{"version":1649435379480,"metaData":{"userProfilePK":95173854,"calendarDate":"2022-04-08T00:00:00.0","sequence":1649435379480},"vo2MaxRunning":44.0,"userSetNullForHeight":false,"userSetNullForWeight":false,"userSetNullForActivityClass":false,"userSetNullForLactateThresholdSpeed":false,"userSetNullForLactateThresholdHR":false,"userSetNullForVO2MaxCycling":false,"userSetNullForVO2MaxRunning":false},{"version":1649870557735,"metaData":{"userProfilePK":95173854,"calendarDate":"2022-04-13T00:00:00.0","sequence":1649870557735},"vo2MaxRunning":44.0,"userSetNullForHeight":false,"userSetNullForWeight":false,"userSetNullForActivityClass":false,"userSetNullForLactateThresholdSpeed":false,"userSetNullForLactateThresholdHR":false,"userSetNullForVO2MaxCycling":false,"userSetNullForVO2MaxRunning":false},{"version":1650042932901,"metaData":{"userProfilePK":95173854,"calendarDate":"2022-04-15T00:00:00.0","sequence":1650042932901},"vo2MaxRunning":44.0,"userSetNullForHeight":false,"userSetNullForWeight":false,"userSetNullForActivityClass":false,"userSetNullForLactateThresholdSpeed":false,"userSetNullForLactateThresholdHR":false,"userSetNullForVO2MaxCycling":false,"userSetNullForVO2MaxRunning":false},{"version":1650389149744,"metaData":{"userProfilePK":95173854,"calendarDate":"2022-04-19T00:00:00.0","sequence":1650389149744},"vo2MaxRunning":44.0,"userSetNullForHeight":false,"userSetNullForWeight":false,"userSetNullForActivityClass":false,"userSetNullForLactateThresholdSpeed":false,"userSetNullForLactateThresholdHR":false,"userSetNullForVO2MaxCycling":false,"userSetNullForVO2MaxRunning":false},{"version":1650344920932,"metaData":{"userProfilePK":95173854,"calendarDate":"2022-04-19T08:07:48.0","sequence":1650344920932},"weight":{"weight":73700.14193177425,"sourceType":"MFP","timestampGMT":"2022-04-19T05:07:48.0"},"userSetNullForHeight":false,"userSetNullForWeight":false,"userSetNullForActivityClass":false,"userSetNullForLactateThresholdSpeed":false,"userSetNullForLactateThresholdHR":false,"userSetNullForVO2MaxCycling":false,"userSetNullForVO2MaxRunning":false},{"version":1650641964892,"metaData":{"userProfilePK":95173854,"calendarDate":"2022-04-22T00:00:00.0","sequence":1650641964892},"vo2MaxRunning":44.0,"userSetNullForHeight":false,"userSetNullForWeight":false,"userSetNullForActivityClass":false,"userSetNullForLactateThresholdSpeed":false,"userSetNullForLactateThresholdHR":false,"userSetNullForVO2MaxCycling":false,"userSetNullForVO2MaxRunning":false},{"version":1651344769165,"metaData":{"userProfilePK":95173854,"calendarDate":"2022-04-30T00:00:00.0","sequence":1651344769165},"vo2MaxRunning":44.0,"userSetNullForHeight":false,"userSetNullForWeight":false,"userSetNullForActivityClass":false,"userSetNullForLactateThresholdSpeed":false,"userSetNullForLactateThresholdHR":false,"userSetNullForVO2MaxCycling":false,"userSetNullForVO2MaxRunning":false},{"version":1652376547531,"metaData":{"userProfilePK":95173854,"calendarDate":"2022-05-12T00:00:00.0","sequence":1652376547531},"vo2MaxRunning":44.0,"userSetNullForHeight":false,"userSetNullForWeight":false,"userSetNullForActivityClass":false,"userSetNullForLactateThresholdSpeed":false,"userSetNullForLactateThresholdHR":false,"userSetNullForVO2MaxCycling":false,"userSetNullForVO2MaxRunning":false},{"version":1653237301823,"metaData":{"userProfilePK":95173854,"calendarDate":"2022-05-22T00:00:00.0","sequence":1653237301823},"vo2MaxRunning":43.0,"userSetNullForHeight":false,"userSetNullForWeight":false,"userSetNullForActivityClass":false,"userSetNullForLactateThresholdSpeed":false,"userSetNullForLactateThresholdHR":false,"userSetNullForVO2MaxCycling":false,"userSetNullForVO2MaxRunning":false},{"version":1653753350037,"metaData":{"userProfilePK":95173854,"calendarDate":"2022-05-28T00:00:00.0","sequence":1653753350037},"vo2MaxRunning":43.0,"userSetNullForHeight":false,"userSetNullForWeight":false,"userSetNullForActivityClass":false,"userSetNullForLactateThresholdSpeed":false,"userSetNullForLactateThresholdHR":false,"userSetNullForVO2MaxCycling":false,"userSetNullForVO2MaxRunning":false},{"version":1653848374924,"metaData":{"userProfilePK":95173854,"calendarDate":"2022-05-29T00:00:00.0","sequence":1653848374924},"vo2MaxRunning":43.0,"userSetNullForHeight":false,"userSetNullForWeight":false,"userSetNullForActivityClass":false,"userSetNullForLactateThresholdSpeed":false,"userSetNullForLactateThresholdHR":false,"userSetNullForVO2MaxCycling":false,"userSetNullForVO2MaxRunning":false},{"version":1654450567569,"metaData":{"userProfilePK":95173854,"calendarDate":"2022-06-05T00:00:00.0","sequence":1654450567569},"vo2MaxRunning":43.0,"userSetNullForHeight":false,"userSetNullForWeight":false,"userSetNullForActivityClass":false,"userSetNullForLactateThresholdSpeed":false,"userSetNullForLactateThresholdHR":false,"userSetNullForVO2MaxCycling":false,"userSetNullForVO2MaxRunning":false},{"version":1654489110271,"metaData":{"userProfilePK":95173854,"calendarDate":"2022-06-06T00:00:00.0","sequence":1654489110271},"weight":{"weight":74699.8595160926,"sourceType":"MFP","timestampGMT":"2022-06-06T04:17:33.0"},"userSetNullForHeight":false,"userSetNullForWeight":false,"userSetNullForActivityClass":false,"userSetNullForLactateThresholdSpeed":false,"userSetNullForLactateThresholdHR":false,"userSetNullForVO2MaxCycling":false,"userSetNullForVO2MaxRunning":false},{"version":1654489797098,"metaData":{"userProfilePK":95173854,"calendarDate":"2022-06-06T07:29:57.58","sequence":1654489797098},"height":178.0,"vo2MaxRunning":43.0,"userSetNullForHeight":false,"userSetNullForWeight":false,"userSetNullForActivityClass":true,"userSetNullForLactateThresholdSpeed":true,"userSetNullForLactateThresholdHR":true,"userSetNullForVO2MaxCycling":true,"userSetNullForVO2MaxRunning":false},{"version":1655109715496,"metaData":{"userProfilePK":95173854,"calendarDate":"2022-06-13T00:00:00.0","sequence":1655109715496},"weight":{"weight":73999.96648859567,"sourceType":"MFP","timestampGMT":"2022-06-13T08:41:53.0"},"userSetNullForHeight":false,"userSetNullForWeight":false,"userSetNullForActivityClass":false,"userSetNullForLactateThresholdSpeed":false,"userSetNullForLactateThresholdHR":false,"userSetNullForVO2MaxCycling":false,"userSetNullForVO2MaxRunning":false},{"version":1655229961052,"metaData":{"userProfilePK":95173854,"calendarDate":"2022-06-14T00:00:00.0","sequence":1655229961052},"vo2MaxRunning":43.0,"userSetNullForHeight":false,"userSetNullForWeight":false,"userSetNullForActivityClass":false,"userSetNullForLactateThresholdSpeed":false,"userSetNullForLactateThresholdHR":false,"userSetNullForVO2MaxCycling":false,"userSetNullForVO2MaxRunning":false},{"version":1655485747313,"metaData":{"userProfilePK":95173854,"calendarDate":"2022-06-17T00:00:00.0","sequence":1655485747313},"vo2MaxRunning":43.0,"userSetNullForHeight":false,"userSetNullForWeight":false,"userSetNullForActivityClass":false,"userSetNullForLactateThresholdSpeed":false,"userSetNullForLactateThresholdHR":false,"userSetNullForVO2MaxCycling":false,"userSetNullForVO2MaxRunning":false},{"version":1655659515634,"metaData":{"userProfilePK":95173854,"calendarDate":"2022-06-19T00:00:00.0","sequence":1655659515634},"vo2MaxRunning":44.0,"userSetNullForHeight":false,"userSetNullForWeight":false,"userSetNullForActivityClass":false,"userSetNullForLactateThresholdSpeed":false,"userSetNullForLactateThresholdHR":false,"userSetNullForVO2MaxCycling":false,"userSetNullForVO2MaxRunning":false},{"version":1655784281824,"metaData":{"userProfilePK":95173854,"calendarDate":"2022-06-21T00:00:00.0","sequence":1655784281824},"weight":{"weight":73900.17616711199,"sourceType":"MFP","timestampGMT":"2022-06-21T04:04:15.0"},"userSetNullForHeight":false,"userSetNullForWeight":false,"userSetNullForActivityClass":false,"userSetNullForLactateThresholdSpeed":false,"userSetNullForLactateThresholdHR":false,"userSetNullForVO2MaxCycling":false,"userSetNullForVO2MaxRunning":false}]