[{"userProfilePk":95173854,"userGoalCategory":"MYFITNESSPAL","userGoalType":"NET_CALORIES","startDate":{"date":"Mar 14, 2022"},"endDate":{"date":"Mar 14, 2022"},"goalValue":"1753.0","updateDate":{"date":"Mar 14, 2022"},"createDate":{"date":"Mar 14, 2022"}},{"userProfilePk":95173854,"userGoalCategory":"MYFITNESSPAL","userGoalType":"NET_CALORIES","startDate":{"date":"Mar 14, 2022"},"endDate":{"date":"Mar 14, 2022"},"goalValue":"1753.0","updateDate":{"date":"Mar 14, 2022"},"createDate":{"date":"Mar 14, 2022"}},{"userProfilePk":95173854,"userGoalCategory":"MYFITNESSPAL","userGoalType":"NET_CALORIES","startDate":{"date":"Mar 14, 2022"},"endDate":{"date":"Mar 14, 2022"},"goalValue":"1753.0","updateDate":{"date":"Mar 14, 2022"},"createDate":{"date":"Mar 14, 2022"}},{"userProfilePk":95173854,"userGoalCategory":"MYFITNESSPAL","userGoalType":"NET_CALORIES","startDate":{"date":"Mar 14, 2022"},"endDate":{"date":"Mar 14, 2022"},"goalValue":"1753.0","updateDate":{"date":"Mar 14, 2022"},"createDate":{"date":"Mar 14, 2022"}},{"userProfilePk":95173854,"userGoalCategory":"MYFITNESSPAL","userGoalType":"NET_CALORIES","startDate":{"date":"Mar 14, 2022"},"endDate":{"date":"Mar 14, 2022"},"goalValue":"1753.0","updateDate":{"date":"Mar 14, 2022"},"createDate":{"date":"Mar 14, 2022"}},{"userProfilePk":95173854,"userGoalCategory":"MYFITNESSPAL","userGoalType":"NET_CALORIES","startDate":{"date":"Mar 14, 2022"},"endDate":{"date":"Mar 14, 2022"},"goalValue":"1753.0","updateDate":{"date":"Mar 14, 2022"},"createDate":{"date":"Mar 14, 2022"}},{"userProfilePk":95173854,"userGoalCategory":"MYFITNESSPAL","userGoalType":"NET_CALORIES","startDate":{"date":"Mar 15, 2022"},"endDate":{"date":"Mar 15, 2022"},"goalValue":"1753.0","updateDate":{"date":"Mar 15, 2022"},"createDate":{"date":"Mar 15, 2022"}},{"userProfilePk":95173854,"userGoalCategory":"MYFITNESSPAL","userGoalType":"NET_CALORIES","startDate":{"date":"Mar 15, 2022"},"endDate":{"date":"Mar 15, 2022"},"goalValue":"1753.0","updateDate":{"date":"Mar 15, 2022"},"createDate":{"date":"Mar 15, 2022"}},{"userProfilePk":95173854,"userGoalCategory":"MYFITNESSPAL","userGoalType":"NET_CALORIES","startDate":{"date":"Mar 15, 2022"},"endDate":{"date":"Mar 15, 2022"},"goalValue":"1753.0","updateDate":{"date":"Mar 15, 2022"},"createDate":{"date":"Mar 15, 2022"}},{"userProfilePk":95173854,"userGoalCategory":"MYFITNESSPAL","userGoalType":"NET_CALORIES","startDate":{"date":"Mar 15, 2022"},"endDate":{"date":"Mar 15, 2022"},"goalValue":"1753.0","updateDate":{"date":"Mar 15, 2022"},"createDate":{"date":"Mar 15, 2022"}},{"userProfilePk":95173854,"userGoalCategory":"MYFITNESSPAL","userGoalType":"NET_CALORIES","startDate":{"date":"Mar 16, 2022"},"endDate":{"date":"Mar 16, 2022"},"goalValue":"1753.0","updateDate":{"date":"Mar 16, 2022"},"createDate":{"date":"Mar 16, 2022"}},{"userProfilePk":95173854,"userGoalCategory":"MYFITNESSPAL","userGoalType":"NET_CALORIES","startDate":{"date":"Mar 16, 2022"},"endDate":{"date":"Mar 16, 2022"},"goalValue":"1753.0","updateDate":{"date":"Mar 16, 2022"},"createDate":{"date":"Mar 16, 2022"}},{"userProfilePk":95173854,"userGoalCategory":"MYFITNESSPAL","userGoalType":"NET_CALORIES","startDate":{"date":"Mar 16, 2022"},"endDate":{"date":"Mar 16, 2022"},"goalValue":"1753.0","updateDate":{"date":"Mar 16, 2022"},"createDate":{"date":"Mar 16, 2022"}},{"userProfilePk":95173854,"userGoalCategory":"MYFITNESSPAL","userGoalType":"NET_CALORIES","startDate":{"date":"Mar 16, 2022"},"endDate":{"date":"Mar 16, 2022"},"goalValue":"1753.0","updateDate":{"date":"Mar 16, 2022"},"createDate":{"date":"Mar 16, 2022"}},{"userProfilePk":95173854,"userGoalCategory":"MYFITNESSPAL","userGoalType":"NET_CALORIES","startDate":{"date":"Mar 16, 2022"},"endDate":{"date":"Mar 16, 2022"},"goalValue":"1753.0","updateDate":{"date":"Mar 16, 2022"},"createDate":{"date":"Mar 16, 2022"}},{"userProfilePk":95173854,"userGoalCategory":"MYFITNESSPAL","userGoalType":"NET_CALORIES","startDate":{"date":"Mar 16, 2022"},"endDate":{"date":"Mar 16, 2022"},"goalValue":"1753.0","updateDate":{"date":"Mar 16, 2022"},"createDate":{"date":"Mar 16, 2022"}},{"userProfilePk":95173854,"userGoalCategory":"MYFITNESSPAL","userGoalType":"NET_CALORIES","startDate":{"date":"Mar 16, 2022"},"endDate":{"date":"Mar 16, 2022"},"goalValue":"1753.0","updateDate":{"date":"Mar 16, 2022"},"createDate":{"date":"Mar 16, 2022"}},{"userProfilePk":95173854,"userGoalCategory":"MYFITNESSPAL","userGoalType":"NET_CALORIES","startDate":{"date":"Mar 16, 2022"},"endDate":{"date":"Mar 16, 2022"},"goalValue":"1753.0","updateDate":{"date":"Mar 16, 2022"},"createDate":{"date":"Mar 16, 2022"}},{"userProfilePk":95173854,"userGoalCategory":"MYFITNESSPAL","userGoalType":"NET_CALORIES","startDate":{"date":"Mar 16, 2022"},"endDate":{"date":"Mar 16, 2022"},"goalValue":"1753.0","updateDate":{"date":"Mar 16, 2022"},"createDate":{"date":"Mar 16, 2022"}},{"userProfilePk":95173854,"userGoalCategory":"MYFITNESSPAL","userGoalType":"NET_CALORIES","startDate":{"date":"Mar 16, 2022"},"endDate":{"date":"Mar 16, 2022"},"goalValue":"1753.0","updateDate":{"date":"Mar 16, 2022"},"createDate":{"date":"Mar 16, 2022"}},{"userProfilePk":95173854,"userGoalCategory":"MYFITNESSPAL","userGoalType":"NET_CALORIES","startDate":{"date":"Mar 16, 2022"},"endDate":{"date":"Mar 16, 2022"},"goalValue":"1753.0","updateDate":{"date":"Mar 16, 2022"},"createDate":{"date":"Mar 16, 2022"}},{"userProfilePk":95173854,"userGoalCategory":"MYFITNESSPAL","userGoalType":"NET_CALORIES","startDate":{"date":"Mar 17, 2022"},"endDate":{"date":"Mar 17, 2022"},"goalValue":"1753.0","updateDate":{"date":"Mar 17, 2022"},"createDate":{"date":"Mar 17, 2022"}},{"userProfilePk":95173854,"userGoalCategory":"MYFITNESSPAL","userGoalType":"NET_CALORIES","startDate":{"date":"Mar 17, 2022"},"endDate":{"date":"Mar 17, 2022"},"goalValue":"1753.0","updateDate":{"date":"Mar 17, 2022"},"createDate":{"date":"Mar 17, 2022"}},{"userProfilePk":95173854,"userGoalCategory":"MYFITNESSPAL","userGoalType":"NET_CALORIES","startDate":{"date":"Mar 17, 2022"},"endDate":{"date":"Mar 17, 2022"},"goalValue":"1753.0","updateDate":{"date":"Mar 17, 2022"},"createDate":{"date":"Mar 17, 2022"}},{"userProfilePk":95173854,"userGoalCategory":"MYFITNESSPAL","userGoalType":"NET_CALORIES","startDate":{"date":"Mar 17, 2022"},"endDate":{"date":"Mar 17, 2022"},"goalValue":"1753.0","updateDate":{"date":"Mar 17, 2022"},"createDate":{"date":"Mar 17, 2022"}},{"userProfilePk":95173854,"userGoalCategory":"MYFITNESSPAL","userGoalType":"NET_CALORIES","startDate":{"date":"Mar 17, 2022"},"endDate":{"date":"Mar 17, 2022"},"goalValue":"1753.0","updateDate":{"date":"Mar 17, 2022"},"createDate":{"date":"Mar 17, 2022"}},{"userProfilePk":95173854,"userGoalCategory":"MYFITNESSPAL","userGoalType":"NET_CALORIES","startDate":{"date":"Mar 17, 2022"},"endDate":{"date":"Mar 17, 2022"},"goalValue":"1753.0","updateDate":{"date":"Mar 17, 2022"},"createDate":{"date":"Mar 17, 2022"}},{"userProfilePk":95173854,"userGoalCategory":"MYFITNESSPAL","userGoalType":"NET_CALORIES","startDate":{"date":"Mar 17, 2022"},"endDate":{"date":"Mar 17, 2022"},"goalValue":"1753.0","updateDate":{"date":"Mar 17, 2022"},"createDate":{"date":"Mar 17, 2022"}},{"userProfilePk":95173854,"userGoalCategory":"MYFITNESSPAL","userGoalType":"NET_CALORIES","startDate":{"date":"Mar 17, 2022"},"endDate":{"date":"Mar 17, 2022"},"goalValue":"1753.0","updateDate":{"date":"Mar 17, 2022"},"createDate":{"date":"Mar 17, 2022"}},{"userProfilePk":95173854,"userGoalCategory":"MYFITNESSPAL","userGoalType":"NET_CALORIES","startDate":{"date":"Mar 17, 2022"},"endDate":{"date":"Mar 17, 2022"},"goalValue":"1753.0","updateDate":{"date":"Mar 17, 2022"},"createDate":{"date":"Mar 17, 2022"}},{"userProfilePk":95173854,"userGoalCategory":"MYFITNESSPAL","userGoalType":"NET_CALORIES","startDate":{"date":"Mar 18, 2022"},"endDate":{"date":"Mar 18, 2022"},"goalValue":"1753.0","updateDate":{"date":"Mar 18, 2022"},"createDate":{"date":"Mar 18, 2022"}},{"userProfilePk":95173854,"userGoalCategory":"MYFITNESSPAL","userGoalType":"NET_CALORIES","startDate":{"date":"Mar 18, 2022"},"endDate":{"date":"Mar 18, 2022"},"goalValue":"1753.0","updateDate":{"date":"Mar 18, 2022"},"createDate":{"date":"Mar 18, 2022"}},{"userProfilePk":95173854,"userGoalCategory":"MYFITNESSPAL","userGoalType":"NET_CALORIES","startDate":{"date":"Mar 18, 2022"},"endDate":{"date":"Mar 18, 2022"},"goalValue":"1753.0","updateDate":{"date":"Mar 18, 2022"},"createDate":{"date":"Mar 18, 2022"}},{"userProfilePk":95173854,"userGoalCategory":"MYFITNESSPAL","userGoalType":"NET_CALORIES","startDate":{"date":"Mar 18, 2022"},"endDate":{"date":"Mar 18, 2022"},"goalValue":"1753.0","updateDate":{"date":"Mar 18, 2022"},"createDate":{"date":"Mar 18, 2022"}},{"userProfilePk":95173854,"userGoalCategory":"MYFITNESSPAL","userGoalType":"NET_CALORIES","startDate":{"date":"Mar 18, 2022"},"endDate":{"date":"Mar 18, 2022"},"goalValue":"1753.0","updateDate":{"date":"Mar 18, 2022"},"createDate":{"date":"Mar 18, 2022"}},{"userProfilePk":95173854,"userGoalCategory":"MYFITNESSPAL","userGoalType":"NET_CALORIES","startDate":{"date":"Mar 18, 2022"},"endDate":{"date":"Mar 18, 2022"},"goalValue":"1753.0","updateDate":{"date":"Mar 18, 2022"},"createDate":{"date":"Mar 18, 2022"}},{"userProfilePk":95173854,"userGoalCategory":"MYFITNESSPAL","userGoalType":"NET_CALORIES","startDate":{"date":"Mar 18, 2022"},"endDate":{"date":"Mar 18, 2022"},"goalValue":"1753.0","updateDate":{"date":"Mar 18, 2022"},"createDate":{"date":"Mar 18, 2022"}},{"userProfilePk":95173854,"userGoalCategory":"MYFITNESSPAL","userGoalType":"NET_CALORIES","startDate":{"date":"Mar 18, 2022"},"endDate":{"date":"Mar 18, 2022"},"goalValue":"1753.0","updateDate":{"date":"Mar 18, 2022"},"createDate":{"date":"Mar 18, 2022"}},{"userProfilePk":95173854,"userGoalCategory":"MYFITNESSPAL","userGoalType":"NET_CALORIES","startDate":{"date":"Mar 18, 2022"},"endDate":{"date":"Mar 18, 2022"},"goalValue":"1753.0","updateDate":{"date":"Mar 18, 2022"},"createDate":{"date":"Mar 18, 2022"}},{"userProfilePk":95173854,"userGoalCategory":"MYFITNESSPAL","userGoalType":"NET_CALORIES","startDate":{"date":"Mar 18, 2022"},"endDate":{"date":"Mar 18, 2022"},"goalValue":"1753.0","updateDate":{"date":"Mar 18, 2022"},"createDate":{"date":"Mar 18, 2022"}},{"userProfilePk":95173854,"userGoalCategory":"MYFITNESSPAL","userGoalType":"NET_CALORIES","startDate":{"date":"Mar 18, 2022"},"endDate":{"date":"Mar 18, 2022"},"goalValue":"1753.0","updateDate":{"date":"Mar 18, 2022"},"createDate":{"date":"Mar 18, 2022"}},{"userProfilePk":95173854,"userGoalCategory":"MYFITNESSPAL","userGoalType":"NET_CALORIES","startDate":{"date":"Mar 18, 2022"},"endDate":{"date":"Mar 18, 2022"},"goalValue":"1753.0","updateDate":{"date":"Mar 18, 2022"},"createDate":{"date":"Mar 18, 2022"}},{"userProfilePk":95173854,"userGoalCategory":"MYFITNESSPAL","userGoalType":"NET_CALORIES","startDate":{"date":"Mar 18, 2022"},"endDate":{"date":"Mar 18, 2022"},"goalValue":"1753.0","updateDate":{"date":"Mar 18, 2022"},"createDate":{"date":"Mar 18, 2022"}},{"userProfilePk":95173854,"userGoalCategory":"MYFITNESSPAL","userGoalType":"NET_CALORIES","startDate":{"date":"Mar 18, 2022"},"endDate":{"date":"Mar 18, 2022"},"goalValue":"1753.0","updateDate":{"date":"Mar 18, 2022"},"createDate":{"date":"Mar 18, 2022"}},{"userProfilePk":95173854,"userGoalCategory":"MYFITNESSPAL","userGoalType":"NET_CALORIES","startDate":{"date":"Mar 18, 2022"},"endDate":{"date":"Mar 18, 2022"},"goalValue":"1753.0","updateDate":{"date":"Mar 18, 2022"},"createDate":{"date":"Mar 18, 2022"}},{"userProfilePk":95173854,"userGoalCategory":"MYFITNESSPAL","userGoalType":"NET_CALORIES","startDate":{"date":"Mar 18, 2022"},"endDate":{"date":"Mar 18, 2022"},"goalValue":"1753.0","updateDate":{"date":"Mar 18, 2022"},"createDate":{"date":"Mar 18, 2022"}},{"userProfilePk":95173854,"userGoalCategory":"MYFITNESSPAL","userGoalType":"NET_CALORIES","startDate":{"date":"Mar 18, 2022"},"endDate":{"date":"Mar 18, 2022"},"goalValue":"1753.0","updateDate":{"date":"Mar 18, 2022"},"createDate":{"date":"Mar 18, 2022"}},{"userProfilePk":95173854,"userGoalCategory":"MYFITNESSPAL","userGoalType":"NET_CALORIES","startDate":{"date":"Mar 18, 2022"},"endDate":{"date":"Mar 18, 2022"},"goalValue":"1753.0","updateDate":{"date":"Mar 18, 2022"},"createDate":{"date":"Mar 18, 2022"}},{"userProfilePk":95173854,"userGoalCategory":"MYFITNESSPAL","userGoalType":"NET_CALORIES","startDate":{"date":"Mar 19, 2022"},"endDate":{"date":"Mar 19, 2022"},"goalValue":"1753.0","updateDate":{"date":"Mar 19, 2022"},"createDate":{"date":"Mar 19, 2022"}},{"userProfilePk":95173854,"userGoalCategory":"MYFITNESSPAL","userGoalType":"NET_CALORIES","startDate":{"date":"Mar 19, 2022"},"endDate":{"date":"Mar 19, 2022"},"goalValue":"1753.0","updateDate":{"date":"Mar 19, 2022"},"createDate":{"date":"Mar 19, 2022"}},{"userProfilePk":95173854,"userGoalCategory":"MYFITNESSPAL","userGoalType":"NET_CALORIES","startDate":{"date":"Mar 19, 2022"},"endDate":{"date":"Mar 19, 2022"},"goalValue":"1753.0","updateDate":{"date":"Mar 19, 2022"},"createDate":{"date":"Mar 19, 2022"}},{"userProfilePk":95173854,"userGoalCategory":"MYFITNESSPAL","userGoalType":"NET_CALORIES","startDate":{"date":"Mar 19, 2022"},"endDate":{"date":"Mar 19, 2022"},"goalValue":"1753.0","updateDate":{"date":"Mar 19, 2022"},"createDate":{"date":"Mar 19, 2022"}},{"userProfilePk":95173854,"userGoalCategory":"MYFITNESSPAL","userGoalType":"NET_CALORIES","startDate":{"date":"Mar 19, 2022"},"endDate":{"date":"Mar 19, 2022"},"goalValue":"1753.0","updateDate":{"date":"Mar 19, 2022"},"createDate":{"date":"Mar 19, 2022"}},{"userProfilePk":95173854,"userGoalCategory":"MYFITNESSPAL","userGoalType":"NET_CALORIES","startDate":{"date":"Mar 19, 2022"},"endDate":{"date":"Mar 19, 2022"},"goalValue":"1753.0","updateDate":{"date":"Mar 19, 2022"},"createDate":{"date":"Mar 19, 2022"}},{"userProfilePk":95173854,"userGoalCategory":"MYFITNESSPAL","userGoalType":"NET_CALORIES","startDate":{"date":"Mar 19, 2022"},"endDate":{"date":"Mar 19, 2022"},"goalValue":"1753.0","updateDate":{"date":"Mar 19, 2022"},"createDate":{"date":"Mar 19, 2022"}},{"userProfilePk":95173854,"userGoalCategory":"MYFITNESSPAL","userGoalType":"NET_CALORIES","startDate":{"date":"Mar 19, 2022"},"endDate":{"date":"Mar 19, 2022"},"goalValue":"1753.0","updateDate":{"date":"Mar 19, 2022"},"createDate":{"date":"Mar 19, 2022"}},{"userProfilePk":95173854,"userGoalCategory":"MYFITNESSPAL","userGoalType":"NET_CALORIES","startDate":{"date":"Mar 19, 2022"},"endDate":{"date":"Mar 19, 2022"},"goalValue":"1753.0","updateDate":{"date":"Mar 19, 2022"},"createDate":{"date":"Mar 19, 2022"}},{"userProfilePk":95173854,"userGoalCategory":"MYFITNESSPAL","userGoalType":"NET_CALORIES","startDate":{"date":"Mar 20, 2022"},"endDate":{"date":"Mar 20, 2022"},"goalValue":"1753.0","updateDate":{"date":"Mar 20, 2022"},"createDate":{"date":"Mar 20, 2022"}},{"userProfilePk":95173854,"userGoalCategory":"MYFITNESSPAL","userGoalType":"NET_CALORIES","startDate":{"date":"Mar 20, 2022"},"endDate":{"date":"Mar 20, 2022"},"goalValue":"1753.0","updateDate":{"date":"Mar 20, 2022"},"createDate":{"date":"Mar 20, 2022"}},{"userProfilePk":95173854,"userGoalCategory":"MYFITNESSPAL","userGoalType":"NET_CALORIES","startDate":{"date":"Mar 20, 2022"},"endDate":{"date":"Mar 20, 2022"},"goalValue":"1753.0","updateDate":{"date":"Mar 20, 2022"},"createDate":{"date":"Mar 20, 2022"}},{"userProfilePk":95173854,"userGoalCategory":"MYFITNESSPAL","userGoalType":"NET_CALORIES","startDate":{"date":"Mar 20, 2022"},"endDate":{"date":"Mar 20, 2022"},"goalValue":"1753.0","updateDate":{"date":"Mar 20, 2022"},"createDate":{"date":"Mar 20, 2022"}},{"userProfilePk":95173854,"userGoalCategory":"MYFITNESSPAL","userGoalType":"NET_CALORIES","startDate":{"date":"Mar 20, 2022"},"endDate":{"date":"Mar 20, 2022"},"goalValue":"1753.0","updateDate":{"date":"Mar 20, 2022"},"createDate":{"date":"Mar 20, 2022"}},{"userProfilePk":95173854,"userGoalCategory":"MYFITNESSPAL","userGoalType":"NET_CALORIES","startDate":{"date":"Mar 20, 2022"},"endDate":{"date":"Mar 20, 2022"},"goalValue":"1753.0","updateDate":{"date":"Mar 20, 2022"},"createDate":{"date":"Mar 20, 2022"}},{"userProfilePk":95173854,"userGoalCategory":"MYFITNESSPAL","userGoalType":"NET_CALORIES","startDate":{"date":"Mar 20, 2022"},"endDate":{"date":"Mar 20, 2022"},"goalValue":"1753.0","updateDate":{"date":"Mar 20, 2022"},"createDate":{"date":"Mar 20, 2022"}},{"userProfilePk":95173854,"userGoalCategory":"MYFITNESSPAL","userGoalType":"NET_CALORIES","startDate":{"date":"Mar 20, 2022"},"endDate":{"date":"Mar 20, 2022"},"goalValue":"1753.0","updateDate":{"date":"Mar 20, 2022"},"createDate":{"date":"Mar 20, 2022"}},{"userProfilePk":95173854,"userGoalCategory":"MYFITNESSPAL","userGoalType":"NET_CALORIES","startDate":{"date":"Mar 21, 2022"},"endDate":{"date":"Mar 21, 2022"},"goalValue":"1753.0","updateDate":{"date":"Mar 21, 2022"},"createDate":{"date":"Mar 21, 2022"}},{"userProfilePk":95173854,"userGoalCategory":"MYFITNESSPAL","userGoalType":"NET_CALORIES","startDate":{"date":"Mar 21, 2022"},"endDate":{"date":"Mar 21, 2022"},"goalValue":"1753.0","updateDate":{"date":"Mar 21, 2022"},"createDate":{"date":"Mar 21, 2022"}},{"userProfilePk":95173854,"userGoalCategory":"MYFITNESSPAL","userGoalType":"NET_CALORIES","startDate":{"date":"Mar 21, 2022"},"endDate":{"date":"Mar 21, 2022"},"goalValue":"1753.0","updateDate":{"date":"Mar 21, 2022"},"createDate":{"date":"Mar 21, 2022"}},{"userProfilePk":95173854,"userGoalCategory":"MYFITNESSPAL","userGoalType":"NET_CALORIES","startDate":{"date":"Mar 21, 2022"},"endDate":{"date":"Mar 21, 2022"},"goalValue":"1753.0","updateDate":{"date":"Mar 21, 2022"},"createDate":{"date":"Mar 21, 2022"}},{"userProfilePk":95173854,"userGoalCategory":"MYFITNESSPAL","userGoalType":"NET_CALORIES","startDate":{"date":"Mar 21, 2022"},"endDate":{"date":"Mar 21, 2022"},"goalValue":"1753.0","updateDate":{"date":"Mar 21, 2022"},"createDate":{"date":"Mar 21, 2022"}},{"userProfilePk":95173854,"userGoalCategory":"MYFITNESSPAL","userGoalType":"NET_CALORIES","startDate":{"date":"Mar 21, 2022"},"endDate":{"date":"Mar 21, 2022"},"goalValue":"1753.0","updateDate":{"date":"Mar 21, 2022"},"createDate":{"date":"Mar 21, 2022"}},{"userProfilePk":95173854,"userGoalCategory":"MYFITNESSPAL","userGoalType":"NET_CALORIES","startDate":{"date":"Mar 21, 2022"},"endDate":{"date":"Mar 21, 2022"},"goalValue":"1753.0","updateDate":{"date":"Mar 21, 2022"},"createDate":{"date":"Mar 21, 2022"}},{"userProfilePk":95173854,"userGoalCategory":"MYFITNESSPAL","userGoalType":"NET_CALORIES","startDate":{"date":"Mar 21, 2022"},"endDate":{"date":"Mar 21, 2022"},"goalValue":"1753.0","updateDate":{"date":"Mar 21, 2022"},"createDate":{"date":"Mar 21, 2022"}},{"userProfilePk":95173854,"userGoalCategory":"MYFITNESSPAL","userGoalType":"NET_CALORIES","startDate":{"date":"Mar 22, 2022"},"endDate":{"date":"Mar 22, 2022"},"goalValue":"1753.0","updateDate":{"date":"Mar 22, 2022"},"createDate":{"date":"Mar 22, 2022"}},{"userProfilePk":95173854,"userGoalCategory":"MYFITNESSPAL","userGoalType":"NET_CALORIES","startDate":{"date":"Mar 22, 2022"},"endDate":{"date":"Mar 22, 2022"},"goalValue":"1753.0","updateDate":{"date":"Mar 22, 2022"},"createDate":{"date":"Mar 22, 2022"}},{"userProfilePk":95173854,"userGoalCategory":"MYFITNESSPAL","userGoalType":"NET_CALORIES","startDate":{"date":"Mar 22, 2022"},"endDate":{"date":"Mar 22, 2022"},"goalValue":"1753.0","updateDate":{"date":"Mar 22, 2022"},"createDate":{"date":"Mar 22, 2022"}},{"userProfilePk":95173854,"userGoalCategory":"MYFITNESSPAL","userGoalType":"NET_CALORIES","startDate":{"date":"Mar 22, 2022"},"endDate":{"date":"Mar 22, 2022"},"goalValue":"1753.0","updateDate":{"date":"Mar 22, 2022"},"createDate":{"date":"Mar 22, 2022"}},{"userProfilePk":95173854,"userGoalCategory":"MYFITNESSPAL","userGoalType":"NET_CALORIES","startDate":{"date":"Mar 22, 2022"},"endDate":{"date":"Mar 22, 2022"},"goalValue":"1753.0","updateDate":{"date":"Mar 22, 2022"},"createDate":{"date":"Mar 22, 2022"}},{"userProfilePk":95173854,"userGoalCategory":"MYFITNESSPAL","userGoalType":"NET_CALORIES","startDate":{"date":"Mar 22, 2022"},"endDate":{"date":"Mar 22, 2022"},"goalValue":"1753.0","updateDate":{"date":"Mar 22, 2022"},"createDate":{"date":"Mar 22, 2022"}},{"userProfilePk":95173854,"userGoalCategory":"MYFITNESSPAL","userGoalType":"NET_CALORIES","startDate":{"date":"Mar 22, 2022"},"endDate":{"date":"Mar 22, 2022"},"goalValue":"1753.0","updateDate":{"date":"Mar 22, 2022"},"createDate":{"date":"Mar 22, 2022"}},{"userProfilePk":95173854,"userGoalCategory":"MYFITNESSPAL","userGoalType":"NET_CALORIES","startDate":{"date":"Mar 22, 2022"},"endDate":{"date":"Mar 22, 2022"},"goalValue":"1753.0","updateDate":{"date":"Mar 22, 2022"},"createDate":{"date":"Mar 22, 2022"}},{"userProfilePk":95173854,"userGoalCategory":"MYFITNESSPAL","userGoalType":"NET_CALORIES","startDate":{"date":"Mar 22, 2022"},"endDate":{"date":"Mar 22, 2022"},"goalValue":"1753.0","updateDate":{"date":"Mar 22, 2022"},"createDate":{"date":"Mar 22, 2022"}},{"userProfilePk":95173854,"userGoalCategory":"MYFITNESSPAL","userGoalType":"NET_CALORIES","startDate":{"date":"Mar 22, 2022"},"endDate":{"date":"Mar 22, 2022"},"goalValue":"1753.0","updateDate":{"date":"Mar 22, 2022"},"createDate":{"date":"Mar 22, 2022"}},{"userProfilePk":95173854,"userGoalCategory":"MYFITNESSPAL","userGoalType":"NET_CALORIES","startDate":{"date":"Mar 22, 2022"},"endDate":{"date":"Mar 22, 2022"},"goalValue":"1753.0","updateDate":{"date":"Mar 22, 2022"},"createDate":{"date":"Mar 22, 2022"}},{"userProfilePk":95173854,"userGoalCategory":"MYFITNESSPAL","userGoalType":"NET_CALORIES","startDate":{"date":"Mar 23, 2022"},"endDate":{"date":"Mar 23, 2022"},"goalValue":"1753.0","updateDate":{"date":"Mar 23, 2022"},"createDate":{"date":"Mar 23, 2022"}},{"userProfilePk":95173854,"userGoalCategory":"MYFITNESSPAL","userGoalType":"NET_CALORIES","startDate":{"date":"Mar 23, 2022"},"endDate":{"date":"Mar 23, 2022"},"goalValue":"1753.0","updateDate":{"date":"Mar 23, 2022"},"createDate":{"date":"Mar 23, 2022"}},{"userProfilePk":95173854,"userGoalCategory":"MYFITNESSPAL","userGoalType":"NET_CALORIES","startDate":{"date":"Mar 23, 2022"},"endDate":{"date":"Mar 23, 2022"},"goalValue":"1753.0","updateDate":{"date":"Mar 23, 2022"},"createDate":{"date":"Mar 23, 2022"}},{"userProfilePk":95173854,"userGoalCategory":"MYFITNESSPAL","userGoalType":"NET_CALORIES","startDate":{"date":"Mar 23, 2022"},"endDate":{"date":"Mar 23, 2022"},"goalValue":"1753.0","updateDate":{"date":"Mar 23, 2022"},"createDate":{"date":"Mar 23, 2022"}},{"userProfilePk":95173854,"userGoalCategory":"MYFITNESSPAL","userGoalType":"NET_CALORIES","startDate":{"date":"Mar 23, 2022"},"endDate":{"date":"Mar 23, 2022"},"goalValue":"1753.0","updateDate":{"date":"Mar 23, 2022"},"createDate":{"date":"Mar 23, 2022"}},{"userProfilePk":95173854,"userGoalCategory":"MYFITNESSPAL","userGoalType":"NET_CALORIES","startDate":{"date":"Mar 23, 2022"},"endDate":{"date":"Mar 23, 2022"},"goalValue":"1753.0","updateDate":{"date":"Mar 23, 2022"},"createDate":{"date":"Mar 23, 2022"}},{"userProfilePk":95173854,"userGoalCategory":"MYFITNESSPAL","userGoalType":"NET_CALORIES","startDate":{"date":"Mar 23, 2022"},"endDate":{"date":"Mar 23, 2022"},"goalValue":"1753.0","updateDate":{"date":"Mar 23, 2022"},"createDate":{"date":"Mar 23, 2022"}},{"userProfilePk":95173854,"userGoalCategory":"MYFITNESSPAL","userGoalType":"NET_CALORIES","startDate":{"date":"Mar 24, 2022"},"endDate":{"date":"Mar 24, 2022"},"goalValue":"1753.0","updateDate":{"date":"Mar 24, 2022"},"createDate":{"date":"Mar 24, 2022"}},{"userProfilePk":95173854,"userGoalCategory":"MYFITNESSPAL","userGoalType":"NET_CALORIES","startDate":{"date":"Mar 24, 2022"},"endDate":{"date":"Mar 24, 2022"},"goalValue":"1753.0","updateDate":{"date":"Mar 24, 2022"},"createDate":{"date":"Mar 24, 2022"}},{"userProfilePk":95173854,"userGoalCategory":"MYFITNESSPAL","userGoalType":"NET_CALORIES","startDate":{"date":"Mar 24, 2022"},"endDate":{"date":"Mar 24, 2022"},"goalValue":"1753.0","updateDate":{"date":"Mar 24, 2022"},"createDate":{"date":"Mar 24, 2022"}},{"userProfilePk":95173854,"userGoalCategory":"MYFITNESSPAL","userGoalType":"NET_CALORIES","startDate":{"date":"Mar 24, 2022"},"endDate":{"date":"Mar 24, 2022"},"goalValue":"1753.0","updateDate":{"date":"Mar 24, 2022"},"createDate":{"date":"Mar 24, 2022"}},{"userProfilePk":95173854,"userGoalCategory":"MYFITNESSPAL","userGoalType":"NET_CALORIES","startDate":{"date":"Mar 24, 2022"},"endDate":{"date":"Mar 24, 2022"},"goalValue":"1753.0","updateDate":{"date":"Mar 24, 2022"},"createDate":{"date":"Mar 24, 2022"}},{"userProfilePk":95173854,"userGoalCategory":"MYFITNESSPAL","userGoalType":"NET_CALORIES","startDate":{"date":"Mar 24, 2022"},"endDate":{"date":"Mar 24, 2022"},"goalValue":"1753.0","updateDate":{"date":"Mar 24, 2022"},"createDate":{"date":"Mar 24, 2022"}},{"userProfilePk":95173854,"userGoalCategory":"MYFITNESSPAL","userGoalType":"NET_CALORIES","startDate":{"date":"Mar 25, 2022"},"endDate":{"date":"Mar 25, 2022"},"goalValue":"1753.0","updateDate":{"date":"Mar 25, 2022"},"createDate":{"date":"Mar 25, 2022"}},{"userProfilePk":95173854,"userGoalCategory":"MYFITNESSPAL","userGoalType":"NET_CALORIES","startDate":{"date":"Mar 25, 2022"},"endDate":{"date":"Mar 25, 2022"},"goalValue":"1753.0","updateDate":{"date":"Mar 25, 2022"},"createDate":{"date":"Mar 25, 2022"}},{"userProfilePk":95173854,"userGoalCategory":"MYFITNESSPAL","userGoalType":"NET_CALORIES","startDate":{"date":"Mar 25, 2022"},"endDate":{"date":"Mar 25, 2022"},"goalValue":"1753.0","updateDate":{"date":"Mar 25, 2022"},"createDate":{"date":"Mar 25, 2022"}},{"userProfilePk":95173854,"userGoalCategory":"MYFITNESSPAL","userGoalType":"NET_CALORIES","startDate":{"date":"Mar 25, 2022"},"endDate":{"date":"Mar 25, 2022"},"goalValue":"1753.0","updateDate":{"date":"Mar 25, 2022"},"createDate":{"date":"Mar 25, 2022"}},{"userProfilePk":95173854,"userGoalCategory":"MYFITNESSPAL","userGoalType":"NET_CALORIES","startDate":{"date":"Mar 25, 2022"},"endDate":{"date":"Mar 25, 2022"},"goalValue":"1753.0","updateDate":{"date":"Mar 25, 2022"},"createDate":{"date":"Mar 25, 2022"}},{"userProfilePk":95173854,"userGoalCategory":"MYFITNESSPAL","userGoalType":"NET_CALORIES","startDate":{"date":"Mar 25, 2022"},"endDate":{"date":"Mar 25, 2022"},"goalValue":"1753.0","updateDate":{"date":"Mar 25, 2022"},"createDate":{"date":"Mar 25, 2022"}},{"userProfilePk":95173854,"userGoalCategory":"MYFITNESSPAL","userGoalType":"NET_CALORIES","startDate":{"date":"Mar 25, 2022"},"endDate":{"date":"Mar 25, 2022"},"goalValue":"1753.0","updateDate":{"date":"Mar 25, 2022"},"createDate":{"date":"Mar 25, 2022"}},{"userProfilePk":95173854,"userGoalCategory":"MYFITNESSPAL","userGoalType":"NET_CALORIES","startDate":{"date":"Mar 26, 2022"},"endDate":{"date":"Mar 26, 2022"},"goalValue":"1753.0","updateDate":{"date":"Mar 26, 2022"},"createDate":{"date":"Mar 26, 2022"}},{"userProfilePk":95173854,"userGoalCategory":"MYFITNESSPAL","userGoalType":"NET_CALORIES","startDate":{"date":"Mar 26, 2022"},"endDate":{"date":"Mar 26, 2022"},"goalValue":"1753.0","updateDate":{"date":"Mar 26, 2022"},"createDate":{"date":"Mar 26, 2022"}},{"userProfilePk":95173854,"userGoalCategory":"MYFITNESSPAL","userGoalType":"NET_CALORIES","startDate":{"date":"Mar 26, 2022"},"endDate":{"date":"Mar 26, 2022"},"goalValue":"1753.0","updateDate":{"date":"Mar 26, 2022"},"createDate":{"date":"Mar 26, 2022"}},{"userProfilePk":95173854,"userGoalCategory":"MYFITNESSPAL","userGoalType":"NET_CALORIES","startDate":{"date":"Mar 26, 2022"},"endDate":{"date":"Mar 26, 2022"},"goalValue":"1753.0","updateDate":{"date":"Mar 26, 2022"},"createDate":{"date":"Mar 26, 2022"}},{"userProfilePk":95173854,"userGoalCategory":"MYFITNESSPAL","userGoalType":"NET_CALORIES","startDate":{"date":"Mar 26, 2022"},"endDate":{"date":"Mar 26, 2022"},"goalValue":"1753.0","updateDate":{"date":"Mar 26, 2022"},"createDate":{"date":"Mar 26, 2022"}},{"userProfilePk":95173854,"userGoalCategory":"MYFITNESSPAL","userGoalType":"NET_CALORIES","startDate":{"date":"Mar 26, 2022"},"endDate":{"date":"Mar 26, 2022"},"goalValue":"1753.0","updateDate":{"date":"Mar 26, 2022"},"createDate":{"date":"Mar 26, 2022"}},{"userProfilePk":95173854,"userGoalCategory":"MYFITNESSPAL","userGoalType":"NET_CALORIES","startDate":{"date":"Mar 26, 2022"},"endDate":{"date":"Mar 26, 2022"},"goalValue":"1753.0","updateDate":{"date":"Mar 26, 2022"},"createDate":{"date":"Mar 26, 2022"}},{"userProfilePk":95173854,"userGoalCategory":"MYFITNESSPAL","userGoalType":"NET_CALORIES","startDate":{"date":"Mar 27, 2022"},"endDate":{"date":"Mar 27, 2022"},"goalValue":"1753.0","updateDate":{"date":"Mar 27, 2022"},"createDate":{"date":"Mar 27, 2022"}},{"userProfilePk":95173854,"userGoalCategory":"MYFITNESSPAL","userGoalType":"NET_CALORIES","startDate":{"date":"Mar 27, 2022"},"endDate":{"date":"Mar 27, 2022"},"goalValue":"1753.0","updateDate":{"date":"Mar 27, 2022"},"createDate":{"date":"Mar 27, 2022"}},{"userProfilePk":95173854,"userGoalCategory":"MYFITNESSPAL","userGoalType":"NET_CALORIES","startDate":{"date":"Mar 27, 2022"},"endDate":{"date":"Mar 27, 2022"},"goalValue":"1753.0","updateDate":{"date":"Mar 27, 2022"},"createDate":{"date":"Mar 27, 2022"}},{"userProfilePk":95173854,"userGoalCategory":"MYFITNESSPAL","userGoalType":"NET_CALORIES","startDate":{"date":"Mar 27, 2022"},"endDate":{"date":"Mar 27, 2022"},"goalValue":"1753.0","updateDate":{"date":"Mar 27, 2022"},"createDate":{"date":"Mar 27, 2022"}},{"userProfilePk":95173854,"userGoalCategory":"MYFITNESSPAL","userGoalType":"NET_CALORIES","startDate":{"date":"Mar 27, 2022"},"endDate":{"date":"Mar 27, 2022"},"goalValue":"1753.0","updateDate":{"date":"Mar 27, 2022"},"createDate":{"date":"Mar 27, 2022"}},{"userProfilePk":95173854,"userGoalCategory":"MYFITNESSPAL","userGoalType":"NET_CALORIES","startDate":{"date":"Mar 27, 2022"},"endDate":{"date":"Mar 27, 2022"},"goalValue":"1753.0","updateDate":{"date":"Mar 27, 2022"},"createDate":{"date":"Mar 27, 2022"}},{"userProfilePk":95173854,"userGoalCategory":"MYFITNESSPAL","userGoalType":"NET_CALORIES","startDate":{"date":"Mar 28, 2022"},"endDate":{"date":"Mar 28, 2022"},"goalValue":"1753.0","updateDate":{"date":"Mar 28, 2022"},"createDate":{"date":"Mar 28, 2022"}},{"userProfilePk":95173854,"userGoalCategory":"MYFITNESSPAL","userGoalType":"NET_CALORIES","startDate":{"date":"Mar 28, 2022"},"endDate":{"date":"Mar 28, 2022"},"goalValue":"1753.0","updateDate":{"date":"Mar 28, 2022"},"createDate":{"date":"Mar 28, 2022"}},{"userProfilePk":95173854,"userGoalCategory":"MYFITNESSPAL","userGoalType":"NET_CALORIES","startDate":{"date":"Mar 28, 2022"},"endDate":{"date":"Mar 28, 2022"},"goalValue":"1753.0","updateDate":{"date":"Mar 28, 2022"},"createDate":{"date":"Mar 28, 2022"}},{"userProfilePk":95173854,"userGoalCategory":"MYFITNESSPAL","userGoalType":"NET_CALORIES","startDate":{"date":"Mar 28, 2022"},"endDate":{"date":"Mar 28, 2022"},"goalValue":"1753.0","updateDate":{"date":"Mar 28, 2022"},"createDate":{"date":"Mar 28, 2022"}},{"userProfilePk":95173854,"userGoalCategory":"MYFITNESSPAL","userGoalType":"NET_CALORIES","startDate":{"date":"Mar 28, 2022"},"endDate":{"date":"Mar 28, 2022"},"goalValue":"1753.0","updateDate":{"date":"Mar 28, 2022"},"createDate":{"date":"Mar 28, 2022"}},{"userProfilePk":95173854,"userGoalCategory":"MYFITNESSPAL","userGoalType":"NET_CALORIES","startDate":{"date":"Mar 29, 2022"},"endDate":{"date":"Mar 29, 2022"},"goalValue":"1753.0","updateDate":{"date":"Mar 29, 2022"},"createDate":{"date":"Mar 29, 2022"}},{"userProfilePk":95173854,"userGoalCategory":"MYFITNESSPAL","userGoalType":"NET_CALORIES","startDate":{"date":"Mar 29, 2022"},"endDate":{"date":"Mar 29, 2022"},"goalValue":"1753.0","updateDate":{"date":"Mar 29, 2022"},"createDate":{"date":"Mar 29, 2022"}},{"userProfilePk":95173854,"userGoalCategory":"MYFITNESSPAL","userGoalType":"NET_CALORIES","startDate":{"date":"Mar 29, 2022"},"endDate":{"date":"Mar 29, 2022"},"goalValue":"1753.0","updateDate":{"date":"Mar 29, 2022"},"createDate":{"date":"Mar 29, 2022"}},{"userProfilePk":95173854,"userGoalCategory":"MYFITNESSPAL","userGoalType":"NET_CALORIES","startDate":{"date":"Mar 29, 2022"},"endDate":{"date":"Mar 29, 2022"},"goalValue":"1753.0","updateDate":{"date":"Mar 29, 2022"},"createDate":{"date":"Mar 29, 2022"}},{"userProfilePk":95173854,"userGoalCategory":"MYFITNESSPAL","userGoalType":"NET_CALORIES","startDate":{"date":"Mar 29, 2022"},"endDate":{"date":"Mar 29, 2022"},"goalValue":"1753.0","updateDate":{"date":"Mar 29, 2022"},"createDate":{"date":"Mar 29, 2022"}},{"userProfilePk":95173854,"userGoalCategory":"MYFITNESSPAL","userGoalType":"NET_CALORIES","startDate":{"date":"Mar 29, 2022"},"endDate":{"date":"Mar 29, 2022"},"goalValue":"1753.0","updateDate":{"date":"Mar 29, 2022"},"createDate":{"date":"Mar 29, 2022"}},{"userProfilePk":95173854,"userGoalCategory":"MYFITNESSPAL","userGoalType":"NET_CALORIES","startDate":{"date":"Mar 29, 2022"},"endDate":{"date":"Mar 29, 2022"},"goalValue":"1753.0","updateDate":{"date":"Mar 29, 2022"},"createDate":{"date":"Mar 29, 2022"}},{"userProfilePk":95173854,"userGoalCategory":"MYFITNESSPAL","userGoalType":"NET_CALORIES","startDate":{"date":"Mar 29, 2022"},"endDate":{"date":"Mar 29, 2022"},"goalValue":"1753.0","updateDate":{"date":"Mar 29, 2022"},"createDate":{"date":"Mar 29, 2022"}},{"userProfilePk":95173854,"userGoalCategory":"MYFITNESSPAL","userGoalType":"NET_CALORIES","startDate":{"date":"Mar 29, 2022"},"endDate":{"date":"Mar 29, 2022"},"goalValue":"1753.0","updateDate":{"date":"Mar 29, 2022"},"createDate":{"date":"Mar 29, 2022"}},{"userProfilePk":95173854,"userGoalCategory":"MYFITNESSPAL","userGoalType":"NET_CALORIES","startDate":{"date":"Mar 30, 2022"},"endDate":{"date":"Mar 30, 2022"},"goalValue":"1753.0","updateDate":{"date":"Mar 30, 2022"},"createDate":{"date":"Mar 30, 2022"}},{"userProfilePk":95173854,"userGoalCategory":"MYFITNESSPAL","userGoalType":"NET_CALORIES","startDate":{"date":"Mar 30, 2022"},"endDate":{"date":"Mar 30, 2022"},"goalValue":"1753.0","updateDate":{"date":"Mar 30, 2022"},"createDate":{"date":"Mar 30, 2022"}},{"userProfilePk":95173854,"userGoalCategory":"MYFITNESSPAL","userGoalType":"NET_CALORIES","startDate":{"date":"Mar 30, 2022"},"endDate":{"date":"Mar 30, 2022"},"goalValue":"1753.0","updateDate":{"date":"Mar 30, 2022"},"createDate":{"date":"Mar 30, 2022"}},{"userProfilePk":95173854,"userGoalCategory":"MYFITNESSPAL","userGoalType":"NET_CALORIES","startDate":{"date":"Mar 30, 2022"},"endDate":{"date":"Mar 30, 2022"},"goalValue":"1753.0","updateDate":{"date":"Mar 30, 2022"},"createDate":{"date":"Mar 30, 2022"}},{"userProfilePk":95173854,"userGoalCategory":"MYFITNESSPAL","userGoalType":"NET_CALORIES","startDate":{"date":"Mar 30, 2022"},"endDate":{"date":"Mar 30, 2022"},"goalValue":"1753.0","updateDate":{"date":"Mar 30, 2022"},"createDate":{"date":"Mar 30, 2022"}},{"userProfilePk":95173854,"userGoalCategory":"MYFITNESSPAL","userGoalType":"NET_CALORIES","startDate":{"date":"Mar 30, 2022"},"endDate":{"date":"Mar 30, 2022"},"goalValue":"1753.0","updateDate":{"date":"Mar 30, 2022"},"createDate":{"date":"Mar 30, 2022"}},{"userProfilePk":95173854,"userGoalCategory":"MYFITNESSPAL","userGoalType":"NET_CALORIES","startDate":{"date":"Mar 30, 2022"},"endDate":{"date":"Mar 30, 2022"},"goalValue":"1753.0","updateDate":{"date":"Mar 30, 2022"},"createDate":{"date":"Mar 30, 2022"}},{"userProfilePk":95173854,"userGoalCategory":"MYFITNESSPAL","userGoalType":"NET_CALORIES","startDate":{"date":"Mar 30, 2022"},"endDate":{"date":"Mar 30, 2022"},"goalValue":"1753.0","updateDate":{"date":"Mar 30, 2022"},"createDate":{"date":"Mar 30, 2022"}},{"userProfilePk":95173854,"userGoalCategory":"MYFITNESSPAL","userGoalType":"NET_CALORIES","startDate":{"date":"Mar 30, 2022"},"endDate":{"date":"Mar 30, 2022"},"goalValue":"1753.0","updateDate":{"date":"Mar 30, 2022"},"createDate":{"date":"Mar 30, 2022"}},{"userProfilePk":95173854,"userGoalCategory":"MYFITNESSPAL","userGoalType":"NET_CALORIES","startDate":{"date":"Mar 30, 2022"},"endDate":{"date":"Mar 30, 2022"},"goalValue":"1753.0","updateDate":{"date":"Mar 30, 2022"},"createDate":{"date":"Mar 30, 2022"}},{"userProfilePk":95173854,"userGoalCategory":"MYFITNESSPAL","userGoalType":"NET_CALORIES","startDate":{"date":"Mar 31, 2022"},"endDate":{"date":"Mar 31, 2022"},"goalValue":"1753.0","updateDate":{"date":"Mar 31, 2022"},"createDate":{"date":"Mar 31, 2022"}},{"userProfilePk":95173854,"userGoalCategory":"MYFITNESSPAL","userGoalType":"NET_CALORIES","startDate":{"date":"Mar 31, 2022"},"endDate":{"date":"Mar 31, 2022"},"goalValue":"1753.0","updateDate":{"date":"Mar 31, 2022"},"createDate":{"date":"Mar 31, 2022"}},{"userProfilePk":95173854,"userGoalCategory":"MYFITNESSPAL","userGoalType":"NET_CALORIES","startDate":{"date":"Mar 31, 2022"},"endDate":{"date":"Mar 31, 2022"},"goalValue":"1753.0","updateDate":{"date":"Mar 31, 2022"},"createDate":{"date":"Mar 31, 2022"}},{"userProfilePk":95173854,"userGoalCategory":"MYFITNESSPAL","userGoalType":"NET_CALORIES","startDate":{"date":"Mar 31, 2022"},"endDate":{"date":"Mar 31, 2022"},"goalValue":"1753.0","updateDate":{"date":"Mar 31, 2022"},"createDate":{"date":"Mar 31, 2022"}},{"userProfilePk":95173854,"userGoalCategory":"MYFITNESSPAL","userGoalType":"NET_CALORIES","startDate":{"date":"Mar 31, 2022"},"endDate":{"date":"Mar 31, 2022"},"goalValue":"1753.0","updateDate":{"date":"Mar 31, 2022"},"createDate":{"date":"Mar 31, 2022"}},{"userProfilePk":95173854,"userGoalCategory":"MYFITNESSPAL","userGoalType":"NET_CALORIES","startDate":{"date":"Mar 31, 2022"},"endDate":{"date":"Mar 31, 2022"},"goalValue":"1753.0","updateDate":{"date":"Mar 31, 2022"},"createDate":{"date":"Mar 31, 2022"}},{"userProfilePk":95173854,"userGoalCategory":"MYFITNESSPAL","userGoalType":"NET_CALORIES","startDate":{"date":"Apr 1, 2022"},"endDate":{"date":"Apr 1, 2022"},"goalValue":"1753.0","updateDate":{"date":"Apr 1, 2022"},"createDate":{"date":"Apr 1, 2022"}},{"userProfilePk":95173854,"userGoalCategory":"MYFITNESSPAL","userGoalType":"NET_CALORIES","startDate":{"date":"Apr 1, 2022"},"endDate":{"date":"Apr 1, 2022"},"goalValue":"1753.0","updateDate":{"date":"Apr 1, 2022"},"createDate":{"date":"Apr 1, 2022"}},{"userProfilePk":95173854,"userGoalCategory":"MYFITNESSPAL","userGoalType":"NET_CALORIES","startDate":{"date":"Apr 1, 2022"},"endDate":{"date":"Apr 1, 2022"},"goalValue":"1753.0","updateDate":{"date":"Apr 1, 2022"},"createDate":{"date":"Apr 1, 2022"}},{"userProfilePk":95173854,"userGoalCategory":"MYFITNESSPAL","userGoalType":"NET_CALORIES","startDate":{"date":"Apr 1, 2022"},"endDate":{"date":"Apr 1, 2022"},"goalValue":"1753.0","updateDate":{"date":"Apr 1, 2022"},"createDate":{"date":"Apr 1, 2022"}},{"userProfilePk":95173854,"userGoalCategory":"MYFITNESSPAL","userGoalType":"NET_CALORIES","startDate":{"date":"Apr 1, 2022"},"endDate":{"date":"Apr 1, 2022"},"goalValue":"1753.0","updateDate":{"date":"Apr 1, 2022"},"createDate":{"date":"Apr 1, 2022"}},{"userProfilePk":95173854,"userGoalCategory":"MYFITNESSPAL","userGoalType":"NET_CALORIES","startDate":{"date":"Apr 1, 2022"},"endDate":{"date":"Apr 1, 2022"},"goalValue":"1753.0","updateDate":{"date":"Apr 1, 2022"},"createDate":{"date":"Apr 1, 2022"}},{"userProfilePk":95173854,"userGoalCategory":"MYFITNESSPAL","userGoalType":"NET_CALORIES","startDate":{"date":"Apr 1, 2022"},"endDate":{"date":"Apr 1, 2022"},"goalValue":"1753.0","updateDate":{"date":"Apr 1, 2022"},"createDate":{"date":"Apr 1, 2022"}},{"userProfilePk":95173854,"userGoalCategory":"MYFITNESSPAL","userGoalType":"NET_CALORIES","startDate":{"date":"Apr 2, 2022"},"endDate":{"date":"Apr 2, 2022"},"goalValue":"1753.0","updateDate":{"date":"Apr 2, 2022"},"createDate":{"date":"Apr 2, 2022"}},{"userProfilePk":95173854,"userGoalCategory":"MYFITNESSPAL","userGoalType":"NET_CALORIES","startDate":{"date":"Apr 2, 2022"},"endDate":{"date":"Apr 2, 2022"},"goalValue":"1753.0","updateDate":{"date":"Apr 2, 2022"},"createDate":{"date":"Apr 2, 2022"}},{"userProfilePk":95173854,"userGoalCategory":"MYFITNESSPAL","userGoalType":"NET_CALORIES","startDate":{"date":"Apr 2, 2022"},"endDate":{"date":"Apr 2, 2022"},"goalValue":"1753.0","updateDate":{"date":"Apr 2, 2022"},"createDate":{"date":"Apr 2, 2022"}},{"userProfilePk":95173854,"userGoalCategory":"MYFITNESSPAL","userGoalType":"NET_CALORIES","startDate":{"date":"Apr 2, 2022"},"endDate":{"date":"Apr 2, 2022"},"goalValue":"1753.0","updateDate":{"date":"Apr 2, 2022"},"createDate":{"date":"Apr 2, 2022"}},{"userProfilePk":95173854,"userGoalCategory":"MYFITNESSPAL","userGoalType":"NET_CALORIES","startDate":{"date":"Apr 2, 2022"},"endDate":{"date":"Apr 2, 2022"},"goalValue":"1753.0","updateDate":{"date":"Apr 2, 2022"},"createDate":{"date":"Apr 2, 2022"}},{"userProfilePk":95173854,"userGoalCategory":"MYFITNESSPAL","userGoalType":"NET_CALORIES","startDate":{"date":"Apr 2, 2022"},"endDate":{"date":"Apr 2, 2022"},"goalValue":"1753.0","updateDate":{"date":"Apr 2, 2022"},"createDate":{"date":"Apr 2, 2022"}},{"userProfilePk":95173854,"userGoalCategory":"MYFITNESSPAL","userGoalType":"NET_CALORIES","startDate":{"date":"Apr 2, 2022"},"endDate":{"date":"Apr 2, 2022"},"goalValue":"1753.0","updateDate":{"date":"Apr 2, 2022"},"createDate":{"date":"Apr 2, 2022"}},{"userProfilePk":95173854,"userGoalCategory":"MYFITNESSPAL","userGoalType":"NET_CALORIES","startDate":{"date":"Apr 3, 2022"},"endDate":{"date":"Apr 3, 2022"},"goalValue":"1753.0","updateDate":{"date":"Apr 3, 2022"},"createDate":{"date":"Apr 3, 2022"}},{"userProfilePk":95173854,"userGoalCategory":"MYFITNESSPAL","userGoalType":"NET_CALORIES","startDate":{"date":"Apr 3, 2022"},"endDate":{"date":"Apr 3, 2022"},"goalValue":"1753.0","updateDate":{"date":"Apr 3, 2022"},"createDate":{"date":"Apr 3, 2022"}},{"userProfilePk":95173854,"userGoalCategory":"MYFITNESSPAL","userGoalType":"NET_CALORIES","startDate":{"date":"Apr 3, 2022"},"endDate":{"date":"Apr 3, 2022"},"goalValue":"1753.0","updateDate":{"date":"Apr 3, 2022"},"createDate":{"date":"Apr 3, 2022"}},{"userProfilePk":95173854,"userGoalCategory":"MYFITNESSPAL","userGoalType":"NET_CALORIES","startDate":{"date":"Apr 3, 2022"},"endDate":{"date":"Apr 3, 2022"},"goalValue":"1753.0","updateDate":{"date":"Apr 3, 2022"},"createDate":{"date":"Apr 3, 2022"}},{"userProfilePk":95173854,"userGoalCategory":"MYFITNESSPAL","userGoalType":"NET_CALORIES","startDate":{"date":"Apr 3, 2022"},"endDate":{"date":"Apr 3, 2022"},"goalValue":"1753.0","updateDate":{"date":"Apr 3, 2022"},"createDate":{"date":"Apr 3, 2022"}},{"userProfilePk":95173854,"userGoalCategory":"MYFITNESSPAL","userGoalType":"NET_CALORIES","startDate":{"date":"Apr 4, 2022"},"endDate":{"date":"Apr 4, 2022"},"goalValue":"1753.0","updateDate":{"date":"Apr 4, 2022"},"createDate":{"date":"Apr 4, 2022"}},{"userProfilePk":95173854,"userGoalCategory":"MYFITNESSPAL","userGoalType":"NET_CALORIES","startDate":{"date":"Apr 4, 2022"},"endDate":{"date":"Apr 4, 2022"},"goalValue":"1753.0","updateDate":{"date":"Apr 4, 2022"},"createDate":{"date":"Apr 4, 2022"}},{"userProfilePk":95173854,"userGoalCategory":"MYFITNESSPAL","userGoalType":"NET_CALORIES","startDate":{"date":"Apr 4, 2022"},"endDate":{"date":"Apr 4, 2022"},"goalValue":"1753.0","updateDate":{"date":"Apr 4, 2022"},"createDate":{"date":"Apr 4, 2022"}},{"userProfilePk":95173854,"userGoalCategory":"MYFITNESSPAL","userGoalType":"NET_CALORIES","startDate":{"date":"Apr 4, 2022"},"endDate":{"date":"Apr 4, 2022"},"goalValue":"1753.0","updateDate":{"date":"Apr 4, 2022"},"createDate":{"date":"Apr 4, 2022"}},{"userProfilePk":95173854,"userGoalCategory":"MYFITNESSPAL","userGoalType":"NET_CALORIES","startDate":{"date":"Apr 4, 2022"},"endDate":{"date":"Apr 4, 2022"},"goalValue":"1753.0","updateDate":{"date":"Apr 4, 2022"},"createDate":{"date":"Apr 4, 2022"}},{"userProfilePk":95173854,"userGoalCategory":"MYFITNESSPAL","userGoalType":"NET_CALORIES","startDate":{"date":"Apr 4, 2022"},"endDate":{"date":"Apr 4, 2022"},"goalValue":"1753.0","updateDate":{"date":"Apr 4, 2022"},"createDate":{"date":"Apr 4, 2022"}},{"userProfilePk":95173854,"userGoalCategory":"MYFITNESSPAL","userGoalType":"NET_CALORIES","startDate":{"date":"Apr 4, 2022"},"endDate":{"date":"Apr 4, 2022"},"goalValue":"1753.0","updateDate":{"date":"Apr 4, 2022"},"createDate":{"date":"Apr 4, 2022"}},{"userProfilePk":95173854,"userGoalCategory":"MYFITNESSPAL","userGoalType":"NET_CALORIES","startDate":{"date":"Apr 4, 2022"},"endDate":{"date":"Apr 4, 2022"},"goalValue":"1753.0","updateDate":{"date":"Apr 4, 2022"},"createDate":{"date":"Apr 4, 2022"}},{"userProfilePk":95173854,"userGoalCategory":"MYFITNESSPAL","userGoalType":"NET_CALORIES","startDate":{"date":"Apr 4, 2022"},"endDate":{"date":"Apr 4, 2022"},"goalValue":"1753.0","updateDate":{"date":"Apr 4, 2022"},"createDate":{"date":"Apr 4, 2022"}},{"userProfilePk":95173854,"userGoalCategory":"MYFITNESSPAL","userGoalType":"NET_CALORIES","startDate":{"date":"Apr 4, 2022"},"endDate":{"date":"Apr 4, 2022"},"goalValue":"1753.0","updateDate":{"date":"Apr 4, 2022"},"createDate":{"date":"Apr 4, 2022"}},{"userProfilePk":95173854,"userGoalCategory":"MYFITNESSPAL","userGoalType":"NET_CALORIES","startDate":{"date":"Apr 4, 2022"},"endDate":{"date":"Apr 4, 2022"},"goalValue":"1753.0","updateDate":{"date":"Apr 4, 2022"},"createDate":{"date":"Apr 4, 2022"}},{"userProfilePk":95173854,"userGoalCategory":"MYFITNESSPAL","userGoalType":"NET_CALORIES","startDate":{"date":"Apr 5, 2022"},"endDate":{"date":"Apr 5, 2022"},"goalValue":"1753.0","updateDate":{"date":"Apr 5, 2022"},"createDate":{"date":"Apr 5, 2022"}},{"userProfilePk":95173854,"userGoalCategory":"MYFITNESSPAL","userGoalType":"NET_CALORIES","startDate":{"date":"Apr 5, 2022"},"endDate":{"date":"Apr 5, 2022"},"goalValue":"1753.0","updateDate":{"date":"Apr 5, 2022"},"createDate":{"date":"Apr 5, 2022"}},{"userProfilePk":95173854,"userGoalCategory":"MYFITNESSPAL","userGoalType":"NET_CALORIES","startDate":{"date":"Apr 5, 2022"},"endDate":{"date":"Apr 5, 2022"},"goalValue":"1753.0","updateDate":{"date":"Apr 5, 2022"},"createDate":{"date":"Apr 5, 2022"}},{"userProfilePk":95173854,"userGoalCategory":"MYFITNESSPAL","userGoalType":"NET_CALORIES","startDate":{"date":"Apr 5, 2022"},"endDate":{"date":"Apr 5, 2022"},"goalValue":"1753.0","updateDate":{"date":"Apr 5, 2022"},"createDate":{"date":"Apr 5, 2022"}},{"userProfilePk":95173854,"userGoalCategory":"MYFITNESSPAL","userGoalType":"NET_CALORIES","startDate":{"date":"Apr 5, 2022"},"endDate":{"date":"Apr 5, 2022"},"goalValue":"1753.0","updateDate":{"date":"Apr 5, 2022"},"createDate":{"date":"Apr 5, 2022"}},{"userProfilePk":95173854,"userGoalCategory":"MYFITNESSPAL","userGoalType":"NET_CALORIES","startDate":{"date":"Apr 5, 2022"},"endDate":{"date":"Apr 5, 2022"},"goalValue":"1753.0","updateDate":{"date":"Apr 5, 2022"},"createDate":{"date":"Apr 5, 2022"}},{"userProfilePk":95173854,"userGoalCategory":"MYFITNESSPAL","userGoalType":"NET_CALORIES","startDate":{"date":"Apr 5, 2022"},"endDate":{"date":"Apr 5, 2022"},"goalValue":"1753.0","updateDate":{"date":"Apr 5, 2022"},"createDate":{"date":"Apr 5, 2022"}},{"userProfilePk":95173854,"userGoalCategory":"MYFITNESSPAL","userGoalType":"NET_CALORIES","startDate":{"date":"Apr 5, 2022"},"endDate":{"date":"Apr 5, 2022"},"goalValue":"1753.0","updateDate":{"date":"Apr 5, 2022"},"createDate":{"date":"Apr 5, 2022"}},{"userProfilePk":95173854,"userGoalCategory":"MYFITNESSPAL","userGoalType":"NET_CALORIES","startDate":{"date":"Apr 6, 2022"},"endDate":{"date":"Apr 6, 2022"},"goalValue":"1753.0","updateDate":{"date":"Apr 6, 2022"},"createDate":{"date":"Apr 6, 2022"}},{"userProfilePk":95173854,"userGoalCategory":"MYFITNESSPAL","userGoalType":"NET_CALORIES","startDate":{"date":"Apr 6, 2022"},"endDate":{"date":"Apr 6, 2022"},"goalValue":"1753.0","updateDate":{"date":"Apr 6, 2022"},"createDate":{"date":"Apr 6, 2022"}},{"userProfilePk":95173854,"userGoalCategory":"MYFITNESSPAL","userGoalType":"NET_CALORIES","startDate":{"date":"Apr 6, 2022"},"endDate":{"date":"Apr 6, 2022"},"goalValue":"1753.0","updateDate":{"date":"Apr 6, 2022"},"createDate":{"date":"Apr 6, 2022"}},{"userProfilePk":95173854,"userGoalCategory":"MYFITNESSPAL","userGoalType":"NET_CALORIES","startDate":{"date":"Apr 6, 2022"},"endDate":{"date":"Apr 6, 2022"},"goalValue":"1753.0","updateDate":{"date":"Apr 6, 2022"},"createDate":{"date":"Apr 6, 2022"}},{"userProfilePk":95173854,"userGoalCategory":"MYFITNESSPAL","userGoalType":"NET_CALORIES","startDate":{"date":"Apr 6, 2022"},"endDate":{"date":"Apr 6, 2022"},"goalValue":"1753.0","updateDate":{"date":"Apr 6, 2022"},"createDate":{"date":"Apr 6, 2022"}},{"userProfilePk":95173854,"userGoalCategory":"MYFITNESSPAL","userGoalType":"NET_CALORIES","startDate":{"date":"Apr 6, 2022"},"endDate":{"date":"Apr 6, 2022"},"goalValue":"1753.0","updateDate":{"date":"Apr 6, 2022"},"createDate":{"date":"Apr 6, 2022"}},{"userProfilePk":95173854,"userGoalCategory":"MYFITNESSPAL","userGoalType":"NET_CALORIES","startDate":{"date":"Apr 6, 2022"},"endDate":{"date":"Apr 6, 2022"},"goalValue":"1753.0","updateDate":{"date":"Apr 6, 2022"},"createDate":{"date":"Apr 6, 2022"}},{"userProfilePk":95173854,"userGoalCategory":"MYFITNESSPAL","userGoalType":"NET_CALORIES","startDate":{"date":"Apr 6, 2022"},"endDate":{"date":"Apr 6, 2022"},"goalValue":"1753.0","updateDate":{"date":"Apr 6, 2022"},"createDate":{"date":"Apr 6, 2022"}},{"userProfilePk":95173854,"userGoalCategory":"MYFITNESSPAL","userGoalType":"NET_CALORIES","startDate":{"date":"Apr 6, 2022"},"endDate":{"date":"Apr 6, 2022"},"goalValue":"1753.0","updateDate":{"date":"Apr 6, 2022"},"createDate":{"date":"Apr 6, 2022"}},{"userProfilePk":95173854,"userGoalCategory":"MYFITNESSPAL","userGoalType":"NET_CALORIES","startDate":{"date":"Apr 6, 2022"},"endDate":{"date":"Apr 6, 2022"},"goalValue":"1753.0","updateDate":{"date":"Apr 6, 2022"},"createDate":{"date":"Apr 6, 2022"}},{"userProfilePk":95173854,"userGoalCategory":"MYFITNESSPAL","userGoalType":"NET_CALORIES","startDate":{"date":"Apr 7, 2022"},"endDate":{"date":"Apr 7, 2022"},"goalValue":"1753.0","updateDate":{"date":"Apr 7, 2022"},"createDate":{"date":"Apr 7, 2022"}},{"userProfilePk":95173854,"userGoalCategory":"MYFITNESSPAL","userGoalType":"NET_CALORIES","startDate":{"date":"Apr 7, 2022"},"endDate":{"date":"Apr 7, 2022"},"goalValue":"1753.0","updateDate":{"date":"Apr 7, 2022"},"createDate":{"date":"Apr 7, 2022"}},{"userProfilePk":95173854,"userGoalCategory":"MYFITNESSPAL","userGoalType":"NET_CALORIES","startDate":{"date":"Apr 7, 2022"},"endDate":{"date":"Apr 7, 2022"},"goalValue":"1753.0","updateDate":{"date":"Apr 7, 2022"},"createDate":{"date":"Apr 7, 2022"}},{"userProfilePk":95173854,"userGoalCategory":"MYFITNESSPAL","userGoalType":"NET_CALORIES","startDate":{"date":"Apr 7, 2022"},"endDate":{"date":"Apr 7, 2022"},"goalValue":"1753.0","updateDate":{"date":"Apr 7, 2022"},"createDate":{"date":"Apr 7, 2022"}},{"userProfilePk":95173854,"userGoalCategory":"MYFITNESSPAL","userGoalType":"NET_CALORIES","startDate":{"date":"Apr 7, 2022"},"endDate":{"date":"Apr 7, 2022"},"goalValue":"1753.0","updateDate":{"date":"Apr 7, 2022"},"createDate":{"date":"Apr 7, 2022"}},{"userProfilePk":95173854,"userGoalCategory":"MYFITNESSPAL","userGoalType":"NET_CALORIES","startDate":{"date":"Apr 8, 2022"},"endDate":{"date":"Apr 8, 2022"},"goalValue":"1753.0","updateDate":{"date":"Apr 8, 2022"},"createDate":{"date":"Apr 8, 2022"}},{"userProfilePk":95173854,"userGoalCategory":"MYFITNESSPAL","userGoalType":"NET_CALORIES","startDate":{"date":"Apr 8, 2022"},"endDate":{"date":"Apr 8, 2022"},"goalValue":"1753.0","updateDate":{"date":"Apr 8, 2022"},"createDate":{"date":"Apr 8, 2022"}},{"userProfilePk":95173854,"userGoalCategory":"MYFITNESSPAL","userGoalType":"NET_CALORIES","startDate":{"date":"Apr 8, 2022"},"endDate":{"date":"Apr 8, 2022"},"goalValue":"1753.0","updateDate":{"date":"Apr 8, 2022"},"createDate":{"date":"Apr 8, 2022"}},{"userProfilePk":95173854,"userGoalCategory":"MYFITNESSPAL","userGoalType":"NET_CALORIES","startDate":{"date":"Apr 8, 2022"},"endDate":{"date":"Apr 8, 2022"},"goalValue":"1753.0","updateDate":{"date":"Apr 8, 2022"},"createDate":{"date":"Apr 8, 2022"}},{"userProfilePk":95173854,"userGoalCategory":"MYFITNESSPAL","userGoalType":"NET_CALORIES","startDate":{"date":"Apr 8, 2022"},"endDate":{"date":"Apr 8, 2022"},"goalValue":"1753.0","updateDate":{"date":"Apr 8, 2022"},"createDate":{"date":"Apr 8, 2022"}},{"userProfilePk":95173854,"userGoalCategory":"MYFITNESSPAL","userGoalType":"NET_CALORIES","startDate":{"date":"Apr 8, 2022"},"endDate":{"date":"Apr 8, 2022"},"goalValue":"1753.0","updateDate":{"date":"Apr 8, 2022"},"createDate":{"date":"Apr 8, 2022"}},{"userProfilePk":95173854,"userGoalCategory":"MYFITNESSPAL","userGoalType":"NET_CALORIES","startDate":{"date":"Apr 9, 2022"},"endDate":{"date":"Apr 9, 2022"},"goalValue":"1753.0","updateDate":{"date":"Apr 9, 2022"},"createDate":{"date":"Apr 9, 2022"}},{"userProfilePk":95173854,"userGoalCategory":"MYFITNESSPAL","userGoalType":"NET_CALORIES","startDate":{"date":"Apr 9, 2022"},"endDate":{"date":"Apr 9, 2022"},"goalValue":"1753.0","updateDate":{"date":"Apr 9, 2022"},"createDate":{"date":"Apr 9, 2022"}},{"userProfilePk":95173854,"userGoalCategory":"MYFITNESSPAL","userGoalType":"NET_CALORIES","startDate":{"date":"Apr 10, 2022"},"endDate":{"date":"Apr 10, 2022"},"goalValue":"1753.0","updateDate":{"date":"Apr 10, 2022"},"createDate":{"date":"Apr 10, 2022"}},{"userProfilePk":95173854,"userGoalCategory":"MYFITNESSPAL","userGoalType":"NET_CALORIES","startDate":{"date":"Apr 10, 2022"},"endDate":{"date":"Apr 10, 2022"},"goalValue":"1753.0","updateDate":{"date":"Apr 10, 2022"},"createDate":{"date":"Apr 10, 2022"}},{"userProfilePk":95173854,"userGoalCategory":"MYFITNESSPAL","userGoalType":"NET_CALORIES","startDate":{"date":"Apr 10, 2022"},"endDate":{"date":"Apr 10, 2022"},"goalValue":"1753.0","updateDate":{"date":"Apr 10, 2022"},"createDate":{"date":"Apr 10, 2022"}},{"userProfilePk":95173854,"userGoalCategory":"MYFITNESSPAL","userGoalType":"NET_CALORIES","startDate":{"date":"Apr 10, 2022"},"endDate":{"date":"Apr 10, 2022"},"goalValue":"1753.0","updateDate":{"date":"Apr 10, 2022"},"createDate":{"date":"Apr 10, 2022"}},{"userProfilePk":95173854,"userGoalCategory":"MYFITNESSPAL","userGoalType":"NET_CALORIES","startDate":{"date":"Apr 10, 2022"},"endDate":{"date":"Apr 10, 2022"},"goalValue":"1753.0","updateDate":{"date":"Apr 10, 2022"},"createDate":{"date":"Apr 10, 2022"}},{"userProfilePk":95173854,"userGoalCategory":"MYFITNESSPAL","userGoalType":"NET_CALORIES","startDate":{"date":"Apr 10, 2022"},"endDate":{"date":"Apr 10, 2022"},"goalValue":"1753.0","updateDate":{"date":"Apr 10, 2022"},"createDate":{"date":"Apr 10, 2022"}},{"userProfilePk":95173854,"userGoalCategory":"MYFITNESSPAL","userGoalType":"NET_CALORIES","startDate":{"date":"Apr 10, 2022"},"endDate":{"date":"Apr 10, 2022"},"goalValue":"1753.0","updateDate":{"date":"Apr 10, 2022"},"createDate":{"date":"Apr 10, 2022"}},{"userProfilePk":95173854,"userGoalCategory":"MYFITNESSPAL","userGoalType":"NET_CALORIES","startDate":{"date":"Apr 10, 2022"},"endDate":{"date":"Apr 10, 2022"},"goalValue":"1753.0","updateDate":{"date":"Apr 10, 2022"},"createDate":{"date":"Apr 10, 2022"}},{"userProfilePk":95173854,"userGoalCategory":"MYFITNESSPAL","userGoalType":"NET_CALORIES","startDate":{"date":"Apr 10, 2022"},"endDate":{"date":"Apr 10, 2022"},"goalValue":"1753.0","updateDate":{"date":"Apr 10, 2022"},"createDate":{"date":"Apr 10, 2022"}},{"userProfilePk":95173854,"userGoalCategory":"MYFITNESSPAL","userGoalType":"NET_CALORIES","startDate":{"date":"Apr 11, 2022"},"endDate":{"date":"Apr 11, 2022"},"goalValue":"1753.0","updateDate":{"date":"Apr 11, 2022"},"createDate":{"date":"Apr 11, 2022"}},{"userProfilePk":95173854,"userGoalCategory":"MYFITNESSPAL","userGoalType":"NET_CALORIES","startDate":{"date":"Apr 11, 2022"},"endDate":{"date":"Apr 11, 2022"},"goalValue":"1753.0","updateDate":{"date":"Apr 11, 2022"},"createDate":{"date":"Apr 11, 2022"}},{"userProfilePk":95173854,"userGoalCategory":"MYFITNESSPAL","userGoalType":"NET_CALORIES","startDate":{"date":"Apr 11, 2022"},"endDate":{"date":"Apr 11, 2022"},"goalValue":"1753.0","updateDate":{"date":"Apr 11, 2022"},"createDate":{"date":"Apr 11, 2022"}},{"userProfilePk":95173854,"userGoalCategory":"MYFITNESSPAL","userGoalType":"NET_CALORIES","startDate":{"date":"Apr 11, 2022"},"endDate":{"date":"Apr 11, 2022"},"goalValue":"1753.0","updateDate":{"date":"Apr 11, 2022"},"createDate":{"date":"Apr 11, 2022"}},{"userProfilePk":95173854,"userGoalCategory":"MYFITNESSPAL","userGoalType":"NET_CALORIES","startDate":{"date":"Apr 11, 2022"},"endDate":{"date":"Apr 11, 2022"},"goalValue":"1753.0","updateDate":{"date":"Apr 11, 2022"},"createDate":{"date":"Apr 11, 2022"}},{"userProfilePk":95173854,"userGoalCategory":"MYFITNESSPAL","userGoalType":"NET_CALORIES","startDate":{"date":"Apr 12, 2022"},"endDate":{"date":"Apr 12, 2022"},"goalValue":"1753.0","updateDate":{"date":"Apr 12, 2022"},"createDate":{"date":"Apr 12, 2022"}},{"userProfilePk":95173854,"userGoalCategory":"MYFITNESSPAL","userGoalType":"NET_CALORIES","startDate":{"date":"Apr 12, 2022"},"endDate":{"date":"Apr 12, 2022"},"goalValue":"1753.0","updateDate":{"date":"Apr 12, 2022"},"createDate":{"date":"Apr 12, 2022"}},{"userProfilePk":95173854,"userGoalCategory":"MYFITNESSPAL","userGoalType":"NET_CALORIES","startDate":{"date":"Apr 12, 2022"},"endDate":{"date":"Apr 12, 2022"},"goalValue":"1753.0","updateDate":{"date":"Apr 12, 2022"},"createDate":{"date":"Apr 12, 2022"}},{"userProfilePk":95173854,"userGoalCategory":"MYFITNESSPAL","userGoalType":"NET_CALORIES","startDate":{"date":"Apr 13, 2022"},"endDate":{"date":"Apr 13, 2022"},"goalValue":"1753.0","updateDate":{"date":"Apr 13, 2022"},"createDate":{"date":"Apr 13, 2022"}},{"userProfilePk":95173854,"userGoalCategory":"MYFITNESSPAL","userGoalType":"NET_CALORIES","startDate":{"date":"Apr 13, 2022"},"endDate":{"date":"Apr 13, 2022"},"goalValue":"1753.0","updateDate":{"date":"Apr 13, 2022"},"createDate":{"date":"Apr 13, 2022"}},{"userProfilePk":95173854,"userGoalCategory":"MYFITNESSPAL","userGoalType":"NET_CALORIES","startDate":{"date":"Apr 13, 2022"},"endDate":{"date":"Apr 13, 2022"},"goalValue":"1753.0","updateDate":{"date":"Apr 13, 2022"},"createDate":{"date":"Apr 13, 2022"}},{"userProfilePk":95173854,"userGoalCategory":"MYFITNESSPAL","userGoalType":"NET_CALORIES","startDate":{"date":"Apr 13, 2022"},"endDate":{"date":"Apr 13, 2022"},"goalValue":"1753.0","updateDate":{"date":"Apr 13, 2022"},"createDate":{"date":"Apr 13, 2022"}},{"userProfilePk":95173854,"userGoalCategory":"MYFITNESSPAL","userGoalType":"NET_CALORIES","startDate":{"date":"Apr 13, 2022"},"endDate":{"date":"Apr 13, 2022"},"goalValue":"1753.0","updateDate":{"date":"Apr 13, 2022"},"createDate":{"date":"Apr 13, 2022"}},{"userProfilePk":95173854,"userGoalCategory":"MYFITNESSPAL","userGoalType":"NET_CALORIES","startDate":{"date":"Apr 13, 2022"},"endDate":{"date":"Apr 13, 2022"},"goalValue":"1753.0","updateDate":{"date":"Apr 13, 2022"},"createDate":{"date":"Apr 13, 2022"}},{"userProfilePk":95173854,"userGoalCategory":"MYFITNESSPAL","userGoalType":"NET_CALORIES","startDate":{"date":"Apr 13, 2022"},"endDate":{"date":"Apr 13, 2022"},"goalValue":"1753.0","updateDate":{"date":"Apr 13, 2022"},"createDate":{"date":"Apr 13, 2022"}},{"userProfilePk":95173854,"userGoalCategory":"MYFITNESSPAL","userGoalType":"NET_CALORIES","startDate":{"date":"Apr 14, 2022"},"endDate":{"date":"Apr 14, 2022"},"goalValue":"1753.0","updateDate":{"date":"Apr 14, 2022"},"createDate":{"date":"Apr 14, 2022"}},{"userProfilePk":95173854,"userGoalCategory":"MYFITNESSPAL","userGoalType":"NET_CALORIES","startDate":{"date":"Apr 14, 2022"},"endDate":{"date":"Apr 14, 2022"},"goalValue":"1753.0","updateDate":{"date":"Apr 14, 2022"},"createDate":{"date":"Apr 14, 2022"}},{"userProfilePk":95173854,"userGoalCategory":"MYFITNESSPAL","userGoalType":"NET_CALORIES","startDate":{"date":"Apr 15, 2022"},"endDate":{"date":"Apr 15, 2022"},"goalValue":"1753.0","updateDate":{"date":"Apr 15, 2022"},"createDate":{"date":"Apr 15, 2022"}},{"userProfilePk":95173854,"userGoalCategory":"MYFITNESSPAL","userGoalType":"NET_CALORIES","startDate":{"date":"Apr 15, 2022"},"endDate":{"date":"Apr 15, 2022"},"goalValue":"1753.0","updateDate":{"date":"Apr 15, 2022"},"createDate":{"date":"Apr 15, 2022"}},{"userProfilePk":95173854,"userGoalCategory":"MYFITNESSPAL","userGoalType":"NET_CALORIES","startDate":{"date":"Apr 15, 2022"},"endDate":{"date":"Apr 15, 2022"},"goalValue":"1753.0","updateDate":{"date":"Apr 15, 2022"},"createDate":{"date":"Apr 15, 2022"}},{"userProfilePk":95173854,"userGoalCategory":"MYFITNESSPAL","userGoalType":"NET_CALORIES","startDate":{"date":"Apr 17, 2022"},"endDate":{"date":"Apr 17, 2022"},"goalValue":"1753.0","updateDate":{"date":"Apr 17, 2022"},"createDate":{"date":"Apr 17, 2022"}},{"userProfilePk":95173854,"userGoalCategory":"MYFITNESSPAL","userGoalType":"NET_CALORIES","startDate":{"date":"Apr 18, 2022"},"endDate":{"date":"Apr 18, 2022"},"goalValue":"1753.0","updateDate":{"date":"Apr 18, 2022"},"createDate":{"date":"Apr 18, 2022"}},{"userProfilePk":95173854,"userGoalCategory":"MYFITNESSPAL","userGoalType":"NET_CALORIES","startDate":{"date":"Apr 18, 2022"},"endDate":{"date":"Apr 18, 2022"},"goalValue":"1753.0","updateDate":{"date":"Apr 18, 2022"},"createDate":{"date":"Apr 18, 2022"}},{"userProfilePk":95173854,"userGoalCategory":"MYFITNESSPAL","userGoalType":"NET_CALORIES","startDate":{"date":"Apr 19, 2022"},"endDate":{"date":"Apr 19, 2022"},"goalValue":"1753.0","updateDate":{"date":"Apr 19, 2022"},"createDate":{"date":"Apr 19, 2022"}},{"userProfilePk":95173854,"userGoalCategory":"MYFITNESSPAL","userGoalType":"NET_CALORIES","startDate":{"date":"Apr 19, 2022"},"endDate":{"date":"Apr 19, 2022"},"goalValue":"1753.0","updateDate":{"date":"Apr 19, 2022"},"createDate":{"date":"Apr 19, 2022"}},{"userProfilePk":95173854,"userGoalCategory":"MYFITNESSPAL","userGoalType":"NET_CALORIES","startDate":{"date":"Apr 19, 2022"},"endDate":{"date":"Apr 19, 2022"},"goalValue":"1753.0","updateDate":{"date":"Apr 19, 2022"},"createDate":{"date":"Apr 19, 2022"}},{"userProfilePk":95173854,"userGoalCategory":"MYFITNESSPAL","userGoalType":"NET_CALORIES","startDate":{"date":"Apr 19, 2022"},"endDate":{"date":"Apr 19, 2022"},"goalValue":"1753.0","updateDate":{"date":"Apr 19, 2022"},"createDate":{"date":"Apr 19, 2022"}},{"userProfilePk":95173854,"userGoalCategory":"MYFITNESSPAL","userGoalType":"NET_CALORIES","startDate":{"date":"Apr 20, 2022"},"endDate":{"date":"Apr 20, 2022"},"goalValue":"1753.0","updateDate":{"date":"Apr 20, 2022"},"createDate":{"date":"Apr 20, 2022"}},{"userProfilePk":95173854,"userGoalCategory":"MYFITNESSPAL","userGoalType":"NET_CALORIES","startDate":{"date":"Apr 20, 2022"},"endDate":{"date":"Apr 20, 2022"},"goalValue":"1753.0","updateDate":{"date":"Apr 20, 2022"},"createDate":{"date":"Apr 20, 2022"}},{"userProfilePk":95173854,"userGoalCategory":"MYFITNESSPAL","userGoalType":"NET_CALORIES","startDate":{"date":"Apr 20, 2022"},"endDate":{"date":"Apr 20, 2022"},"goalValue":"1753.0","updateDate":{"date":"Apr 20, 2022"},"createDate":{"date":"Apr 20, 2022"}},{"userProfilePk":95173854,"userGoalCategory":"MYFITNESSPAL","userGoalType":"NET_CALORIES","startDate":{"date":"Apr 20, 2022"},"endDate":{"date":"Apr 20, 2022"},"goalValue":"1753.0","updateDate":{"date":"Apr 20, 2022"},"createDate":{"date":"Apr 20, 2022"}},{"userProfilePk":95173854,"userGoalCategory":"MYFITNESSPAL","userGoalType":"NET_CALORIES","startDate":{"date":"Apr 20, 2022"},"endDate":{"date":"Apr 20, 2022"},"goalValue":"1753.0","updateDate":{"date":"Apr 20, 2022"},"createDate":{"date":"Apr 20, 2022"}},{"userProfilePk":95173854,"userGoalCategory":"MYFITNESSPAL","userGoalType":"NET_CALORIES","startDate":{"date":"Apr 21, 2022"},"endDate":{"date":"Apr 21, 2022"},"goalValue":"1753.0","updateDate":{"date":"Apr 21, 2022"},"createDate":{"date":"Apr 21, 2022"}},{"userProfilePk":95173854,"userGoalCategory":"MYFITNESSPAL","userGoalType":"NET_CALORIES","startDate":{"date":"Apr 21, 2022"},"endDate":{"date":"Apr 21, 2022"},"goalValue":"1753.0","updateDate":{"date":"Apr 21, 2022"},"createDate":{"date":"Apr 21, 2022"}},{"userProfilePk":95173854,"userGoalCategory":"MYFITNESSPAL","userGoalType":"NET_CALORIES","startDate":{"date":"Apr 21, 2022"},"endDate":{"date":"Apr 21, 2022"},"goalValue":"1753.0","updateDate":{"date":"Apr 21, 2022"},"createDate":{"date":"Apr 21, 2022"}},{"userProfilePk":95173854,"userGoalCategory":"MYFITNESSPAL","userGoalType":"NET_CALORIES","startDate":{"date":"Apr 21, 2022"},"endDate":{"date":"Apr 21, 2022"},"goalValue":"1753.0","updateDate":{"date":"Apr 21, 2022"},"createDate":{"date":"Apr 21, 2022"}},{"userProfilePk":95173854,"userGoalCategory":"MYFITNESSPAL","userGoalType":"NET_CALORIES","startDate":{"date":"Apr 21, 2022"},"endDate":{"date":"Apr 21, 2022"},"goalValue":"1753.0","updateDate":{"date":"Apr 21, 2022"},"createDate":{"date":"Apr 21, 2022"}},{"userProfilePk":95173854,"userGoalCategory":"MYFITNESSPAL","userGoalType":"NET_CALORIES","startDate":{"date":"Apr 21, 2022"},"endDate":{"date":"Apr 21, 2022"},"goalValue":"1753.0","updateDate":{"date":"Apr 21, 2022"},"createDate":{"date":"Apr 21, 2022"}},{"userProfilePk":95173854,"userGoalCategory":"MYFITNESSPAL","userGoalType":"NET_CALORIES","startDate":{"date":"Apr 22, 2022"},"endDate":{"date":"Apr 22, 2022"},"goalValue":"1753.0","updateDate":{"date":"Apr 22, 2022"},"createDate":{"date":"Apr 22, 2022"}},{"userProfilePk":95173854,"userGoalCategory":"MYFITNESSPAL","userGoalType":"NET_CALORIES","startDate":{"date":"Apr 22, 2022"},"endDate":{"date":"Apr 22, 2022"},"goalValue":"1753.0","updateDate":{"date":"Apr 22, 2022"},"createDate":{"date":"Apr 22, 2022"}},{"userProfilePk":95173854,"userGoalCategory":"MYFITNESSPAL","userGoalType":"NET_CALORIES","startDate":{"date":"Apr 22, 2022"},"endDate":{"date":"Apr 22, 2022"},"goalValue":"1753.0","updateDate":{"date":"Apr 22, 2022"},"createDate":{"date":"Apr 22, 2022"}},{"userProfilePk":95173854,"userGoalCategory":"MYFITNESSPAL","userGoalType":"NET_CALORIES","startDate":{"date":"Apr 23, 2022"},"endDate":{"date":"Apr 23, 2022"},"goalValue":"1753.0","updateDate":{"date":"Apr 23, 2022"},"createDate":{"date":"Apr 23, 2022"}},{"userProfilePk":95173854,"userGoalCategory":"MYFITNESSPAL","userGoalType":"NET_CALORIES","startDate":{"date":"Apr 23, 2022"},"endDate":{"date":"Apr 23, 2022"},"goalValue":"1753.0","updateDate":{"date":"Apr 23, 2022"},"createDate":{"date":"Apr 23, 2022"}},{"userProfilePk":95173854,"userGoalCategory":"MYFITNESSPAL","userGoalType":"NET_CALORIES","startDate":{"date":"Apr 23, 2022"},"endDate":{"date":"Apr 23, 2022"},"goalValue":"1753.0","updateDate":{"date":"Apr 23, 2022"},"createDate":{"date":"Apr 23, 2022"}},{"userProfilePk":95173854,"userGoalCategory":"MYFITNESSPAL","userGoalType":"NET_CALORIES","startDate":{"date":"Apr 23, 2022"},"endDate":{"date":"Apr 23, 2022"},"goalValue":"1753.0","updateDate":{"date":"Apr 23, 2022"},"createDate":{"date":"Apr 23, 2022"}},{"userProfilePk":95173854,"userGoalCategory":"MYFITNESSPAL","userGoalType":"NET_CALORIES","startDate":{"date":"Apr 23, 2022"},"endDate":{"date":"Apr 23, 2022"},"goalValue":"1753.0","updateDate":{"date":"Apr 23, 2022"},"createDate":{"date":"Apr 23, 2022"}},{"userProfilePk":95173854,"userGoalCategory":"MYFITNESSPAL","userGoalType":"NET_CALORIES","startDate":{"date":"Apr 23, 2022"},"endDate":{"date":"Apr 23, 2022"},"goalValue":"1753.0","updateDate":{"date":"Apr 23, 2022"},"createDate":{"date":"Apr 23, 2022"}},{"userProfilePk":95173854,"userGoalCategory":"MYFITNESSPAL","userGoalType":"NET_CALORIES","startDate":{"date":"Apr 24, 2022"},"endDate":{"date":"Apr 24, 2022"},"goalValue":"1753.0","updateDate":{"date":"Apr 24, 2022"},"createDate":{"date":"Apr 24, 2022"}},{"userProfilePk":95173854,"userGoalCategory":"MYFITNESSPAL","userGoalType":"NET_CALORIES","startDate":{"date":"Apr 24, 2022"},"endDate":{"date":"Apr 24, 2022"},"goalValue":"1753.0","updateDate":{"date":"Apr 24, 2022"},"createDate":{"date":"Apr 24, 2022"}},{"userProfilePk":95173854,"userGoalCategory":"MYFITNESSPAL","userGoalType":"NET_CALORIES","startDate":{"date":"Apr 24, 2022"},"endDate":{"date":"Apr 24, 2022"},"goalValue":"1753.0","updateDate":{"date":"Apr 24, 2022"},"createDate":{"date":"Apr 24, 2022"}},{"userProfilePk":95173854,"userGoalCategory":"MYFITNESSPAL","userGoalType":"NET_CALORIES","startDate":{"date":"Apr 24, 2022"},"endDate":{"date":"Apr 24, 2022"},"goalValue":"1753.0","updateDate":{"date":"Apr 24, 2022"},"createDate":{"date":"Apr 24, 2022"}},{"userProfilePk":95173854,"userGoalCategory":"MYFITNESSPAL","userGoalType":"NET_CALORIES","startDate":{"date":"Apr 24, 2022"},"endDate":{"date":"Apr 24, 2022"},"goalValue":"1753.0","updateDate":{"date":"Apr 24, 2022"},"createDate":{"date":"Apr 24, 2022"}},{"userProfilePk":95173854,"userGoalCategory":"MYFITNESSPAL","userGoalType":"NET_CALORIES","startDate":{"date":"Apr 24, 2022"},"endDate":{"date":"Apr 24, 2022"},"goalValue":"1753.0","updateDate":{"date":"Apr 24, 2022"},"createDate":{"date":"Apr 24, 2022"}},{"userProfilePk":95173854,"userGoalCategory":"MYFITNESSPAL","userGoalType":"NET_CALORIES","startDate":{"date":"Apr 24, 2022"},"endDate":{"date":"Apr 24, 2022"},"goalValue":"1753.0","updateDate":{"date":"Apr 24, 2022"},"createDate":{"date":"Apr 24, 2022"}},{"userProfilePk":95173854,"userGoalCategory":"MYFITNESSPAL","userGoalType":"NET_CALORIES","startDate":{"date":"Apr 25, 2022"},"endDate":{"date":"Apr 25, 2022"},"goalValue":"1753.0","updateDate":{"date":"Apr 25, 2022"},"createDate":{"date":"Apr 25, 2022"}},{"userProfilePk":95173854,"userGoalCategory":"MYFITNESSPAL","userGoalType":"NET_CALORIES","startDate":{"date":"Apr 25, 2022"},"endDate":{"date":"Apr 25, 2022"},"goalValue":"1753.0","updateDate":{"date":"Apr 25, 2022"},"createDate":{"date":"Apr 25, 2022"}},{"userProfilePk":95173854,"userGoalCategory":"MYFITNESSPAL","userGoalType":"NET_CALORIES","startDate":{"date":"Apr 26, 2022"},"endDate":{"date":"Apr 26, 2022"},"goalValue":"1753.0","updateDate":{"date":"Apr 26, 2022"},"createDate":{"date":"Apr 26, 2022"}},{"userProfilePk":95173854,"userGoalCategory":"MYFITNESSPAL","userGoalType":"NET_CALORIES","startDate":{"date":"Apr 27, 2022"},"endDate":{"date":"Apr 27, 2022"},"goalValue":"1753.0","updateDate":{"date":"Apr 27, 2022"},"createDate":{"date":"Apr 27, 2022"}},{"userProfilePk":95173854,"userGoalCategory":"MYFITNESSPAL","userGoalType":"NET_CALORIES","startDate":{"date":"Apr 27, 2022"},"endDate":{"date":"Apr 27, 2022"},"goalValue":"1753.0","updateDate":{"date":"Apr 27, 2022"},"createDate":{"date":"Apr 27, 2022"}},{"userProfilePk":95173854,"userGoalCategory":"MYFITNESSPAL","userGoalType":"NET_CALORIES","startDate":{"date":"Apr 30, 2022"},"endDate":{"date":"Apr 30, 2022"},"goalValue":"1753.0","updateDate":{"date":"Apr 30, 2022"},"createDate":{"date":"Apr 30, 2022"}},{"userProfilePk":95173854,"userGoalCategory":"MYFITNESSPAL","userGoalType":"NET_CALORIES","startDate":{"date":"Apr 30, 2022"},"endDate":{"date":"Apr 30, 2022"},"goalValue":"1753.0","updateDate":{"date":"Apr 30, 2022"},"createDate":{"date":"Apr 30, 2022"}},{"userProfilePk":95173854,"userGoalCategory":"MYFITNESSPAL","userGoalType":"NET_CALORIES","startDate":{"date":"Apr 30, 2022"},"endDate":{"date":"Apr 30, 2022"},"goalValue":"1753.0","updateDate":{"date":"Apr 30, 2022"},"createDate":{"date":"Apr 30, 2022"}},{"userProfilePk":95173854,"userGoalCategory":"MYFITNESSPAL","userGoalType":"NET_CALORIES","startDate":{"date":"May 9, 2022"},"endDate":{"date":"May 9, 2022"},"goalValue":"1753.0","updateDate":{"date":"May 9, 2022"},"createDate":{"date":"May 9, 2022"}},{"userProfilePk":95173854,"userGoalCategory":"MYFITNESSPAL","userGoalType":"NET_CALORIES","startDate":{"date":"May 9, 2022"},"endDate":{"date":"May 9, 2022"},"goalValue":"1753.0","updateDate":{"date":"May 9, 2022"},"createDate":{"date":"May 9, 2022"}},{"userProfilePk":95173854,"userGoalCategory":"MYFITNESSPAL","userGoalType":"NET_CALORIES","startDate":{"date":"May 9, 2022"},"endDate":{"date":"May 9, 2022"},"goalValue":"1753.0","updateDate":{"date":"May 9, 2022"},"createDate":{"date":"May 9, 2022"}},{"userProfilePk":95173854,"userGoalCategory":"MYFITNESSPAL","userGoalType":"NET_CALORIES","startDate":{"date":"May 9, 2022"},"endDate":{"date":"May 9, 2022"},"goalValue":"1753.0","updateDate":{"date":"May 9, 2022"},"createDate":{"date":"May 9, 2022"}},{"userProfilePk":95173854,"userGoalCategory":"MYFITNESSPAL","userGoalType":"NET_CALORIES","startDate":{"date":"May 10, 2022"},"endDate":{"date":"May 10, 2022"},"goalValue":"1753.0","updateDate":{"date":"May 10, 2022"},"createDate":{"date":"May 10, 2022"}},{"userProfilePk":95173854,"userGoalCategory":"MYFITNESSPAL","userGoalType":"NET_CALORIES","startDate":{"date":"May 10, 2022"},"endDate":{"date":"May 10, 2022"},"goalValue":"1753.0","updateDate":{"date":"May 10, 2022"},"createDate":{"date":"May 10, 2022"}},{"userProfilePk":95173854,"userGoalCategory":"MYFITNESSPAL","userGoalType":"NET_CALORIES","startDate":{"date":"May 10, 2022"},"endDate":{"date":"May 10, 2022"},"goalValue":"1753.0","updateDate":{"date":"May 10, 2022"},"createDate":{"date":"May 10, 2022"}},{"userProfilePk":95173854,"userGoalCategory":"MYFITNESSPAL","userGoalType":"NET_CALORIES","startDate":{"date":"May 10, 2022"},"endDate":{"date":"May 10, 2022"},"goalValue":"1753.0","updateDate":{"date":"May 10, 2022"},"createDate":{"date":"May 10, 2022"}},{"userProfilePk":95173854,"userGoalCategory":"MYFITNESSPAL","userGoalType":"NET_CALORIES","startDate":{"date":"May 10, 2022"},"endDate":{"date":"May 10, 2022"},"goalValue":"1753.0","updateDate":{"date":"May 10, 2022"},"createDate":{"date":"May 10, 2022"}},{"userProfilePk":95173854,"userGoalCategory":"MYFITNESSPAL","userGoalType":"NET_CALORIES","startDate":{"date":"May 10, 2022"},"endDate":{"date":"May 10, 2022"},"goalValue":"1753.0","updateDate":{"date":"May 10, 2022"},"createDate":{"date":"May 10, 2022"}},{"userProfilePk":95173854,"userGoalCategory":"MYFITNESSPAL","userGoalType":"NET_CALORIES","startDate":{"date":"May 10, 2022"},"endDate":{"date":"May 10, 2022"},"goalValue":"1753.0","updateDate":{"date":"May 10, 2022"},"createDate":{"date":"May 10, 2022"}},{"userProfilePk":95173854,"userGoalCategory":"MYFITNESSPAL","userGoalType":"NET_CALORIES","startDate":{"date":"May 11, 2022"},"endDate":{"date":"May 11, 2022"},"goalValue":"1753.0","updateDate":{"date":"May 11, 2022"},"createDate":{"date":"May 11, 2022"}},{"userProfilePk":95173854,"userGoalCategory":"MYFITNESSPAL","userGoalType":"NET_CALORIES","startDate":{"date":"May 11, 2022"},"endDate":{"date":"May 11, 2022"},"goalValue":"1753.0","updateDate":{"date":"May 11, 2022"},"createDate":{"date":"May 11, 2022"}},{"userProfilePk":95173854,"userGoalCategory":"MYFITNESSPAL","userGoalType":"NET_CALORIES","startDate":{"date":"May 11, 2022"},"endDate":{"date":"May 11, 2022"},"goalValue":"1753.0","updateDate":{"date":"May 11, 2022"},"createDate":{"date":"May 11, 2022"}},{"userProfilePk":95173854,"userGoalCategory":"MYFITNESSPAL","userGoalType":"NET_CALORIES","startDate":{"date":"May 11, 2022"},"endDate":{"date":"May 11, 2022"},"goalValue":"1753.0","updateDate":{"date":"May 11, 2022"},"createDate":{"date":"May 11, 2022"}},{"userProfilePk":95173854,"userGoalCategory":"MYFITNESSPAL","userGoalType":"NET_CALORIES","startDate":{"date":"May 11, 2022"},"endDate":{"date":"May 11, 2022"},"goalValue":"1753.0","updateDate":{"date":"May 11, 2022"},"createDate":{"date":"May 11, 2022"}},{"userProfilePk":95173854,"userGoalCategory":"MYFITNESSPAL","userGoalType":"NET_CALORIES","startDate":{"date":"May 11, 2022"},"endDate":{"date":"May 11, 2022"},"goalValue":"1753.0","updateDate":{"date":"May 11, 2022"},"createDate":{"date":"May 11, 2022"}},{"userProfilePk":95173854,"userGoalCategory":"MYFITNESSPAL","userGoalType":"NET_CALORIES","startDate":{"date":"May 11, 2022"},"endDate":{"date":"May 11, 2022"},"goalValue":"1753.0","updateDate":{"date":"May 11, 2022"},"createDate":{"date":"May 11, 2022"}},{"userProfilePk":95173854,"userGoalCategory":"MYFITNESSPAL","userGoalType":"NET_CALORIES","startDate":{"date":"May 11, 2022"},"endDate":{"date":"May 11, 2022"},"goalValue":"1753.0","updateDate":{"date":"May 11, 2022"},"createDate":{"date":"May 11, 2022"}},{"userProfilePk":95173854,"userGoalCategory":"MYFITNESSPAL","userGoalType":"NET_CALORIES","startDate":{"date":"May 12, 2022"},"endDate":{"date":"May 12, 2022"},"goalValue":"1753.0","updateDate":{"date":"May 12, 2022"},"createDate":{"date":"May 12, 2022"}},{"userProfilePk":95173854,"userGoalCategory":"MYFITNESSPAL","userGoalType":"NET_CALORIES","startDate":{"date":"May 12, 2022"},"endDate":{"date":"May 12, 2022"},"goalValue":"1753.0","updateDate":{"date":"May 12, 2022"},"createDate":{"date":"May 12, 2022"}},{"userProfilePk":95173854,"userGoalCategory":"MYFITNESSPAL","userGoalType":"NET_CALORIES","startDate":{"date":"May 12, 2022"},"endDate":{"date":"May 12, 2022"},"goalValue":"1753.0","updateDate":{"date":"May 12, 2022"},"createDate":{"date":"May 12, 2022"}},{"userProfilePk":95173854,"userGoalCategory":"MYFITNESSPAL","userGoalType":"NET_CALORIES","startDate":{"date":"May 12, 2022"},"endDate":{"date":"May 12, 2022"},"goalValue":"1753.0","updateDate":{"date":"May 12, 2022"},"createDate":{"date":"May 12, 2022"}},{"userProfilePk":95173854,"userGoalCategory":"MYFITNESSPAL","userGoalType":"NET_CALORIES","startDate":{"date":"May 12, 2022"},"endDate":{"date":"May 12, 2022"},"goalValue":"1753.0","updateDate":{"date":"May 12, 2022"},"createDate":{"date":"May 12, 2022"}},{"userProfilePk":95173854,"userGoalCategory":"MYFITNESSPAL","userGoalType":"NET_CALORIES","startDate":{"date":"May 12, 2022"},"endDate":{"date":"May 12, 2022"},"goalValue":"1753.0","updateDate":{"date":"May 12, 2022"},"createDate":{"date":"May 12, 2022"}},{"userProfilePk":95173854,"userGoalCategory":"MYFITNESSPAL","userGoalType":"NET_CALORIES","startDate":{"date":"May 12, 2022"},"endDate":{"date":"May 12, 2022"},"goalValue":"1753.0","updateDate":{"date":"May 12, 2022"},"createDate":{"date":"May 12, 2022"}},{"userProfilePk":95173854,"userGoalCategory":"MYFITNESSPAL","userGoalType":"NET_CALORIES","startDate":{"date":"May 15, 2022"},"endDate":{"date":"May 15, 2022"},"goalValue":"1753.0","updateDate":{"date":"May 15, 2022"},"createDate":{"date":"May 15, 2022"}},{"userProfilePk":95173854,"userGoalCategory":"MYFITNESSPAL","userGoalType":"NET_CALORIES","startDate":{"date":"May 15, 2022"},"endDate":{"date":"May 15, 2022"},"goalValue":"1753.0","updateDate":{"date":"May 15, 2022"},"createDate":{"date":"May 15, 2022"}},{"userProfilePk":95173854,"userGoalCategory":"MYFITNESSPAL","userGoalType":"NET_CALORIES","startDate":{"date":"May 15, 2022"},"endDate":{"date":"May 15, 2022"},"goalValue":"1753.0","updateDate":{"date":"May 15, 2022"},"createDate":{"date":"May 15, 2022"}},{"userProfilePk":95173854,"userGoalCategory":"MYFITNESSPAL","userGoalType":"NET_CALORIES","startDate":{"date":"May 15, 2022"},"endDate":{"date":"May 15, 2022"},"goalValue":"1753.0","updateDate":{"date":"May 15, 2022"},"createDate":{"date":"May 15, 2022"}},{"userProfilePk":95173854,"userGoalCategory":"MYFITNESSPAL","userGoalType":"NET_CALORIES","startDate":{"date":"May 15, 2022"},"endDate":{"date":"May 15, 2022"},"goalValue":"1753.0","updateDate":{"date":"May 15, 2022"},"createDate":{"date":"May 15, 2022"}},{"userProfilePk":95173854,"userGoalCategory":"MYFITNESSPAL","userGoalType":"NET_CALORIES","startDate":{"date":"May 15, 2022"},"endDate":{"date":"May 15, 2022"},"goalValue":"1753.0","updateDate":{"date":"May 15, 2022"},"createDate":{"date":"May 15, 2022"}},{"userProfilePk":95173854,"userGoalCategory":"MYFITNESSPAL","userGoalType":"NET_CALORIES","startDate":{"date":"May 16, 2022"},"endDate":{"date":"May 16, 2022"},"goalValue":"1753.0","updateDate":{"date":"May 16, 2022"},"createDate":{"date":"May 16, 2022"}},{"userProfilePk":95173854,"userGoalCategory":"MYFITNESSPAL","userGoalType":"NET_CALORIES","startDate":{"date":"May 16, 2022"},"endDate":{"date":"May 16, 2022"},"goalValue":"1753.0","updateDate":{"date":"May 16, 2022"},"createDate":{"date":"May 16, 2022"}},{"userProfilePk":95173854,"userGoalCategory":"MYFITNESSPAL","userGoalType":"NET_CALORIES","startDate":{"date":"May 18, 2022"},"endDate":{"date":"May 18, 2022"},"goalValue":"1753.0","updateDate":{"date":"May 18, 2022"},"createDate":{"date":"May 18, 2022"}},{"userProfilePk":95173854,"userGoalCategory":"MYFITNESSPAL","userGoalType":"NET_CALORIES","startDate":{"date":"May 18, 2022"},"endDate":{"date":"May 18, 2022"},"goalValue":"1753.0","updateDate":{"date":"May 18, 2022"},"createDate":{"date":"May 18, 2022"}},{"userProfilePk":95173854,"userGoalCategory":"MYFITNESSPAL","userGoalType":"NET_CALORIES","startDate":{"date":"May 19, 2022"},"endDate":{"date":"May 19, 2022"},"goalValue":"1753.0","updateDate":{"date":"May 19, 2022"},"createDate":{"date":"May 19, 2022"}},{"userProfilePk":95173854,"userGoalCategory":"MYFITNESSPAL","userGoalType":"NET_CALORIES","startDate":{"date":"May 22, 2022"},"endDate":{"date":"May 22, 2022"},"goalValue":"1753.0","updateDate":{"date":"May 22, 2022"},"createDate":{"date":"May 22, 2022"}},{"userProfilePk":95173854,"userGoalCategory":"MYFITNESSPAL","userGoalType":"NET_CALORIES","startDate":{"date":"May 22, 2022"},"endDate":{"date":"May 22, 2022"},"goalValue":"1753.0","updateDate":{"date":"May 22, 2022"},"createDate":{"date":"May 22, 2022"}},{"userProfilePk":95173854,"userGoalCategory":"MYFITNESSPAL","userGoalType":"NET_CALORIES","startDate":{"date":"May 22, 2022"},"endDate":{"date":"May 22, 2022"},"goalValue":"1753.0","updateDate":{"date":"May 22, 2022"},"createDate":{"date":"May 22, 2022"}},{"userProfilePk":95173854,"userGoalCategory":"MYFITNESSPAL","userGoalType":"NET_CALORIES","startDate":{"date":"May 23, 2022"},"endDate":{"date":"May 23, 2022"},"goalValue":"1753.0","updateDate":{"date":"May 23, 2022"},"createDate":{"date":"May 23, 2022"}},{"userProfilePk":95173854,"userGoalCategory":"MYFITNESSPAL","userGoalType":"NET_CALORIES","startDate":{"date":"May 23, 2022"},"endDate":{"date":"May 23, 2022"},"goalValue":"1753.0","updateDate":{"date":"May 23, 2022"},"createDate":{"date":"May 23, 2022"}},{"userProfilePk":95173854,"userGoalCategory":"MYFITNESSPAL","userGoalType":"NET_CALORIES","startDate":{"date":"May 23, 2022"},"endDate":{"date":"May 23, 2022"},"goalValue":"1753.0","updateDate":{"date":"May 23, 2022"},"createDate":{"date":"May 23, 2022"}},{"userProfilePk":95173854,"userGoalCategory":"MYFITNESSPAL","userGoalType":"NET_CALORIES","startDate":{"date":"May 23, 2022"},"endDate":{"date":"May 23, 2022"},"goalValue":"1753.0","updateDate":{"date":"May 23, 2022"},"createDate":{"date":"May 23, 2022"}},{"userProfilePk":95173854,"userGoalCategory":"MYFITNESSPAL","userGoalType":"NET_CALORIES","startDate":{"date":"May 24, 2022"},"endDate":{"date":"May 24, 2022"},"goalValue":"1753.0","updateDate":{"date":"May 24, 2022"},"createDate":{"date":"May 24, 2022"}},{"userProfilePk":95173854,"userGoalCategory":"MYFITNESSPAL","userGoalType":"NET_CALORIES","startDate":{"date":"May 24, 2022"},"endDate":{"date":"May 24, 2022"},"goalValue":"1753.0","updateDate":{"date":"May 24, 2022"},"createDate":{"date":"May 24, 2022"}},{"userProfilePk":95173854,"userGoalCategory":"MYFITNESSPAL","userGoalType":"NET_CALORIES","startDate":{"date":"May 25, 2022"},"endDate":{"date":"May 25, 2022"},"goalValue":"1753.0","updateDate":{"date":"May 25, 2022"},"createDate":{"date":"May 25, 2022"}},{"userProfilePk":95173854,"userGoalCategory":"MYFITNESSPAL","userGoalType":"NET_CALORIES","startDate":{"date":"May 25, 2022"},"endDate":{"date":"May 25, 2022"},"goalValue":"1753.0","updateDate":{"date":"May 25, 2022"},"createDate":{"date":"May 25, 2022"}},{"userProfilePk":95173854,"userGoalCategory":"MYFITNESSPAL","userGoalType":"NET_CALORIES","startDate":{"date":"May 26, 2022"},"endDate":{"date":"May 26, 2022"},"goalValue":"1753.0","updateDate":{"date":"May 26, 2022"},"createDate":{"date":"May 26, 2022"}},{"userProfilePk":95173854,"userGoalCategory":"MYFITNESSPAL","userGoalType":"NET_CALORIES","startDate":{"date":"May 26, 2022"},"endDate":{"date":"May 26, 2022"},"goalValue":"1753.0","updateDate":{"date":"May 26, 2022"},"createDate":{"date":"May 26, 2022"}},{"userProfilePk":95173854,"userGoalCategory":"MYFITNESSPAL","userGoalType":"NET_CALORIES","startDate":{"date":"May 26, 2022"},"endDate":{"date":"May 26, 2022"},"goalValue":"1753.0","updateDate":{"date":"May 26, 2022"},"createDate":{"date":"May 26, 2022"}},{"userProfilePk":95173854,"userGoalCategory":"MYFITNESSPAL","userGoalType":"NET_CALORIES","startDate":{"date":"May 26, 2022"},"endDate":{"date":"May 26, 2022"},"goalValue":"1753.0","updateDate":{"date":"May 26, 2022"},"createDate":{"date":"May 26, 2022"}},{"userProfilePk":95173854,"userGoalCategory":"MYFITNESSPAL","userGoalType":"NET_CALORIES","startDate":{"date":"Jun 5, 2022"},"endDate":{"date":"Jun 5, 2022"},"goalValue":"1753.0","updateDate":{"date":"Jun 5, 2022"},"createDate":{"date":"Jun 5, 2022"}},{"userProfilePk":95173854,"userGoalCategory":"MYFITNESSPAL","userGoalType":"NET_CALORIES","startDate":{"date":"Jun 5, 2022"},"endDate":{"date":"Jun 5, 2022"},"goalValue":"1753.0","updateDate":{"date":"Jun 5, 2022"},"createDate":{"date":"Jun 5, 2022"}},{"userProfilePk":95173854,"userGoalCategory":"MYFITNESSPAL","userGoalType":"NET_CALORIES","startDate":{"date":"Jun 5, 2022"},"endDate":{"date":"Jun 5, 2022"},"goalValue":"1753.0","updateDate":{"date":"Jun 5, 2022"},"createDate":{"date":"Jun 5, 2022"}},{"userProfilePk":95173854,"userGoalCategory":"MYFITNESSPAL","userGoalType":"NET_CALORIES","startDate":{"date":"Jun 6, 2022"},"endDate":{"date":"Jun 6, 2022"},"goalValue":"1753.0","updateDate":{"date":"Jun 6, 2022"},"createDate":{"date":"Jun 6, 2022"}},{"userProfilePk":95173854,"userGoalCategory":"MYFITNESSPAL","userGoalType":"NET_CALORIES","startDate":{"date":"Jun 6, 2022"},"endDate":{"date":"Jun 6, 2022"},"goalValue":"1753.0","updateDate":{"date":"Jun 6, 2022"},"createDate":{"date":"Jun 6, 2022"}},{"userProfilePk":95173854,"userGoalCategory":"MYFITNESSPAL","userGoalType":"NET_CALORIES","startDate":{"date":"Jun 6, 2022"},"endDate":{"date":"Jun 6, 2022"},"goalValue":"1753.0","updateDate":{"date":"Jun 6, 2022"},"createDate":{"date":"Jun 6, 2022"}},{"userProfilePk":95173854,"userGoalCategory":"MYFITNESSPAL","userGoalType":"NET_CALORIES","startDate":{"date":"Jun 7, 2022"},"endDate":{"date":"Jun 7, 2022"},"goalValue":"1753.0","updateDate":{"date":"Jun 7, 2022"},"createDate":{"date":"Jun 7, 2022"}},{"userProfilePk":95173854,"userGoalCategory":"MYFITNESSPAL","userGoalType":"NET_CALORIES","startDate":{"date":"Jun 7, 2022"},"endDate":{"date":"Jun 7, 2022"},"goalValue":"1753.0","updateDate":{"date":"Jun 7, 2022"},"createDate":{"date":"Jun 7, 2022"}},{"userProfilePk":95173854,"userGoalCategory":"MYFITNESSPAL","userGoalType":"NET_CALORIES","startDate":{"date":"Jun 9, 2022"},"endDate":{"date":"Jun 9, 2022"},"goalValue":"1753.0","updateDate":{"date":"Jun 9, 2022"},"createDate":{"date":"Jun 9, 2022"}},{"userProfilePk":95173854,"userGoalCategory":"MYFITNESSPAL","userGoalType":"NET_CALORIES","startDate":{"date":"Jun 9, 2022"},"endDate":{"date":"Jun 9, 2022"},"goalValue":"1753.0","updateDate":{"date":"Jun 9, 2022"},"createDate":{"date":"Jun 9, 2022"}},{"userProfilePk":95173854,"userGoalCategory":"MYFITNESSPAL","userGoalType":"NET_CALORIES","startDate":{"date":"Jun 9, 2022"},"endDate":{"date":"Jun 9, 2022"},"goalValue":"1753.0","updateDate":{"date":"Jun 9, 2022"},"createDate":{"date":"Jun 9, 2022"}},{"userProfilePk":95173854,"userGoalCategory":"MYFITNESSPAL","userGoalType":"NET_CALORIES","startDate":{"date":"Jun 9, 2022"},"endDate":{"date":"Jun 9, 2022"},"goalValue":"1753.0","updateDate":{"date":"Jun 9, 2022"},"createDate":{"date":"Jun 9, 2022"}},{"userProfilePk":95173854,"userGoalCategory":"MYFITNESSPAL","userGoalType":"NET_CALORIES","startDate":{"date":"Jun 10, 2022"},"endDate":{"date":"Jun 10, 2022"},"goalValue":"1753.0","updateDate":{"date":"Jun 10, 2022"},"createDate":{"date":"Jun 10, 2022"}},{"userProfilePk":95173854,"userGoalCategory":"MYFITNESSPAL","userGoalType":"NET_CALORIES","startDate":{"date":"Jun 12, 2022"},"endDate":{"date":"Jun 12, 2022"},"goalValue":"1753.0","updateDate":{"date":"Jun 12, 2022"},"createDate":{"date":"Jun 12, 2022"}},{"userProfilePk":95173854,"userGoalCategory":"MYFITNESSPAL","userGoalType":"NET_CALORIES","startDate":{"date":"Jun 12, 2022"},"endDate":{"date":"Jun 12, 2022"},"goalValue":"1753.0","updateDate":{"date":"Jun 12, 2022"},"createDate":{"date":"Jun 12, 2022"}},{"userProfilePk":95173854,"userGoalCategory":"MYFITNESSPAL","userGoalType":"NET_CALORIES","startDate":{"date":"Jun 13, 2022"},"endDate":{"date":"Jun 13, 2022"},"goalValue":"1753.0","updateDate":{"date":"Jun 13, 2022"},"createDate":{"date":"Jun 13, 2022"}},{"userProfilePk":95173854,"userGoalCategory":"MYFITNESSPAL","userGoalType":"NET_CALORIES","startDate":{"date":"Jun 20, 2022"},"endDate":{"date":"Jun 20, 2022"},"goalValue":"1753.0","updateDate":{"date":"Jun 20, 2022"},"createDate":{"date":"Jun 20, 2022"}},{"userProfilePk":95173854,"userGoalCategory":"MYFITNESSPAL","userGoalType":"NET_CALORIES","startDate":{"date":"Jun 20, 2022"},"endDate":{"date":"Jun 20, 2022"},"goalValue":"1753.0","updateDate":{"date":"Jun 20, 2022"},"createDate":{"date":"Jun 20, 2022"}},{"userProfilePk":95173854,"userGoalCategory":"MYFITNESSPAL","userGoalType":"NET_CALORIES","startDate":{"date":"Jun 20, 2022"},"endDate":{"date":"Jun 20, 2022"},"goalValue":"1753.0","updateDate":{"date":"Jun 20, 2022"},"createDate":{"date":"Jun 20, 2022"}},{"userProfilePk":95173854,"userGoalCategory":"MYFITNESSPAL","userGoalType":"NET_CALORIES","startDate":{"date":"Jun 21, 2022"},"endDate":{"date":"Jun 21, 2022"},"goalValue":"1753.0","updateDate":{"date":"Jun 21, 2022"},"createDate":{"date":"Jun 21, 2022"}}]