[{"userProfilePk":95173854,"userGoalCategory":"MY_AUTO","userGoalType":"STEPS","startDate":{"date":"Aug 12, 2020"},"goalValue":"10030.0","updateDate":{"date":"Jun 24, 2022"},"createDate":{"date":"Apr 20, 2021"}},{"userProfilePk":95173854,"userGoalCategory":"MYFITNESSPAL","userGoalType":"NET_CALORIES","startDate":{"date":"Apr 20, 2021"},"endDate":{"date":"Apr 20, 2021"},"goalValue":"1518.0","updateDate":{"date":"Apr 20, 2021"},"createDate":{"date":"Apr 20, 2021"}},{"userProfilePk":95173854,"userGoalCategory":"MYFITNESSPAL","userGoalType":"NET_CALORIES","startDate":{"date":"Apr 20, 2021"},"endDate":{"date":"Apr 20, 2021"},"goalValue":"1518.0","updateDate":{"date":"Apr 20, 2021"},"createDate":{"date":"Apr 20, 2021"}},{"userProfilePk":95173854,"userGoalCategory":"MYFITNESSPAL","userGoalType":"NET_CALORIES","startDate":{"date":"Apr 20, 2021"},"endDate":{"date":"Apr 20, 2021"},"goalValue":"1518.0","updateDate":{"date":"Apr 20, 2021"},"createDate":{"date":"Apr 20, 2021"}},{"userProfilePk":95173854,"userGoalCategory":"MYFITNESSPAL","userGoalType":"NET_CALORIES","startDate":{"date":"Apr 20, 2021"},"endDate":{"date":"Apr 20, 2021"},"goalValue":"1518.0","updateDate":{"date":"Apr 20, 2021"},"createDate":{"date":"Apr 20, 2021"}},{"userProfilePk":95173854,"userGoalCategory":"MYFITNESSPAL","userGoalType":"NET_CALORIES","startDate":{"date":"Apr 20, 2021"},"endDate":{"date":"Apr 20, 2021"},"goalValue":"1518.0","updateDate":{"date":"Apr 20, 2021"},"createDate":{"date":"Apr 20, 2021"}},{"userProfilePk":95173854,"userGoalCategory":"MYFITNESSPAL","userGoalType":"NET_CALORIES","startDate":{"date":"Apr 21, 2021"},"endDate":{"date":"Apr 21, 2021"},"goalValue":"1518.0","updateDate":{"date":"Apr 21, 2021"},"createDate":{"date":"Apr 21, 2021"}},{"userProfilePk":95173854,"userGoalCategory":"MYFITNESSPAL","userGoalType":"NET_CALORIES","startDate":{"date":"Apr 21, 2021"},"endDate":{"date":"Apr 21, 2021"},"goalValue":"1518.0","updateDate":{"date":"Apr 21, 2021"},"createDate":{"date":"Apr 21, 2021"}},{"userProfilePk":95173854,"userGoalCategory":"MYFITNESSPAL","userGoalType":"NET_CALORIES","startDate":{"date":"Apr 21, 2021"},"endDate":{"date":"Apr 21, 2021"},"goalValue":"1518.0","updateDate":{"date":"Apr 21, 2021"},"createDate":{"date":"Apr 21, 2021"}},{"userProfilePk":95173854,"userGoalCategory":"MYFITNESSPAL","userGoalType":"NET_CALORIES","startDate":{"date":"Apr 21, 2021"},"endDate":{"date":"Apr 21, 2021"},"goalValue":"1518.0","updateDate":{"date":"Apr 21, 2021"},"createDate":{"date":"Apr 21, 2021"}},{"userProfilePk":95173854,"userGoalCategory":"MYFITNESSPAL","userGoalType":"NET_CALORIES","startDate":{"date":"Apr 21, 2021"},"endDate":{"date":"Apr 21, 2021"},"goalValue":"1518.0","updateDate":{"date":"Apr 21, 2021"},"createDate":{"date":"Apr 21, 2021"}},{"userProfilePk":95173854,"userGoalCategory":"MYFITNESSPAL","userGoalType":"NET_CALORIES","startDate":{"date":"Apr 21, 2021"},"endDate":{"date":"Apr 21, 2021"},"goalValue":"1518.0","updateDate":{"date":"Apr 21, 2021"},"createDate":{"date":"Apr 21, 2021"}},{"userProfilePk":95173854,"userGoalCategory":"MYFITNESSPAL","userGoalType":"NET_CALORIES","startDate":{"date":"Apr 21, 2021"},"endDate":{"date":"Apr 21, 2021"},"goalValue":"1518.0","updateDate":{"date":"Apr 21, 2021"},"createDate":{"date":"Apr 21, 2021"}},{"userProfilePk":95173854,"userGoalCategory":"MYFITNESSPAL","userGoalType":"NET_CALORIES","startDate":{"date":"Apr 21, 2021"},"endDate":{"date":"Apr 21, 2021"},"goalValue":"1518.0","updateDate":{"date":"Apr 21, 2021"},"createDate":{"date":"Apr 21, 2021"}},{"userProfilePk":95173854,"userGoalCategory":"MYFITNESSPAL","userGoalType":"NET_CALORIES","startDate":{"date":"Apr 21, 2021"},"endDate":{"date":"Apr 21, 2021"},"goalValue":"1518.0","updateDate":{"date":"Apr 21, 2021"},"createDate":{"date":"Apr 21, 2021"}},{"userProfilePk":95173854,"userGoalCategory":"MYFITNESSPAL","userGoalType":"NET_CALORIES","startDate":{"date":"Apr 21, 2021"},"endDate":{"date":"Apr 21, 2021"},"goalValue":"1518.0","updateDate":{"date":"Apr 21, 2021"},"createDate":{"date":"Apr 21, 2021"}},{"userProfilePk":95173854,"userGoalCategory":"MYFITNESSPAL","userGoalType":"NET_CALORIES","startDate":{"date":"Apr 21, 2021"},"endDate":{"date":"Apr 21, 2021"},"goalValue":"1518.0","updateDate":{"date":"Apr 21, 2021"},"createDate":{"date":"Apr 21, 2021"}},{"userProfilePk":95173854,"userGoalCategory":"MYFITNESSPAL","userGoalType":"NET_CALORIES","startDate":{"date":"Apr 21, 2021"},"endDate":{"date":"Apr 21, 2021"},"goalValue":"1518.0","updateDate":{"date":"Apr 21, 2021"},"createDate":{"date":"Apr 21, 2021"}},{"userProfilePk":95173854,"userGoalCategory":"MYFITNESSPAL","userGoalType":"NET_CALORIES","startDate":{"date":"Apr 21, 2021"},"endDate":{"date":"Apr 21, 2021"},"goalValue":"1518.0","updateDate":{"date":"Apr 21, 2021"},"createDate":{"date":"Apr 21, 2021"}},{"userProfilePk":95173854,"userGoalCategory":"MYFITNESSPAL","userGoalType":"NET_CALORIES","startDate":{"date":"Apr 21, 2021"},"endDate":{"date":"Apr 21, 2021"},"goalValue":"1518.0","updateDate":{"date":"Apr 21, 2021"},"createDate":{"date":"Apr 21, 2021"}},{"userProfilePk":95173854,"userGoalCategory":"MYFITNESSPAL","userGoalType":"NET_CALORIES","startDate":{"date":"Apr 21, 2021"},"endDate":{"date":"Apr 21, 2021"},"goalValue":"1518.0","updateDate":{"date":"Apr 21, 2021"},"createDate":{"date":"Apr 21, 2021"}},{"userProfilePk":95173854,"userGoalCategory":"MYFITNESSPAL","userGoalType":"NET_CALORIES","startDate":{"date":"Apr 21, 2021"},"endDate":{"date":"Apr 21, 2021"},"goalValue":"1518.0","updateDate":{"date":"Apr 21, 2021"},"createDate":{"date":"Apr 21, 2021"}},{"userProfilePk":95173854,"userGoalCategory":"MYFITNESSPAL","userGoalType":"NET_CALORIES","startDate":{"date":"Apr 21, 2021"},"endDate":{"date":"Apr 21, 2021"},"goalValue":"1518.0","updateDate":{"date":"Apr 21, 2021"},"createDate":{"date":"Apr 21, 2021"}},{"userProfilePk":95173854,"userGoalCategory":"MYFITNESSPAL","userGoalType":"NET_CALORIES","startDate":{"date":"Apr 21, 2021"},"endDate":{"date":"Apr 21, 2021"},"goalValue":"1518.0","updateDate":{"date":"Apr 21, 2021"},"createDate":{"date":"Apr 21, 2021"}},{"userProfilePk":95173854,"userGoalCategory":"MYFITNESSPAL","userGoalType":"NET_CALORIES","startDate":{"date":"Apr 21, 2021"},"endDate":{"date":"Apr 21, 2021"},"goalValue":"1518.0","updateDate":{"date":"Apr 21, 2021"},"createDate":{"date":"Apr 21, 2021"}},{"userProfilePk":95173854,"userGoalCategory":"MYFITNESSPAL","userGoalType":"NET_CALORIES","startDate":{"date":"Apr 22, 2021"},"endDate":{"date":"Apr 22, 2021"},"goalValue":"1518.0","updateDate":{"date":"Apr 22, 2021"},"createDate":{"date":"Apr 22, 2021"}},{"userProfilePk":95173854,"userGoalCategory":"MYFITNESSPAL","userGoalType":"NET_CALORIES","startDate":{"date":"Apr 22, 2021"},"endDate":{"date":"Apr 22, 2021"},"goalValue":"1518.0","updateDate":{"date":"Apr 22, 2021"},"createDate":{"date":"Apr 22, 2021"}},{"userProfilePk":95173854,"userGoalCategory":"MYFITNESSPAL","userGoalType":"NET_CALORIES","startDate":{"date":"Apr 22, 2021"},"endDate":{"date":"Apr 22, 2021"},"goalValue":"1518.0","updateDate":{"date":"Apr 22, 2021"},"createDate":{"date":"Apr 22, 2021"}},{"userProfilePk":95173854,"userGoalCategory":"MYFITNESSPAL","userGoalType":"NET_CALORIES","startDate":{"date":"Apr 22, 2021"},"endDate":{"date":"Apr 22, 2021"},"goalValue":"1518.0","updateDate":{"date":"Apr 22, 2021"},"createDate":{"date":"Apr 22, 2021"}},{"userProfilePk":95173854,"userGoalCategory":"MYFITNESSPAL","userGoalType":"NET_CALORIES","startDate":{"date":"Apr 22, 2021"},"endDate":{"date":"Apr 22, 2021"},"goalValue":"1518.0","updateDate":{"date":"Apr 22, 2021"},"createDate":{"date":"Apr 22, 2021"}},{"userProfilePk":95173854,"userGoalCategory":"MYFITNESSPAL","userGoalType":"NET_CALORIES","startDate":{"date":"Apr 22, 2021"},"endDate":{"date":"Apr 22, 2021"},"goalValue":"1518.0","updateDate":{"date":"Apr 22, 2021"},"createDate":{"date":"Apr 22, 2021"}},{"userProfilePk":95173854,"userGoalCategory":"MYFITNESSPAL","userGoalType":"NET_CALORIES","startDate":{"date":"Apr 22, 2021"},"endDate":{"date":"Apr 22, 2021"},"goalValue":"1518.0","updateDate":{"date":"Apr 22, 2021"},"createDate":{"date":"Apr 22, 2021"}},{"userProfilePk":95173854,"userGoalCategory":"MYFITNESSPAL","userGoalType":"NET_CALORIES","startDate":{"date":"Apr 22, 2021"},"endDate":{"date":"Apr 22, 2021"},"goalValue":"1518.0","updateDate":{"date":"Apr 22, 2021"},"createDate":{"date":"Apr 22, 2021"}},{"userProfilePk":95173854,"userGoalCategory":"MYFITNESSPAL","userGoalType":"NET_CALORIES","startDate":{"date":"Apr 22, 2021"},"endDate":{"date":"Apr 22, 2021"},"goalValue":"1518.0","updateDate":{"date":"Apr 22, 2021"},"createDate":{"date":"Apr 22, 2021"}},{"userProfilePk":95173854,"userGoalCategory":"MYFITNESSPAL","userGoalType":"NET_CALORIES","startDate":{"date":"Apr 22, 2021"},"endDate":{"date":"Apr 22, 2021"},"goalValue":"1518.0","updateDate":{"date":"Apr 22, 2021"},"createDate":{"date":"Apr 22, 2021"}},{"userProfilePk":95173854,"userGoalCategory":"MYFITNESSPAL","userGoalType":"NET_CALORIES","startDate":{"date":"Apr 22, 2021"},"endDate":{"date":"Apr 22, 2021"},"goalValue":"1518.0","updateDate":{"date":"Apr 22, 2021"},"createDate":{"date":"Apr 22, 2021"}},{"userProfilePk":95173854,"userGoalCategory":"MYFITNESSPAL","userGoalType":"NET_CALORIES","startDate":{"date":"Apr 22, 2021"},"endDate":{"date":"Apr 22, 2021"},"goalValue":"1518.0","updateDate":{"date":"Apr 22, 2021"},"createDate":{"date":"Apr 22, 2021"}},{"userProfilePk":95173854,"userGoalCategory":"MYFITNESSPAL","userGoalType":"NET_CALORIES","startDate":{"date":"Apr 22, 2021"},"endDate":{"date":"Apr 22, 2021"},"goalValue":"1518.0","updateDate":{"date":"Apr 22, 2021"},"createDate":{"date":"Apr 22, 2021"}},{"userProfilePk":95173854,"userGoalCategory":"MYFITNESSPAL","userGoalType":"NET_CALORIES","startDate":{"date":"Apr 22, 2021"},"endDate":{"date":"Apr 22, 2021"},"goalValue":"1518.0","updateDate":{"date":"Apr 22, 2021"},"createDate":{"date":"Apr 22, 2021"}},{"userProfilePk":95173854,"userGoalCategory":"MYFITNESSPAL","userGoalType":"NET_CALORIES","startDate":{"date":"Apr 22, 2021"},"endDate":{"date":"Apr 22, 2021"},"goalValue":"1518.0","updateDate":{"date":"Apr 22, 2021"},"createDate":{"date":"Apr 22, 2021"}},{"userProfilePk":95173854,"userGoalCategory":"MYFITNESSPAL","userGoalType":"NET_CALORIES","startDate":{"date":"Apr 22, 2021"},"endDate":{"date":"Apr 22, 2021"},"goalValue":"1518.0","updateDate":{"date":"Apr 22, 2021"},"createDate":{"date":"Apr 22, 2021"}},{"userProfilePk":95173854,"userGoalCategory":"MYFITNESSPAL","userGoalType":"NET_CALORIES","startDate":{"date":"Apr 22, 2021"},"endDate":{"date":"Apr 22, 2021"},"goalValue":"1518.0","updateDate":{"date":"Apr 22, 2021"},"createDate":{"date":"Apr 22, 2021"}},{"userProfilePk":95173854,"userGoalCategory":"MYFITNESSPAL","userGoalType":"NET_CALORIES","startDate":{"date":"Apr 22, 2021"},"endDate":{"date":"Apr 22, 2021"},"goalValue":"1518.0","updateDate":{"date":"Apr 22, 2021"},"createDate":{"date":"Apr 22, 2021"}},{"userProfilePk":95173854,"userGoalCategory":"MYFITNESSPAL","userGoalType":"NET_CALORIES","startDate":{"date":"Apr 23, 2021"},"endDate":{"date":"Apr 23, 2021"},"goalValue":"1518.0","updateDate":{"date":"Apr 23, 2021"},"createDate":{"date":"Apr 23, 2021"}},{"userProfilePk":95173854,"userGoalCategory":"MYFITNESSPAL","userGoalType":"NET_CALORIES","startDate":{"date":"Apr 23, 2021"},"endDate":{"date":"Apr 23, 2021"},"goalValue":"1518.0","updateDate":{"date":"Apr 23, 2021"},"createDate":{"date":"Apr 23, 2021"}},{"userProfilePk":95173854,"userGoalCategory":"MYFITNESSPAL","userGoalType":"NET_CALORIES","startDate":{"date":"Apr 23, 2021"},"endDate":{"date":"Apr 23, 2021"},"goalValue":"1518.0","updateDate":{"date":"Apr 23, 2021"},"createDate":{"date":"Apr 23, 2021"}},{"userProfilePk":95173854,"userGoalCategory":"MYFITNESSPAL","userGoalType":"NET_CALORIES","startDate":{"date":"Apr 23, 2021"},"endDate":{"date":"Apr 23, 2021"},"goalValue":"1518.0","updateDate":{"date":"Apr 23, 2021"},"createDate":{"date":"Apr 23, 2021"}},{"userProfilePk":95173854,"userGoalCategory":"MYFITNESSPAL","userGoalType":"NET_CALORIES","startDate":{"date":"Apr 23, 2021"},"endDate":{"date":"Apr 23, 2021"},"goalValue":"1518.0","updateDate":{"date":"Apr 23, 2021"},"createDate":{"date":"Apr 23, 2021"}},{"userProfilePk":95173854,"userGoalCategory":"MYFITNESSPAL","userGoalType":"NET_CALORIES","startDate":{"date":"Apr 23, 2021"},"endDate":{"date":"Apr 23, 2021"},"goalValue":"1518.0","updateDate":{"date":"Apr 23, 2021"},"createDate":{"date":"Apr 23, 2021"}},{"userProfilePk":95173854,"userGoalCategory":"MYFITNESSPAL","userGoalType":"NET_CALORIES","startDate":{"date":"Apr 23, 2021"},"endDate":{"date":"Apr 23, 2021"},"goalValue":"1518.0","updateDate":{"date":"Apr 23, 2021"},"createDate":{"date":"Apr 23, 2021"}},{"userProfilePk":95173854,"userGoalCategory":"MYFITNESSPAL","userGoalType":"NET_CALORIES","startDate":{"date":"Apr 23, 2021"},"endDate":{"date":"Apr 23, 2021"},"goalValue":"1518.0","updateDate":{"date":"Apr 23, 2021"},"createDate":{"date":"Apr 23, 2021"}},{"userProfilePk":95173854,"userGoalCategory":"MYFITNESSPAL","userGoalType":"NET_CALORIES","startDate":{"date":"Apr 23, 2021"},"endDate":{"date":"Apr 23, 2021"},"goalValue":"1518.0","updateDate":{"date":"Apr 23, 2021"},"createDate":{"date":"Apr 23, 2021"}},{"userProfilePk":95173854,"userGoalCategory":"MYFITNESSPAL","userGoalType":"NET_CALORIES","startDate":{"date":"Apr 23, 2021"},"endDate":{"date":"Apr 23, 2021"},"goalValue":"1518.0","updateDate":{"date":"Apr 23, 2021"},"createDate":{"date":"Apr 23, 2021"}},{"userProfilePk":95173854,"userGoalCategory":"MYFITNESSPAL","userGoalType":"NET_CALORIES","startDate":{"date":"Apr 23, 2021"},"endDate":{"date":"Apr 23, 2021"},"goalValue":"1518.0","updateDate":{"date":"Apr 23, 2021"},"createDate":{"date":"Apr 23, 2021"}},{"userProfilePk":95173854,"userGoalCategory":"MYFITNESSPAL","userGoalType":"NET_CALORIES","startDate":{"date":"Apr 23, 2021"},"endDate":{"date":"Apr 23, 2021"},"goalValue":"1518.0","updateDate":{"date":"Apr 23, 2021"},"createDate":{"date":"Apr 23, 2021"}},{"userProfilePk":95173854,"userGoalCategory":"MYFITNESSPAL","userGoalType":"NET_CALORIES","startDate":{"date":"Apr 23, 2021"},"endDate":{"date":"Apr 23, 2021"},"goalValue":"1518.0","updateDate":{"date":"Apr 23, 2021"},"createDate":{"date":"Apr 23, 2021"}},{"userProfilePk":95173854,"userGoalCategory":"MYFITNESSPAL","userGoalType":"NET_CALORIES","startDate":{"date":"Apr 23, 2021"},"endDate":{"date":"Apr 23, 2021"},"goalValue":"1518.0","updateDate":{"date":"Apr 23, 2021"},"createDate":{"date":"Apr 23, 2021"}},{"userProfilePk":95173854,"userGoalCategory":"MYFITNESSPAL","userGoalType":"NET_CALORIES","startDate":{"date":"Apr 23, 2021"},"endDate":{"date":"Apr 23, 2021"},"goalValue":"1518.0","updateDate":{"date":"Apr 23, 2021"},"createDate":{"date":"Apr 23, 2021"}},{"userProfilePk":95173854,"userGoalCategory":"MYFITNESSPAL","userGoalType":"NET_CALORIES","startDate":{"date":"Apr 23, 2021"},"endDate":{"date":"Apr 23, 2021"},"goalValue":"1518.0","updateDate":{"date":"Apr 23, 2021"},"createDate":{"date":"Apr 23, 2021"}},{"userProfilePk":95173854,"userGoalCategory":"MYFITNESSPAL","userGoalType":"NET_CALORIES","startDate":{"date":"Apr 23, 2021"},"endDate":{"date":"Apr 23, 2021"},"goalValue":"1518.0","updateDate":{"date":"Apr 23, 2021"},"createDate":{"date":"Apr 23, 2021"}},{"userProfilePk":95173854,"userGoalCategory":"MYFITNESSPAL","userGoalType":"NET_CALORIES","startDate":{"date":"Apr 23, 2021"},"endDate":{"date":"Apr 23, 2021"},"goalValue":"1518.0","updateDate":{"date":"Apr 23, 2021"},"createDate":{"date":"Apr 23, 2021"}},{"userProfilePk":95173854,"userGoalCategory":"MYFITNESSPAL","userGoalType":"NET_CALORIES","startDate":{"date":"Apr 23, 2021"},"endDate":{"date":"Apr 23, 2021"},"goalValue":"1518.0","updateDate":{"date":"Apr 23, 2021"},"createDate":{"date":"Apr 23, 2021"}},{"userProfilePk":95173854,"userGoalCategory":"MYFITNESSPAL","userGoalType":"NET_CALORIES","startDate":{"date":"Apr 23, 2021"},"endDate":{"date":"Apr 23, 2021"},"goalValue":"1518.0","updateDate":{"date":"Apr 23, 2021"},"createDate":{"date":"Apr 23, 2021"}},{"userProfilePk":95173854,"userGoalCategory":"MYFITNESSPAL","userGoalType":"NET_CALORIES","startDate":{"date":"Apr 23, 2021"},"endDate":{"date":"Apr 23, 2021"},"goalValue":"1518.0","updateDate":{"date":"Apr 23, 2021"},"createDate":{"date":"Apr 23, 2021"}},{"userProfilePk":95173854,"userGoalCategory":"MYFITNESSPAL","userGoalType":"NET_CALORIES","startDate":{"date":"Apr 23, 2021"},"endDate":{"date":"Apr 23, 2021"},"goalValue":"1518.0","updateDate":{"date":"Apr 23, 2021"},"createDate":{"date":"Apr 23, 2021"}},{"userProfilePk":95173854,"userGoalCategory":"MYFITNESSPAL","userGoalType":"NET_CALORIES","startDate":{"date":"Apr 23, 2021"},"endDate":{"date":"Apr 23, 2021"},"goalValue":"1518.0","updateDate":{"date":"Apr 23, 2021"},"createDate":{"date":"Apr 23, 2021"}},{"userProfilePk":95173854,"userGoalCategory":"MYFITNESSPAL","userGoalType":"NET_CALORIES","startDate":{"date":"Apr 23, 2021"},"endDate":{"date":"Apr 23, 2021"},"goalValue":"1518.0","updateDate":{"date":"Apr 23, 2021"},"createDate":{"date":"Apr 23, 2021"}},{"userProfilePk":95173854,"userGoalCategory":"MYFITNESSPAL","userGoalType":"NET_CALORIES","startDate":{"date":"Apr 23, 2021"},"endDate":{"date":"Apr 23, 2021"},"goalValue":"1518.0","updateDate":{"date":"Apr 23, 2021"},"createDate":{"date":"Apr 23, 2021"}},{"userProfilePk":95173854,"userGoalCategory":"MYFITNESSPAL","userGoalType":"NET_CALORIES","startDate":{"date":"Apr 23, 2021"},"endDate":{"date":"Apr 23, 2021"},"goalValue":"1518.0","updateDate":{"date":"Apr 23, 2021"},"createDate":{"date":"Apr 23, 2021"}},{"userProfilePk":95173854,"userGoalCategory":"MYFITNESSPAL","userGoalType":"NET_CALORIES","startDate":{"date":"Apr 24, 2021"},"endDate":{"date":"Apr 24, 2021"},"goalValue":"1518.0","updateDate":{"date":"Apr 24, 2021"},"createDate":{"date":"Apr 24, 2021"}},{"userProfilePk":95173854,"userGoalCategory":"MYFITNESSPAL","userGoalType":"NET_CALORIES","startDate":{"date":"Apr 24, 2021"},"endDate":{"date":"Apr 24, 2021"},"goalValue":"1518.0","updateDate":{"date":"Apr 24, 2021"},"createDate":{"date":"Apr 24, 2021"}},{"userProfilePk":95173854,"userGoalCategory":"MYFITNESSPAL","userGoalType":"NET_CALORIES","startDate":{"date":"Apr 25, 2021"},"endDate":{"date":"Apr 25, 2021"},"goalValue":"1518.0","updateDate":{"date":"Apr 25, 2021"},"createDate":{"date":"Apr 25, 2021"}},{"userProfilePk":95173854,"userGoalCategory":"MYFITNESSPAL","userGoalType":"NET_CALORIES","startDate":{"date":"Apr 25, 2021"},"endDate":{"date":"Apr 25, 2021"},"goalValue":"1518.0","updateDate":{"date":"Apr 25, 2021"},"createDate":{"date":"Apr 25, 2021"}},{"userProfilePk":95173854,"userGoalCategory":"MYFITNESSPAL","userGoalType":"NET_CALORIES","startDate":{"date":"Apr 25, 2021"},"endDate":{"date":"Apr 25, 2021"},"goalValue":"1518.0","updateDate":{"date":"Apr 25, 2021"},"createDate":{"date":"Apr 25, 2021"}},{"userProfilePk":95173854,"userGoalCategory":"MYFITNESSPAL","userGoalType":"NET_CALORIES","startDate":{"date":"Apr 25, 2021"},"endDate":{"date":"Apr 25, 2021"},"goalValue":"1518.0","updateDate":{"date":"Apr 25, 2021"},"createDate":{"date":"Apr 25, 2021"}},{"userProfilePk":95173854,"userGoalCategory":"MYFITNESSPAL","userGoalType":"NET_CALORIES","startDate":{"date":"Apr 25, 2021"},"endDate":{"date":"Apr 25, 2021"},"goalValue":"1518.0","updateDate":{"date":"Apr 25, 2021"},"createDate":{"date":"Apr 25, 2021"}},{"userProfilePk":95173854,"userGoalCategory":"MYFITNESSPAL","userGoalType":"NET_CALORIES","startDate":{"date":"Apr 25, 2021"},"endDate":{"date":"Apr 25, 2021"},"goalValue":"1518.0","updateDate":{"date":"Apr 25, 2021"},"createDate":{"date":"Apr 25, 2021"}},{"userProfilePk":95173854,"userGoalCategory":"MYFITNESSPAL","userGoalType":"NET_CALORIES","startDate":{"date":"Apr 25, 2021"},"endDate":{"date":"Apr 25, 2021"},"goalValue":"1518.0","updateDate":{"date":"Apr 25, 2021"},"createDate":{"date":"Apr 25, 2021"}},{"userProfilePk":95173854,"userGoalCategory":"MYFITNESSPAL","userGoalType":"NET_CALORIES","startDate":{"date":"Apr 25, 2021"},"endDate":{"date":"Apr 25, 2021"},"goalValue":"1518.0","updateDate":{"date":"Apr 25, 2021"},"createDate":{"date":"Apr 25, 2021"}},{"userProfilePk":95173854,"userGoalCategory":"MYFITNESSPAL","userGoalType":"NET_CALORIES","startDate":{"date":"Apr 25, 2021"},"endDate":{"date":"Apr 25, 2021"},"goalValue":"1518.0","updateDate":{"date":"Apr 25, 2021"},"createDate":{"date":"Apr 25, 2021"}},{"userProfilePk":95173854,"userGoalCategory":"MYFITNESSPAL","userGoalType":"NET_CALORIES","startDate":{"date":"Apr 25, 2021"},"endDate":{"date":"Apr 25, 2021"},"goalValue":"1518.0","updateDate":{"date":"Apr 25, 2021"},"createDate":{"date":"Apr 25, 2021"}},{"userProfilePk":95173854,"userGoalCategory":"MYFITNESSPAL","userGoalType":"NET_CALORIES","startDate":{"date":"Apr 25, 2021"},"endDate":{"date":"Apr 25, 2021"},"goalValue":"1518.0","updateDate":{"date":"Apr 25, 2021"},"createDate":{"date":"Apr 25, 2021"}},{"userProfilePk":95173854,"userGoalCategory":"MYFITNESSPAL","userGoalType":"NET_CALORIES","startDate":{"date":"Apr 25, 2021"},"endDate":{"date":"Apr 25, 2021"},"goalValue":"1518.0","updateDate":{"date":"Apr 25, 2021"},"createDate":{"date":"Apr 25, 2021"}},{"userProfilePk":95173854,"userGoalCategory":"MYFITNESSPAL","userGoalType":"NET_CALORIES","startDate":{"date":"Apr 25, 2021"},"endDate":{"date":"Apr 25, 2021"},"goalValue":"1518.0","updateDate":{"date":"Apr 25, 2021"},"createDate":{"date":"Apr 25, 2021"}},{"userProfilePk":95173854,"userGoalCategory":"MYFITNESSPAL","userGoalType":"NET_CALORIES","startDate":{"date":"Apr 25, 2021"},"endDate":{"date":"Apr 25, 2021"},"goalValue":"1518.0","updateDate":{"date":"Apr 25, 2021"},"createDate":{"date":"Apr 25, 2021"}},{"userProfilePk":95173854,"userGoalCategory":"MYFITNESSPAL","userGoalType":"NET_CALORIES","startDate":{"date":"Apr 25, 2021"},"endDate":{"date":"Apr 25, 2021"},"goalValue":"1518.0","updateDate":{"date":"Apr 25, 2021"},"createDate":{"date":"Apr 25, 2021"}},{"userProfilePk":95173854,"userGoalCategory":"MYFITNESSPAL","userGoalType":"NET_CALORIES","startDate":{"date":"Apr 25, 2021"},"endDate":{"date":"Apr 25, 2021"},"goalValue":"1518.0","updateDate":{"date":"Apr 25, 2021"},"createDate":{"date":"Apr 25, 2021"}},{"userProfilePk":95173854,"userGoalCategory":"MYFITNESSPAL","userGoalType":"NET_CALORIES","startDate":{"date":"Apr 25, 2021"},"endDate":{"date":"Apr 25, 2021"},"goalValue":"1518.0","updateDate":{"date":"Apr 25, 2021"},"createDate":{"date":"Apr 25, 2021"}},{"userProfilePk":95173854,"userGoalCategory":"MYFITNESSPAL","userGoalType":"NET_CALORIES","startDate":{"date":"Apr 25, 2021"},"endDate":{"date":"Apr 25, 2021"},"goalValue":"1518.0","updateDate":{"date":"Apr 25, 2021"},"createDate":{"date":"Apr 25, 2021"}},{"userProfilePk":95173854,"userGoalCategory":"MYFITNESSPAL","userGoalType":"NET_CALORIES","startDate":{"date":"Apr 25, 2021"},"endDate":{"date":"Apr 25, 2021"},"goalValue":"1518.0","updateDate":{"date":"Apr 25, 2021"},"createDate":{"date":"Apr 25, 2021"}},{"userProfilePk":95173854,"userGoalCategory":"MYFITNESSPAL","userGoalType":"NET_CALORIES","startDate":{"date":"Apr 25, 2021"},"endDate":{"date":"Apr 25, 2021"},"goalValue":"1518.0","updateDate":{"date":"Apr 25, 2021"},"createDate":{"date":"Apr 25, 2021"}},{"userProfilePk":95173854,"userGoalCategory":"MYFITNESSPAL","userGoalType":"NET_CALORIES","startDate":{"date":"Apr 25, 2021"},"endDate":{"date":"Apr 25, 2021"},"goalValue":"1518.0","updateDate":{"date":"Apr 25, 2021"},"createDate":{"date":"Apr 25, 2021"}},{"userProfilePk":95173854,"userGoalCategory":"MYFITNESSPAL","userGoalType":"NET_CALORIES","startDate":{"date":"Apr 25, 2021"},"endDate":{"date":"Apr 25, 2021"},"goalValue":"1518.0","updateDate":{"date":"Apr 25, 2021"},"createDate":{"date":"Apr 25, 2021"}},{"userProfilePk":95173854,"userGoalCategory":"MYFITNESSPAL","userGoalType":"NET_CALORIES","startDate":{"date":"Apr 25, 2021"},"endDate":{"date":"Apr 25, 2021"},"goalValue":"1518.0","updateDate":{"date":"Apr 25, 2021"},"createDate":{"date":"Apr 25, 2021"}},{"userProfilePk":95173854,"userGoalCategory":"MYFITNESSPAL","userGoalType":"NET_CALORIES","startDate":{"date":"Apr 25, 2021"},"endDate":{"date":"Apr 25, 2021"},"goalValue":"1518.0","updateDate":{"date":"Apr 25, 2021"},"createDate":{"date":"Apr 25, 2021"}},{"userProfilePk":95173854,"userGoalCategory":"MYFITNESSPAL","userGoalType":"NET_CALORIES","startDate":{"date":"Apr 25, 2021"},"endDate":{"date":"Apr 25, 2021"},"goalValue":"1518.0","updateDate":{"date":"Apr 25, 2021"},"createDate":{"date":"Apr 25, 2021"}},{"userProfilePk":95173854,"userGoalCategory":"MYFITNESSPAL","userGoalType":"NET_CALORIES","startDate":{"date":"Apr 26, 2021"},"endDate":{"date":"Apr 26, 2021"},"goalValue":"1518.0","updateDate":{"date":"Apr 26, 2021"},"createDate":{"date":"Apr 26, 2021"}},{"userProfilePk":95173854,"userGoalCategory":"MYFITNESSPAL","userGoalType":"NET_CALORIES","startDate":{"date":"Apr 26, 2021"},"endDate":{"date":"Apr 26, 2021"},"goalValue":"1518.0","updateDate":{"date":"Apr 26, 2021"},"createDate":{"date":"Apr 26, 2021"}},{"userProfilePk":95173854,"userGoalCategory":"MYFITNESSPAL","userGoalType":"NET_CALORIES","startDate":{"date":"Apr 26, 2021"},"endDate":{"date":"Apr 26, 2021"},"goalValue":"1518.0","updateDate":{"date":"Apr 26, 2021"},"createDate":{"date":"Apr 26, 2021"}},{"userProfilePk":95173854,"userGoalCategory":"MYFITNESSPAL","userGoalType":"NET_CALORIES","startDate":{"date":"Apr 26, 2021"},"endDate":{"date":"Apr 26, 2021"},"goalValue":"1518.0","updateDate":{"date":"Apr 26, 2021"},"createDate":{"date":"Apr 26, 2021"}},{"userProfilePk":95173854,"userGoalCategory":"MYFITNESSPAL","userGoalType":"NET_CALORIES","startDate":{"date":"Apr 26, 2021"},"endDate":{"date":"Apr 26, 2021"},"goalValue":"1518.0","updateDate":{"date":"Apr 26, 2021"},"createDate":{"date":"Apr 26, 2021"}},{"userProfilePk":95173854,"userGoalCategory":"MYFITNESSPAL","userGoalType":"NET_CALORIES","startDate":{"date":"Apr 26, 2021"},"endDate":{"date":"Apr 26, 2021"},"goalValue":"1518.0","updateDate":{"date":"Apr 26, 2021"},"createDate":{"date":"Apr 26, 2021"}},{"userProfilePk":95173854,"userGoalCategory":"MYFITNESSPAL","userGoalType":"NET_CALORIES","startDate":{"date":"Apr 26, 2021"},"endDate":{"date":"Apr 26, 2021"},"goalValue":"1518.0","updateDate":{"date":"Apr 26, 2021"},"createDate":{"date":"Apr 26, 2021"}},{"userProfilePk":95173854,"userGoalCategory":"MYFITNESSPAL","userGoalType":"NET_CALORIES","startDate":{"date":"Apr 26, 2021"},"endDate":{"date":"Apr 26, 2021"},"goalValue":"1518.0","updateDate":{"date":"Apr 26, 2021"},"createDate":{"date":"Apr 26, 2021"}},{"userProfilePk":95173854,"userGoalCategory":"MYFITNESSPAL","userGoalType":"NET_CALORIES","startDate":{"date":"Apr 26, 2021"},"endDate":{"date":"Apr 26, 2021"},"goalValue":"1518.0","updateDate":{"date":"Apr 26, 2021"},"createDate":{"date":"Apr 26, 2021"}},{"userProfilePk":95173854,"userGoalCategory":"MYFITNESSPAL","userGoalType":"NET_CALORIES","startDate":{"date":"Apr 26, 2021"},"endDate":{"date":"Apr 26, 2021"},"goalValue":"1518.0","updateDate":{"date":"Apr 26, 2021"},"createDate":{"date":"Apr 26, 2021"}},{"userProfilePk":95173854,"userGoalCategory":"MYFITNESSPAL","userGoalType":"NET_CALORIES","startDate":{"date":"Apr 26, 2021"},"endDate":{"date":"Apr 26, 2021"},"goalValue":"1518.0","updateDate":{"date":"Apr 26, 2021"},"createDate":{"date":"Apr 26, 2021"}},{"userProfilePk":95173854,"userGoalCategory":"MYFITNESSPAL","userGoalType":"NET_CALORIES","startDate":{"date":"Apr 26, 2021"},"endDate":{"date":"Apr 26, 2021"},"goalValue":"1518.0","updateDate":{"date":"Apr 26, 2021"},"createDate":{"date":"Apr 26, 2021"}},{"userProfilePk":95173854,"userGoalCategory":"MYFITNESSPAL","userGoalType":"NET_CALORIES","startDate":{"date":"Apr 26, 2021"},"endDate":{"date":"Apr 26, 2021"},"goalValue":"1518.0","updateDate":{"date":"Apr 26, 2021"},"createDate":{"date":"Apr 26, 2021"}},{"userProfilePk":95173854,"userGoalCategory":"MYFITNESSPAL","userGoalType":"NET_CALORIES","startDate":{"date":"Apr 26, 2021"},"endDate":{"date":"Apr 26, 2021"},"goalValue":"1518.0","updateDate":{"date":"Apr 26, 2021"},"createDate":{"date":"Apr 26, 2021"}},{"userProfilePk":95173854,"userGoalCategory":"MYFITNESSPAL","userGoalType":"NET_CALORIES","startDate":{"date":"Apr 26, 2021"},"endDate":{"date":"Apr 26, 2021"},"goalValue":"1518.0","updateDate":{"date":"Apr 26, 2021"},"createDate":{"date":"Apr 26, 2021"}},{"userProfilePk":95173854,"userGoalCategory":"MYFITNESSPAL","userGoalType":"NET_CALORIES","startDate":{"date":"Apr 26, 2021"},"endDate":{"date":"Apr 26, 2021"},"goalValue":"1518.0","updateDate":{"date":"Apr 26, 2021"},"createDate":{"date":"Apr 26, 2021"}},{"userProfilePk":95173854,"userGoalCategory":"MYFITNESSPAL","userGoalType":"NET_CALORIES","startDate":{"date":"Apr 26, 2021"},"endDate":{"date":"Apr 26, 2021"},"goalValue":"1518.0","updateDate":{"date":"Apr 26, 2021"},"createDate":{"date":"Apr 26, 2021"}},{"userProfilePk":95173854,"userGoalCategory":"MYFITNESSPAL","userGoalType":"NET_CALORIES","startDate":{"date":"Apr 26, 2021"},"endDate":{"date":"Apr 26, 2021"},"goalValue":"1518.0","updateDate":{"date":"Apr 26, 2021"},"createDate":{"date":"Apr 26, 2021"}},{"userProfilePk":95173854,"userGoalCategory":"MYFITNESSPAL","userGoalType":"NET_CALORIES","startDate":{"date":"Apr 26, 2021"},"endDate":{"date":"Apr 26, 2021"},"goalValue":"1518.0","updateDate":{"date":"Apr 26, 2021"},"createDate":{"date":"Apr 26, 2021"}},{"userProfilePk":95173854,"userGoalCategory":"MYFITNESSPAL","userGoalType":"NET_CALORIES","startDate":{"date":"Apr 26, 2021"},"endDate":{"date":"Apr 26, 2021"},"goalValue":"1518.0","updateDate":{"date":"Apr 26, 2021"},"createDate":{"date":"Apr 26, 2021"}},{"userProfilePk":95173854,"userGoalCategory":"MYFITNESSPAL","userGoalType":"NET_CALORIES","startDate":{"date":"Apr 26, 2021"},"endDate":{"date":"Apr 26, 2021"},"goalValue":"1518.0","updateDate":{"date":"Apr 26, 2021"},"createDate":{"date":"Apr 26, 2021"}},{"userProfilePk":95173854,"userGoalCategory":"MYFITNESSPAL","userGoalType":"NET_CALORIES","startDate":{"date":"Apr 26, 2021"},"endDate":{"date":"Apr 26, 2021"},"goalValue":"1518.0","updateDate":{"date":"Apr 26, 2021"},"createDate":{"date":"Apr 26, 2021"}},{"userProfilePk":95173854,"userGoalCategory":"MYFITNESSPAL","userGoalType":"NET_CALORIES","startDate":{"date":"Apr 26, 2021"},"endDate":{"date":"Apr 26, 2021"},"goalValue":"1518.0","updateDate":{"date":"Apr 26, 2021"},"createDate":{"date":"Apr 26, 2021"}},{"userProfilePk":95173854,"userGoalCategory":"MYFITNESSPAL","userGoalType":"NET_CALORIES","startDate":{"date":"Apr 26, 2021"},"endDate":{"date":"Apr 26, 2021"},"goalValue":"1518.0","updateDate":{"date":"Apr 26, 2021"},"createDate":{"date":"Apr 26, 2021"}},{"userProfilePk":95173854,"userGoalCategory":"MYFITNESSPAL","userGoalType":"NET_CALORIES","startDate":{"date":"Apr 26, 2021"},"endDate":{"date":"Apr 26, 2021"},"goalValue":"1518.0","updateDate":{"date":"Apr 26, 2021"},"createDate":{"date":"Apr 26, 2021"}},{"userProfilePk":95173854,"userGoalCategory":"MYFITNESSPAL","userGoalType":"NET_CALORIES","startDate":{"date":"Apr 26, 2021"},"endDate":{"date":"Apr 26, 2021"},"goalValue":"1518.0","updateDate":{"date":"Apr 26, 2021"},"createDate":{"date":"Apr 26, 2021"}},{"userProfilePk":95173854,"userGoalCategory":"MYFITNESSPAL","userGoalType":"NET_CALORIES","startDate":{"date":"Apr 27, 2021"},"endDate":{"date":"Apr 27, 2021"},"goalValue":"1518.0","updateDate":{"date":"Apr 27, 2021"},"createDate":{"date":"Apr 27, 2021"}},{"userProfilePk":95173854,"userGoalCategory":"MYFITNESSPAL","userGoalType":"NET_CALORIES","startDate":{"date":"Apr 27, 2021"},"endDate":{"date":"Apr 27, 2021"},"goalValue":"1518.0","updateDate":{"date":"Apr 27, 2021"},"createDate":{"date":"Apr 27, 2021"}},{"userProfilePk":95173854,"userGoalCategory":"MYFITNESSPAL","userGoalType":"NET_CALORIES","startDate":{"date":"Apr 27, 2021"},"endDate":{"date":"Apr 27, 2021"},"goalValue":"1518.0","updateDate":{"date":"Apr 27, 2021"},"createDate":{"date":"Apr 27, 2021"}},{"userProfilePk":95173854,"userGoalCategory":"MYFITNESSPAL","userGoalType":"NET_CALORIES","startDate":{"date":"Apr 27, 2021"},"endDate":{"date":"Apr 27, 2021"},"goalValue":"1518.0","updateDate":{"date":"Apr 27, 2021"},"createDate":{"date":"Apr 27, 2021"}},{"userProfilePk":95173854,"userGoalCategory":"MYFITNESSPAL","userGoalType":"NET_CALORIES","startDate":{"date":"Apr 27, 2021"},"endDate":{"date":"Apr 27, 2021"},"goalValue":"1518.0","updateDate":{"date":"Apr 27, 2021"},"createDate":{"date":"Apr 27, 2021"}},{"userProfilePk":95173854,"userGoalCategory":"MYFITNESSPAL","userGoalType":"NET_CALORIES","startDate":{"date":"Apr 27, 2021"},"endDate":{"date":"Apr 27, 2021"},"goalValue":"1518.0","updateDate":{"date":"Apr 27, 2021"},"createDate":{"date":"Apr 27, 2021"}},{"userProfilePk":95173854,"userGoalCategory":"MYFITNESSPAL","userGoalType":"NET_CALORIES","startDate":{"date":"Apr 27, 2021"},"endDate":{"date":"Apr 27, 2021"},"goalValue":"1518.0","updateDate":{"date":"Apr 27, 2021"},"createDate":{"date":"Apr 27, 2021"}},{"userProfilePk":95173854,"userGoalCategory":"MYFITNESSPAL","userGoalType":"NET_CALORIES","startDate":{"date":"Apr 27, 2021"},"endDate":{"date":"Apr 27, 2021"},"goalValue":"1518.0","updateDate":{"date":"Apr 27, 2021"},"createDate":{"date":"Apr 27, 2021"}},{"userProfilePk":95173854,"userGoalCategory":"MYFITNESSPAL","userGoalType":"NET_CALORIES","startDate":{"date":"Apr 27, 2021"},"endDate":{"date":"Apr 27, 2021"},"goalValue":"1518.0","updateDate":{"date":"Apr 27, 2021"},"createDate":{"date":"Apr 27, 2021"}},{"userProfilePk":95173854,"userGoalCategory":"MYFITNESSPAL","userGoalType":"NET_CALORIES","startDate":{"date":"Apr 27, 2021"},"endDate":{"date":"Apr 27, 2021"},"goalValue":"1518.0","updateDate":{"date":"Apr 27, 2021"},"createDate":{"date":"Apr 27, 2021"}},{"userProfilePk":95173854,"userGoalCategory":"MYFITNESSPAL","userGoalType":"NET_CALORIES","startDate":{"date":"Apr 27, 2021"},"endDate":{"date":"Apr 27, 2021"},"goalValue":"1518.0","updateDate":{"date":"Apr 27, 2021"},"createDate":{"date":"Apr 27, 2021"}},{"userProfilePk":95173854,"userGoalCategory":"MYFITNESSPAL","userGoalType":"NET_CALORIES","startDate":{"date":"Apr 27, 2021"},"endDate":{"date":"Apr 27, 2021"},"goalValue":"1518.0","updateDate":{"date":"Apr 27, 2021"},"createDate":{"date":"Apr 27, 2021"}},{"userProfilePk":95173854,"userGoalCategory":"MYFITNESSPAL","userGoalType":"NET_CALORIES","startDate":{"date":"Apr 27, 2021"},"endDate":{"date":"Apr 27, 2021"},"goalValue":"1518.0","updateDate":{"date":"Apr 27, 2021"},"createDate":{"date":"Apr 27, 2021"}},{"userProfilePk":95173854,"userGoalCategory":"MYFITNESSPAL","userGoalType":"NET_CALORIES","startDate":{"date":"Apr 27, 2021"},"endDate":{"date":"Apr 27, 2021"},"goalValue":"1518.0","updateDate":{"date":"Apr 27, 2021"},"createDate":{"date":"Apr 27, 2021"}},{"userProfilePk":95173854,"userGoalCategory":"MYFITNESSPAL","userGoalType":"NET_CALORIES","startDate":{"date":"Apr 27, 2021"},"endDate":{"date":"Apr 27, 2021"},"goalValue":"1518.0","updateDate":{"date":"Apr 27, 2021"},"createDate":{"date":"Apr 27, 2021"}},{"userProfilePk":95173854,"userGoalCategory":"MYFITNESSPAL","userGoalType":"NET_CALORIES","startDate":{"date":"Apr 27, 2021"},"endDate":{"date":"Apr 27, 2021"},"goalValue":"1518.0","updateDate":{"date":"Apr 27, 2021"},"createDate":{"date":"Apr 27, 2021"}},{"userProfilePk":95173854,"userGoalCategory":"MYFITNESSPAL","userGoalType":"NET_CALORIES","startDate":{"date":"Apr 27, 2021"},"endDate":{"date":"Apr 27, 2021"},"goalValue":"1518.0","updateDate":{"date":"Apr 27, 2021"},"createDate":{"date":"Apr 27, 2021"}},{"userProfilePk":95173854,"userGoalCategory":"MYFITNESSPAL","userGoalType":"NET_CALORIES","startDate":{"date":"Apr 27, 2021"},"endDate":{"date":"Apr 27, 2021"},"goalValue":"1518.0","updateDate":{"date":"Apr 27, 2021"},"createDate":{"date":"Apr 27, 2021"}},{"userProfilePk":95173854,"userGoalCategory":"MYFITNESSPAL","userGoalType":"NET_CALORIES","startDate":{"date":"Apr 27, 2021"},"endDate":{"date":"Apr 27, 2021"},"goalValue":"1518.0","updateDate":{"date":"Apr 27, 2021"},"createDate":{"date":"Apr 27, 2021"}},{"userProfilePk":95173854,"userGoalCategory":"MYFITNESSPAL","userGoalType":"NET_CALORIES","startDate":{"date":"Apr 27, 2021"},"endDate":{"date":"Apr 27, 2021"},"goalValue":"1518.0","updateDate":{"date":"Apr 27, 2021"},"createDate":{"date":"Apr 27, 2021"}},{"userProfilePk":95173854,"userGoalCategory":"MYFITNESSPAL","userGoalType":"NET_CALORIES","startDate":{"date":"Apr 27, 2021"},"endDate":{"date":"Apr 27, 2021"},"goalValue":"1518.0","updateDate":{"date":"Apr 27, 2021"},"createDate":{"date":"Apr 27, 2021"}},{"userProfilePk":95173854,"userGoalCategory":"MYFITNESSPAL","userGoalType":"NET_CALORIES","startDate":{"date":"Apr 27, 2021"},"endDate":{"date":"Apr 27, 2021"},"goalValue":"1518.0","updateDate":{"date":"Apr 27, 2021"},"createDate":{"date":"Apr 27, 2021"}},{"userProfilePk":95173854,"userGoalCategory":"MYFITNESSPAL","userGoalType":"NET_CALORIES","startDate":{"date":"Apr 27, 2021"},"endDate":{"date":"Apr 27, 2021"},"goalValue":"1518.0","updateDate":{"date":"Apr 27, 2021"},"createDate":{"date":"Apr 27, 2021"}},{"userProfilePk":95173854,"userGoalCategory":"MYFITNESSPAL","userGoalType":"NET_CALORIES","startDate":{"date":"Apr 27, 2021"},"endDate":{"date":"Apr 27, 2021"},"goalValue":"1518.0","updateDate":{"date":"Apr 27, 2021"},"createDate":{"date":"Apr 27, 2021"}},{"userProfilePk":95173854,"userGoalCategory":"MYFITNESSPAL","userGoalType":"NET_CALORIES","startDate":{"date":"Apr 27, 2021"},"endDate":{"date":"Apr 27, 2021"},"goalValue":"1518.0","updateDate":{"date":"Apr 27, 2021"},"createDate":{"date":"Apr 27, 2021"}},{"userProfilePk":95173854,"userGoalCategory":"MYFITNESSPAL","userGoalType":"NET_CALORIES","startDate":{"date":"Apr 27, 2021"},"endDate":{"date":"Apr 27, 2021"},"goalValue":"1518.0","updateDate":{"date":"Apr 27, 2021"},"createDate":{"date":"Apr 27, 2021"}},{"userProfilePk":95173854,"userGoalCategory":"MYFITNESSPAL","userGoalType":"NET_CALORIES","startDate":{"date":"Apr 27, 2021"},"endDate":{"date":"Apr 27, 2021"},"goalValue":"1518.0","updateDate":{"date":"Apr 27, 2021"},"createDate":{"date":"Apr 27, 2021"}},{"userProfilePk":95173854,"userGoalCategory":"MYFITNESSPAL","userGoalType":"NET_CALORIES","startDate":{"date":"Apr 27, 2021"},"endDate":{"date":"Apr 27, 2021"},"goalValue":"1518.0","updateDate":{"date":"Apr 27, 2021"},"createDate":{"date":"Apr 27, 2021"}},{"userProfilePk":95173854,"userGoalCategory":"MYFITNESSPAL","userGoalType":"NET_CALORIES","startDate":{"date":"Apr 27, 2021"},"endDate":{"date":"Apr 27, 2021"},"goalValue":"1518.0","updateDate":{"date":"Apr 27, 2021"},"createDate":{"date":"Apr 27, 2021"}},{"userProfilePk":95173854,"userGoalCategory":"MYFITNESSPAL","userGoalType":"NET_CALORIES","startDate":{"date":"Apr 27, 2021"},"endDate":{"date":"Apr 27, 2021"},"goalValue":"1518.0","updateDate":{"date":"Apr 27, 2021"},"createDate":{"date":"Apr 27, 2021"}},{"userProfilePk":95173854,"userGoalCategory":"MYFITNESSPAL","userGoalType":"NET_CALORIES","startDate":{"date":"Apr 27, 2021"},"endDate":{"date":"Apr 27, 2021"},"goalValue":"1519.0","updateDate":{"date":"Apr 27, 2021"},"createDate":{"date":"Apr 27, 2021"}},{"userProfilePk":95173854,"userGoalCategory":"MYFITNESSPAL","userGoalType":"NET_CALORIES","startDate":{"date":"Apr 27, 2021"},"endDate":{"date":"Apr 27, 2021"},"goalValue":"1519.0","updateDate":{"date":"Apr 27, 2021"},"createDate":{"date":"Apr 27, 2021"}},{"userProfilePk":95173854,"userGoalCategory":"MYFITNESSPAL","userGoalType":"NET_CALORIES","startDate":{"date":"Apr 27, 2021"},"endDate":{"date":"Apr 27, 2021"},"goalValue":"1519.0","updateDate":{"date":"Apr 27, 2021"},"createDate":{"date":"Apr 27, 2021"}},{"userProfilePk":95173854,"userGoalCategory":"MYFITNESSPAL","userGoalType":"NET_CALORIES","startDate":{"date":"Apr 28, 2021"},"endDate":{"date":"Apr 28, 2021"},"goalValue":"1519.0","updateDate":{"date":"Apr 28, 2021"},"createDate":{"date":"Apr 28, 2021"}},{"userProfilePk":95173854,"userGoalCategory":"MYFITNESSPAL","userGoalType":"NET_CALORIES","startDate":{"date":"Apr 28, 2021"},"endDate":{"date":"Apr 28, 2021"},"goalValue":"1519.0","updateDate":{"date":"Apr 28, 2021"},"createDate":{"date":"Apr 28, 2021"}},{"userProfilePk":95173854,"userGoalCategory":"MYFITNESSPAL","userGoalType":"NET_CALORIES","startDate":{"date":"Apr 28, 2021"},"endDate":{"date":"Apr 28, 2021"},"goalValue":"1519.0","updateDate":{"date":"Apr 28, 2021"},"createDate":{"date":"Apr 28, 2021"}},{"userProfilePk":95173854,"userGoalCategory":"MYFITNESSPAL","userGoalType":"NET_CALORIES","startDate":{"date":"Apr 28, 2021"},"endDate":{"date":"Apr 28, 2021"},"goalValue":"1519.0","updateDate":{"date":"Apr 28, 2021"},"createDate":{"date":"Apr 28, 2021"}},{"userProfilePk":95173854,"userGoalCategory":"MYFITNESSPAL","userGoalType":"NET_CALORIES","startDate":{"date":"Apr 28, 2021"},"endDate":{"date":"Apr 28, 2021"},"goalValue":"1519.0","updateDate":{"date":"Apr 28, 2021"},"createDate":{"date":"Apr 28, 2021"}},{"userProfilePk":95173854,"userGoalCategory":"MYFITNESSPAL","userGoalType":"NET_CALORIES","startDate":{"date":"Apr 28, 2021"},"endDate":{"date":"Apr 28, 2021"},"goalValue":"1519.0","updateDate":{"date":"Apr 28, 2021"},"createDate":{"date":"Apr 28, 2021"}},{"userProfilePk":95173854,"userGoalCategory":"MYFITNESSPAL","userGoalType":"NET_CALORIES","startDate":{"date":"Apr 28, 2021"},"endDate":{"date":"Apr 28, 2021"},"goalValue":"1519.0","updateDate":{"date":"Apr 28, 2021"},"createDate":{"date":"Apr 28, 2021"}},{"userProfilePk":95173854,"userGoalCategory":"MYFITNESSPAL","userGoalType":"NET_CALORIES","startDate":{"date":"Apr 28, 2021"},"endDate":{"date":"Apr 28, 2021"},"goalValue":"1519.0","updateDate":{"date":"Apr 28, 2021"},"createDate":{"date":"Apr 28, 2021"}},{"userProfilePk":95173854,"userGoalCategory":"MYFITNESSPAL","userGoalType":"NET_CALORIES","startDate":{"date":"Apr 28, 2021"},"endDate":{"date":"Apr 28, 2021"},"goalValue":"1519.0","updateDate":{"date":"Apr 28, 2021"},"createDate":{"date":"Apr 28, 2021"}},{"userProfilePk":95173854,"userGoalCategory":"MYFITNESSPAL","userGoalType":"NET_CALORIES","startDate":{"date":"Apr 28, 2021"},"endDate":{"date":"Apr 28, 2021"},"goalValue":"1519.0","updateDate":{"date":"Apr 28, 2021"},"createDate":{"date":"Apr 28, 2021"}},{"userProfilePk":95173854,"userGoalCategory":"MYFITNESSPAL","userGoalType":"NET_CALORIES","startDate":{"date":"Apr 28, 2021"},"endDate":{"date":"Apr 28, 2021"},"goalValue":"1519.0","updateDate":{"date":"Apr 28, 2021"},"createDate":{"date":"Apr 28, 2021"}},{"userProfilePk":95173854,"userGoalCategory":"MYFITNESSPAL","userGoalType":"NET_CALORIES","startDate":{"date":"Apr 28, 2021"},"endDate":{"date":"Apr 28, 2021"},"goalValue":"1519.0","updateDate":{"date":"Apr 28, 2021"},"createDate":{"date":"Apr 28, 2021"}},{"userProfilePk":95173854,"userGoalCategory":"MYFITNESSPAL","userGoalType":"NET_CALORIES","startDate":{"date":"Apr 28, 2021"},"endDate":{"date":"Apr 28, 2021"},"goalValue":"1519.0","updateDate":{"date":"Apr 28, 2021"},"createDate":{"date":"Apr 28, 2021"}},{"userProfilePk":95173854,"userGoalCategory":"MYFITNESSPAL","userGoalType":"NET_CALORIES","startDate":{"date":"Apr 28, 2021"},"endDate":{"date":"Apr 28, 2021"},"goalValue":"1519.0","updateDate":{"date":"Apr 28, 2021"},"createDate":{"date":"Apr 28, 2021"}},{"userProfilePk":95173854,"userGoalCategory":"MYFITNESSPAL","userGoalType":"NET_CALORIES","startDate":{"date":"Apr 28, 2021"},"endDate":{"date":"Apr 28, 2021"},"goalValue":"1519.0","updateDate":{"date":"Apr 28, 2021"},"createDate":{"date":"Apr 28, 2021"}},{"userProfilePk":95173854,"userGoalCategory":"MYFITNESSPAL","userGoalType":"NET_CALORIES","startDate":{"date":"Apr 28, 2021"},"endDate":{"date":"Apr 28, 2021"},"goalValue":"1519.0","updateDate":{"date":"Apr 28, 2021"},"createDate":{"date":"Apr 28, 2021"}},{"userProfilePk":95173854,"userGoalCategory":"MYFITNESSPAL","userGoalType":"NET_CALORIES","startDate":{"date":"Apr 28, 2021"},"endDate":{"date":"Apr 28, 2021"},"goalValue":"1519.0","updateDate":{"date":"Apr 28, 2021"},"createDate":{"date":"Apr 28, 2021"}},{"userProfilePk":95173854,"userGoalCategory":"MYFITNESSPAL","userGoalType":"NET_CALORIES","startDate":{"date":"Apr 28, 2021"},"endDate":{"date":"Apr 28, 2021"},"goalValue":"1519.0","updateDate":{"date":"Apr 28, 2021"},"createDate":{"date":"Apr 28, 2021"}},{"userProfilePk":95173854,"userGoalCategory":"MYFITNESSPAL","userGoalType":"NET_CALORIES","startDate":{"date":"Apr 29, 2021"},"endDate":{"date":"Apr 29, 2021"},"goalValue":"1847.0","updateDate":{"date":"Apr 29, 2021"},"createDate":{"date":"Apr 29, 2021"}},{"userProfilePk":95173854,"userGoalCategory":"MYFITNESSPAL","userGoalType":"NET_CALORIES","startDate":{"date":"Apr 29, 2021"},"endDate":{"date":"Apr 29, 2021"},"goalValue":"1353.0","updateDate":{"date":"Apr 29, 2021"},"createDate":{"date":"Apr 29, 2021"}},{"userProfilePk":95173854,"userGoalCategory":"MYFITNESSPAL","userGoalType":"NET_CALORIES","startDate":{"date":"Apr 29, 2021"},"endDate":{"date":"Apr 29, 2021"},"goalValue":"1576.0","updateDate":{"date":"Apr 29, 2021"},"createDate":{"date":"Apr 29, 2021"}},{"userProfilePk":95173854,"userGoalCategory":"MYFITNESSPAL","userGoalType":"NET_CALORIES","startDate":{"date":"Apr 29, 2021"},"endDate":{"date":"Apr 29, 2021"},"goalValue":"1576.0","updateDate":{"date":"Apr 29, 2021"},"createDate":{"date":"Apr 29, 2021"}},{"userProfilePk":95173854,"userGoalCategory":"MYFITNESSPAL","userGoalType":"NET_CALORIES","startDate":{"date":"Apr 29, 2021"},"endDate":{"date":"Apr 29, 2021"},"goalValue":"1576.0","updateDate":{"date":"Apr 29, 2021"},"createDate":{"date":"Apr 29, 2021"}},{"userProfilePk":95173854,"userGoalCategory":"MYFITNESSPAL","userGoalType":"NET_CALORIES","startDate":{"date":"Apr 29, 2021"},"endDate":{"date":"Apr 29, 2021"},"goalValue":"1576.0","updateDate":{"date":"Apr 29, 2021"},"createDate":{"date":"Apr 29, 2021"}},{"userProfilePk":95173854,"userGoalCategory":"MYFITNESSPAL","userGoalType":"NET_CALORIES","startDate":{"date":"Apr 29, 2021"},"endDate":{"date":"Apr 29, 2021"},"goalValue":"1576.0","updateDate":{"date":"Apr 29, 2021"},"createDate":{"date":"Apr 29, 2021"}},{"userProfilePk":95173854,"userGoalCategory":"MYFITNESSPAL","userGoalType":"NET_CALORIES","startDate":{"date":"Apr 29, 2021"},"endDate":{"date":"Apr 29, 2021"},"goalValue":"1576.0","updateDate":{"date":"Apr 29, 2021"},"createDate":{"date":"Apr 29, 2021"}},{"userProfilePk":95173854,"userGoalCategory":"MYFITNESSPAL","userGoalType":"NET_CALORIES","startDate":{"date":"Apr 29, 2021"},"endDate":{"date":"Apr 29, 2021"},"goalValue":"1576.0","updateDate":{"date":"Apr 29, 2021"},"createDate":{"date":"Apr 29, 2021"}},{"userProfilePk":95173854,"userGoalCategory":"MYFITNESSPAL","userGoalType":"NET_CALORIES","startDate":{"date":"Apr 29, 2021"},"endDate":{"date":"Apr 29, 2021"},"goalValue":"1576.0","updateDate":{"date":"Apr 29, 2021"},"createDate":{"date":"Apr 29, 2021"}},{"userProfilePk":95173854,"userGoalCategory":"MYFITNESSPAL","userGoalType":"NET_CALORIES","startDate":{"date":"Apr 29, 2021"},"endDate":{"date":"Apr 29, 2021"},"goalValue":"1576.0","updateDate":{"date":"Apr 29, 2021"},"createDate":{"date":"Apr 29, 2021"}},{"userProfilePk":95173854,"userGoalCategory":"MYFITNESSPAL","userGoalType":"NET_CALORIES","startDate":{"date":"Apr 29, 2021"},"endDate":{"date":"Apr 29, 2021"},"goalValue":"1576.0","updateDate":{"date":"Apr 29, 2021"},"createDate":{"date":"Apr 29, 2021"}},{"userProfilePk":95173854,"userGoalCategory":"MYFITNESSPAL","userGoalType":"NET_CALORIES","startDate":{"date":"Apr 29, 2021"},"endDate":{"date":"Apr 29, 2021"},"goalValue":"1576.0","updateDate":{"date":"Apr 29, 2021"},"createDate":{"date":"Apr 29, 2021"}},{"userProfilePk":95173854,"userGoalCategory":"MYFITNESSPAL","userGoalType":"NET_CALORIES","startDate":{"date":"Apr 29, 2021"},"endDate":{"date":"Apr 29, 2021"},"goalValue":"1576.0","updateDate":{"date":"Apr 29, 2021"},"createDate":{"date":"Apr 29, 2021"}},{"userProfilePk":95173854,"userGoalCategory":"MYFITNESSPAL","userGoalType":"NET_CALORIES","startDate":{"date":"Apr 30, 2021"},"endDate":{"date":"Apr 30, 2021"},"goalValue":"1576.0","updateDate":{"date":"Apr 30, 2021"},"createDate":{"date":"Apr 30, 2021"}},{"userProfilePk":95173854,"userGoalCategory":"MYFITNESSPAL","userGoalType":"NET_CALORIES","startDate":{"date":"Apr 30, 2021"},"endDate":{"date":"Apr 30, 2021"},"goalValue":"1576.0","updateDate":{"date":"Apr 30, 2021"},"createDate":{"date":"Apr 30, 2021"}},{"userProfilePk":95173854,"userGoalCategory":"MYFITNESSPAL","userGoalType":"NET_CALORIES","startDate":{"date":"Apr 30, 2021"},"endDate":{"date":"Apr 30, 2021"},"goalValue":"1576.0","updateDate":{"date":"Apr 30, 2021"},"createDate":{"date":"Apr 30, 2021"}},{"userProfilePk":95173854,"userGoalCategory":"MYFITNESSPAL","userGoalType":"NET_CALORIES","startDate":{"date":"Apr 30, 2021"},"endDate":{"date":"Apr 30, 2021"},"goalValue":"1576.0","updateDate":{"date":"Apr 30, 2021"},"createDate":{"date":"Apr 30, 2021"}},{"userProfilePk":95173854,"userGoalCategory":"MYFITNESSPAL","userGoalType":"NET_CALORIES","startDate":{"date":"Apr 30, 2021"},"endDate":{"date":"Apr 30, 2021"},"goalValue":"1576.0","updateDate":{"date":"Apr 30, 2021"},"createDate":{"date":"Apr 30, 2021"}},{"userProfilePk":95173854,"userGoalCategory":"MYFITNESSPAL","userGoalType":"NET_CALORIES","startDate":{"date":"May 1, 2021"},"endDate":{"date":"May 1, 2021"},"goalValue":"1576.0","updateDate":{"date":"May 1, 2021"},"createDate":{"date":"May 1, 2021"}},{"userProfilePk":95173854,"userGoalCategory":"MYFITNESSPAL","userGoalType":"NET_CALORIES","startDate":{"date":"May 1, 2021"},"endDate":{"date":"May 1, 2021"},"goalValue":"1576.0","updateDate":{"date":"May 1, 2021"},"createDate":{"date":"May 1, 2021"}},{"userProfilePk":95173854,"userGoalCategory":"MYFITNESSPAL","userGoalType":"NET_CALORIES","startDate":{"date":"May 1, 2021"},"endDate":{"date":"May 1, 2021"},"goalValue":"1576.0","updateDate":{"date":"May 1, 2021"},"createDate":{"date":"May 1, 2021"}},{"userProfilePk":95173854,"userGoalCategory":"MYFITNESSPAL","userGoalType":"NET_CALORIES","startDate":{"date":"May 1, 2021"},"endDate":{"date":"May 1, 2021"},"goalValue":"1576.0","updateDate":{"date":"May 1, 2021"},"createDate":{"date":"May 1, 2021"}},{"userProfilePk":95173854,"userGoalCategory":"MYFITNESSPAL","userGoalType":"NET_CALORIES","startDate":{"date":"May 1, 2021"},"endDate":{"date":"May 1, 2021"},"goalValue":"1576.0","updateDate":{"date":"May 1, 2021"},"createDate":{"date":"May 1, 2021"}},{"userProfilePk":95173854,"userGoalCategory":"MYFITNESSPAL","userGoalType":"NET_CALORIES","startDate":{"date":"May 1, 2021"},"endDate":{"date":"May 1, 2021"},"goalValue":"1576.0","updateDate":{"date":"May 1, 2021"},"createDate":{"date":"May 1, 2021"}},{"userProfilePk":95173854,"userGoalCategory":"MYFITNESSPAL","userGoalType":"NET_CALORIES","startDate":{"date":"May 1, 2021"},"endDate":{"date":"May 1, 2021"},"goalValue":"1576.0","updateDate":{"date":"May 1, 2021"},"createDate":{"date":"May 1, 2021"}},{"userProfilePk":95173854,"userGoalCategory":"MYFITNESSPAL","userGoalType":"NET_CALORIES","startDate":{"date":"May 1, 2021"},"endDate":{"date":"May 1, 2021"},"goalValue":"1576.0","updateDate":{"date":"May 1, 2021"},"createDate":{"date":"May 1, 2021"}},{"userProfilePk":95173854,"userGoalCategory":"MYFITNESSPAL","userGoalType":"NET_CALORIES","startDate":{"date":"May 1, 2021"},"endDate":{"date":"May 1, 2021"},"goalValue":"1576.0","updateDate":{"date":"May 1, 2021"},"createDate":{"date":"May 1, 2021"}},{"userProfilePk":95173854,"userGoalCategory":"MYFITNESSPAL","userGoalType":"NET_CALORIES","startDate":{"date":"May 1, 2021"},"endDate":{"date":"May 1, 2021"},"goalValue":"1576.0","updateDate":{"date":"May 1, 2021"},"createDate":{"date":"May 1, 2021"}},{"userProfilePk":95173854,"userGoalCategory":"MYFITNESSPAL","userGoalType":"NET_CALORIES","startDate":{"date":"May 1, 2021"},"endDate":{"date":"May 1, 2021"},"goalValue":"1576.0","updateDate":{"date":"May 1, 2021"},"createDate":{"date":"May 1, 2021"}},{"userProfilePk":95173854,"userGoalCategory":"MYFITNESSPAL","userGoalType":"NET_CALORIES","startDate":{"date":"May 1, 2021"},"endDate":{"date":"May 1, 2021"},"goalValue":"1576.0","updateDate":{"date":"May 1, 2021"},"createDate":{"date":"May 1, 2021"}},{"userProfilePk":95173854,"userGoalCategory":"MYFITNESSPAL","userGoalType":"NET_CALORIES","startDate":{"date":"May 2, 2021"},"endDate":{"date":"May 2, 2021"},"goalValue":"1576.0","updateDate":{"date":"May 2, 2021"},"createDate":{"date":"May 2, 2021"}},{"userProfilePk":95173854,"userGoalCategory":"MYFITNESSPAL","userGoalType":"NET_CALORIES","startDate":{"date":"May 2, 2021"},"endDate":{"date":"May 2, 2021"},"goalValue":"1576.0","updateDate":{"date":"May 2, 2021"},"createDate":{"date":"May 2, 2021"}},{"userProfilePk":95173854,"userGoalCategory":"MYFITNESSPAL","userGoalType":"NET_CALORIES","startDate":{"date":"May 2, 2021"},"endDate":{"date":"May 2, 2021"},"goalValue":"1576.0","updateDate":{"date":"May 2, 2021"},"createDate":{"date":"May 2, 2021"}},{"userProfilePk":95173854,"userGoalCategory":"MYFITNESSPAL","userGoalType":"NET_CALORIES","startDate":{"date":"May 2, 2021"},"endDate":{"date":"May 2, 2021"},"goalValue":"1576.0","updateDate":{"date":"May 2, 2021"},"createDate":{"date":"May 2, 2021"}},{"userProfilePk":95173854,"userGoalCategory":"MYFITNESSPAL","userGoalType":"NET_CALORIES","startDate":{"date":"May 2, 2021"},"endDate":{"date":"May 2, 2021"},"goalValue":"1576.0","updateDate":{"date":"May 2, 2021"},"createDate":{"date":"May 2, 2021"}},{"userProfilePk":95173854,"userGoalCategory":"MYFITNESSPAL","userGoalType":"NET_CALORIES","startDate":{"date":"May 2, 2021"},"endDate":{"date":"May 2, 2021"},"goalValue":"1576.0","updateDate":{"date":"May 2, 2021"},"createDate":{"date":"May 2, 2021"}},{"userProfilePk":95173854,"userGoalCategory":"MYFITNESSPAL","userGoalType":"NET_CALORIES","startDate":{"date":"May 2, 2021"},"endDate":{"date":"May 2, 2021"},"goalValue":"1576.0","updateDate":{"date":"May 2, 2021"},"createDate":{"date":"May 2, 2021"}},{"userProfilePk":95173854,"userGoalCategory":"MYFITNESSPAL","userGoalType":"NET_CALORIES","startDate":{"date":"May 2, 2021"},"endDate":{"date":"May 2, 2021"},"goalValue":"1576.0","updateDate":{"date":"May 2, 2021"},"createDate":{"date":"May 2, 2021"}},{"userProfilePk":95173854,"userGoalCategory":"MYFITNESSPAL","userGoalType":"NET_CALORIES","startDate":{"date":"May 2, 2021"},"endDate":{"date":"May 2, 2021"},"goalValue":"1576.0","updateDate":{"date":"May 2, 2021"},"createDate":{"date":"May 2, 2021"}},{"userProfilePk":95173854,"userGoalCategory":"MYFITNESSPAL","userGoalType":"NET_CALORIES","startDate":{"date":"May 2, 2021"},"endDate":{"date":"May 2, 2021"},"goalValue":"1576.0","updateDate":{"date":"May 2, 2021"},"createDate":{"date":"May 2, 2021"}},{"userProfilePk":95173854,"userGoalCategory":"MYFITNESSPAL","userGoalType":"NET_CALORIES","startDate":{"date":"May 2, 2021"},"endDate":{"date":"May 2, 2021"},"goalValue":"1576.0","updateDate":{"date":"May 2, 2021"},"createDate":{"date":"May 2, 2021"}},{"userProfilePk":95173854,"userGoalCategory":"MYFITNESSPAL","userGoalType":"NET_CALORIES","startDate":{"date":"May 2, 2021"},"endDate":{"date":"May 2, 2021"},"goalValue":"1576.0","updateDate":{"date":"May 2, 2021"},"createDate":{"date":"May 2, 2021"}},{"userProfilePk":95173854,"userGoalCategory":"MYFITNESSPAL","userGoalType":"NET_CALORIES","startDate":{"date":"May 2, 2021"},"endDate":{"date":"May 2, 2021"},"goalValue":"1576.0","updateDate":{"date":"May 2, 2021"},"createDate":{"date":"May 2, 2021"}},{"userProfilePk":95173854,"userGoalCategory":"MYFITNESSPAL","userGoalType":"NET_CALORIES","startDate":{"date":"May 2, 2021"},"endDate":{"date":"May 2, 2021"},"goalValue":"1576.0","updateDate":{"date":"May 2, 2021"},"createDate":{"date":"May 2, 2021"}},{"userProfilePk":95173854,"userGoalCategory":"MYFITNESSPAL","userGoalType":"NET_CALORIES","startDate":{"date":"May 2, 2021"},"endDate":{"date":"May 2, 2021"},"goalValue":"1576.0","updateDate":{"date":"May 2, 2021"},"createDate":{"date":"May 2, 2021"}},{"userProfilePk":95173854,"userGoalCategory":"MYFITNESSPAL","userGoalType":"NET_CALORIES","startDate":{"date":"May 2, 2021"},"endDate":{"date":"May 2, 2021"},"goalValue":"1576.0","updateDate":{"date":"May 2, 2021"},"createDate":{"date":"May 2, 2021"}},{"userProfilePk":95173854,"userGoalCategory":"MYFITNESSPAL","userGoalType":"NET_CALORIES","startDate":{"date":"May 2, 2021"},"endDate":{"date":"May 2, 2021"},"goalValue":"1576.0","updateDate":{"date":"May 2, 2021"},"createDate":{"date":"May 2, 2021"}},{"userProfilePk":95173854,"userGoalCategory":"MYFITNESSPAL","userGoalType":"NET_CALORIES","startDate":{"date":"May 3, 2021"},"endDate":{"date":"May 3, 2021"},"goalValue":"1576.0","updateDate":{"date":"May 3, 2021"},"createDate":{"date":"May 3, 2021"}},{"userProfilePk":95173854,"userGoalCategory":"MYFITNESSPAL","userGoalType":"NET_CALORIES","startDate":{"date":"May 3, 2021"},"endDate":{"date":"May 3, 2021"},"goalValue":"1576.0","updateDate":{"date":"May 3, 2021"},"createDate":{"date":"May 3, 2021"}},{"userProfilePk":95173854,"userGoalCategory":"MYFITNESSPAL","userGoalType":"NET_CALORIES","startDate":{"date":"May 3, 2021"},"endDate":{"date":"May 3, 2021"},"goalValue":"1576.0","updateDate":{"date":"May 3, 2021"},"createDate":{"date":"May 3, 2021"}},{"userProfilePk":95173854,"userGoalCategory":"MYFITNESSPAL","userGoalType":"NET_CALORIES","startDate":{"date":"May 3, 2021"},"endDate":{"date":"May 3, 2021"},"goalValue":"1576.0","updateDate":{"date":"May 3, 2021"},"createDate":{"date":"May 3, 2021"}},{"userProfilePk":95173854,"userGoalCategory":"MYFITNESSPAL","userGoalType":"NET_CALORIES","startDate":{"date":"May 3, 2021"},"endDate":{"date":"May 3, 2021"},"goalValue":"1576.0","updateDate":{"date":"May 3, 2021"},"createDate":{"date":"May 3, 2021"}},{"userProfilePk":95173854,"userGoalCategory":"MYFITNESSPAL","userGoalType":"NET_CALORIES","startDate":{"date":"May 3, 2021"},"endDate":{"date":"May 3, 2021"},"goalValue":"1576.0","updateDate":{"date":"May 3, 2021"},"createDate":{"date":"May 3, 2021"}},{"userProfilePk":95173854,"userGoalCategory":"MYFITNESSPAL","userGoalType":"NET_CALORIES","startDate":{"date":"May 3, 2021"},"endDate":{"date":"May 3, 2021"},"goalValue":"1576.0","updateDate":{"date":"May 3, 2021"},"createDate":{"date":"May 3, 2021"}},{"userProfilePk":95173854,"userGoalCategory":"MYFITNESSPAL","userGoalType":"NET_CALORIES","startDate":{"date":"May 3, 2021"},"endDate":{"date":"May 3, 2021"},"goalValue":"1576.0","updateDate":{"date":"May 3, 2021"},"createDate":{"date":"May 3, 2021"}},{"userProfilePk":95173854,"userGoalCategory":"MYFITNESSPAL","userGoalType":"NET_CALORIES","startDate":{"date":"May 3, 2021"},"endDate":{"date":"May 3, 2021"},"goalValue":"1576.0","updateDate":{"date":"May 3, 2021"},"createDate":{"date":"May 3, 2021"}},{"userProfilePk":95173854,"userGoalCategory":"MYFITNESSPAL","userGoalType":"NET_CALORIES","startDate":{"date":"May 3, 2021"},"endDate":{"date":"May 3, 2021"},"goalValue":"1576.0","updateDate":{"date":"May 3, 2021"},"createDate":{"date":"May 3, 2021"}},{"userProfilePk":95173854,"userGoalCategory":"MYFITNESSPAL","userGoalType":"NET_CALORIES","startDate":{"date":"May 3, 2021"},"endDate":{"date":"May 3, 2021"},"goalValue":"1576.0","updateDate":{"date":"May 3, 2021"},"createDate":{"date":"May 3, 2021"}},{"userProfilePk":95173854,"userGoalCategory":"MYFITNESSPAL","userGoalType":"NET_CALORIES","startDate":{"date":"May 3, 2021"},"endDate":{"date":"May 3, 2021"},"goalValue":"1576.0","updateDate":{"date":"May 3, 2021"},"createDate":{"date":"May 3, 2021"}},{"userProfilePk":95173854,"userGoalCategory":"MYFITNESSPAL","userGoalType":"NET_CALORIES","startDate":{"date":"May 3, 2021"},"endDate":{"date":"May 3, 2021"},"goalValue":"1576.0","updateDate":{"date":"May 3, 2021"},"createDate":{"date":"May 3, 2021"}},{"userProfilePk":95173854,"userGoalCategory":"MYFITNESSPAL","userGoalType":"NET_CALORIES","startDate":{"date":"May 3, 2021"},"endDate":{"date":"May 3, 2021"},"goalValue":"1576.0","updateDate":{"date":"May 3, 2021"},"createDate":{"date":"May 3, 2021"}},{"userProfilePk":95173854,"userGoalCategory":"MYFITNESSPAL","userGoalType":"NET_CALORIES","startDate":{"date":"May 4, 2021"},"endDate":{"date":"May 4, 2021"},"goalValue":"1576.0","updateDate":{"date":"May 4, 2021"},"createDate":{"date":"May 4, 2021"}},{"userProfilePk":95173854,"userGoalCategory":"MYFITNESSPAL","userGoalType":"NET_CALORIES","startDate":{"date":"May 4, 2021"},"endDate":{"date":"May 4, 2021"},"goalValue":"1576.0","updateDate":{"date":"May 4, 2021"},"createDate":{"date":"May 4, 2021"}},{"userProfilePk":95173854,"userGoalCategory":"MYFITNESSPAL","userGoalType":"NET_CALORIES","startDate":{"date":"May 4, 2021"},"endDate":{"date":"May 4, 2021"},"goalValue":"1576.0","updateDate":{"date":"May 4, 2021"},"createDate":{"date":"May 4, 2021"}},{"userProfilePk":95173854,"userGoalCategory":"MYFITNESSPAL","userGoalType":"NET_CALORIES","startDate":{"date":"May 4, 2021"},"endDate":{"date":"May 4, 2021"},"goalValue":"1576.0","updateDate":{"date":"May 4, 2021"},"createDate":{"date":"May 4, 2021"}},{"userProfilePk":95173854,"userGoalCategory":"MYFITNESSPAL","userGoalType":"NET_CALORIES","startDate":{"date":"May 4, 2021"},"endDate":{"date":"May 4, 2021"},"goalValue":"1576.0","updateDate":{"date":"May 4, 2021"},"createDate":{"date":"May 4, 2021"}},{"userProfilePk":95173854,"userGoalCategory":"MYFITNESSPAL","userGoalType":"NET_CALORIES","startDate":{"date":"May 4, 2021"},"endDate":{"date":"May 4, 2021"},"goalValue":"1576.0","updateDate":{"date":"May 4, 2021"},"createDate":{"date":"May 4, 2021"}},{"userProfilePk":95173854,"userGoalCategory":"MYFITNESSPAL","userGoalType":"NET_CALORIES","startDate":{"date":"May 4, 2021"},"endDate":{"date":"May 4, 2021"},"goalValue":"1576.0","updateDate":{"date":"May 4, 2021"},"createDate":{"date":"May 4, 2021"}},{"userProfilePk":95173854,"userGoalCategory":"MYFITNESSPAL","userGoalType":"NET_CALORIES","startDate":{"date":"May 4, 2021"},"endDate":{"date":"May 4, 2021"},"goalValue":"1576.0","updateDate":{"date":"May 4, 2021"},"createDate":{"date":"May 4, 2021"}},{"userProfilePk":95173854,"userGoalCategory":"MYFITNESSPAL","userGoalType":"NET_CALORIES","startDate":{"date":"May 4, 2021"},"endDate":{"date":"May 4, 2021"},"goalValue":"1576.0","updateDate":{"date":"May 4, 2021"},"createDate":{"date":"May 4, 2021"}},{"userProfilePk":95173854,"userGoalCategory":"MYFITNESSPAL","userGoalType":"NET_CALORIES","startDate":{"date":"May 4, 2021"},"endDate":{"date":"May 4, 2021"},"goalValue":"1576.0","updateDate":{"date":"May 4, 2021"},"createDate":{"date":"May 4, 2021"}},{"userProfilePk":95173854,"userGoalCategory":"MYFITNESSPAL","userGoalType":"NET_CALORIES","startDate":{"date":"May 4, 2021"},"endDate":{"date":"May 4, 2021"},"goalValue":"1576.0","updateDate":{"date":"May 4, 2021"},"createDate":{"date":"May 4, 2021"}},{"userProfilePk":95173854,"userGoalCategory":"MYFITNESSPAL","userGoalType":"NET_CALORIES","startDate":{"date":"May 4, 2021"},"endDate":{"date":"May 4, 2021"},"goalValue":"1576.0","updateDate":{"date":"May 4, 2021"},"createDate":{"date":"May 4, 2021"}},{"userProfilePk":95173854,"userGoalCategory":"MYFITNESSPAL","userGoalType":"NET_CALORIES","startDate":{"date":"May 4, 2021"},"endDate":{"date":"May 4, 2021"},"goalValue":"1576.0","updateDate":{"date":"May 4, 2021"},"createDate":{"date":"May 4, 2021"}},{"userProfilePk":95173854,"userGoalCategory":"MYFITNESSPAL","userGoalType":"NET_CALORIES","startDate":{"date":"May 4, 2021"},"endDate":{"date":"May 4, 2021"},"goalValue":"1576.0","updateDate":{"date":"May 4, 2021"},"createDate":{"date":"May 4, 2021"}},{"userProfilePk":95173854,"userGoalCategory":"MYFITNESSPAL","userGoalType":"NET_CALORIES","startDate":{"date":"May 4, 2021"},"endDate":{"date":"May 4, 2021"},"goalValue":"1576.0","updateDate":{"date":"May 4, 2021"},"createDate":{"date":"May 4, 2021"}},{"userProfilePk":95173854,"userGoalCategory":"MYFITNESSPAL","userGoalType":"NET_CALORIES","startDate":{"date":"May 4, 2021"},"endDate":{"date":"May 4, 2021"},"goalValue":"1576.0","updateDate":{"date":"May 4, 2021"},"createDate":{"date":"May 4, 2021"}},{"userProfilePk":95173854,"userGoalCategory":"MYFITNESSPAL","userGoalType":"NET_CALORIES","startDate":{"date":"May 4, 2021"},"endDate":{"date":"May 4, 2021"},"goalValue":"1576.0","updateDate":{"date":"May 4, 2021"},"createDate":{"date":"May 4, 2021"}},{"userProfilePk":95173854,"userGoalCategory":"MYFITNESSPAL","userGoalType":"NET_CALORIES","startDate":{"date":"May 4, 2021"},"endDate":{"date":"May 4, 2021"},"goalValue":"1576.0","updateDate":{"date":"May 4, 2021"},"createDate":{"date":"May 4, 2021"}},{"userProfilePk":95173854,"userGoalCategory":"MYFITNESSPAL","userGoalType":"NET_CALORIES","startDate":{"date":"May 5, 2021"},"endDate":{"date":"May 5, 2021"},"goalValue":"1576.0","updateDate":{"date":"May 5, 2021"},"createDate":{"date":"May 5, 2021"}},{"userProfilePk":95173854,"userGoalCategory":"MYFITNESSPAL","userGoalType":"NET_CALORIES","startDate":{"date":"May 5, 2021"},"endDate":{"date":"May 5, 2021"},"goalValue":"1576.0","updateDate":{"date":"May 5, 2021"},"createDate":{"date":"May 5, 2021"}},{"userProfilePk":95173854,"userGoalCategory":"MYFITNESSPAL","userGoalType":"NET_CALORIES","startDate":{"date":"May 5, 2021"},"endDate":{"date":"May 5, 2021"},"goalValue":"1576.0","updateDate":{"date":"May 5, 2021"},"createDate":{"date":"May 5, 2021"}},{"userProfilePk":95173854,"userGoalCategory":"MYFITNESSPAL","userGoalType":"NET_CALORIES","startDate":{"date":"May 5, 2021"},"endDate":{"date":"May 5, 2021"},"goalValue":"1576.0","updateDate":{"date":"May 5, 2021"},"createDate":{"date":"May 5, 2021"}},{"userProfilePk":95173854,"userGoalCategory":"MYFITNESSPAL","userGoalType":"NET_CALORIES","startDate":{"date":"May 5, 2021"},"endDate":{"date":"May 5, 2021"},"goalValue":"1576.0","updateDate":{"date":"May 5, 2021"},"createDate":{"date":"May 5, 2021"}},{"userProfilePk":95173854,"userGoalCategory":"MYFITNESSPAL","userGoalType":"NET_CALORIES","startDate":{"date":"May 5, 2021"},"endDate":{"date":"May 5, 2021"},"goalValue":"1576.0","updateDate":{"date":"May 5, 2021"},"createDate":{"date":"May 5, 2021"}},{"userProfilePk":95173854,"userGoalCategory":"MYFITNESSPAL","userGoalType":"NET_CALORIES","startDate":{"date":"May 5, 2021"},"endDate":{"date":"May 5, 2021"},"goalValue":"1576.0","updateDate":{"date":"May 5, 2021"},"createDate":{"date":"May 5, 2021"}},{"userProfilePk":95173854,"userGoalCategory":"MYFITNESSPAL","userGoalType":"NET_CALORIES","startDate":{"date":"May 5, 2021"},"endDate":{"date":"May 5, 2021"},"goalValue":"1576.0","updateDate":{"date":"May 5, 2021"},"createDate":{"date":"May 5, 2021"}},{"userProfilePk":95173854,"userGoalCategory":"MYFITNESSPAL","userGoalType":"NET_CALORIES","startDate":{"date":"May 5, 2021"},"endDate":{"date":"May 5, 2021"},"goalValue":"1576.0","updateDate":{"date":"May 5, 2021"},"createDate":{"date":"May 5, 2021"}},{"userProfilePk":95173854,"userGoalCategory":"MYFITNESSPAL","userGoalType":"NET_CALORIES","startDate":{"date":"May 5, 2021"},"endDate":{"date":"May 5, 2021"},"goalValue":"1576.0","updateDate":{"date":"May 5, 2021"},"createDate":{"date":"May 5, 2021"}},{"userProfilePk":95173854,"userGoalCategory":"MYFITNESSPAL","userGoalType":"NET_CALORIES","startDate":{"date":"May 5, 2021"},"endDate":{"date":"May 5, 2021"},"goalValue":"1576.0","updateDate":{"date":"May 5, 2021"},"createDate":{"date":"May 5, 2021"}},{"userProfilePk":95173854,"userGoalCategory":"MYFITNESSPAL","userGoalType":"NET_CALORIES","startDate":{"date":"May 5, 2021"},"endDate":{"date":"May 5, 2021"},"goalValue":"1576.0","updateDate":{"date":"May 5, 2021"},"createDate":{"date":"May 5, 2021"}},{"userProfilePk":95173854,"userGoalCategory":"MYFITNESSPAL","userGoalType":"NET_CALORIES","startDate":{"date":"May 5, 2021"},"endDate":{"date":"May 5, 2021"},"goalValue":"1576.0","updateDate":{"date":"May 5, 2021"},"createDate":{"date":"May 5, 2021"}},{"userProfilePk":95173854,"userGoalCategory":"MYFITNESSPAL","userGoalType":"NET_CALORIES","startDate":{"date":"May 5, 2021"},"endDate":{"date":"May 5, 2021"},"goalValue":"1576.0","updateDate":{"date":"May 5, 2021"},"createDate":{"date":"May 5, 2021"}},{"userProfilePk":95173854,"userGoalCategory":"MYFITNESSPAL","userGoalType":"NET_CALORIES","startDate":{"date":"May 5, 2021"},"endDate":{"date":"May 5, 2021"},"goalValue":"1576.0","updateDate":{"date":"May 5, 2021"},"createDate":{"date":"May 5, 2021"}},{"userProfilePk":95173854,"userGoalCategory":"MYFITNESSPAL","userGoalType":"NET_CALORIES","startDate":{"date":"May 5, 2021"},"endDate":{"date":"May 5, 2021"},"goalValue":"1576.0","updateDate":{"date":"May 5, 2021"},"createDate":{"date":"May 5, 2021"}},{"userProfilePk":95173854,"userGoalCategory":"MYFITNESSPAL","userGoalType":"NET_CALORIES","startDate":{"date":"May 5, 2021"},"endDate":{"date":"May 5, 2021"},"goalValue":"1576.0","updateDate":{"date":"May 5, 2021"},"createDate":{"date":"May 5, 2021"}},{"userProfilePk":95173854,"userGoalCategory":"MYFITNESSPAL","userGoalType":"NET_CALORIES","startDate":{"date":"May 5, 2021"},"endDate":{"date":"May 5, 2021"},"goalValue":"1576.0","updateDate":{"date":"May 5, 2021"},"createDate":{"date":"May 5, 2021"}},{"userProfilePk":95173854,"userGoalCategory":"MYFITNESSPAL","userGoalType":"NET_CALORIES","startDate":{"date":"May 5, 2021"},"endDate":{"date":"May 5, 2021"},"goalValue":"1576.0","updateDate":{"date":"May 5, 2021"},"createDate":{"date":"May 5, 2021"}},{"userProfilePk":95173854,"userGoalCategory":"MYFITNESSPAL","userGoalType":"NET_CALORIES","startDate":{"date":"May 5, 2021"},"endDate":{"date":"May 5, 2021"},"goalValue":"1576.0","updateDate":{"date":"May 5, 2021"},"createDate":{"date":"May 5, 2021"}},{"userProfilePk":95173854,"userGoalCategory":"MYFITNESSPAL","userGoalType":"NET_CALORIES","startDate":{"date":"May 5, 2021"},"endDate":{"date":"May 5, 2021"},"goalValue":"1576.0","updateDate":{"date":"May 5, 2021"},"createDate":{"date":"May 5, 2021"}},{"userProfilePk":95173854,"userGoalCategory":"MYFITNESSPAL","userGoalType":"NET_CALORIES","startDate":{"date":"May 5, 2021"},"endDate":{"date":"May 5, 2021"},"goalValue":"1576.0","updateDate":{"date":"May 5, 2021"},"createDate":{"date":"May 5, 2021"}},{"userProfilePk":95173854,"userGoalCategory":"MYFITNESSPAL","userGoalType":"NET_CALORIES","startDate":{"date":"May 5, 2021"},"endDate":{"date":"May 5, 2021"},"goalValue":"1576.0","updateDate":{"date":"May 5, 2021"},"createDate":{"date":"May 5, 2021"}},{"userProfilePk":95173854,"userGoalCategory":"MYFITNESSPAL","userGoalType":"NET_CALORIES","startDate":{"date":"May 5, 2021"},"endDate":{"date":"May 5, 2021"},"goalValue":"1576.0","updateDate":{"date":"May 5, 2021"},"createDate":{"date":"May 5, 2021"}},{"userProfilePk":95173854,"userGoalCategory":"MYFITNESSPAL","userGoalType":"NET_CALORIES","startDate":{"date":"May 5, 2021"},"endDate":{"date":"May 5, 2021"},"goalValue":"1576.0","updateDate":{"date":"May 5, 2021"},"createDate":{"date":"May 5, 2021"}},{"userProfilePk":95173854,"userGoalCategory":"MYFITNESSPAL","userGoalType":"NET_CALORIES","startDate":{"date":"May 5, 2021"},"endDate":{"date":"May 5, 2021"},"goalValue":"1576.0","updateDate":{"date":"May 5, 2021"},"createDate":{"date":"May 5, 2021"}},{"userProfilePk":95173854,"userGoalCategory":"MYFITNESSPAL","userGoalType":"NET_CALORIES","startDate":{"date":"May 5, 2021"},"endDate":{"date":"May 5, 2021"},"goalValue":"1576.0","updateDate":{"date":"May 5, 2021"},"createDate":{"date":"May 5, 2021"}},{"userProfilePk":95173854,"userGoalCategory":"MYFITNESSPAL","userGoalType":"NET_CALORIES","startDate":{"date":"May 5, 2021"},"endDate":{"date":"May 5, 2021"},"goalValue":"1576.0","updateDate":{"date":"May 5, 2021"},"createDate":{"date":"May 5, 2021"}},{"userProfilePk":95173854,"userGoalCategory":"MANUAL","userGoalType":"INTENSITY_MINUTES","startDate":{"date":"May 3, 2021"},"goalValue":"500.0","updateDate":{"date":"May 5, 2021"},"createDate":{"date":"May 5, 2021"},"activityTypePk":"9"}]