{
  "id" : null,
  "firstName" : "Alex",
  "middleName" : null,
  "lastName" : "Bihshtein",
  "fullName" : "Alex Bihshtein",
  "namePrefix" : null,
  "nameSuffix" : null,
  "gender" : null,
  "displayName" : null,
  "username" : "ALEXBIHSH@GMAIL.COM",
  "primaryAddress" : null,
  "primaryEmailAddress" : {
    "emailAddress" : "alexbihsh@gmail.com",
    "type" : null,
    "primary" : true,
    "emailVerified" : true,
    "emailVerificationTimestamp" : "2022-06-12T07:51:41Z",
    "emailAddressId" : null
  },
  "primaryPhoneNumber" : null,
  "locale" : "en_IL",
  "type" : null,
  "active" : true,
  "version" : 27,
  "lastUpdateDateTime" : "2022-06-12T07:51:41Z",
  "createdDate" : "2018-05-30T04:07:46Z",
  "customerLocation" : {
    "countryCode" : "il",
    "verified" : true,
    "verifiedTimestamp" : "2018-05-30T09:10:12Z"
  },
  "addresses" : [ ],
  "emailAddresses" : [ ],
  "phoneNumbers" : [ ],
  "foreignIdentifiers" : [ ],
  "loginInfo" : null
}
