[{"key":"34465a9a-a02d-4a8d-8e60-b960321a8524","referenceId":"be8e984f-6b67-4804-8341-951418cd2436","referenceType":"CUSTOMER","correlationId":null,"consentTypeId":"DI_CONNECT_MYFITNESSPAL","state":"GRANTED","locale":"en-US","source":"web-modern-185","version":"47","createdDate":"2021-04-20T18:08:57.128Z","consentCreatedDate":"2021-04-20T18:08:57.128Z","actorId":null,"metadata":null},{"key":"49d66e95-1520-4ac6-a9b3-c4f2e385bff9","referenceId":"be8e984f-6b67-4804-8341-951418cd2436","referenceType":"CUSTOMER","correlationId":null,"consentTypeId":"DI_CONNECT_PRODUCT_IMPROVEMENT_DATA_USAGE","state":"REVOKED","locale":"en-US","source":"GCM-Android-4.41.1","version":"4","createdDate":"2021-04-27T18:24:53.183Z","consentCreatedDate":"2021-04-27T18:24:53.183Z","actorId":null,"metadata":null},{"key":"7d6a66e3-98f7-427d-b85c-72027588921c","referenceId":"be8e984f-6b67-4804-8341-951418cd2436","referenceType":"CUSTOMER","correlationId":null,"consentTypeId":"ITW_DS_EM_GLOBAL","state":"GRANTED","locale":"en-US","source":"GarminConnectMobileAndroid","version":"21","createdDate":"2021-04-20T18:01:26.143Z","consentCreatedDate":"2021-04-20T18:01:26.143Z","actorId":"sso","metadata":null}]