{
  "id" : null,
  "firstName" : "Keren",
  "middleName" : null,
  "lastName" : "Boguslavsky",
  "fullName" : "Keren Boguslavsky",
  "namePrefix" : null,
  "nameSuffix" : null,
  "gender" : null,
  "displayName" : null,
  "username" : "KERENBOGUSLAVSKY@GMAIL.COM",
  "primaryAddress" : null,
  "primaryEmailAddress" : {
    "emailAddress" : "kerenboguslavsky@gmail.com",
    "type" : null,
    "primary" : true,
    "emailVerified" : true,
    "emailVerificationTimestamp" : "2022-06-24T04:05:57Z",
    "emailAddressId" : null
  },
  "primaryPhoneNumber" : null,
  "locale" : "en_US",
  "type" : null,
  "active" : true,
  "version" : 12,
  "lastUpdateDateTime" : "2022-06-24T04:05:58Z",
  "createdDate" : "2021-04-20T18:01:25Z",
  "customerLocation" : {
    "countryCode" : "IL",
    "verified" : true,
    "verifiedTimestamp" : "2021-04-20T18:01:26Z"
  },
  "addresses" : [ ],
  "emailAddresses" : [ ],
  "phoneNumbers" : [ ],
  "foreignIdentifiers" : [ ],
  "loginInfo" : null
}
