{"id":394099748,"profileId":99730076,"displayName":"3e1c2cb6-b85e-4e31-8b94-d39da6720d97","fullName":"Alex Bihshtein","userName":"bihshtein@gmail.com","profileImageUrlLarge":"https://s3.amazonaws.com/garmin-connect-prod/profile_images/8c449af3-71db-4d1a-b10d-d3eeeb4ab101-99730076.png","profileImageUrlMedium":"https://s3.amazonaws.com/garmin-connect-prod/profile_images/836c2142-4a2d-4637-a9c9-aac016141999-99730076.png","profileImageUrlSmall":"https://s3.amazonaws.com/garmin-connect-prod/profile_images/09d68046-4a85-4e38-a263-723f0d103ccd-99730076.png","favoriteActivityTypes":["running","hiking","weight_training"],"runningTrainingSpeed":0.0,"cyclingTrainingSpeed":0.0,"cyclingMaxAvgPower":0.0,"swimmingTrainingSpeed":0.0,"profileVisibility":"groups","activityStartVisibility":"public","activityMapVisibility":"public","courseVisibility":"public","activityHeartRateVisibility":"public","activityPowerVisibility":"public","badgeVisibility":"groups","showAge":true,"showWeight":true,"showHeight":true,"showWeightClass":false,"showAgeRange":false,"showGender":true,"showActivityClass":false,"showVO2Max":true,"showPersonalRecords":true,"showLast12Months":true,"showLifetimeTotals":true,"showUpcomingEvents":true,"showRecentFavorites":true,"showRecentDevice":true,"showRecentGear":false,"showBadges":true,"nameApproved":true,"makeGolfScorecardsPrivate":true,"allowGolfLiveScoring":false,"allowGolfScoringByConnections":true,"userLevel":2,"userPoint":59,"levelUpdateDate":"2021-11-06T17:48:17.0","levelIsViewed":false,"levelUpdateDateGMT":"2021-11-06T17:48:17.0","userPro":false}