[{"createTimestamp":{"date":"Oct 31, 2021 7:23:26 PM"},"asOfDateGmt":{"date":"Oct 31, 2021 7:23:00 PM"},"chronologicalAge":33,"bmi":23.023247446264985,"rhr":60,"totalVigorousDays":1,"totalVigorousIMs":47,"numOfWeeksForIM":4,"healthyBmi":21.455035971223023,"healthyFat":15.7625,"vo2MaxForHealthyBmiFat":48.39079227499448,"vo2MaxForHealthyActive":50.650469303871965,"biometricVo2Max":47.00850877796197,"currentBioAge":30.324961221001345,"healthyAllBioAge":27.325122514831822,"healthyBmiFatBioAge":29.439394558209283,"healthyActiveBioAge":27.808308083216943,"weightDataLastEntryDate":{"date":"Oct 31, 2021 12:00:00 AM"},"rhrLastEntryDate":{"date":"Oct 31, 2021 12:00:00 AM"}},{"createTimestamp":{"date":"Nov 1, 2021 11:26:41 AM"},"asOfDateGmt":{"date":"Nov 1, 2021 11:26:00 AM"},"chronologicalAge":33,"bmi":23.023247446264985,"rhr":58,"totalVigorousDays":1,"totalVigorousIMs":67,"numOfWeeksForIM":4,"healthyBmi":21.455035971223023,"healthyFat":15.7625,"vo2MaxForHealthyBmiFat":48.70633438022248,"vo2MaxForHealthyActive":50.96601140909997,"biometricVo2Max":47.324050883189976,"currentBioAge":30.134564182098895,"healthyAllBioAge":27.325122514831822,"healthyBmiFatBioAge":29.22973676058688,"healthyActiveBioAge":27.55138503382651,"weightDataLastEntryDate":{"date":"Oct 31, 2021 12:00:00 AM"},"rhrLastEntryDate":{"date":"Nov 1, 2021 12:00:00 AM"}},{"createTimestamp":{"date":"Nov 2, 2021 3:18:50 PM"},"asOfDateGmt":{"date":"Nov 2, 2021 3:18:00 PM"},"chronologicalAge":33,"bmi":23.023247446264985,"rhr":57,"totalVigorousDays":2,"totalVigorousIMs":109,"numOfWeeksForIM":4,"healthyBmi":21.455035971223023,"healthyFat":15.7625,"vo2MaxForHealthyBmiFat":48.86410543283648,"vo2MaxForHealthyActive":51.12378246171397,"biometricVo2Max":47.48182193580398,"currentBioAge":30.03936566264767,"healthyAllBioAge":27.325122514831822,"healthyBmiFatBioAge":29.12490786177568,"healthyActiveBioAge":27.42292350913129,"weightDataLastEntryDate":{"date":"Oct 31, 2021 12:00:00 AM"},"rhrLastEntryDate":{"date":"Nov 2, 2021 12:00:00 AM"}},{"createTimestamp":{"date":"Nov 3, 2021 3:00:00 PM"},"asOfDateGmt":{"date":"Nov 3, 2021 2:59:00 PM"},"chronologicalAge":33,"bmi":23.023247446264985,"rhr":56,"totalVigorousDays":3,"totalVigorousIMs":148,"numOfWeeksForIM":4,"healthyBmi":21.455035971223023,"healthyFat":15.7625,"vo2MaxForHealthyBmiFat":49.021876485450484,"vo2MaxForHealthyActive":51.28155351432797,"biometricVo2Max":47.639592988417974,"currentBioAge":29.93851903443521,"healthyAllBioAge":27.325122514831822,"healthyBmiFatBioAge":29.020078962964476,"healthyActiveBioAge":27.29446198443608,"weightDataLastEntryDate":{"date":"Oct 31, 2021 12:00:00 AM"},"rhrLastEntryDate":{"date":"Nov 3, 2021 12:00:00 AM"}},{"createTimestamp":{"date":"Nov 4, 2021 4:56:37 PM"},"asOfDateGmt":{"date":"Nov 4, 2021 4:56:00 PM"},"chronologicalAge":33,"bmi":23.023247446264985,"rhr":56,"totalVigorousDays":3,"totalVigorousIMs":152,"numOfWeeksForIM":4,"healthyBmi":21.455035971223023,"healthyFat":15.7625,"vo2MaxForHealthyBmiFat":49.021876485450484,"vo2MaxForHealthyActive":51.28155351432797,"biometricVo2Max":47.639592988417974,"currentBioAge":29.93851903443521,"healthyAllBioAge":27.325122514831822,"healthyBmiFatBioAge":29.020078962964476,"healthyActiveBioAge":27.29446198443608,"weightDataLastEntryDate":{"date":"Oct 31, 2021 12:00:00 AM"},"rhrLastEntryDate":{"date":"Nov 4, 2021 12:00:00 AM"}},{"createTimestamp":{"date":"Nov 7, 2021 12:01:52 AM"},"asOfDateGmt":{"date":"Nov 6, 2021 10:00:00 PM"},"chronologicalAge":33,"bmi":23.023247446264985,"rhr":55,"totalVigorousDays":4,"totalVigorousIMs":213,"numOfWeeksForIM":4,"healthyBmi":21.455035971223023,"healthyFat":15.7625,"vo2MaxForHealthyBmiFat":51.00062780101948,"vo2MaxForHealthyActive":51.43932456694197,"biometricVo2Max":49.61834430398697,"currentBioAge":28.584540711594595,"healthyAllBioAge":27.325122514831822,"healthyBmiFatBioAge":27.523199416682232,"healthyActiveBioAge":27.16600045974086,"weightDataLastEntryDate":{"date":"Oct 31, 2021 12:00:00 AM"},"rhrLastEntryDate":{"date":"Nov 6, 2021 12:00:00 AM"}},{"createTimestamp":{"date":"Nov 8, 2021 8:02:55 PM"},"asOfDateGmt":{"date":"Nov 8, 2021 8:02:44 PM"},"chronologicalAge":33,"bmi":23.023247446264985,"rhr":55,"totalVigorousDays":5,"totalVigorousIMs":272,"numOfWeeksForIM":4,"healthyBmi":21.455035971223023,"healthyFat":15.7625,"vo2MaxForHealthyBmiFat":51.00062780101948,"vo2MaxForHealthyActive":51.43932456694197,"biometricVo2Max":49.61834430398697,"currentBioAge":28.584540711594595,"healthyAllBioAge":27.325122514831822,"healthyBmiFatBioAge":27.523199416682232,"healthyActiveBioAge":27.16600045974086,"weightDataLastEntryDate":{"date":"Nov 8, 2021 12:00:00 AM"},"rhrLastEntryDate":{"date":"Nov 8, 2021 12:00:00 AM"}},{"createTimestamp":{"date":"Nov 9, 2021 3:39:33 PM"},"asOfDateGmt":{"date":"Nov 9, 2021 3:39:00 PM"},"chronologicalAge":33,"bmi":23.023247446264985,"rhr":55,"totalVigorousDays":5,"totalVigorousIMs":300,"numOfWeeksForIM":4,"healthyBmi":21.455035971223023,"healthyFat":15.7625,"vo2MaxForHealthyBmiFat":51.00062780101948,"vo2MaxForHealthyActive":51.43932456694197,"biometricVo2Max":49.61834430398697,"currentBioAge":28.584540711594595,"healthyAllBioAge":27.325122514831822,"healthyBmiFatBioAge":27.523199416682232,"healthyActiveBioAge":27.16600045974086,"weightDataLastEntryDate":{"date":"Nov 8, 2021 12:00:00 AM"},"rhrLastEntryDate":{"date":"Nov 9, 2021 12:00:00 AM"}},{"createTimestamp":{"date":"Nov 10, 2021 4:41:59 PM"},"asOfDateGmt":{"date":"Nov 10, 2021 4:41:00 PM"},"chronologicalAge":33,"bmi":23.023247446264985,"rhr":54,"totalVigorousDays":6,"totalVigorousIMs":339,"numOfWeeksForIM":4,"healthyBmi":21.455035971223023,"healthyFat":15.7625,"vo2MaxForHealthyBmiFat":51.158398853633486,"vo2MaxForHealthyActive":51.59709561955597,"biometricVo2Max":49.776115356600975,"currentBioAge":28.468783278769088,"healthyAllBioAge":27.325122514831822,"healthyBmiFatBioAge":27.394737891987013,"healthyActiveBioAge":27.037538935045642,"weightDataLastEntryDate":{"date":"Nov 8, 2021 12:00:00 AM"},"rhrLastEntryDate":{"date":"Nov 10, 2021 12:00:00 AM"}},{"createTimestamp":{"date":"Nov 11, 2021 4:04:20 PM"},"asOfDateGmt":{"date":"Nov 11, 2021 4:03:00 PM"},"chronologicalAge":33,"bmi":23.023247446264985,"rhr":54,"totalVigorousDays":6,"totalVigorousIMs":360,"numOfWeeksForIM":4,"healthyBmi":21.455035971223023,"healthyFat":15.7625,"vo2MaxForHealthyBmiFat":51.158398853633486,"vo2MaxForHealthyActive":51.59709561955597,"biometricVo2Max":49.776115356600975,"currentBioAge":28.468783278769088,"healthyAllBioAge":27.325122514831822,"healthyBmiFatBioAge":27.394737891987013,"healthyActiveBioAge":27.037538935045642,"weightDataLastEntryDate":{"date":"Nov 8, 2021 12:00:00 AM"},"rhrLastEntryDate":{"date":"Nov 11, 2021 12:00:00 AM"}},{"createTimestamp":{"date":"Nov 12, 2021 10:20:17 PM"},"asOfDateGmt":{"date":"Nov 12, 2021 10:00:00 PM"},"chronologicalAge":33,"bmi":23.023247446264985,"rhr":54,"totalVigorousDays":6,"totalVigorousIMs":362,"numOfWeeksForIM":4,"healthyBmi":21.455035971223023,"healthyFat":15.7625,"vo2MaxForHealthyBmiFat":51.158398853633486,"vo2MaxForHealthyActive":51.59709561955597,"biometricVo2Max":49.776115356600975,"currentBioAge":28.468783278769088,"healthyAllBioAge":27.325122514831822,"healthyBmiFatBioAge":27.394737891987013,"healthyActiveBioAge":27.037538935045642,"weightDataLastEntryDate":{"date":"Nov 8, 2021 12:00:00 AM"},"rhrLastEntryDate":{"date":"Nov 12, 2021 12:00:00 AM"}},{"createTimestamp":{"date":"Nov 13, 2021 5:58:15 PM"},"asOfDateGmt":{"date":"Nov 13, 2021 5:57:00 PM"},"chronologicalAge":33,"bmi":23.023247446264985,"rhr":54,"totalVigorousDays":6,"totalVigorousIMs":367,"numOfWeeksForIM":4,"healthyBmi":21.455035971223023,"healthyFat":15.7625,"vo2MaxForHealthyBmiFat":51.158398853633486,"vo2MaxForHealthyActive":51.59709561955597,"biometricVo2Max":49.776115356600975,"currentBioAge":28.468783278769088,"healthyAllBioAge":27.325122514831822,"healthyBmiFatBioAge":27.394737891987013,"healthyActiveBioAge":27.037538935045642,"weightDataLastEntryDate":{"date":"Nov 8, 2021 12:00:00 AM"},"rhrLastEntryDate":{"date":"Nov 13, 2021 12:00:00 AM"}},{"createTimestamp":{"date":"Nov 14, 2021 11:17:27 PM"},"asOfDateGmt":{"date":"Nov 14, 2021 11:17:00 PM"},"chronologicalAge":33,"bmi":23.023247446264985,"rhr":54,"totalVigorousDays":7,"totalVigorousIMs":411,"numOfWeeksForIM":4,"healthyBmi":21.455035971223023,"healthyFat":15.7625,"vo2MaxForHealthyBmiFat":51.158398853633486,"vo2MaxForHealthyActive":51.59709561955597,"biometricVo2Max":49.776115356600975,"currentBioAge":28.468783278769088,"healthyAllBioAge":27.325122514831822,"healthyBmiFatBioAge":27.394737891987013,"healthyActiveBioAge":27.037538935045642,"weightDataLastEntryDate":{"date":"Nov 8, 2021 12:00:00 AM"},"rhrLastEntryDate":{"date":"Nov 14, 2021 12:00:00 AM"}},{"createTimestamp":{"date":"Dec 5, 2021 1:05:18 PM"},"asOfDateGmt":{"date":"Dec 5, 2021 1:05:13 PM"},"chronologicalAge":33,"bmi":23.023247446264985,"rhr":53,"totalVigorousDays":15,"totalVigorousIMs":849,"numOfWeeksForIM":4,"healthyBmi":21.455035971223023,"healthyFat":15.7625,"vo2MaxForHealthyBmiFat":53.13715016920248,"biometricVo2Max":51.754866672169975,"currentBioAge":26.89766417434016,"healthyAllBioAge":27.325122514831822,"healthyBmiFatBioAge":25.58233143130184,"weightDataLastEntryDate":{"date":"Dec 5, 2021 12:00:00 AM"},"rhrLastEntryDate":{"date":"Dec 5, 2021 12:00:00 AM"}},{"createTimestamp":{"date":"Dec 6, 2021 7:45:34 PM"},"asOfDateGmt":{"date":"Dec 6, 2021 7:45:00 PM"},"chronologicalAge":33,"bmi":23.023247446264985,"rhr":53,"totalVigorousDays":14,"totalVigorousIMs":816,"numOfWeeksForIM":4,"healthyBmi":21.455035971223023,"healthyFat":15.7625,"vo2MaxForHealthyBmiFat":53.13715016920248,"biometricVo2Max":51.754866672169975,"currentBioAge":26.89766417434016,"healthyAllBioAge":27.325122514831822,"healthyBmiFatBioAge":25.58233143130184,"weightDataLastEntryDate":{"date":"Dec 5, 2021 12:00:00 AM"},"rhrLastEntryDate":{"date":"Dec 6, 2021 12:00:00 AM"}},{"createTimestamp":{"date":"Dec 7, 2021 2:58:00 PM"},"asOfDateGmt":{"date":"Dec 7, 2021 2:57:00 PM"},"chronologicalAge":33,"bmi":23.023247446264985,"rhr":52,"totalVigorousDays":15,"totalVigorousIMs":826,"numOfWeeksForIM":4,"healthyBmi":21.455035971223023,"healthyFat":15.7625,"vo2MaxForHealthyBmiFat":53.29492122181647,"biometricVo2Max":51.91263772478397,"currentBioAge":26.753077265345674,"healthyAllBioAge":27.325122514831822,"healthyBmiFatBioAge":25.41872272026484,"weightDataLastEntryDate":{"date":"Dec 5, 2021 12:00:00 AM"},"rhrLastEntryDate":{"date":"Dec 7, 2021 12:00:00 AM"}},{"createTimestamp":{"date":"Dec 8, 2021 11:18:03 PM"},"asOfDateGmt":{"date":"Dec 8, 2021 11:17:00 PM"},"chronologicalAge":33,"bmi":23.023247446264985,"rhr":52,"totalVigorousDays":14,"totalVigorousIMs":788,"numOfWeeksForIM":4,"healthyBmi":21.455035971223023,"healthyFat":15.7625,"vo2MaxForHealthyBmiFat":53.29492122181647,"biometricVo2Max":51.91263772478397,"currentBioAge":26.753077265345674,"healthyAllBioAge":27.325122514831822,"healthyBmiFatBioAge":25.41872272026484,"weightDataLastEntryDate":{"date":"Dec 5, 2021 12:00:00 AM"},"rhrLastEntryDate":{"date":"Dec 8, 2021 12:00:00 AM"}},{"createTimestamp":{"date":"Dec 9, 2021 7:10:22 PM"},"asOfDateGmt":{"date":"Dec 9, 2021 7:10:00 PM"},"chronologicalAge":33,"bmi":23.023247446264985,"rhr":52,"totalVigorousDays":15,"totalVigorousIMs":832,"numOfWeeksForIM":4,"healthyBmi":21.455035971223023,"healthyFat":15.7625,"vo2MaxForHealthyBmiFat":53.29492122181647,"biometricVo2Max":51.91263772478397,"currentBioAge":26.753077265345674,"healthyAllBioAge":27.325122514831822,"healthyBmiFatBioAge":25.41872272026484,"weightDataLastEntryDate":{"date":"Dec 5, 2021 12:00:00 AM"},"rhrLastEntryDate":{"date":"Dec 9, 2021 12:00:00 AM"}},{"createTimestamp":{"date":"Dec 10, 2021 11:19:32 PM"},"asOfDateGmt":{"date":"Dec 10, 2021 11:19:00 PM"},"chronologicalAge":33,"bmi":23.023247446264985,"rhr":52,"totalVigorousDays":15,"totalVigorousIMs":831,"numOfWeeksForIM":4,"healthyBmi":21.455035971223023,"healthyFat":15.7625,"vo2MaxForHealthyBmiFat":53.29492122181647,"biometricVo2Max":51.91263772478397,"currentBioAge":26.753077265345674,"healthyAllBioAge":27.325122514831822,"healthyBmiFatBioAge":25.41872272026484,"weightDataLastEntryDate":{"date":"Dec 5, 2021 12:00:00 AM"},"rhrLastEntryDate":{"date":"Dec 10, 2021 12:00:00 AM"}},{"createTimestamp":{"date":"Dec 11, 2021 11:13:44 PM"},"asOfDateGmt":{"date":"Dec 11, 2021 11:13:00 PM"},"chronologicalAge":33,"bmi":23.023247446264985,"rhr":52,"totalVigorousDays":15,"totalVigorousIMs":826,"numOfWeeksForIM":4,"healthyBmi":21.455035971223023,"healthyFat":15.7625,"vo2MaxForHealthyBmiFat":53.29492122181647,"biometricVo2Max":51.91263772478397,"currentBioAge":26.753077265345674,"healthyAllBioAge":27.325122514831822,"healthyBmiFatBioAge":25.41872272026484,"weightDataLastEntryDate":{"date":"Dec 5, 2021 12:00:00 AM"},"rhrLastEntryDate":{"date":"Dec 11, 2021 12:00:00 AM"}},{"createTimestamp":{"date":"Mar 12, 2022 4:15:15 PM"},"asOfDateGmt":{"date":"Mar 12, 2022 12:00:00 AM"},"chronologicalAge":33,"bmi":23.617781502836998,"rhr":54,"totalVigorousDays":12,"totalVigorousIMs":622,"numOfWeeksForIM":4,"healthyBmi":21.455035971223023,"healthyFat":15.7625,"vo2MaxForHealthyBmiFat":52.979379116588476,"biometricVo2Max":51.07304983370218,"currentBioAge":27.46423140838284,"healthyAllBioAge":27.325122514831822,"healthyBmiFatBioAge":25.74594014233885,"weightDataLastEntryDate":{"date":"Mar 12, 2022 12:00:00 AM"},"rhrLastEntryDate":{"date":"Mar 12, 2022 12:00:00 AM"}},{"createTimestamp":{"date":"Mar 13, 2022 7:46:50 PM"},"asOfDateGmt":{"date":"Mar 13, 2022 12:00:00 AM"},"chronologicalAge":33,"bmi":23.617781502836998,"rhr":54,"totalVigorousDays":11,"totalVigorousIMs":566,"numOfWeeksForIM":4,"healthyBmi":21.455035971223023,"healthyFat":15.7625,"vo2MaxForHealthyBmiFat":52.06888898511098,"vo2MaxForHealthyActive":51.07304983370218,"biometricVo2Max":50.162559702224684,"currentBioAge":28.185247074641843,"healthyAllBioAge":27.325122514831822,"healthyBmiFatBioAge":26.609883147141694,"healthyActiveBioAge":27.46423140838284,"weightDataLastEntryDate":{"date":"Mar 12, 2022 12:00:00 AM"},"rhrLastEntryDate":{"date":"Mar 13, 2022 12:00:00 AM"}},{"createTimestamp":{"date":"Mar 14, 2022 5:38:51 PM"},"asOfDateGmt":{"date":"Mar 14, 2022 12:00:00 AM"},"chronologicalAge":33,"bmi":23.617781502836998,"rhr":54,"totalVigorousDays":11,"totalVigorousIMs":562,"numOfWeeksForIM":4,"healthyBmi":21.455035971223023,"healthyFat":15.7625,"vo2MaxForHealthyBmiFat":52.06888898511098,"vo2MaxForHealthyActive":51.07304983370218,"biometricVo2Max":50.162559702224684,"currentBioAge":28.185247074641843,"healthyAllBioAge":27.325122514831822,"healthyBmiFatBioAge":26.609883147141694,"healthyActiveBioAge":27.46423140838284,"weightDataLastEntryDate":{"date":"Mar 12, 2022 12:00:00 AM"},"rhrLastEntryDate":{"date":"Mar 14, 2022 12:00:00 AM"}},{"createTimestamp":{"date":"Mar 15, 2022 8:14:17 PM"},"asOfDateGmt":{"date":"Mar 15, 2022 12:00:00 AM"},"chronologicalAge":33,"bmi":23.617781502836998,"rhr":54,"totalVigorousDays":12,"totalVigorousIMs":609,"numOfWeeksForIM":4,"healthyBmi":21.455035971223023,"healthyFat":15.7625,"vo2MaxForHealthyBmiFat":52.979379116588476,"biometricVo2Max":51.07304983370218,"currentBioAge":27.46423140838284,"healthyAllBioAge":27.325122514831822,"healthyBmiFatBioAge":25.74594014233885,"weightDataLastEntryDate":{"date":"Mar 12, 2022 12:00:00 AM"},"rhrLastEntryDate":{"date":"Mar 15, 2022 12:00:00 AM"}},{"createTimestamp":{"date":"Mar 16, 2022 6:53:46 PM"},"asOfDateGmt":{"date":"Mar 16, 2022 12:00:00 AM"},"chronologicalAge":33,"bmi":23.617781502836998,"rhr":54,"totalVigorousDays":11,"totalVigorousIMs":545,"numOfWeeksForIM":4,"healthyBmi":21.455035971223023,"healthyFat":15.7625,"vo2MaxForHealthyBmiFat":52.06888898511098,"vo2MaxForHealthyActive":51.07304983370218,"biometricVo2Max":50.162559702224684,"currentBioAge":28.185247074641843,"healthyAllBioAge":27.325122514831822,"healthyBmiFatBioAge":26.609883147141694,"healthyActiveBioAge":27.46423140838284,"weightDataLastEntryDate":{"date":"Mar 12, 2022 12:00:00 AM"},"rhrLastEntryDate":{"date":"Mar 16, 2022 12:00:00 AM"}},{"createTimestamp":{"date":"Jun 11, 2022 9:12:38 AM"},"asOfDateGmt":{"date":"Mar 18, 2022 12:00:00 AM"},"chronologicalAge":33,"bmi":23.617781502836998,"rhr":54,"totalVigorousDays":11,"totalVigorousIMs":601,"numOfWeeksForIM":4,"healthyBmi":21.455035971223023,"healthyFat":15.7625,"vo2MaxForHealthyBmiFat":52.06888898511098,"vo2MaxForHealthyActive":51.07304983370218,"biometricVo2Max":50.162559702224684,"currentBioAge":28.185247074641843,"healthyAllBioAge":27.325122514831822,"healthyBmiFatBioAge":26.609883147141694,"healthyActiveBioAge":27.46423140838284,"weightDataLastEntryDate":{"date":"Mar 12, 2022 12:00:00 AM"},"rhrLastEntryDate":{"date":"Jun 11, 2022 12:00:00 AM"}},{"createTimestamp":{"date":"Jun 11, 2022 8:33:53 PM"},"asOfDateGmt":{"date":"Jun 11, 2022 12:00:00 AM"},"chronologicalAge":34,"bmi":24.170244228049558,"rhr":52,"totalVigorousDays":14,"totalVigorousIMs":659,"numOfWeeksForIM":4,"healthyBmi":21.492805755395683,"healthyFat":15.975,"vo2MaxForHealthyBmiFat":53.18870137170472,"biometricVo2Max":50.81818330893554,"currentBioAge":28.64344705446966,"healthyAllBioAge":28.397514017063138,"healthyBmiFatBioAge":26.582923456443005,"weightDataLastEntryDate":{"date":"Jun 11, 2022 12:00:00 AM"},"rhrLastEntryDate":{"date":"Jun 11, 2022 12:00:00 AM"}}]