[{"userProfilePK":99730076,"calendarDate":{"date":"Mar 4, 2022 12:00:00 AM"},"persistedTimestampGMT":{"date":"Mar 4, 2022 11:38:43 AM"},"timestampLocal":{"date":"Mar 4, 2022 12:05:31 PM"},"hydrationSource":"GARMIN_ACTIVITY","valueInML":0.0,"activityId":8396392880,"capped":false,"estimatedSweatLossInML":299.0,"duration":2992.60595703125},{"userProfilePK":99730076,"calendarDate":{"date":"Mar 7, 2022 12:00:00 AM"},"persistedTimestampGMT":{"date":"Mar 7, 2022 6:22:35 PM"},"timestampLocal":{"date":"Mar 7, 2022 7:27:43 PM"},"hydrationSource":"GARMIN_ACTIVITY","valueInML":0.0,"activityId":8416290510,"capped":false,"estimatedSweatLossInML":175.0,"duration":1759.123046875},{"userProfilePK":99730076,"calendarDate":{"date":"Mar 9, 2022 12:00:00 AM"},"persistedTimestampGMT":{"date":"Mar 9, 2022 4:39:23 PM"},"timestampLocal":{"date":"Mar 9, 2022 5:30:01 PM"},"hydrationSource":"GARMIN_ACTIVITY","valueInML":0.0,"activityId":8427474364,"capped":false,"estimatedSweatLossInML":263.0,"duration":2630.8720703125},{"userProfilePK":99730076,"calendarDate":{"date":"Mar 12, 2022 12:00:00 AM"},"persistedTimestampGMT":{"date":"Mar 12, 2022 4:15:07 PM"},"timestampLocal":{"date":"Mar 12, 2022 5:25:29 PM"},"hydrationSource":"GARMIN_ACTIVITY","valueInML":0.0,"activityId":8444864122,"capped":false,"estimatedSweatLossInML":279.0,"duration":2793.56689453125},{"userProfilePK":99730076,"calendarDate":{"date":"Mar 15, 2022 12:00:00 AM"},"persistedTimestampGMT":{"date":"Mar 15, 2022 4:43:40 PM"},"timestampLocal":{"date":"Mar 15, 2022 5:53:29 PM"},"hydrationSource":"GARMIN_ACTIVITY","valueInML":0.0,"activityId":8462767641,"capped":false,"estimatedSweatLossInML":277.0,"duration":2773.095947265625},{"userProfilePK":99730076,"calendarDate":{"date":"Mar 18, 2022 12:00:00 AM"},"persistedTimestampGMT":{"date":"Mar 18, 2022 3:59:24 PM"},"timestampLocal":{"date":"Mar 18, 2022 4:08:30 PM"},"hydrationSource":"GARMIN_ACTIVITY","valueInML":0.0,"activityId":8480030807,"capped":false,"estimatedSweatLossInML":639.0,"duration":6399.451171875},{"userProfilePK":99730076,"calendarDate":{"date":"Mar 21, 2022 12:00:00 AM"},"persistedTimestampGMT":{"date":"Mar 21, 2022 5:06:23 AM"},"timestampLocal":{"date":"Mar 21, 2022 6:32:20 AM"},"hydrationSource":"GARMIN_ACTIVITY","valueInML":0.0,"activityId":8495448828,"capped":false,"estimatedSweatLossInML":184.0,"duration":1849.6729736328125},{"userProfilePK":99730076,"calendarDate":{"date":"Mar 25, 2022 12:00:00 AM"},"persistedTimestampGMT":{"date":"Mar 25, 2022 5:24:52 PM"},"timestampLocal":{"date":"Mar 25, 2022 5:22:50 PM"},"hydrationSource":"GARMIN_ACTIVITY","valueInML":0.0,"activityId":8522922686,"capped":false,"estimatedSweatLossInML":359.0,"duration":3598.907958984375},{"userProfilePK":99730076,"calendarDate":{"date":"Mar 25, 2022 12:00:00 AM"},"persistedTimestampGMT":{"date":"Mar 25, 2022 5:25:02 PM"},"timestampLocal":{"date":"Mar 25, 2022 6:23:50 PM"},"hydrationSource":"GARMIN_ACTIVITY","valueInML":0.0,"activityId":8522923591,"capped":false,"estimatedSweatLossInML":88.0,"duration":884.8049926757812},{"userProfilePK":99730076,"calendarDate":{"date":"Mar 27, 2022 12:00:00 AM"},"persistedTimestampGMT":{"date":"Mar 27, 2022 5:31:36 PM"},"timestampLocal":{"date":"Mar 27, 2022 7:37:32 PM"},"hydrationSource":"GARMIN_ACTIVITY","valueInML":0.0,"activityId":8536258329,"capped":false,"estimatedSweatLossInML":300.0,"duration":3002.18701171875},{"userProfilePK":99730076,"calendarDate":{"date":"Mar 31, 2022 12:00:00 AM"},"persistedTimestampGMT":{"date":"Mar 31, 2022 4:03:48 AM"},"timestampLocal":{"date":"Mar 31, 2022 6:31:59 AM"},"hydrationSource":"GARMIN_ACTIVITY","valueInML":0.0,"activityId":8555700009,"capped":false,"estimatedSweatLossInML":178.0,"duration":1786.968017578125},{"userProfilePK":99730076,"calendarDate":{"date":"Apr 1, 2022 12:00:00 AM"},"persistedTimestampGMT":{"date":"Apr 1, 2022 4:35:25 PM"},"timestampLocal":{"date":"Apr 1, 2022 6:59:17 PM"},"hydrationSource":"GARMIN_ACTIVITY","valueInML":0.0,"activityId":8563591722,"capped":false,"estimatedSweatLossInML":207.0,"duration":2080.031005859375},{"userProfilePK":99730076,"calendarDate":{"date":"Apr 3, 2022 12:00:00 AM"},"persistedTimestampGMT":{"date":"Apr 3, 2022 6:34:34 PM"},"timestampLocal":{"date":"Apr 3, 2022 7:36:30 PM"},"hydrationSource":"GARMIN_ACTIVITY","valueInML":0.0,"activityId":8576082653,"capped":false,"estimatedSweatLossInML":460.0,"duration":4605.31689453125},{"userProfilePK":99730076,"calendarDate":{"date":"Apr 5, 2022 12:00:00 AM"},"persistedTimestampGMT":{"date":"Apr 5, 2022 5:16:48 PM"},"timestampLocal":{"date":"Apr 5, 2022 6:54:36 PM"},"hydrationSource":"GARMIN_ACTIVITY","valueInML":0.0,"activityId":8586325222,"capped":false,"estimatedSweatLossInML":477.0,"duration":4776.01416015625},{"userProfilePK":99730076,"calendarDate":{"date":"Apr 8, 2022 12:00:00 AM"},"persistedTimestampGMT":{"date":"Apr 8, 2022 4:51:23 PM"},"timestampLocal":{"date":"Apr 8, 2022 6:45:26 PM"},"hydrationSource":"GARMIN_ACTIVITY","valueInML":0.0,"activityId":8602820651,"capped":false,"estimatedSweatLossInML":376.0,"duration":3764.843017578125},{"userProfilePK":99730076,"calendarDate":{"date":"Apr 10, 2022 12:00:00 AM"},"persistedTimestampGMT":{"date":"Apr 10, 2022 3:38:07 PM"},"timestampLocal":{"date":"Apr 10, 2022 5:55:59 PM"},"hydrationSource":"GARMIN_ACTIVITY","valueInML":0.0,"activityId":8614509106,"capped":false,"estimatedSweatLossInML":238.0,"duration":2386.68310546875},{"userProfilePK":99730076,"calendarDate":{"date":"Apr 13, 2022 12:00:00 AM"},"persistedTimestampGMT":{"date":"Apr 13, 2022 4:07:40 PM"},"timestampLocal":{"date":"Apr 13, 2022 6:32:59 PM"},"hydrationSource":"GARMIN_ACTIVITY","valueInML":0.0,"activityId":8632265668,"capped":false,"estimatedSweatLossInML":203.0,"duration":2034.7989501953125},{"userProfilePK":99730076,"calendarDate":{"date":"Apr 15, 2022 12:00:00 AM"},"persistedTimestampGMT":{"date":"Apr 15, 2022 5:44:04 PM"},"timestampLocal":{"date":"Apr 15, 2022 7:07:01 PM"},"hydrationSource":"GARMIN_ACTIVITY","valueInML":0.0,"activityId":8644811259,"capped":false,"estimatedSweatLossInML":360.0,"duration":3603.930908203125},{"userProfilePK":99730076,"calendarDate":{"date":"Apr 17, 2022 12:00:00 AM"},"persistedTimestampGMT":{"date":"Apr 17, 2022 5:45:24 PM"},"timestampLocal":{"date":"Apr 17, 2022 8:04:07 PM"},"hydrationSource":"GARMIN_ACTIVITY","valueInML":0.0,"activityId":8657096179,"capped":false,"estimatedSweatLossInML":235.0,"duration":2353.160888671875},{"userProfilePK":99730076,"calendarDate":{"date":"Apr 19, 2022 12:00:00 AM"},"persistedTimestampGMT":{"date":"Apr 19, 2022 5:44:37 PM"},"timestampLocal":{"date":"Apr 19, 2022 7:43:47 PM"},"hydrationSource":"GARMIN_ACTIVITY","valueInML":0.0,"activityId":8668977222,"capped":false,"estimatedSweatLossInML":347.0,"duration":3480.5869140625},{"userProfilePK":99730076,"calendarDate":{"date":"Apr 22, 2022 12:00:00 AM"},"persistedTimestampGMT":{"date":"Apr 22, 2022 3:38:47 PM"},"timestampLocal":{"date":"Apr 22, 2022 5:43:41 PM"},"hydrationSource":"GARMIN_ACTIVITY","valueInML":0.0,"activityId":8686185686,"capped":false,"estimatedSweatLossInML":313.0,"duration":3135.251953125},{"userProfilePK":99730076,"calendarDate":{"date":"Apr 23, 2022 12:00:00 AM"},"persistedTimestampGMT":{"date":"Apr 23, 2022 4:35:08 PM"},"timestampLocal":{"date":"Apr 23, 2022 6:49:01 PM"},"hydrationSource":"GARMIN_ACTIVITY","valueInML":0.0,"activityId":8692716873,"capped":false,"estimatedSweatLossInML":254.0,"duration":2542.662109375},{"userProfilePK":99730076,"calendarDate":{"date":"Apr 27, 2022 12:00:00 AM"},"persistedTimestampGMT":{"date":"Apr 27, 2022 5:41:57 PM"},"timestampLocal":{"date":"Apr 27, 2022 6:37:45 PM"},"hydrationSource":"GARMIN_ACTIVITY","valueInML":0.0,"activityId":8717259280,"capped":false,"estimatedSweatLossInML":341.0,"duration":3413.0439453125},{"userProfilePK":99730076,"calendarDate":{"date":"Apr 30, 2022 12:00:00 AM"},"persistedTimestampGMT":{"date":"Apr 30, 2022 6:52:06 PM"},"timestampLocal":{"date":"Apr 30, 2022 7:54:47 PM"},"hydrationSource":"GARMIN_ACTIVITY","valueInML":0.0,"activityId":8735714372,"capped":false,"estimatedSweatLossInML":240.0,"duration":2404.23095703125},{"userProfilePK":99730076,"calendarDate":{"date":"May 2, 2022 12:00:00 AM"},"persistedTimestampGMT":{"date":"May 2, 2022 9:30:18 PM"},"timestampLocal":{"date":"May 2, 2022 9:10:32 PM"},"hydrationSource":"GARMIN_ACTIVITY","valueInML":0.0,"activityId":8748826200,"capped":false,"estimatedSweatLossInML":361.0,"duration":3610.633056640625},{"userProfilePK":99730076,"calendarDate":{"date":"May 7, 2022 12:00:00 AM"},"persistedTimestampGMT":{"date":"May 7, 2022 5:11:52 PM"},"timestampLocal":{"date":"May 7, 2022 7:27:18 PM"},"hydrationSource":"GARMIN_ACTIVITY","valueInML":0.0,"activityId":8778709731,"capped":false,"estimatedSweatLossInML":242.0,"duration":2429.80810546875},{"userProfilePK":99730076,"calendarDate":{"date":"May 10, 2022 12:00:00 AM"},"persistedTimestampGMT":{"date":"May 10, 2022 4:56:38 AM"},"timestampLocal":{"date":"May 10, 2022 7:07:59 AM"},"hydrationSource":"GARMIN_ACTIVITY","valueInML":0.0,"activityId":8793645944,"capped":false,"estimatedSweatLossInML":267.0,"duration":2677.423095703125},{"userProfilePK":99730076,"calendarDate":{"date":"May 12, 2022 12:00:00 AM"},"persistedTimestampGMT":{"date":"May 12, 2022 5:30:13 PM"},"timestampLocal":{"date":"May 12, 2022 7:43:53 PM"},"hydrationSource":"GARMIN_ACTIVITY","valueInML":0.0,"activityId":8810494959,"capped":false,"estimatedSweatLossInML":240.0,"duration":2405.85009765625},{"userProfilePK":99730076,"calendarDate":{"date":"May 14, 2022 12:00:00 AM"},"persistedTimestampGMT":{"date":"May 14, 2022 6:03:15 AM"},"timestampLocal":{"date":"May 14, 2022 7:44:42 AM"},"hydrationSource":"GARMIN_ACTIVITY","valueInML":0.0,"activityId":8818606733,"capped":false,"estimatedSweatLossInML":279.0,"duration":2798.322021484375},{"userProfilePK":99730076,"calendarDate":{"date":"May 15, 2022 12:00:00 AM"},"persistedTimestampGMT":{"date":"May 15, 2022 5:06:43 PM"},"timestampLocal":{"date":"May 15, 2022 7:20:25 PM"},"hydrationSource":"GARMIN_ACTIVITY","valueInML":0.0,"activityId":8829720348,"capped":false,"estimatedSweatLossInML":264.0,"duration":2647.657958984375},{"userProfilePK":99730076,"calendarDate":{"date":"May 19, 2022 12:00:00 AM"},"persistedTimestampGMT":{"date":"May 19, 2022 6:18:50 PM"},"timestampLocal":{"date":"May 19, 2022 8:44:08 PM"},"hydrationSource":"GARMIN_ACTIVITY","valueInML":0.0,"activityId":8855118793,"capped":false,"estimatedSweatLossInML":192.0,"duration":1925.0179443359375},{"userProfilePK":99730076,"calendarDate":{"date":"May 21, 2022 12:00:00 AM"},"persistedTimestampGMT":{"date":"May 21, 2022 6:31:20 PM"},"timestampLocal":{"date":"May 21, 2022 8:47:55 PM"},"hydrationSource":"GARMIN_ACTIVITY","valueInML":0.0,"activityId":8867253626,"capped":false,"estimatedSweatLossInML":244.0,"duration":2442.22607421875},{"userProfilePK":99730076,"calendarDate":{"date":"May 22, 2022 12:00:00 AM"},"persistedTimestampGMT":{"date":"May 22, 2022 4:56:04 PM"},"timestampLocal":{"date":"May 22, 2022 6:52:57 PM"},"hydrationSource":"GARMIN_ACTIVITY","valueInML":0.0,"activityId":8873574841,"capped":false,"estimatedSweatLossInML":359.0,"duration":3592.39697265625},{"userProfilePK":99730076,"calendarDate":{"date":"May 25, 2022 12:00:00 AM"},"persistedTimestampGMT":{"date":"May 25, 2022 6:45:58 PM"},"timestampLocal":{"date":"May 25, 2022 9:12:42 PM"},"hydrationSource":"GARMIN_ACTIVITY","valueInML":0.0,"activityId":8892061413,"capped":false,"estimatedSweatLossInML":180.0,"duration":1801.2159423828125},{"userProfilePK":99730076,"calendarDate":{"date":"May 26, 2022 12:00:00 AM"},"persistedTimestampGMT":{"date":"May 26, 2022 4:37:58 PM"},"timestampLocal":{"date":"May 26, 2022 6:48:47 PM"},"hydrationSource":"GARMIN_ACTIVITY","valueInML":0.0,"activityId":8897707092,"capped":false,"estimatedSweatLossInML":279.0,"duration":2791.49609375},{"userProfilePK":99730076,"calendarDate":{"date":"May 28, 2022 12:00:00 AM"},"persistedTimestampGMT":{"date":"May 28, 2022 5:29:07 PM"},"timestampLocal":{"date":"May 28, 2022 7:41:24 PM"},"hydrationSource":"GARMIN_ACTIVITY","valueInML":0.0,"activityId":8910289752,"capped":false,"estimatedSweatLossInML":273.0,"duration":2731.889892578125},{"userProfilePK":99730076,"calendarDate":{"date":"May 29, 2022 12:00:00 AM"},"persistedTimestampGMT":{"date":"May 30, 2022 3:57:54 AM"},"timestampLocal":{"date":"May 29, 2022 7:36:57 PM"},"hydrationSource":"GARMIN_ACTIVITY","valueInML":0.0,"activityId":8918342731,"capped":false,"estimatedSweatLossInML":240.0,"duration":2401.639892578125},{"userProfilePK":99730076,"calendarDate":{"date":"May 31, 2022 12:00:00 AM"},"persistedTimestampGMT":{"date":"May 31, 2022 5:13:50 PM"},"timestampLocal":{"date":"May 31, 2022 7:19:09 PM"},"hydrationSource":"GARMIN_ACTIVITY","valueInML":0.0,"activityId":8928155726,"capped":false,"estimatedSweatLossInML":277.0,"duration":2779.95703125},{"userProfilePK":99730076,"calendarDate":{"date":"Jun 2, 2022 12:00:00 AM"},"persistedTimestampGMT":{"date":"Jun 2, 2022 5:27:45 PM"},"timestampLocal":{"date":"Jun 2, 2022 7:40:12 PM"},"hydrationSource":"GARMIN_ACTIVITY","valueInML":0.0,"activityId":8941129121,"capped":false,"estimatedSweatLossInML":264.0,"duration":2640.633056640625},{"userProfilePK":99730076,"calendarDate":{"date":"Jun 5, 2022 12:00:00 AM"},"persistedTimestampGMT":{"date":"Jun 5, 2022 5:58:39 PM"},"timestampLocal":{"date":"Jun 5, 2022 7:41:20 PM"},"hydrationSource":"GARMIN_ACTIVITY","valueInML":0.0,"activityId":8960341670,"capped":false,"estimatedSweatLossInML":433.0,"duration":4331.5009765625},{"userProfilePK":99730076,"calendarDate":{"date":"Jun 7, 2022 12:00:00 AM"},"persistedTimestampGMT":{"date":"Jun 7, 2022 4:39:34 PM"},"timestampLocal":{"date":"Jun 7, 2022 6:42:49 PM"},"hydrationSource":"GARMIN_ACTIVITY","valueInML":0.0,"activityId":8971985221,"capped":false,"estimatedSweatLossInML":290.0,"duration":2902.1689453125},{"userProfilePK":99730076,"calendarDate":{"date":"Jun 8, 2022 12:00:00 AM"},"persistedTimestampGMT":{"date":"Jun 8, 2022 5:23:15 PM"},"timestampLocal":{"date":"Jun 8, 2022 7:24:38 PM"},"hydrationSource":"GARMIN_ACTIVITY","valueInML":0.0,"activityId":8978645574,"capped":false,"estimatedSweatLossInML":306.0,"duration":3060.884033203125},{"userProfilePK":99730076,"calendarDate":{"date":"Jun 10, 2022 12:00:00 AM"},"persistedTimestampGMT":{"date":"Jun 10, 2022 5:27:33 PM"},"timestampLocal":{"date":"Jun 10, 2022 7:20:34 PM"},"hydrationSource":"GARMIN_ACTIVITY","valueInML":0.0,"activityId":8990748501,"capped":false,"estimatedSweatLossInML":270.0,"duration":2710.052001953125}]