[{"userProfilePK":99730076,"calendarDate":{"date":"Nov 23, 2021 12:00:00 AM"},"persistedTimestampGMT":{"date":"Nov 23, 2021 3:11:39 PM"},"timestampLocal":{"date":"Nov 23, 2021 4:10:38 PM"},"hydrationSource":"GARMIN_ACTIVITY","valueInML":0.0,"activityId":7862487954,"capped":false,"estimatedSweatLossInML":263.0,"duration":2635.452880859375},{"userProfilePK":99730076,"calendarDate":{"date":"Nov 24, 2021 12:00:00 AM"},"persistedTimestampGMT":{"date":"Nov 24, 2021 4:33:39 PM"},"timestampLocal":{"date":"Nov 24, 2021 5:45:19 PM"},"hydrationSource":"GARMIN_ACTIVITY","valueInML":0.0,"activityId":7867817903,"capped":false,"estimatedSweatLossInML":278.0,"duration":2781.0458984375},{"userProfilePK":99730076,"calendarDate":{"date":"Nov 25, 2021 12:00:00 AM"},"persistedTimestampGMT":{"date":"Nov 25, 2021 3:45:42 PM"},"timestampLocal":{"date":"Nov 25, 2021 4:44:25 PM"},"hydrationSource":"GARMIN_ACTIVITY","valueInML":0.0,"activityId":7872335015,"capped":false,"estimatedSweatLossInML":364.0,"duration":3647.181884765625},{"userProfilePK":99730076,"calendarDate":{"date":"Nov 27, 2021 12:00:00 AM"},"persistedTimestampGMT":{"date":"Nov 27, 2021 9:00:24 AM"},"timestampLocal":{"date":"Nov 27, 2021 10:16:52 AM"},"hydrationSource":"GARMIN_ACTIVITY","valueInML":0.0,"activityId":7879291236,"capped":false,"estimatedSweatLossInML":257.0,"duration":2571.843017578125},{"userProfilePK":99730076,"calendarDate":{"date":"Nov 27, 2021 12:00:00 AM"},"persistedTimestampGMT":{"date":"Nov 27, 2021 10:31:51 AM"},"timestampLocal":{"date":"Nov 27, 2021 11:50:19 AM"},"hydrationSource":"GARMIN_ACTIVITY","valueInML":0.0,"activityId":7879686590,"capped":false,"estimatedSweatLossInML":245.0,"duration":2456.842041015625},{"userProfilePK":99730076,"calendarDate":{"date":"Nov 27, 2021 12:00:00 AM"},"persistedTimestampGMT":{"date":"Nov 27, 2021 3:09:51 PM"},"timestampLocal":{"date":"Nov 27, 2021 4:05:02 PM"},"hydrationSource":"GARMIN_ACTIVITY","valueInML":0.0,"activityId":7881012509,"capped":false,"estimatedSweatLossInML":364.0,"duration":3646.010986328125},{"userProfilePK":99730076,"calendarDate":{"date":"Nov 28, 2021 12:00:00 AM"},"persistedTimestampGMT":{"date":"Nov 28, 2021 5:27:17 PM"},"timestampLocal":{"date":"Nov 28, 2021 6:18:45 PM"},"hydrationSource":"GARMIN_ACTIVITY","valueInML":0.0,"activityId":7886594121,"capped":false,"estimatedSweatLossInML":407.0,"duration":4077.364013671875},{"userProfilePK":99730076,"calendarDate":{"date":"Nov 29, 2021 12:00:00 AM"},"persistedTimestampGMT":{"date":"Nov 29, 2021 4:09:28 PM"},"timestampLocal":{"date":"Nov 29, 2021 4:43:00 PM"},"hydrationSource":"GARMIN_ACTIVITY","valueInML":0.0,"activityId":7890388105,"capped":false,"estimatedSweatLossInML":300.0,"duration":3000.966064453125},{"userProfilePK":99730076,"calendarDate":{"date":"Nov 30, 2021 12:00:00 AM"},"persistedTimestampGMT":{"date":"Nov 30, 2021 3:18:51 PM"},"timestampLocal":{"date":"Nov 30, 2021 4:11:07 PM"},"hydrationSource":"GARMIN_ACTIVITY","valueInML":0.0,"activityId":7894896606,"capped":false,"estimatedSweatLossInML":273.0,"duration":2734.507080078125},{"userProfilePK":99730076,"calendarDate":{"date":"Dec 1, 2021 12:00:00 AM"},"persistedTimestampGMT":{"date":"Dec 1, 2021 2:50:51 PM"},"timestampLocal":{"date":"Dec 1, 2021 4:03:26 PM"},"hydrationSource":"GARMIN_ACTIVITY","valueInML":0.0,"activityId":7899557098,"capped":false,"estimatedSweatLossInML":279.0,"duration":2791.157958984375},{"userProfilePK":99730076,"calendarDate":{"date":"Dec 4, 2021 12:00:00 AM"},"persistedTimestampGMT":{"date":"Dec 4, 2021 1:33:39 PM"},"timestampLocal":{"date":"Dec 4, 2021 2:11:38 PM"},"hydrationSource":"GARMIN_ACTIVITY","valueInML":0.0,"activityId":7912989741,"capped":false,"estimatedSweatLossInML":333.0,"duration":3335.306884765625},{"userProfilePK":99730076,"calendarDate":{"date":"Dec 5, 2021 12:00:00 AM"},"persistedTimestampGMT":{"date":"Dec 5, 2021 8:08:17 AM"},"timestampLocal":{"date":"Dec 5, 2021 9:22:55 AM"},"hydrationSource":"GARMIN_ACTIVITY","valueInML":0.0,"activityId":7916201312,"capped":false,"estimatedSweatLossInML":248.0,"duration":2485.090087890625},{"userProfilePK":99730076,"calendarDate":{"date":"Dec 6, 2021 12:00:00 AM"},"persistedTimestampGMT":{"date":"Dec 6, 2021 3:26:51 PM"},"timestampLocal":{"date":"Dec 6, 2021 4:12:26 PM"},"hydrationSource":"GARMIN_ACTIVITY","valueInML":0.0,"activityId":7922847533,"capped":false,"estimatedSweatLossInML":432.0,"duration":4328.5439453125},{"userProfilePK":99730076,"calendarDate":{"date":"Dec 7, 2021 12:00:00 AM"},"persistedTimestampGMT":{"date":"Dec 7, 2021 2:57:55 PM"},"timestampLocal":{"date":"Dec 7, 2021 4:05:06 PM"},"hydrationSource":"GARMIN_ACTIVITY","valueInML":0.0,"activityId":7927310873,"capped":false,"estimatedSweatLossInML":220.0,"duration":2203.922119140625},{"userProfilePK":99730076,"calendarDate":{"date":"Dec 9, 2021 12:00:00 AM"},"persistedTimestampGMT":{"date":"Dec 9, 2021 3:20:54 PM"},"timestampLocal":{"date":"Dec 9, 2021 4:17:44 PM"},"hydrationSource":"GARMIN_ACTIVITY","valueInML":0.0,"activityId":7936592413,"capped":false,"estimatedSweatLossInML":364.0,"duration":3647.6279296875},{"userProfilePK":99730076,"calendarDate":{"date":"Dec 10, 2021 12:00:00 AM"},"persistedTimestampGMT":{"date":"Dec 10, 2021 3:18:41 PM"},"timestampLocal":{"date":"Dec 10, 2021 4:07:37 PM"},"hydrationSource":"GARMIN_ACTIVITY","valueInML":0.0,"activityId":7940913932,"capped":false,"estimatedSweatLossInML":356.0,"duration":3563.235107421875},{"userProfilePK":99730076,"calendarDate":{"date":"Dec 14, 2021 12:00:00 AM"},"persistedTimestampGMT":{"date":"Dec 14, 2021 2:30:38 PM"},"timestampLocal":{"date":"Dec 14, 2021 3:41:14 PM"},"hydrationSource":"GARMIN_ACTIVITY","valueInML":0.0,"activityId":7959189920,"capped":false,"estimatedSweatLossInML":197.0,"duration":1975.843017578125},{"userProfilePK":99730076,"calendarDate":{"date":"Dec 15, 2021 12:00:00 AM"},"persistedTimestampGMT":{"date":"Dec 15, 2021 4:56:32 PM"},"timestampLocal":{"date":"Dec 15, 2021 4:33:51 PM"},"hydrationSource":"GARMIN_ACTIVITY","valueInML":0.0,"activityId":7964569670,"capped":false,"estimatedSweatLossInML":197.0,"duration":1972.240966796875},{"userProfilePK":99730076,"calendarDate":{"date":"Dec 16, 2021 12:00:00 AM"},"persistedTimestampGMT":{"date":"Dec 16, 2021 4:25:42 PM"},"timestampLocal":{"date":"Dec 16, 2021 5:12:05 PM"},"hydrationSource":"GARMIN_ACTIVITY","valueInML":0.0,"activityId":7968928712,"capped":false,"estimatedSweatLossInML":436.0,"duration":4361.72412109375},{"userProfilePK":99730076,"calendarDate":{"date":"Dec 18, 2021 12:00:00 AM"},"persistedTimestampGMT":{"date":"Dec 18, 2021 2:41:27 PM"},"timestampLocal":{"date":"Dec 18, 2021 3:51:43 PM"},"hydrationSource":"GARMIN_ACTIVITY","valueInML":0.0,"activityId":7977318171,"capped":false,"estimatedSweatLossInML":276.0,"duration":2766.110107421875},{"userProfilePK":99730076,"calendarDate":{"date":"Dec 20, 2021 12:00:00 AM"},"persistedTimestampGMT":{"date":"Dec 20, 2021 3:45:44 PM"},"timestampLocal":{"date":"Dec 20, 2021 3:45:11 PM"},"hydrationSource":"GARMIN_ACTIVITY","valueInML":0.0,"activityId":7986660148,"capped":false,"estimatedSweatLossInML":253.0,"duration":2534.89111328125},{"userProfilePK":99730076,"calendarDate":{"date":"Dec 21, 2021 12:00:00 AM"},"persistedTimestampGMT":{"date":"Dec 21, 2021 3:05:04 PM"},"timestampLocal":{"date":"Dec 21, 2021 4:17:53 PM"},"hydrationSource":"GARMIN_ACTIVITY","valueInML":0.0,"activityId":7990990350,"capped":false,"estimatedSweatLossInML":176.0,"duration":1765.509033203125},{"userProfilePK":99730076,"calendarDate":{"date":"Jan 16, 2022 12:00:00 AM"},"persistedTimestampGMT":{"date":"Jan 17, 2022 6:32:54 PM"},"timestampLocal":{"date":"Jan 16, 2022 8:11:12 AM"},"hydrationSource":"GARMIN_ACTIVITY","valueInML":0.0,"activityId":8135139418,"capped":false,"estimatedSweatLossInML":1545.0,"duration":15458.8857421875},{"userProfilePK":99730076,"calendarDate":{"date":"Jan 16, 2022 12:00:00 AM"},"persistedTimestampGMT":{"date":"Jan 17, 2022 6:33:55 PM"},"timestampLocal":{"date":"Jan 16, 2022 1:01:46 PM"},"hydrationSource":"GARMIN_ACTIVITY","valueInML":0.0,"activityId":8135146180,"capped":false,"estimatedSweatLossInML":1242.0,"duration":12422.1552734375},{"userProfilePK":99730076,"calendarDate":{"date":"Jan 18, 2022 12:00:00 AM"},"persistedTimestampGMT":{"date":"Jan 18, 2022 10:43:24 PM"},"timestampLocal":{"date":"Jan 18, 2022 6:19:55 PM"},"hydrationSource":"GARMIN_ACTIVITY","valueInML":0.0,"activityId":8142388257,"capped":false,"estimatedSweatLossInML":253.0,"duration":2533.446044921875},{"userProfilePK":99730076,"calendarDate":{"date":"Jan 20, 2022 12:00:00 AM"},"persistedTimestampGMT":{"date":"Jan 22, 2022 8:17:57 PM"},"timestampLocal":{"date":"Jan 20, 2022 11:11:30 AM"},"hydrationSource":"GARMIN_ACTIVITY","valueInML":0.0,"activityId":8164226717,"capped":false,"estimatedSweatLossInML":1424.0,"duration":14244.1259765625},{"userProfilePK":99730076,"calendarDate":{"date":"Jan 23, 2022 12:00:00 AM"},"persistedTimestampGMT":{"date":"Jan 23, 2022 9:11:31 PM"},"timestampLocal":{"date":"Jan 23, 2022 5:36:13 PM"},"hydrationSource":"GARMIN_ACTIVITY","valueInML":0.0,"activityId":8170916517,"capped":false,"estimatedSweatLossInML":198.0,"duration":1985.9639892578125},{"userProfilePK":99730076,"calendarDate":{"date":"Jan 31, 2022 12:00:00 AM"},"persistedTimestampGMT":{"date":"Jan 31, 2022 4:40:46 PM"},"timestampLocal":{"date":"Jan 31, 2022 6:00:46 PM"},"hydrationSource":"GARMIN_ACTIVITY","valueInML":0.0,"activityId":8214474520,"capped":false,"estimatedSweatLossInML":211.0,"duration":2116.30810546875},{"userProfilePK":99730076,"calendarDate":{"date":"Feb 2, 2022 12:00:00 AM"},"persistedTimestampGMT":{"date":"Feb 2, 2022 6:21:33 PM"},"timestampLocal":{"date":"Feb 2, 2022 7:40:23 PM"},"hydrationSource":"GARMIN_ACTIVITY","valueInML":0.0,"activityId":8226820502,"capped":false,"estimatedSweatLossInML":233.0,"duration":2335.882080078125},{"userProfilePK":99730076,"calendarDate":{"date":"Feb 5, 2022 12:00:00 AM"},"persistedTimestampGMT":{"date":"Feb 5, 2022 6:18:23 PM"},"timestampLocal":{"date":"Feb 5, 2022 7:31:07 PM"},"hydrationSource":"GARMIN_ACTIVITY","valueInML":0.0,"activityId":8243798671,"capped":false,"estimatedSweatLossInML":269.0,"duration":2699.156005859375},{"userProfilePK":99730076,"calendarDate":{"date":"Feb 7, 2022 12:00:00 AM"},"persistedTimestampGMT":{"date":"Feb 7, 2022 6:39:07 PM"},"timestampLocal":{"date":"Feb 7, 2022 7:48:58 PM"},"hydrationSource":"GARMIN_ACTIVITY","valueInML":0.0,"activityId":8254996460,"capped":false,"estimatedSweatLossInML":283.0,"duration":2840.1259765625},{"userProfilePK":99730076,"calendarDate":{"date":"Feb 10, 2022 12:00:00 AM"},"persistedTimestampGMT":{"date":"Feb 10, 2022 4:00:41 PM"},"timestampLocal":{"date":"Feb 10, 2022 5:13:18 PM"},"hydrationSource":"GARMIN_ACTIVITY","valueInML":0.0,"activityId":8272155090,"capped":false,"estimatedSweatLossInML":266.0,"duration":2669.805908203125},{"userProfilePK":99730076,"calendarDate":{"date":"Feb 13, 2022 12:00:00 AM"},"persistedTimestampGMT":{"date":"Feb 13, 2022 5:24:54 PM"},"timestampLocal":{"date":"Feb 13, 2022 5:18:24 PM"},"hydrationSource":"GARMIN_ACTIVITY","valueInML":0.0,"activityId":8291205825,"capped":false,"estimatedSweatLossInML":359.0,"duration":3599.697998046875},{"userProfilePK":99730076,"calendarDate":{"date":"Feb 16, 2022 12:00:00 AM"},"persistedTimestampGMT":{"date":"Feb 16, 2022 4:14:06 PM"},"timestampLocal":{"date":"Feb 16, 2022 5:01:21 PM"},"hydrationSource":"GARMIN_ACTIVITY","valueInML":0.0,"activityId":8307159941,"capped":false,"estimatedSweatLossInML":417.0,"duration":4179.81005859375},{"userProfilePK":99730076,"calendarDate":{"date":"Feb 18, 2022 12:00:00 AM"},"persistedTimestampGMT":{"date":"Feb 18, 2022 4:55:52 PM"},"timestampLocal":{"date":"Feb 18, 2022 5:59:30 PM"},"hydrationSource":"GARMIN_ACTIVITY","valueInML":0.0,"activityId":8318263992,"capped":false,"estimatedSweatLossInML":306.0,"duration":3060.366943359375},{"userProfilePK":99730076,"calendarDate":{"date":"Feb 21, 2022 12:00:00 AM"},"persistedTimestampGMT":{"date":"Feb 21, 2022 4:16:09 PM"},"timestampLocal":{"date":"Feb 21, 2022 5:10:55 PM"},"hydrationSource":"GARMIN_ACTIVITY","valueInML":0.0,"activityId":8334543955,"capped":false,"estimatedSweatLossInML":359.0,"duration":3598.43896484375},{"userProfilePK":99730076,"calendarDate":{"date":"Feb 23, 2022 12:00:00 AM"},"persistedTimestampGMT":{"date":"Feb 23, 2022 5:29:11 PM"},"timestampLocal":{"date":"Feb 23, 2022 6:34:02 PM"},"hydrationSource":"GARMIN_ACTIVITY","valueInML":0.0,"activityId":8346940770,"capped":false,"estimatedSweatLossInML":251.0,"duration":2514.02197265625},{"userProfilePK":99730076,"calendarDate":{"date":"Feb 26, 2022 12:00:00 AM"},"persistedTimestampGMT":{"date":"Feb 26, 2022 6:21:09 PM"},"timestampLocal":{"date":"Feb 26, 2022 7:10:34 PM"},"hydrationSource":"GARMIN_ACTIVITY","valueInML":0.0,"activityId":8363805266,"capped":false,"estimatedSweatLossInML":408.0,"duration":4080.217041015625},{"userProfilePK":99730076,"calendarDate":{"date":"Mar 1, 2022 12:00:00 AM"},"persistedTimestampGMT":{"date":"Mar 1, 2022 11:30:53 AM"},"timestampLocal":{"date":"Mar 1, 2022 12:53:12 PM"},"hydrationSource":"GARMIN_ACTIVITY","valueInML":0.0,"activityId":8378780273,"capped":false,"estimatedSweatLossInML":212.0,"duration":2127.39306640625},{"userProfilePK":99730076,"calendarDate":{"date":"Mar 2, 2022 12:00:00 AM"},"persistedTimestampGMT":{"date":"Mar 2, 2022 4:59:31 PM"},"timestampLocal":{"date":"Mar 2, 2022 6:03:11 PM"},"hydrationSource":"GARMIN_ACTIVITY","valueInML":0.0,"activityId":8386603112,"capped":false,"estimatedSweatLossInML":274.0,"duration":2744.583984375}]