[{"userProfilePK":99730076,"calendarDate":{"date":"Oct 31, 2021 12:00:00 AM"},"persistedTimestampGMT":{"date":"Oct 31, 2021 3:25:40 PM"},"timestampLocal":{"date":"Oct 31, 2021 4:42:18 PM"},"hydrationSource":"GARMIN_ACTIVITY","valueInML":0.0,"activityId":7746291542,"capped":false,"estimatedSweatLossInML":237.0,"duration":2372.72412109375},{"userProfilePK":99730076,"calendarDate":{"date":"Nov 1, 2021 12:00:00 AM"},"persistedTimestampGMT":{"date":"Nov 1, 2021 11:26:38 AM"},"timestampLocal":{"date":"Nov 1, 2021 12:22:45 PM"},"hydrationSource":"GARMIN_ACTIVITY","valueInML":0.0,"activityId":7750154998,"capped":false,"estimatedSweatLossInML":378.0,"duration":3785.618896484375},{"userProfilePK":99730076,"calendarDate":{"date":"Nov 2, 2021 12:00:00 AM"},"persistedTimestampGMT":{"date":"Nov 2, 2021 3:18:45 PM"},"timestampLocal":{"date":"Nov 2, 2021 4:35:21 PM"},"hydrationSource":"GARMIN_ACTIVITY","valueInML":0.0,"activityId":7756358788,"capped":false,"estimatedSweatLossInML":253.0,"duration":2530.785888671875},{"userProfilePK":99730076,"calendarDate":{"date":"Nov 3, 2021 12:00:00 AM"},"persistedTimestampGMT":{"date":"Nov 3, 2021 2:59:51 PM"},"timestampLocal":{"date":"Nov 3, 2021 4:06:44 PM"},"hydrationSource":"GARMIN_ACTIVITY","valueInML":0.0,"activityId":7761563127,"capped":false,"estimatedSweatLossInML":236.0,"duration":2369.22998046875},{"userProfilePK":99730076,"calendarDate":{"date":"Nov 4, 2021 12:00:00 AM"},"persistedTimestampGMT":{"date":"Nov 4, 2021 4:56:24 PM"},"timestampLocal":{"date":"Nov 4, 2021 6:01:23 PM"},"hydrationSource":"GARMIN_ACTIVITY","valueInML":0.0,"activityId":7767090180,"capped":false,"estimatedSweatLossInML":326.0,"duration":3268.75390625},{"userProfilePK":99730076,"calendarDate":{"date":"Nov 6, 2021 12:00:00 AM"},"persistedTimestampGMT":{"date":"Nov 6, 2021 5:48:11 PM"},"timestampLocal":{"date":"Nov 6, 2021 6:43:25 PM"},"hydrationSource":"GARMIN_ACTIVITY","valueInML":0.0,"activityId":7777613408,"capped":false,"estimatedSweatLossInML":360.0,"duration":3602.126953125},{"userProfilePK":99730076,"calendarDate":{"date":"Nov 7, 2021 12:00:00 AM"},"persistedTimestampGMT":{"date":"Nov 7, 2021 3:44:28 PM"},"timestampLocal":{"date":"Nov 7, 2021 4:46:12 PM"},"hydrationSource":"GARMIN_ACTIVITY","valueInML":0.0,"activityId":7782613041,"capped":false,"estimatedSweatLossInML":346.0,"duration":3463.77001953125},{"userProfilePK":99730076,"calendarDate":{"date":"Nov 8, 2021 12:00:00 AM"},"persistedTimestampGMT":{"date":"Nov 8, 2021 3:39:35 PM"},"timestampLocal":{"date":"Nov 8, 2021 4:32:38 PM"},"hydrationSource":"GARMIN_ACTIVITY","valueInML":0.0,"activityId":7787305826,"capped":false,"estimatedSweatLossInML":243.0,"duration":2436.822998046875},{"userProfilePK":99730076,"calendarDate":{"date":"Nov 9, 2021 12:00:00 AM"},"persistedTimestampGMT":{"date":"Nov 9, 2021 3:21:56 PM"},"timestampLocal":{"date":"Nov 9, 2021 4:53:24 PM"},"hydrationSource":"GARMIN_ACTIVITY","valueInML":0.0,"activityId":7792449689,"capped":false,"estimatedSweatLossInML":167.0,"duration":1677.2440185546875},{"userProfilePK":99730076,"calendarDate":{"date":"Nov 10, 2021 12:00:00 AM"},"persistedTimestampGMT":{"date":"Nov 10, 2021 4:41:52 PM"},"timestampLocal":{"date":"Nov 10, 2021 6:02:45 PM"},"hydrationSource":"GARMIN_ACTIVITY","valueInML":0.0,"activityId":7798126047,"capped":false,"estimatedSweatLossInML":225.0,"duration":2253.2939453125},{"userProfilePK":99730076,"calendarDate":{"date":"Nov 11, 2021 12:00:00 AM"},"persistedTimestampGMT":{"date":"Nov 11, 2021 4:04:16 PM"},"timestampLocal":{"date":"Nov 11, 2021 4:34:07 PM"},"hydrationSource":"GARMIN_ACTIVITY","valueInML":0.0,"activityId":7803130119,"capped":false,"estimatedSweatLossInML":536.0,"duration":5368.55078125},{"userProfilePK":99730076,"calendarDate":{"date":"Nov 13, 2021 12:00:00 AM"},"persistedTimestampGMT":{"date":"Nov 13, 2021 5:57:56 PM"},"timestampLocal":{"date":"Nov 13, 2021 4:15:22 PM"},"hydrationSource":"GARMIN_ACTIVITY","valueInML":0.0,"activityId":7813746839,"capped":false,"estimatedSweatLossInML":395.0,"duration":3957.93505859375},{"userProfilePK":99730076,"calendarDate":{"date":"Nov 14, 2021 12:00:00 AM"},"persistedTimestampGMT":{"date":"Nov 14, 2021 6:42:31 PM"},"timestampLocal":{"date":"Nov 14, 2021 7:37:16 PM"},"hydrationSource":"GARMIN_ACTIVITY","valueInML":0.0,"activityId":7819403177,"capped":false,"estimatedSweatLossInML":327.0,"duration":3274.376953125},{"userProfilePK":99730076,"calendarDate":{"date":"Nov 15, 2021 12:00:00 AM"},"persistedTimestampGMT":{"date":"Nov 15, 2021 6:40:08 PM"},"timestampLocal":{"date":"Nov 15, 2021 7:25:39 PM"},"hydrationSource":"GARMIN_ACTIVITY","valueInML":0.0,"activityId":7823851772,"capped":false,"estimatedSweatLossInML":435.0,"duration":4355.38720703125},{"userProfilePK":99730076,"calendarDate":{"date":"Nov 16, 2021 12:00:00 AM"},"persistedTimestampGMT":{"date":"Nov 16, 2021 4:35:09 PM"},"timestampLocal":{"date":"Nov 16, 2021 5:54:52 PM"},"hydrationSource":"GARMIN_ACTIVITY","valueInML":0.0,"activityId":7828243446,"capped":false,"estimatedSweatLossInML":236.0,"duration":2364.886962890625},{"userProfilePK":99730076,"calendarDate":{"date":"Nov 17, 2021 12:00:00 AM"},"persistedTimestampGMT":{"date":"Nov 17, 2021 2:35:59 PM"},"timestampLocal":{"date":"Nov 17, 2021 3:45:46 PM"},"hydrationSource":"GARMIN_ACTIVITY","valueInML":0.0,"activityId":7832907529,"capped":false,"estimatedSweatLossInML":294.0,"duration":2945.988037109375},{"userProfilePK":99730076,"calendarDate":{"date":"Nov 18, 2021 12:00:00 AM"},"persistedTimestampGMT":{"date":"Nov 18, 2021 4:12:11 PM"},"timestampLocal":{"date":"Nov 18, 2021 5:23:26 PM"},"hydrationSource":"GARMIN_ACTIVITY","valueInML":0.0,"activityId":7838303612,"capped":false,"estimatedSweatLossInML":287.0,"duration":2879.3310546875},{"userProfilePK":99730076,"calendarDate":{"date":"Nov 19, 2021 12:00:00 AM"},"persistedTimestampGMT":{"date":"Nov 20, 2021 11:43:07 AM"},"timestampLocal":{"date":"Nov 19, 2021 3:26:03 PM"},"hydrationSource":"GARMIN_ACTIVITY","valueInML":0.0,"activityId":7846626411,"capped":false,"estimatedSweatLossInML":439.0,"duration":4397.4111328125},{"userProfilePK":99730076,"calendarDate":{"date":"Nov 21, 2021 12:00:00 AM"},"persistedTimestampGMT":{"date":"Nov 21, 2021 6:32:52 PM"},"timestampLocal":{"date":"Nov 21, 2021 7:38:03 PM"},"hydrationSource":"GARMIN_ACTIVITY","valueInML":0.0,"activityId":7854242533,"capped":false,"estimatedSweatLossInML":302.0,"duration":3027.4560546875},{"userProfilePK":99730076,"calendarDate":{"date":"Nov 22, 2021 12:00:00 AM"},"persistedTimestampGMT":{"date":"Nov 22, 2021 3:32:52 PM"},"timestampLocal":{"date":"Nov 22, 2021 4:15:32 PM"},"hydrationSource":"GARMIN_ACTIVITY","valueInML":0.0,"activityId":7857658976,"capped":false,"estimatedSweatLossInML":460.0,"duration":4606.60205078125},{"userProfilePK":99730076,"calendarDate":{"date":"Nov 23, 2021 12:00:00 AM"},"persistedTimestampGMT":{"date":"Nov 23, 2021 3:11:39 PM"},"timestampLocal":{"date":"Nov 23, 2021 4:10:38 PM"},"hydrationSource":"GARMIN_ACTIVITY","valueInML":0.0,"activityId":7862487954,"capped":false,"estimatedSweatLossInML":263.0,"duration":2635.452880859375}]