[{"userProfilePK":99730076,"calendarDate":{"date":"Oct 31, 2021 12:00:00 AM"},"uuid":"327f0304219043928aadc2ab830bdb9a","durationInMilliseconds":86400000,"totalKilocalories":2691.0,"activeKilocalories":777.0,"bmrKilocalories":1914.0,"wellnessKilocalories":2691.0,"remainingKilocalories":2691.0,"wellnessTotalKilocalories":2691.0,"wellnessActiveKilocalories":777.0,"totalSteps":14733,"dailyStepGoal":10000,"totalDistanceMeters":13026,"wellnessDistanceMeters":13026,"wellnessStartTimeGmt":{"date":"Oct 30, 2021 10:00:00 PM"},"wellnessEndTimeGmt":{"date":"Oct 31, 2021 10:00:00 PM"},"wellnessStartTimeLocal":{"date":"Oct 31, 2021 12:00:00 AM"},"wellnessEndTimeLocal":{"date":"Nov 1, 2021 12:00:00 AM"},"highlyActiveSeconds":7680,"activeSeconds":3280,"moderateIntensityMinutes":5,"vigorousIntensityMinutes":47,"userIntensityMinutesGoal":150,"userFloorsAscendedGoal":10,"minHeartRate":58,"maxHeartRate":167,"restingHeartRate":60,"currentDayRestingHeartRate":60,"restingHeartRateTimestamp":"Oct 31, 2021 10:00:00 PM","includesWellnessData":true,"includesActivityData":true,"includesCalorieConsumedData":false,"includesSingleMeasurement":false,"includesContinuousMeasurement":false,"includesAllDayPulseOx":false,"includesSleepPulseOx":false,"source":0,"allDayStress":{"userProfilePK":99730076,"calendarDate":{"date":"Oct 31, 2021 12:00:00 AM"},"aggregatorList":[{"type":"TOTAL","averageStressLevel":27,"averageStressLevelIntensity":22,"maxStressLevel":99,"stressIntensityCount":422,"stressOffWristCount":58,"stressTooActiveCount":192,"totalStressCount":672,"totalStressIntensity":6083,"stressDuration":7740,"restDuration":17580,"activityDuration":11520,"uncategorizedDuration":3480,"totalDuration":40320,"lowDuration":3840,"mediumDuration":3300,"highDuration":600},{"type":"AWAKE","averageStressLevel":28,"averageStressLevelIntensity":22,"maxStressLevel":99,"stressIntensityCount":396,"stressOffWristCount":58,"stressTooActiveCount":192,"totalStressCount":646,"totalStressIntensity":4950,"stressDuration":7740,"restDuration":16020,"activityDuration":11520,"uncategorizedDuration":3480,"totalDuration":38760,"lowDuration":3840,"mediumDuration":3300,"highDuration":600},{"type":"ASLEEP","averageStressLevel":14,"averageStressLevelIntensity":15,"maxStressLevel":23,"stressIntensityCount":26,"stressOffWristCount":0,"stressTooActiveCount":0,"totalStressCount":26,"totalStressIntensity":1133,"stressDuration":0,"restDuration":1560,"activityDuration":0,"uncategorizedDuration":0,"totalDuration":1560,"lowDuration":0,"mediumDuration":0,"highDuration":0}]},"bodyBattery":{"userProfilePK":99730076,"calendarDate":{"date":"Oct 31, 2021 12:00:00 AM"},"chargedValue":13,"drainedValue":23,"bodyBatteryVersion":2.0,"bodyBatteryStatList":[{"bodyBatteryStatType":"HIGHEST","statsValue":30,"bodyBatteryStatus":"MEASURED","statTimestamp":{"date":"Oct 31, 2021 1:57:00 PM"}},{"bodyBatteryStatType":"LOWEST","statsValue":14,"bodyBatteryStatus":"MEASURED","statTimestamp":{"date":"Oct 31, 2021 6:42:00 PM"}},{"bodyBatteryStatType":"MOSTRECENT","statsValue":19,"bodyBatteryStatus":"MEASURED","statTimestamp":{"date":"Oct 31, 2021 10:00:00 PM"}},{"bodyBatteryStatType":"ENDOFDAY","statsValue":16,"bodyBatteryStatus":"MEASURED","statTimestamp":{"date":"Oct 31, 2021 9:35:00 PM"}}]},"minAvgHeartRate":59,"maxAvgHeartRate":165,"version":82860003,"hydration":{"userProfilePK":99730076,"calendarDate":{"date":"Oct 31, 2021 12:00:00 AM"},"valueInML":0.0,"activityIntakeInML":0.0,"goalInML":2839.058838,"capped":false,"sweatLossInML":237.0,"adjustedGoalInML":3076.058838,"lastEntryTimestampLocal":{"date":"Oct 31, 2021 4:42:18 PM"}},"respiration":{"userProfilePK":99730076,"calendarDate":{"date":"Oct 31, 2021 12:00:00 AM"},"avgWakingRespirationValue":13.0,"highestRespirationValue":20.0,"lowestRespirationValue":10.0,"latestRespirationValue":19.0,"latestRespirationTimeGMT":{"date":"Oct 31, 2021 10:00:00 PM"}}},{"userProfilePK":99730076,"calendarDate":{"date":"Nov 1, 2021 12:00:00 AM"},"uuid":"63797b9df1594e869ed1f2f5379755a6","durationInMilliseconds":86400000,"totalKilocalories":2721.0,"activeKilocalories":807.0,"bmrKilocalories":1914.0,"wellnessKilocalories":2721.0,"remainingKilocalories":2721.0,"wellnessTotalKilocalories":2721.0,"wellnessActiveKilocalories":807.0,"totalSteps":12450,"dailyStepGoal":10480,"totalDistanceMeters":9730,"wellnessDistanceMeters":9730,"wellnessStartTimeGmt":{"date":"Oct 31, 2021 10:00:00 PM"},"wellnessEndTimeGmt":{"date":"Nov 1, 2021 10:00:00 PM"},"wellnessStartTimeLocal":{"date":"Nov 1, 2021 12:00:00 AM"},"wellnessEndTimeLocal":{"date":"Nov 2, 2021 12:00:00 AM"},"highlyActiveSeconds":6460,"activeSeconds":6239,"moderateIntensityMinutes":46,"vigorousIntensityMinutes":20,"userIntensityMinutesGoal":150,"userFloorsAscendedGoal":10,"minHeartRate":49,"maxHeartRate":142,"restingHeartRate":57,"currentDayRestingHeartRate":53,"restingHeartRateTimestamp":"Nov 1, 2021 10:00:00 PM","includesWellnessData":true,"includesActivityData":true,"includesCalorieConsumedData":false,"includesSingleMeasurement":false,"includesContinuousMeasurement":false,"includesAllDayPulseOx":false,"includesSleepPulseOx":false,"source":0,"allDayStress":{"userProfilePK":99730076,"calendarDate":{"date":"Nov 1, 2021 12:00:00 AM"},"aggregatorList":[{"type":"TOTAL","averageStressLevel":27,"averageStressLevelIntensity":21,"maxStressLevel":98,"stressIntensityCount":1127,"stressOffWristCount":69,"stressTooActiveCount":238,"totalStressCount":1434,"totalStressIntensity":18313,"stressDuration":25440,"restDuration":42180,"activityDuration":14280,"uncategorizedDuration":4140,"totalDuration":86040,"lowDuration":14040,"mediumDuration":8400,"highDuration":3000},{"type":"AWAKE","averageStressLevel":39,"averageStressLevelIntensity":35,"maxStressLevel":98,"stressIntensityCount":656,"stressOffWristCount":69,"stressTooActiveCount":238,"totalStressCount":963,"totalStressIntensity":-9380,"stressDuration":25260,"restDuration":14100,"activityDuration":14280,"uncategorizedDuration":4140,"totalDuration":57780,"lowDuration":13860,"mediumDuration":8400,"highDuration":3000},{"type":"ASLEEP","averageStressLevel":10,"averageStressLevelIntensity":11,"maxStressLevel":30,"stressIntensityCount":471,"stressOffWristCount":0,"stressTooActiveCount":0,"totalStressCount":471,"totalStressIntensity":27693,"stressDuration":180,"restDuration":28080,"activityDuration":0,"uncategorizedDuration":0,"totalDuration":28260,"lowDuration":180,"mediumDuration":0,"highDuration":0}]},"bodyBattery":{"userProfilePK":99730076,"calendarDate":{"date":"Nov 1, 2021 12:00:00 AM"},"chargedValue":80,"drainedValue":77,"bodyBatteryVersion":2.0,"bodyBatteryStatList":[{"bodyBatteryStatType":"HIGHEST","statsValue":97,"bodyBatteryStatus":"MEASURED","statTimestamp":{"date":"Nov 1, 2021 5:30:00 AM"}},{"bodyBatteryStatType":"LOWEST","statsValue":19,"bodyBatteryStatus":"MEASURED","statTimestamp":{"date":"Oct 31, 2021 10:01:00 PM"}},{"bodyBatteryStatType":"MOSTRECENT","statsValue":22,"bodyBatteryStatus":"MEASURED","statTimestamp":{"date":"Nov 1, 2021 10:00:00 PM"}},{"bodyBatteryStatType":"ENDOFDAY","statsValue":22,"bodyBatteryStatus":"MEASURED","statTimestamp":{"date":"Nov 1, 2021 9:49:00 PM"}}]},"minAvgHeartRate":50,"maxAvgHeartRate":142,"version":66000003,"hydration":{"userProfilePK":99730076,"calendarDate":{"date":"Nov 1, 2021 12:00:00 AM"},"valueInML":0.0,"activityIntakeInML":0.0,"goalInML":2839.058838,"capped":false,"sweatLossInML":378.0,"adjustedGoalInML":3217.058838,"lastEntryTimestampLocal":{"date":"Nov 1, 2021 12:22:45 PM"}},"respiration":{"userProfilePK":99730076,"calendarDate":{"date":"Nov 1, 2021 12:00:00 AM"},"avgWakingRespirationValue":14.0,"highestRespirationValue":20.0,"lowestRespirationValue":10.0,"latestRespirationValue":18.0,"latestRespirationTimeGMT":{"date":"Nov 1, 2021 10:00:00 PM"}}},{"userProfilePK":99730076,"calendarDate":{"date":"Nov 2, 2021 12:00:00 AM"},"uuid":"f217dc8bb60b4d1a904f7eaf373674dd","durationInMilliseconds":86400000,"totalKilocalories":2765.0,"activeKilocalories":851.0,"bmrKilocalories":1914.0,"wellnessKilocalories":2765.0,"remainingKilocalories":2765.0,"wellnessTotalKilocalories":2765.0,"wellnessActiveKilocalories":851.0,"totalSteps":16391,"dailyStepGoal":10880,"totalDistanceMeters":15263,"wellnessDistanceMeters":15263,"wellnessStartTimeGmt":{"date":"Nov 1, 2021 10:00:00 PM"},"wellnessEndTimeGmt":{"date":"Nov 2, 2021 10:00:00 PM"},"wellnessStartTimeLocal":{"date":"Nov 2, 2021 12:00:00 AM"},"wellnessEndTimeLocal":{"date":"Nov 3, 2021 12:00:00 AM"},"highlyActiveSeconds":9065,"activeSeconds":2722,"moderateIntensityMinutes":2,"vigorousIntensityMinutes":42,"userIntensityMinutesGoal":150,"userFloorsAscendedGoal":10,"minHeartRate":45,"maxHeartRate":180,"restingHeartRate":55,"currentDayRestingHeartRate":51,"restingHeartRateTimestamp":"Nov 2, 2021 10:00:00 PM","includesWellnessData":true,"includesActivityData":true,"includesCalorieConsumedData":false,"includesSingleMeasurement":false,"includesContinuousMeasurement":false,"includesAllDayPulseOx":false,"includesSleepPulseOx":false,"source":0,"allDayStress":{"userProfilePK":99730076,"calendarDate":{"date":"Nov 2, 2021 12:00:00 AM"},"aggregatorList":[{"type":"TOTAL","averageStressLevel":29,"averageStressLevelIntensity":23,"maxStressLevel":97,"stressIntensityCount":1219,"stressOffWristCount":51,"stressTooActiveCount":168,"totalStressCount":1438,"totalStressIntensity":13721,"stressDuration":30960,"restDuration":42180,"activityDuration":10080,"uncategorizedDuration":3060,"totalDuration":86280,"lowDuration":17520,"mediumDuration":10920,"highDuration":2520},{"type":"AWAKE","averageStressLevel":39,"averageStressLevelIntensity":34,"maxStressLevel":97,"stressIntensityCount":801,"stressOffWristCount":51,"stressTooActiveCount":165,"totalStressCount":1017,"totalStressIntensity":-10501,"stressDuration":30720,"restDuration":17340,"activityDuration":9900,"uncategorizedDuration":3060,"totalDuration":61020,"lowDuration":17280,"mediumDuration":10920,"highDuration":2520},{"type":"ASLEEP","averageStressLevel":10,"averageStressLevelIntensity":11,"maxStressLevel":36,"stressIntensityCount":418,"stressOffWristCount":0,"stressTooActiveCount":3,"totalStressCount":421,"totalStressIntensity":24222,"stressDuration":240,"restDuration":24840,"activityDuration":180,"uncategorizedDuration":0,"totalDuration":25260,"lowDuration":240,"mediumDuration":0,"highDuration":0}]},"bodyBattery":{"userProfilePK":99730076,"calendarDate":{"date":"Nov 2, 2021 12:00:00 AM"},"chargedValue":71,"drainedValue":72,"bodyBatteryVersion":2.0,"bodyBatteryStatList":[{"bodyBatteryStatType":"HIGHEST","statsValue":90,"bodyBatteryStatus":"MEASURED","statTimestamp":{"date":"Nov 2, 2021 4:21:00 AM"}},{"bodyBatteryStatType":"LOWEST","statsValue":18,"bodyBatteryStatus":"MEASURED","statTimestamp":{"date":"Nov 2, 2021 7:52:00 PM"}},{"bodyBatteryStatType":"MOSTRECENT","statsValue":21,"bodyBatteryStatus":"MEASURED","statTimestamp":{"date":"Nov 2, 2021 10:00:00 PM"}},{"bodyBatteryStatType":"ENDOFDAY","statsValue":20,"bodyBatteryStatus":"MEASURED","statTimestamp":{"date":"Nov 2, 2021 9:37:00 PM"}}]},"minAvgHeartRate":47,"maxAvgHeartRate":177,"version":69900003,"hydration":{"userProfilePK":99730076,"calendarDate":{"date":"Nov 2, 2021 12:00:00 AM"},"valueInML":0.0,"activityIntakeInML":0.0,"goalInML":2839.058838,"capped":false,"sweatLossInML":253.0,"adjustedGoalInML":3092.058838,"lastEntryTimestampLocal":{"date":"Nov 2, 2021 4:35:21 PM"}},"respiration":{"userProfilePK":99730076,"calendarDate":{"date":"Nov 2, 2021 12:00:00 AM"},"avgWakingRespirationValue":14.0,"highestRespirationValue":21.0,"lowestRespirationValue":11.0,"latestRespirationValue":14.0,"latestRespirationTimeGMT":{"date":"Nov 2, 2021 10:00:00 PM"}}},{"userProfilePK":99730076,"calendarDate":{"date":"Nov 3, 2021 12:00:00 AM"},"uuid":"6e612154e08143a49b06ab2d4bc16721","durationInMilliseconds":86400000,"totalKilocalories":2738.0,"activeKilocalories":824.0,"bmrKilocalories":1914.0,"wellnessKilocalories":2738.0,"remainingKilocalories":2738.0,"wellnessTotalKilocalories":2738.0,"wellnessActiveKilocalories":824.0,"totalSteps":14450,"dailyStepGoal":11990,"totalDistanceMeters":14068,"wellnessDistanceMeters":14068,"wellnessStartTimeGmt":{"date":"Nov 2, 2021 10:00:00 PM"},"wellnessEndTimeGmt":{"date":"Nov 3, 2021 10:00:00 PM"},"wellnessStartTimeLocal":{"date":"Nov 3, 2021 12:00:00 AM"},"wellnessEndTimeLocal":{"date":"Nov 4, 2021 12:00:00 AM"},"highlyActiveSeconds":8798,"activeSeconds":2980,"moderateIntensityMinutes":2,"vigorousIntensityMinutes":39,"userIntensityMinutesGoal":150,"userFloorsAscendedGoal":10,"minHeartRate":47,"maxHeartRate":175,"restingHeartRate":55,"currentDayRestingHeartRate":55,"restingHeartRateTimestamp":"Nov 3, 2021 10:00:00 PM","includesWellnessData":true,"includesActivityData":true,"includesCalorieConsumedData":false,"includesSingleMeasurement":false,"includesContinuousMeasurement":false,"includesAllDayPulseOx":false,"includesSleepPulseOx":false,"source":0,"allDayStress":{"userProfilePK":99730076,"calendarDate":{"date":"Nov 3, 2021 12:00:00 AM"},"aggregatorList":[{"type":"TOTAL","averageStressLevel":28,"averageStressLevelIntensity":22,"maxStressLevel":99,"stressIntensityCount":1185,"stressOffWristCount":55,"stressTooActiveCount":198,"totalStressCount":1438,"totalStressIntensity":14561,"stressDuration":25200,"restDuration":45900,"activityDuration":11880,"uncategorizedDuration":3300,"totalDuration":86280,"lowDuration":14520,"mediumDuration":7560,"highDuration":3120},{"type":"AWAKE","averageStressLevel":35,"averageStressLevelIntensity":28,"maxStressLevel":99,"stressIntensityCount":804,"stressOffWristCount":55,"stressTooActiveCount":197,"totalStressCount":1056,"totalStressIntensity":-3344,"stressDuration":24900,"restDuration":23340,"activityDuration":11820,"uncategorizedDuration":3300,"totalDuration":63360,"lowDuration":14220,"mediumDuration":7560,"highDuration":3120},{"type":"ASLEEP","averageStressLevel":13,"averageStressLevelIntensity":14,"maxStressLevel":45,"stressIntensityCount":381,"stressOffWristCount":0,"stressTooActiveCount":1,"totalStressCount":382,"totalStressIntensity":17905,"stressDuration":300,"restDuration":22560,"activityDuration":60,"uncategorizedDuration":0,"totalDuration":22920,"lowDuration":300,"mediumDuration":0,"highDuration":0}]},"bodyBattery":{"userProfilePK":99730076,"calendarDate":{"date":"Nov 3, 2021 12:00:00 AM"},"chargedValue":64,"drainedValue":71,"bodyBatteryVersion":2.0,"bodyBatteryStatList":[{"bodyBatteryStatType":"HIGHEST","statsValue":81,"bodyBatteryStatus":"MEASURED","statTimestamp":{"date":"Nov 3, 2021 4:10:00 AM"}},{"bodyBatteryStatType":"LOWEST","statsValue":14,"bodyBatteryStatus":"MEASURED","statTimestamp":{"date":"Nov 3, 2021 9:55:00 PM"}},{"bodyBatteryStatType":"MOSTRECENT","statsValue":14,"bodyBatteryStatus":"MEASURED","statTimestamp":{"date":"Nov 3, 2021 10:00:00 PM"}},{"bodyBatteryStatType":"ENDOFDAY","statsValue":14,"bodyBatteryStatus":"MEASURED","statTimestamp":{"date":"Nov 3, 2021 10:00:00 PM"}}]},"minAvgHeartRate":51,"maxAvgHeartRate":175,"version":85920003,"hydration":{"userProfilePK":99730076,"calendarDate":{"date":"Nov 3, 2021 12:00:00 AM"},"valueInML":0.0,"activityIntakeInML":0.0,"goalInML":2839.058838,"capped":false,"sweatLossInML":236.0,"adjustedGoalInML":3075.058838,"lastEntryTimestampLocal":{"date":"Nov 3, 2021 4:06:44 PM"}},"respiration":{"userProfilePK":99730076,"calendarDate":{"date":"Nov 3, 2021 12:00:00 AM"},"avgWakingRespirationValue":14.0,"highestRespirationValue":19.0,"lowestRespirationValue":10.0,"latestRespirationValue":15.0,"latestRespirationTimeGMT":{"date":"Nov 3, 2021 10:00:00 PM"}}},{"userProfilePK":99730076,"calendarDate":{"date":"Nov 4, 2021 12:00:00 AM"},"uuid":"51c47ae074204844b7ed83431da25257","durationInMilliseconds":86400000,"totalKilocalories":2589.0,"activeKilocalories":675.0,"bmrKilocalories":1914.0,"wellnessKilocalories":2589.0,"remainingKilocalories":2589.0,"wellnessTotalKilocalories":2589.0,"wellnessActiveKilocalories":675.0,"totalSteps":10873,"dailyStepGoal":12490,"totalDistanceMeters":8449,"wellnessDistanceMeters":8449,"wellnessStartTimeGmt":{"date":"Nov 3, 2021 10:00:00 PM"},"wellnessEndTimeGmt":{"date":"Nov 4, 2021 10:00:00 PM"},"wellnessStartTimeLocal":{"date":"Nov 4, 2021 12:00:00 AM"},"wellnessEndTimeLocal":{"date":"Nov 5, 2021 12:00:00 AM"},"highlyActiveSeconds":5755,"activeSeconds":6780,"moderateIntensityMinutes":48,"vigorousIntensityMinutes":4,"userIntensityMinutesGoal":150,"userFloorsAscendedGoal":10,"minHeartRate":49,"maxHeartRate":129,"restingHeartRate":55,"currentDayRestingHeartRate":54,"restingHeartRateTimestamp":"Nov 4, 2021 10:00:00 PM","includesWellnessData":true,"includesActivityData":true,"includesCalorieConsumedData":false,"includesSingleMeasurement":false,"includesContinuousMeasurement":false,"includesAllDayPulseOx":false,"includesSleepPulseOx":false,"source":0,"allDayStress":{"userProfilePK":99730076,"calendarDate":{"date":"Nov 4, 2021 12:00:00 AM"},"aggregatorList":[{"type":"TOTAL","averageStressLevel":28,"averageStressLevelIntensity":22,"maxStressLevel":96,"stressIntensityCount":1180,"stressOffWristCount":59,"stressTooActiveCount":201,"totalStressCount":1440,"totalStressIntensity":13800,"stressDuration":25980,"restDuration":44820,"activityDuration":12060,"uncategorizedDuration":3540,"totalDuration":86400,"lowDuration":16260,"mediumDuration":7020,"highDuration":2700},{"type":"AWAKE","averageStressLevel":39,"averageStressLevelIntensity":35,"maxStressLevel":96,"stressIntensityCount":643,"stressOffWristCount":59,"stressTooActiveCount":198,"totalStressCount":900,"totalStressIntensity":-9276,"stressDuration":25680,"restDuration":12900,"activityDuration":11880,"uncategorizedDuration":3540,"totalDuration":54000,"lowDuration":16020,"mediumDuration":6960,"highDuration":2700},{"type":"ASLEEP","averageStressLevel":14,"averageStressLevelIntensity":15,"maxStressLevel":65,"stressIntensityCount":537,"stressOffWristCount":0,"stressTooActiveCount":3,"totalStressCount":540,"totalStressIntensity":23076,"stressDuration":300,"restDuration":31920,"activityDuration":180,"uncategorizedDuration":0,"totalDuration":32400,"lowDuration":240,"mediumDuration":60,"highDuration":0}]},"bodyBattery":{"userProfilePK":99730076,"calendarDate":{"date":"Nov 4, 2021 12:00:00 AM"},"chargedValue":75,"drainedValue":64,"bodyBatteryVersion":2.0,"bodyBatteryStatList":[{"bodyBatteryStatType":"HIGHEST","statsValue":89,"bodyBatteryStatus":"MEASURED","statTimestamp":{"date":"Nov 4, 2021 6:42:00 AM"}},{"bodyBatteryStatType":"LOWEST","statsValue":14,"bodyBatteryStatus":"MEASURED","statTimestamp":{"date":"Nov 3, 2021 10:01:00 PM"}},{"bodyBatteryStatType":"MOSTRECENT","statsValue":25,"bodyBatteryStatus":"MEASURED","statTimestamp":{"date":"Nov 4, 2021 10:00:00 PM"}},{"bodyBatteryStatType":"ENDOFDAY","statsValue":25,"bodyBatteryStatus":"MEASURED","statTimestamp":{"date":"Nov 4, 2021 10:00:00 PM"}}]},"minAvgHeartRate":50,"maxAvgHeartRate":126,"version":83820003,"hydration":{"userProfilePK":99730076,"calendarDate":{"date":"Nov 4, 2021 12:00:00 AM"},"valueInML":0.0,"activityIntakeInML":0.0,"goalInML":2839.058838,"capped":false,"sweatLossInML":326.0,"adjustedGoalInML":3165.058838,"lastEntryTimestampLocal":{"date":"Nov 4, 2021 6:01:23 PM"}},"respiration":{"userProfilePK":99730076,"calendarDate":{"date":"Nov 4, 2021 12:00:00 AM"},"avgWakingRespirationValue":14.0,"highestRespirationValue":21.0,"lowestRespirationValue":10.0,"latestRespirationValue":14.0,"latestRespirationTimeGMT":{"date":"Nov 4, 2021 10:00:00 PM"}}},{"userProfilePK":99730076,"calendarDate":{"date":"Nov 5, 2021 12:00:00 AM"},"uuid":"b81dd4756ac14e55a1f3e7294f0c49db","durationInMilliseconds":86400000,"totalKilocalories":2390.0,"activeKilocalories":476.0,"bmrKilocalories":1914.0,"wellnessKilocalories":2390.0,"remainingKilocalories":2390.0,"wellnessTotalKilocalories":2390.0,"wellnessActiveKilocalories":476.0,"totalSteps":10963,"dailyStepGoal":12330,"totalDistanceMeters":8480,"wellnessDistanceMeters":8480,"wellnessStartTimeGmt":{"date":"Nov 4, 2021 10:00:00 PM"},"wellnessEndTimeGmt":{"date":"Nov 5, 2021 10:00:00 PM"},"wellnessStartTimeLocal":{"date":"Nov 5, 2021 12:00:00 AM"},"wellnessEndTimeLocal":{"date":"Nov 6, 2021 12:00:00 AM"},"highlyActiveSeconds":6804,"activeSeconds":5690,"moderateIntensityMinutes":0,"vigorousIntensityMinutes":0,"userIntensityMinutesGoal":150,"userFloorsAscendedGoal":10,"minHeartRate":50,"maxHeartRate":125,"restingHeartRate":55,"currentDayRestingHeartRate":54,"restingHeartRateTimestamp":"Nov 5, 2021 10:00:00 PM","includesWellnessData":true,"includesActivityData":false,"includesCalorieConsumedData":false,"includesSingleMeasurement":false,"includesContinuousMeasurement":false,"includesAllDayPulseOx":false,"includesSleepPulseOx":false,"source":0,"allDayStress":{"userProfilePK":99730076,"calendarDate":{"date":"Nov 5, 2021 12:00:00 AM"},"aggregatorList":[{"type":"TOTAL","averageStressLevel":26,"averageStressLevelIntensity":21,"maxStressLevel":90,"stressIntensityCount":1030,"stressOffWristCount":186,"stressTooActiveCount":223,"totalStressCount":1439,"totalStressIntensity":16231,"stressDuration":23460,"restDuration":38340,"activityDuration":13380,"uncategorizedDuration":11160,"totalDuration":86340,"lowDuration":16140,"mediumDuration":6540,"highDuration":780},{"type":"AWAKE","averageStressLevel":35,"averageStressLevelIntensity":30,"maxStressLevel":90,"stressIntensityCount":619,"stressOffWristCount":186,"stressTooActiveCount":221,"totalStressCount":1026,"totalStressIntensity":-4460,"stressDuration":22740,"restDuration":14400,"activityDuration":13260,"uncategorizedDuration":11160,"totalDuration":61560,"lowDuration":15420,"mediumDuration":6540,"highDuration":780},{"type":"ASLEEP","averageStressLevel":12,"averageStressLevelIntensity":13,"maxStressLevel":49,"stressIntensityCount":411,"stressTooActiveCount":2,"totalStressCount":413,"totalStressIntensity":20691,"stressDuration":720,"restDuration":23940,"activityDuration":120,"totalDuration":24780,"lowDuration":720}]},"bodyBattery":{"userProfilePK":99730076,"calendarDate":{"date":"Nov 5, 2021 12:00:00 AM"},"chargedValue":70,"drainedValue":71,"bodyBatteryVersion":2.0,"bodyBatteryStatList":[{"bodyBatteryStatType":"HIGHEST","statsValue":86,"bodyBatteryStatus":"MEASURED","statTimestamp":{"date":"Nov 5, 2021 6:22:00 AM"}},{"bodyBatteryStatType":"LOWEST","statsValue":20,"bodyBatteryStatus":"MEASURED","statTimestamp":{"date":"Nov 4, 2021 11:39:00 PM"}},{"bodyBatteryStatType":"MOSTRECENT","statsValue":24,"bodyBatteryStatus":"MEASURED","statTimestamp":{"date":"Nov 5, 2021 10:00:00 PM"}},{"bodyBatteryStatType":"ENDOFDAY","statsValue":24,"bodyBatteryStatus":"MEASURED","statTimestamp":{"date":"Nov 5, 2021 10:00:00 PM"}}]},"minAvgHeartRate":51,"maxAvgHeartRate":123,"version":74700003,"respiration":{"userProfilePK":99730076,"calendarDate":{"date":"Nov 5, 2021 12:00:00 AM"},"avgWakingRespirationValue":14.0,"highestRespirationValue":21.0,"lowestRespirationValue":12.0,"latestRespirationValue":20.0,"latestRespirationTimeGMT":{"date":"Nov 5, 2021 10:00:00 PM"}}},{"userProfilePK":99730076,"calendarDate":{"date":"Nov 6, 2021 12:00:00 AM"},"uuid":"04b15eec67774c52a7de3b9c6c8d7836","durationInMilliseconds":86400000,"totalKilocalories":2831.0,"activeKilocalories":917.0,"bmrKilocalories":1914.0,"wellnessKilocalories":2831.0,"remainingKilocalories":2831.0,"wellnessTotalKilocalories":2831.0,"wellnessActiveKilocalories":917.0,"totalSteps":15059,"dailyStepGoal":12060,"totalDistanceMeters":14815,"wellnessDistanceMeters":14815,"wellnessStartTimeGmt":{"date":"Nov 5, 2021 10:00:00 PM"},"wellnessEndTimeGmt":{"date":"Nov 6, 2021 10:00:00 PM"},"wellnessStartTimeLocal":{"date":"Nov 6, 2021 12:00:00 AM"},"wellnessEndTimeLocal":{"date":"Nov 7, 2021 12:00:00 AM"},"highlyActiveSeconds":6315,"activeSeconds":4275,"moderateIntensityMinutes":4,"vigorousIntensityMinutes":61,"userIntensityMinutesGoal":150,"userFloorsAscendedGoal":10,"minHeartRate":48,"maxHeartRate":172,"restingHeartRate":54,"currentDayRestingHeartRate":51,"restingHeartRateTimestamp":"Nov 6, 2021 10:00:00 PM","includesWellnessData":true,"includesActivityData":true,"includesCalorieConsumedData":false,"includesSingleMeasurement":false,"includesContinuousMeasurement":false,"includesAllDayPulseOx":false,"includesSleepPulseOx":false,"source":0,"allDayStress":{"userProfilePK":99730076,"calendarDate":{"date":"Nov 6, 2021 12:00:00 AM"},"aggregatorList":[{"type":"TOTAL","averageStressLevel":25,"averageStressLevelIntensity":20,"maxStressLevel":99,"stressIntensityCount":1151,"stressOffWristCount":50,"stressTooActiveCount":237,"totalStressCount":1438,"totalStressIntensity":22849,"stressDuration":18660,"restDuration":50400,"activityDuration":14220,"uncategorizedDuration":3000,"totalDuration":86280,"lowDuration":9600,"mediumDuration":6540,"highDuration":2520},{"type":"AWAKE","averageStressLevel":34,"averageStressLevelIntensity":27,"maxStressLevel":99,"stressIntensityCount":653,"stressOffWristCount":50,"stressTooActiveCount":236,"totalStressCount":939,"totalStressIntensity":-1697,"stressDuration":17580,"restDuration":21600,"activityDuration":14160,"uncategorizedDuration":3000,"totalDuration":56340,"lowDuration":8580,"mediumDuration":6480,"highDuration":2520},{"type":"ASLEEP","averageStressLevel":13,"averageStressLevelIntensity":13,"maxStressLevel":51,"stressIntensityCount":498,"stressTooActiveCount":1,"totalStressCount":499,"totalStressIntensity":24546,"stressDuration":1080,"restDuration":28800,"activityDuration":60,"totalDuration":29940,"lowDuration":1020,"mediumDuration":60}]},"bodyBattery":{"userProfilePK":99730076,"calendarDate":{"date":"Nov 6, 2021 12:00:00 AM"},"chargedValue":74,"drainedValue":76,"bodyBatteryVersion":2.0,"bodyBatteryStatList":[{"bodyBatteryStatType":"HIGHEST","statsValue":98,"bodyBatteryStatus":"MEASURED","statTimestamp":{"date":"Nov 6, 2021 7:49:00 AM"}},{"bodyBatteryStatType":"LOWEST","statsValue":22,"bodyBatteryStatus":"MEASURED","statTimestamp":{"date":"Nov 6, 2021 9:26:00 PM"}},{"bodyBatteryStatType":"MOSTRECENT","statsValue":22,"bodyBatteryStatus":"MEASURED","statTimestamp":{"date":"Nov 6, 2021 10:00:00 PM"}},{"bodyBatteryStatType":"ENDOFDAY","statsValue":22,"bodyBatteryStatus":"MEASURED","statTimestamp":{"date":"Nov 6, 2021 9:41:00 PM"}}]},"minAvgHeartRate":49,"maxAvgHeartRate":170,"version":79260003,"hydration":{"userProfilePK":99730076,"calendarDate":{"date":"Nov 6, 2021 12:00:00 AM"},"valueInML":0.0,"activityIntakeInML":0.0,"goalInML":2839.058838,"capped":false,"sweatLossInML":360.0,"adjustedGoalInML":3199.058838,"lastEntryTimestampLocal":{"date":"Nov 6, 2021 6:43:25 PM"}},"respiration":{"userProfilePK":99730076,"calendarDate":{"date":"Nov 6, 2021 12:00:00 AM"},"avgWakingRespirationValue":14.0,"highestRespirationValue":22.0,"lowestRespirationValue":9.0,"latestRespirationValue":18.0,"latestRespirationTimeGMT":{"date":"Nov 6, 2021 10:00:00 PM"}}},{"userProfilePK":99730076,"calendarDate":{"date":"Nov 7, 2021 12:00:00 AM"},"uuid":"99cf8a96a1064a71b94557b822773363","durationInMilliseconds":86400000,"totalKilocalories":2512.0,"activeKilocalories":598.0,"bmrKilocalories":1914.0,"wellnessKilocalories":2512.0,"remainingKilocalories":2512.0,"wellnessTotalKilocalories":2512.0,"wellnessActiveKilocalories":598.0,"totalSteps":7114,"dailyStepGoal":12360,"totalDistanceMeters":5503,"wellnessDistanceMeters":5503,"wellnessStartTimeGmt":{"date":"Nov 6, 2021 10:00:00 PM"},"wellnessEndTimeGmt":{"date":"Nov 7, 2021 10:00:00 PM"},"wellnessStartTimeLocal":{"date":"Nov 7, 2021 12:00:00 AM"},"wellnessEndTimeLocal":{"date":"Nov 8, 2021 12:00:00 AM"},"highlyActiveSeconds":3900,"activeSeconds":4559,"moderateIntensityMinutes":43,"vigorousIntensityMinutes":17,"userIntensityMinutesGoal":150,"userFloorsAscendedGoal":10,"minHeartRate":52,"maxHeartRate":139,"restingHeartRate":53,"currentDayRestingHeartRate":55,"restingHeartRateTimestamp":"Nov 7, 2021 10:00:00 PM","includesWellnessData":true,"includesActivityData":true,"includesCalorieConsumedData":false,"includesSingleMeasurement":false,"includesContinuousMeasurement":false,"includesAllDayPulseOx":false,"includesSleepPulseOx":false,"source":0,"allDayStress":{"userProfilePK":99730076,"calendarDate":{"date":"Nov 7, 2021 12:00:00 AM"},"aggregatorList":[{"type":"TOTAL","averageStressLevel":26,"averageStressLevelIntensity":23,"maxStressLevel":97,"stressIntensityCount":1144,"stressOffWristCount":121,"stressTooActiveCount":170,"totalStressCount":1435,"totalStressIntensity":10578,"stressDuration":24480,"restDuration":44160,"activityDuration":10200,"uncategorizedDuration":7260,"totalDuration":86100,"lowDuration":18900,"mediumDuration":4800,"highDuration":780},{"type":"AWAKE","averageStressLevel":32,"averageStressLevelIntensity":27,"maxStressLevel":97,"stressIntensityCount":603,"stressOffWristCount":121,"stressTooActiveCount":169,"totalStressCount":893,"totalStressIntensity":-1578,"stressDuration":18900,"restDuration":17280,"activityDuration":10140,"uncategorizedDuration":7260,"totalDuration":53580,"lowDuration":13440,"mediumDuration":4680,"highDuration":780},{"type":"ASLEEP","averageStressLevel":20,"averageStressLevelIntensity":20,"maxStressLevel":54,"stressIntensityCount":541,"stressTooActiveCount":1,"totalStressCount":542,"totalStressIntensity":12156,"stressDuration":5580,"restDuration":26880,"activityDuration":60,"totalDuration":32520,"lowDuration":5460,"mediumDuration":120}]},"bodyBattery":{"userProfilePK":99730076,"calendarDate":{"date":"Nov 7, 2021 12:00:00 AM"},"chargedValue":58,"drainedValue":50,"bodyBatteryVersion":2.0,"bodyBatteryStatList":[{"bodyBatteryStatType":"HIGHEST","statsValue":76,"bodyBatteryStatus":"MEASURED","statTimestamp":{"date":"Nov 7, 2021 6:57:00 AM"}},{"bodyBatteryStatType":"LOWEST","statsValue":22,"bodyBatteryStatus":"MEASURED","statTimestamp":{"date":"Nov 6, 2021 10:01:00 PM"}},{"bodyBatteryStatType":"MOSTRECENT","statsValue":30,"bodyBatteryStatus":"MEASURED","statTimestamp":{"date":"Nov 7, 2021 10:00:00 PM"}},{"bodyBatteryStatType":"ENDOFDAY","statsValue":30,"bodyBatteryStatus":"MEASURED","statTimestamp":{"date":"Nov 7, 2021 10:00:00 PM"}}]},"minAvgHeartRate":53,"maxAvgHeartRate":138,"version":83520003,"hydration":{"userProfilePK":99730076,"calendarDate":{"date":"Nov 7, 2021 12:00:00 AM"},"valueInML":0.0,"activityIntakeInML":0.0,"goalInML":2839.058838,"capped":false,"sweatLossInML":346.0,"adjustedGoalInML":3185.058838,"lastEntryTimestampLocal":{"date":"Nov 7, 2021 4:46:12 PM"}},"respiration":{"userProfilePK":99730076,"calendarDate":{"date":"Nov 7, 2021 12:00:00 AM"},"avgWakingRespirationValue":14.0,"highestRespirationValue":20.0,"lowestRespirationValue":12.0,"latestRespirationValue":19.0,"latestRespirationTimeGMT":{"date":"Nov 7, 2021 9:59:00 PM"}}},{"userProfilePK":99730076,"calendarDate":{"date":"Nov 8, 2021 12:00:00 AM"},"uuid":"96f61542f36645328b0ec98f6933840b","durationInMilliseconds":86400000,"totalKilocalories":2854.0,"activeKilocalories":940.0,"bmrKilocalories":1914.0,"wellnessKilocalories":2854.0,"remainingKilocalories":2854.0,"wellnessTotalKilocalories":2854.0,"wellnessActiveKilocalories":940.0,"totalSteps":18328,"dailyStepGoal":11840,"totalDistanceMeters":16139,"wellnessDistanceMeters":16139,"wellnessStartTimeGmt":{"date":"Nov 7, 2021 10:00:00 PM"},"wellnessEndTimeGmt":{"date":"Nov 8, 2021 10:00:00 PM"},"wellnessStartTimeLocal":{"date":"Nov 8, 2021 12:00:00 AM"},"wellnessEndTimeLocal":{"date":"Nov 9, 2021 12:00:00 AM"},"highlyActiveSeconds":10515,"activeSeconds":3648,"moderateIntensityMinutes":1,"vigorousIntensityMinutes":42,"userIntensityMinutesGoal":150,"userFloorsAscendedGoal":10,"minHeartRate":49,"maxHeartRate":166,"restingHeartRate":53,"currentDayRestingHeartRate":53,"restingHeartRateTimestamp":"Nov 8, 2021 10:00:00 PM","includesWellnessData":true,"includesActivityData":true,"includesCalorieConsumedData":false,"includesSingleMeasurement":false,"includesContinuousMeasurement":false,"includesAllDayPulseOx":false,"includesSleepPulseOx":false,"source":0,"allDayStress":{"userProfilePK":99730076,"calendarDate":{"date":"Nov 8, 2021 12:00:00 AM"},"aggregatorList":[{"type":"TOTAL","averageStressLevel":29,"averageStressLevelIntensity":23,"maxStressLevel":98,"stressIntensityCount":1155,"stressOffWristCount":57,"stressTooActiveCount":226,"totalStressCount":1438,"totalStressIntensity":10910,"stressDuration":26580,"restDuration":42720,"activityDuration":13560,"uncategorizedDuration":3420,"totalDuration":86280,"lowDuration":15060,"mediumDuration":9420,"highDuration":2100},{"type":"AWAKE","averageStressLevel":37,"averageStressLevelIntensity":32,"maxStressLevel":98,"stressIntensityCount":716,"stressOffWristCount":57,"stressTooActiveCount":222,"totalStressCount":995,"totalStressIntensity":-7107,"stressDuration":25800,"restDuration":17160,"activityDuration":13320,"uncategorizedDuration":3420,"totalDuration":59700,"lowDuration":14340,"mediumDuration":9360,"highDuration":2100},{"type":"ASLEEP","averageStressLevel":15,"averageStressLevelIntensity":15,"maxStressLevel":53,"stressIntensityCount":439,"stressTooActiveCount":4,"totalStressCount":443,"totalStressIntensity":18017,"stressDuration":780,"restDuration":25560,"activityDuration":240,"totalDuration":26580,"lowDuration":720,"mediumDuration":60}]},"bodyBattery":{"userProfilePK":99730076,"calendarDate":{"date":"Nov 8, 2021 12:00:00 AM"},"chargedValue":61,"drainedValue":67,"bodyBatteryVersion":2.0,"bodyBatteryStatList":[{"bodyBatteryStatType":"HIGHEST","statsValue":82,"bodyBatteryStatus":"MEASURED","statTimestamp":{"date":"Nov 8, 2021 4:18:00 AM"}},{"bodyBatteryStatType":"LOWEST","statsValue":15,"bodyBatteryStatus":"MEASURED","statTimestamp":{"date":"Nov 8, 2021 8:31:00 PM"}},{"bodyBatteryStatType":"MOSTRECENT","statsValue":24,"bodyBatteryStatus":"MEASURED","statTimestamp":{"date":"Nov 8, 2021 10:00:00 PM"}},{"bodyBatteryStatType":"ENDOFDAY","statsValue":19,"bodyBatteryStatus":"MEASURED","statTimestamp":{"date":"Nov 8, 2021 9:07:00 PM"}}]},"minAvgHeartRate":50,"maxAvgHeartRate":163,"version":80160003,"hydration":{"userProfilePK":99730076,"calendarDate":{"date":"Nov 8, 2021 12:00:00 AM"},"valueInML":0.0,"activityIntakeInML":0.0,"goalInML":2839.058838,"capped":false,"sweatLossInML":243.0,"adjustedGoalInML":3082.058838,"lastEntryTimestampLocal":{"date":"Nov 8, 2021 4:32:38 PM"}},"respiration":{"userProfilePK":99730076,"calendarDate":{"date":"Nov 8, 2021 12:00:00 AM"},"avgWakingRespirationValue":14.0,"highestRespirationValue":22.0,"lowestRespirationValue":11.0,"latestRespirationValue":18.0,"latestRespirationTimeGMT":{"date":"Nov 8, 2021 10:00:00 PM"}}},{"userProfilePK":99730076,"calendarDate":{"date":"Nov 9, 2021 12:00:00 AM"},"uuid":"42ba767bfbb841bab82e6c83281fee32","durationInMilliseconds":86400000,"totalKilocalories":2522.0,"activeKilocalories":608.0,"bmrKilocalories":1914.0,"wellnessKilocalories":2522.0,"remainingKilocalories":2522.0,"wellnessTotalKilocalories":2522.0,"wellnessActiveKilocalories":608.0,"totalSteps":11708,"dailyStepGoal":12490,"totalDistanceMeters":10992,"wellnessDistanceMeters":10992,"wellnessStartTimeGmt":{"date":"Nov 8, 2021 10:00:00 PM"},"wellnessEndTimeGmt":{"date":"Nov 9, 2021 10:00:00 PM"},"wellnessStartTimeLocal":{"date":"Nov 9, 2021 12:00:00 AM"},"wellnessEndTimeLocal":{"date":"Nov 10, 2021 12:00:00 AM"},"highlyActiveSeconds":6545,"activeSeconds":3026,"moderateIntensityMinutes":1,"vigorousIntensityMinutes":28,"userIntensityMinutesGoal":150,"userFloorsAscendedGoal":10,"minHeartRate":49,"maxHeartRate":180,"restingHeartRate":54,"currentDayRestingHeartRate":53,"restingHeartRateTimestamp":"Nov 9, 2021 10:00:00 PM","includesWellnessData":true,"includesActivityData":true,"includesCalorieConsumedData":false,"includesSingleMeasurement":false,"includesContinuousMeasurement":false,"includesAllDayPulseOx":false,"includesSleepPulseOx":false,"source":0,"allDayStress":{"userProfilePK":99730076,"calendarDate":{"date":"Nov 9, 2021 12:00:00 AM"},"aggregatorList":[{"type":"TOTAL","averageStressLevel":23,"averageStressLevelIntensity":20,"maxStressLevel":90,"stressIntensityCount":1235,"stressOffWristCount":47,"stressTooActiveCount":157,"totalStressCount":1439,"totalStressIntensity":28204,"stressDuration":19560,"restDuration":54540,"activityDuration":9420,"uncategorizedDuration":2820,"totalDuration":86340,"lowDuration":13260,"mediumDuration":5460,"highDuration":840},{"type":"AWAKE","averageStressLevel":30,"averageStressLevelIntensity":25,"maxStressLevel":90,"stressIntensityCount":697,"stressOffWristCount":47,"stressTooActiveCount":152,"totalStressCount":896,"totalStressIntensity":957,"stressDuration":19080,"restDuration":22740,"activityDuration":9120,"uncategorizedDuration":2820,"totalDuration":53760,"lowDuration":12780,"mediumDuration":5460,"highDuration":840},{"type":"ASLEEP","averageStressLevel":12,"averageStressLevelIntensity":13,"maxStressLevel":40,"stressIntensityCount":538,"stressTooActiveCount":5,"totalStressCount":543,"totalStressIntensity":27247,"stressDuration":480,"restDuration":31800,"activityDuration":300,"totalDuration":32580,"lowDuration":480}]},"bodyBattery":{"userProfilePK":99730076,"calendarDate":{"date":"Nov 9, 2021 12:00:00 AM"},"chargedValue":85,"drainedValue":62,"bodyBatteryVersion":2.0,"bodyBatteryStatList":[{"bodyBatteryStatType":"HIGHEST","statsValue":91,"bodyBatteryStatus":"MEASURED","statTimestamp":{"date":"Nov 9, 2021 4:32:00 AM"}},{"bodyBatteryStatType":"LOWEST","statsValue":24,"bodyBatteryStatus":"MEASURED","statTimestamp":{"date":"Nov 8, 2021 10:01:00 PM"}},{"bodyBatteryStatType":"MOSTRECENT","statsValue":47,"bodyBatteryStatus":"MEASURED","statTimestamp":{"date":"Nov 9, 2021 10:00:00 PM"}},{"bodyBatteryStatType":"ENDOFDAY","statsValue":31,"bodyBatteryStatus":"MEASURED","statTimestamp":{"date":"Nov 9, 2021 7:42:00 PM"}}]},"minAvgHeartRate":50,"maxAvgHeartRate":178,"version":64860002,"hydration":{"userProfilePK":99730076,"calendarDate":{"date":"Nov 9, 2021 12:00:00 AM"},"valueInML":0.0,"activityIntakeInML":0.0,"goalInML":2839.058838,"capped":false,"sweatLossInML":167.0,"adjustedGoalInML":3006.058838,"lastEntryTimestampLocal":{"date":"Nov 9, 2021 4:53:24 PM"}},"respiration":{"userProfilePK":99730076,"calendarDate":{"date":"Nov 9, 2021 12:00:00 AM"},"avgWakingRespirationValue":14.0,"highestRespirationValue":19.0,"lowestRespirationValue":12.0,"latestRespirationValue":16.0,"latestRespirationTimeGMT":{"date":"Nov 9, 2021 10:00:00 PM"}}},{"userProfilePK":99730076,"calendarDate":{"date":"Nov 10, 2021 12:00:00 AM"},"uuid":"bb0fbb20c62a419e9e869d097c1c3df3","durationInMilliseconds":86400000,"totalKilocalories":2713.0,"activeKilocalories":799.0,"bmrKilocalories":1914.0,"wellnessKilocalories":2713.0,"remainingKilocalories":2713.0,"wellnessTotalKilocalories":2713.0,"wellnessActiveKilocalories":799.0,"totalSteps":15262,"dailyStepGoal":12420,"totalDistanceMeters":14988,"wellnessDistanceMeters":14988,"wellnessStartTimeGmt":{"date":"Nov 9, 2021 10:00:00 PM"},"wellnessEndTimeGmt":{"date":"Nov 10, 2021 10:00:00 PM"},"wellnessStartTimeLocal":{"date":"Nov 10, 2021 12:00:00 AM"},"wellnessEndTimeLocal":{"date":"Nov 11, 2021 12:00:00 AM"},"highlyActiveSeconds":7365,"activeSeconds":2945,"moderateIntensityMinutes":2,"vigorousIntensityMinutes":39,"userIntensityMinutesGoal":150,"userFloorsAscendedGoal":10,"minHeartRate":48,"maxHeartRate":175,"restingHeartRate":53,"currentDayRestingHeartRate":52,"restingHeartRateTimestamp":"Nov 10, 2021 10:00:00 PM","includesWellnessData":true,"includesActivityData":true,"includesCalorieConsumedData":false,"includesSingleMeasurement":false,"includesContinuousMeasurement":false,"includesAllDayPulseOx":false,"includesSleepPulseOx":false,"source":0,"allDayStress":{"userProfilePK":99730076,"calendarDate":{"date":"Nov 10, 2021 12:00:00 AM"},"aggregatorList":[{"type":"TOTAL","averageStressLevel":27,"averageStressLevelIntensity":22,"maxStressLevel":97,"stressIntensityCount":1182,"stressOffWristCount":89,"stressTooActiveCount":167,"totalStressCount":1438,"totalStressIntensity":17718,"stressDuration":31200,"restDuration":39720,"activityDuration":10020,"uncategorizedDuration":5340,"totalDuration":86280,"lowDuration":21360,"mediumDuration":7920,"highDuration":1920},{"type":"AWAKE","averageStressLevel":37,"averageStressLevelIntensity":33,"maxStressLevel":97,"stressIntensityCount":790,"stressOffWristCount":89,"stressTooActiveCount":167,"totalStressCount":1046,"totalStressIntensity":-8903,"stressDuration":31020,"restDuration":16380,"activityDuration":10020,"uncategorizedDuration":5340,"totalDuration":62760,"lowDuration":21180,"mediumDuration":7920,"highDuration":1920},{"type":"ASLEEP","averageStressLevel":8,"averageStressLevelIntensity":8,"maxStressLevel":30,"stressIntensityCount":392,"totalStressCount":392,"totalStressIntensity":26621,"stressDuration":180,"restDuration":23340,"totalDuration":23520,"lowDuration":180}]},"bodyBattery":{"userProfilePK":99730076,"calendarDate":{"date":"Nov 10, 2021 12:00:00 AM"},"chargedValue":55,"drainedValue":82,"bodyBatteryVersion":2.0,"bodyBatteryStatList":[{"bodyBatteryStatType":"HIGHEST","statsValue":100,"bodyBatteryStatus":"MEASURED","statTimestamp":{"date":"Nov 10, 2021 3:16:00 AM"}},{"bodyBatteryStatType":"LOWEST","statsValue":20,"bodyBatteryStatus":"MEASURED","statTimestamp":{"date":"Nov 10, 2021 9:07:00 PM"}},{"bodyBatteryStatType":"MOSTRECENT","statsValue":20,"bodyBatteryStatus":"MEASURED","statTimestamp":{"date":"Nov 10, 2021 10:00:00 PM"}},{"bodyBatteryStatType":"ENDOFDAY","statsValue":20,"bodyBatteryStatus":"MEASURED","statTimestamp":{"date":"Nov 10, 2021 10:00:00 PM"}}]},"minAvgHeartRate":50,"maxAvgHeartRate":174,"version":82440003,"hydration":{"userProfilePK":99730076,"calendarDate":{"date":"Nov 10, 2021 12:00:00 AM"},"valueInML":0.0,"activityIntakeInML":0.0,"goalInML":2839.058838,"capped":false,"sweatLossInML":225.0,"adjustedGoalInML":3064.058838,"lastEntryTimestampLocal":{"date":"Nov 10, 2021 6:02:45 PM"}},"respiration":{"userProfilePK":99730076,"calendarDate":{"date":"Nov 10, 2021 12:00:00 AM"},"avgWakingRespirationValue":14.0,"highestRespirationValue":18.0,"lowestRespirationValue":10.0,"latestRespirationValue":12.0,"latestRespirationTimeGMT":{"date":"Nov 10, 2021 10:00:00 PM"}}},{"userProfilePK":99730076,"calendarDate":{"date":"Nov 11, 2021 12:00:00 AM"},"uuid":"5de63cc984ea4fcf8ba2b20892201910","durationInMilliseconds":86400000,"totalKilocalories":2674.0,"activeKilocalories":760.0,"bmrKilocalories":1914.0,"wellnessKilocalories":2674.0,"remainingKilocalories":2674.0,"wellnessTotalKilocalories":2674.0,"wellnessActiveKilocalories":760.0,"totalSteps":8319,"dailyStepGoal":12710,"totalDistanceMeters":6480,"wellnessDistanceMeters":6480,"wellnessStartTimeGmt":{"date":"Nov 10, 2021 10:00:00 PM"},"wellnessEndTimeGmt":{"date":"Nov 11, 2021 10:00:00 PM"},"wellnessStartTimeLocal":{"date":"Nov 11, 2021 12:00:00 AM"},"wellnessEndTimeLocal":{"date":"Nov 12, 2021 12:00:00 AM"},"highlyActiveSeconds":5115,"activeSeconds":6906,"moderateIntensityMinutes":68,"vigorousIntensityMinutes":21,"userIntensityMinutesGoal":150,"userFloorsAscendedGoal":10,"minHeartRate":50,"maxHeartRate":151,"restingHeartRate":53,"currentDayRestingHeartRate":55,"restingHeartRateTimestamp":"Nov 11, 2021 10:00:00 PM","includesWellnessData":true,"includesActivityData":true,"includesCalorieConsumedData":false,"includesSingleMeasurement":false,"includesContinuousMeasurement":false,"includesAllDayPulseOx":false,"includesSleepPulseOx":false,"source":0,"allDayStress":{"userProfilePK":99730076,"calendarDate":{"date":"Nov 11, 2021 12:00:00 AM"},"aggregatorList":[{"type":"TOTAL","averageStressLevel":29,"averageStressLevelIntensity":24,"maxStressLevel":90,"stressIntensityCount":1137,"stressOffWristCount":66,"stressTooActiveCount":235,"totalStressCount":1438,"totalStressIntensity":5705,"stressDuration":28380,"restDuration":39840,"activityDuration":14100,"uncategorizedDuration":3960,"totalDuration":86280,"lowDuration":18840,"mediumDuration":8400,"highDuration":1140},{"type":"AWAKE","averageStressLevel":38,"averageStressLevelIntensity":36,"maxStressLevel":90,"stressIntensityCount":653,"stressOffWristCount":66,"stressTooActiveCount":234,"totalStressCount":953,"totalStressIntensity":-9614,"stressDuration":26760,"restDuration":12420,"activityDuration":14040,"uncategorizedDuration":3960,"totalDuration":57180,"lowDuration":17220,"mediumDuration":8400,"highDuration":1140},{"type":"ASLEEP","averageStressLevel":17,"averageStressLevelIntensity":17,"maxStressLevel":42,"stressIntensityCount":484,"stressTooActiveCount":1,"totalStressCount":485,"totalStressIntensity":15319,"stressDuration":1620,"restDuration":27420,"activityDuration":60,"totalDuration":29100,"lowDuration":1620}]},"bodyBattery":{"userProfilePK":99730076,"calendarDate":{"date":"Nov 11, 2021 12:00:00 AM"},"chargedValue":60,"drainedValue":63,"bodyBatteryVersion":2.0,"bodyBatteryStatList":[{"bodyBatteryStatType":"HIGHEST","statsValue":78,"bodyBatteryStatus":"MEASURED","statTimestamp":{"date":"Nov 11, 2021 6:21:00 AM"}},{"bodyBatteryStatType":"LOWEST","statsValue":17,"bodyBatteryStatus":"MEASURED","statTimestamp":{"date":"Nov 11, 2021 9:50:00 PM"}},{"bodyBatteryStatType":"MOSTRECENT","statsValue":17,"bodyBatteryStatus":"MEASURED","statTimestamp":{"date":"Nov 11, 2021 10:00:00 PM"}},{"bodyBatteryStatType":"ENDOFDAY","statsValue":17,"bodyBatteryStatus":"MEASURED","statTimestamp":{"date":"Nov 11, 2021 10:00:00 PM"}}]},"minAvgHeartRate":51,"maxAvgHeartRate":141,"version":64980003,"hydration":{"userProfilePK":99730076,"calendarDate":{"date":"Nov 11, 2021 12:00:00 AM"},"valueInML":0.0,"activityIntakeInML":0.0,"goalInML":2839.058838,"capped":false,"sweatLossInML":536.0,"adjustedGoalInML":3375.058838,"lastEntryTimestampLocal":{"date":"Nov 11, 2021 4:34:07 PM"}},"respiration":{"userProfilePK":99730076,"calendarDate":{"date":"Nov 11, 2021 12:00:00 AM"},"avgWakingRespirationValue":14.0,"highestRespirationValue":20.0,"lowestRespirationValue":11.0,"latestRespirationValue":13.0,"latestRespirationTimeGMT":{"date":"Nov 11, 2021 9:55:00 PM"}}},{"userProfilePK":99730076,"calendarDate":{"date":"Nov 12, 2021 12:00:00 AM"},"uuid":"98276e1e08ed4982bbab5115400ec9a3","durationInMilliseconds":86400000,"totalKilocalories":2299.0,"activeKilocalories":385.0,"bmrKilocalories":1914.0,"wellnessKilocalories":2299.0,"remainingKilocalories":2299.0,"wellnessTotalKilocalories":2299.0,"wellnessActiveKilocalories":385.0,"totalSteps":10701,"dailyStepGoal":12270,"totalDistanceMeters":8157,"wellnessDistanceMeters":8157,"wellnessStartTimeGmt":{"date":"Nov 11, 2021 10:00:00 PM"},"wellnessEndTimeGmt":{"date":"Nov 12, 2021 10:00:00 PM"},"wellnessStartTimeLocal":{"date":"Nov 12, 2021 12:00:00 AM"},"wellnessEndTimeLocal":{"date":"Nov 13, 2021 12:00:00 AM"},"highlyActiveSeconds":6820,"activeSeconds":5779,"moderateIntensityMinutes":6,"vigorousIntensityMinutes":2,"userIntensityMinutesGoal":150,"userFloorsAscendedGoal":10,"minHeartRate":46,"maxHeartRate":116,"restingHeartRate":53,"currentDayRestingHeartRate":55,"restingHeartRateTimestamp":"Nov 12, 2021 10:00:00 PM","includesWellnessData":true,"includesActivityData":false,"includesCalorieConsumedData":false,"includesSingleMeasurement":false,"includesContinuousMeasurement":false,"includesAllDayPulseOx":false,"includesSleepPulseOx":false,"source":0,"allDayStress":{"userProfilePK":99730076,"calendarDate":{"date":"Nov 12, 2021 12:00:00 AM"},"aggregatorList":[{"type":"TOTAL","averageStressLevel":27,"averageStressLevelIntensity":23,"maxStressLevel":96,"stressIntensityCount":1193,"stressOffWristCount":44,"stressTooActiveCount":201,"totalStressCount":1438,"totalStressIntensity":9933,"stressDuration":31680,"restDuration":39900,"activityDuration":12060,"uncategorizedDuration":2640,"totalDuration":86280,"lowDuration":26460,"mediumDuration":4140,"highDuration":1080},{"type":"AWAKE","averageStressLevel":32,"averageStressLevelIntensity":28,"maxStressLevel":96,"stressIntensityCount":786,"stressOffWristCount":44,"stressTooActiveCount":197,"totalStressCount":1027,"totalStressIntensity":-2843,"stressDuration":27420,"restDuration":19740,"activityDuration":11820,"uncategorizedDuration":2640,"totalDuration":61620,"lowDuration":22620,"mediumDuration":3780,"highDuration":1020},{"type":"ASLEEP","averageStressLevel":18,"averageStressLevelIntensity":18,"maxStressLevel":77,"stressIntensityCount":407,"stressTooActiveCount":4,"totalStressCount":411,"totalStressIntensity":12776,"stressDuration":4260,"restDuration":20160,"activityDuration":240,"totalDuration":24660,"lowDuration":3840,"mediumDuration":360,"highDuration":60}]},"bodyBattery":{"userProfilePK":99730076,"calendarDate":{"date":"Nov 12, 2021 12:00:00 AM"},"chargedValue":51,"drainedValue":44,"bodyBatteryVersion":2.0,"bodyBatteryStatList":[{"bodyBatteryStatType":"HIGHEST","statsValue":66,"bodyBatteryStatus":"MEASURED","statTimestamp":{"date":"Nov 12, 2021 5:15:00 AM"}},{"bodyBatteryStatType":"LOWEST","statsValue":17,"bodyBatteryStatus":"MEASURED","statTimestamp":{"date":"Nov 11, 2021 10:01:00 PM"}},{"bodyBatteryStatType":"MOSTRECENT","statsValue":24,"bodyBatteryStatus":"MEASURED","statTimestamp":{"date":"Nov 12, 2021 10:00:00 PM"}},{"bodyBatteryStatType":"ENDOFDAY","statsValue":22,"bodyBatteryStatus":"MEASURED","statTimestamp":{"date":"Nov 12, 2021 9:54:00 PM"}}]},"minAvgHeartRate":46,"maxAvgHeartRate":106,"version":44100003,"respiration":{"userProfilePK":99730076,"calendarDate":{"date":"Nov 12, 2021 12:00:00 AM"},"avgWakingRespirationValue":13.0,"highestRespirationValue":20.0,"lowestRespirationValue":11.0,"latestRespirationValue":17.0,"latestRespirationTimeGMT":{"date":"Nov 12, 2021 10:00:00 PM"}}},{"userProfilePK":99730076,"calendarDate":{"date":"Nov 13, 2021 12:00:00 AM"},"uuid":"4b49938266b74acda62d900a786c3a41","durationInMilliseconds":86400000,"totalKilocalories":2464.0,"activeKilocalories":550.0,"bmrKilocalories":1914.0,"wellnessKilocalories":2464.0,"remainingKilocalories":2464.0,"wellnessTotalKilocalories":2464.0,"wellnessActiveKilocalories":550.0,"totalSteps":9115,"dailyStepGoal":11960,"totalDistanceMeters":7054,"wellnessDistanceMeters":7054,"wellnessStartTimeGmt":{"date":"Nov 12, 2021 10:00:00 PM"},"wellnessEndTimeGmt":{"date":"Nov 13, 2021 10:00:00 PM"},"wellnessStartTimeLocal":{"date":"Nov 13, 2021 12:00:00 AM"},"wellnessEndTimeLocal":{"date":"Nov 14, 2021 12:00:00 AM"},"highlyActiveSeconds":2598,"activeSeconds":6145,"moderateIntensityMinutes":68,"vigorousIntensityMinutes":5,"userIntensityMinutesGoal":150,"userFloorsAscendedGoal":10,"minHeartRate":46,"maxHeartRate":136,"restingHeartRate":54,"currentDayRestingHeartRate":53,"restingHeartRateTimestamp":"Nov 13, 2021 10:00:00 PM","includesWellnessData":true,"includesActivityData":true,"includesCalorieConsumedData":false,"includesSingleMeasurement":false,"includesContinuousMeasurement":false,"includesAllDayPulseOx":false,"includesSleepPulseOx":false,"source":0,"allDayStress":{"userProfilePK":99730076,"calendarDate":{"date":"Nov 13, 2021 12:00:00 AM"},"aggregatorList":[{"type":"TOTAL","averageStressLevel":21,"averageStressLevelIntensity":19,"maxStressLevel":89,"stressIntensityCount":1220,"stressOffWristCount":67,"stressTooActiveCount":153,"totalStressCount":1440,"totalStressIntensity":28743,"stressDuration":20880,"restDuration":52320,"activityDuration":9180,"uncategorizedDuration":4020,"totalDuration":86400,"lowDuration":18180,"mediumDuration":2280,"highDuration":420},{"type":"AWAKE","averageStressLevel":30,"averageStressLevelIntensity":26,"maxStressLevel":89,"stressIntensityCount":628,"stressOffWristCount":67,"stressTooActiveCount":150,"totalStressCount":845,"totalStressIntensity":-1028,"stressDuration":20520,"restDuration":17160,"activityDuration":9000,"uncategorizedDuration":4020,"totalDuration":50700,"lowDuration":17820,"mediumDuration":2280,"highDuration":420},{"type":"ASLEEP","averageStressLevel":12,"averageStressLevelIntensity":13,"maxStressLevel":45,"stressIntensityCount":592,"stressTooActiveCount":3,"totalStressCount":595,"totalStressIntensity":29771,"stressDuration":360,"restDuration":35160,"activityDuration":180,"totalDuration":35700,"lowDuration":360}]},"bodyBattery":{"userProfilePK":99730076,"calendarDate":{"date":"Nov 13, 2021 12:00:00 AM"},"chargedValue":74,"drainedValue":62,"bodyBatteryVersion":2.0,"bodyBatteryStatList":[{"bodyBatteryStatType":"HIGHEST","statsValue":98,"bodyBatteryStatus":"MEASURED","statTimestamp":{"date":"Nov 13, 2021 7:07:00 AM"}},{"bodyBatteryStatType":"LOWEST","statsValue":24,"bodyBatteryStatus":"MEASURED","statTimestamp":{"date":"Nov 12, 2021 10:01:00 PM"}},{"bodyBatteryStatType":"MOSTRECENT","statsValue":36,"bodyBatteryStatus":"MEASURED","statTimestamp":{"date":"Nov 13, 2021 10:00:00 PM"}},{"bodyBatteryStatType":"ENDOFDAY","statsValue":36,"bodyBatteryStatus":"MEASURED","statTimestamp":{"date":"Nov 13, 2021 10:00:00 PM"}}]},"minAvgHeartRate":47,"maxAvgHeartRate":129,"version":72000003,"hydration":{"userProfilePK":99730076,"calendarDate":{"date":"Nov 13, 2021 12:00:00 AM"},"valueInML":0.0,"activityIntakeInML":0.0,"goalInML":2839.058838,"capped":false,"sweatLossInML":395.0,"adjustedGoalInML":3234.058838,"lastEntryTimestampLocal":{"date":"Nov 13, 2021 4:15:22 PM"}},"respiration":{"userProfilePK":99730076,"calendarDate":{"date":"Nov 13, 2021 12:00:00 AM"},"avgWakingRespirationValue":14.0,"highestRespirationValue":20.0,"lowestRespirationValue":11.0,"latestRespirationValue":14.0,"latestRespirationTimeGMT":{"date":"Nov 13, 2021 10:00:00 PM"}}},{"userProfilePK":99730076,"calendarDate":{"date":"Nov 14, 2021 12:00:00 AM"},"uuid":"1cee813f09d4449294e51f07be813614","durationInMilliseconds":86400000,"totalKilocalories":2675.0,"activeKilocalories":761.0,"bmrKilocalories":1914.0,"wellnessKilocalories":2675.0,"remainingKilocalories":2675.0,"wellnessTotalKilocalories":2675.0,"wellnessActiveKilocalories":761.0,"totalSteps":15280,"dailyStepGoal":11400,"totalDistanceMeters":12349,"wellnessDistanceMeters":12349,"wellnessStartTimeGmt":{"date":"Nov 13, 2021 10:00:00 PM"},"wellnessEndTimeGmt":{"date":"Nov 14, 2021 10:00:00 PM"},"wellnessStartTimeLocal":{"date":"Nov 14, 2021 12:00:00 AM"},"wellnessEndTimeLocal":{"date":"Nov 15, 2021 12:00:00 AM"},"highlyActiveSeconds":6685,"activeSeconds":5000,"moderateIntensityMinutes":11,"vigorousIntensityMinutes":44,"userIntensityMinutesGoal":150,"userFloorsAscendedGoal":10,"minHeartRate":49,"maxHeartRate":154,"restingHeartRate":53,"currentDayRestingHeartRate":52,"restingHeartRateTimestamp":"Nov 14, 2021 10:00:00 PM","includesWellnessData":true,"includesActivityData":true,"includesCalorieConsumedData":false,"includesSingleMeasurement":false,"includesContinuousMeasurement":false,"includesAllDayPulseOx":false,"includesSleepPulseOx":false,"source":0,"allDayStress":{"userProfilePK":99730076,"calendarDate":{"date":"Nov 14, 2021 12:00:00 AM"},"aggregatorList":[{"type":"TOTAL","averageStressLevel":29,"averageStressLevelIntensity":23,"maxStressLevel":93,"stressIntensityCount":1163,"stressOffWristCount":39,"stressTooActiveCount":235,"totalStressCount":1437,"totalStressIntensity":11585,"stressDuration":28920,"restDuration":40860,"activityDuration":14100,"uncategorizedDuration":2340,"totalDuration":86220,"lowDuration":17820,"mediumDuration":8400,"highDuration":2700},{"type":"AWAKE","averageStressLevel":39,"averageStressLevelIntensity":35,"maxStressLevel":93,"stressIntensityCount":716,"stressOffWristCount":39,"stressTooActiveCount":235,"totalStressCount":990,"totalStressIntensity":-9768,"stressDuration":28620,"restDuration":14340,"activityDuration":14100,"uncategorizedDuration":2340,"totalDuration":59400,"lowDuration":17520,"mediumDuration":8400,"highDuration":2700},{"type":"ASLEEP","averageStressLevel":13,"averageStressLevelIntensity":13,"maxStressLevel":38,"stressIntensityCount":447,"totalStressCount":447,"totalStressIntensity":21353,"stressDuration":300,"restDuration":26520,"totalDuration":26820,"lowDuration":300}]},"bodyBattery":{"userProfilePK":99730076,"calendarDate":{"date":"Nov 14, 2021 12:00:00 AM"},"chargedValue":61,"drainedValue":79,"bodyBatteryVersion":2.0,"bodyBatteryStatList":[{"bodyBatteryStatType":"HIGHEST","statsValue":93,"bodyBatteryStatus":"MEASURED","statTimestamp":{"date":"Nov 14, 2021 5:58:00 AM"}},{"bodyBatteryStatType":"LOWEST","statsValue":18,"bodyBatteryStatus":"MEASURED","statTimestamp":{"date":"Nov 14, 2021 9:56:00 PM"}},{"bodyBatteryStatType":"MOSTRECENT","statsValue":18,"bodyBatteryStatus":"MEASURED","statTimestamp":{"date":"Nov 14, 2021 10:00:00 PM"}},{"bodyBatteryStatType":"ENDOFDAY","statsValue":18,"bodyBatteryStatus":"MEASURED","statTimestamp":{"date":"Nov 14, 2021 10:00:00 PM"}}]},"minAvgHeartRate":50,"maxAvgHeartRate":153,"version":76560003,"hydration":{"userProfilePK":99730076,"calendarDate":{"date":"Nov 14, 2021 12:00:00 AM"},"valueInML":0.0,"activityIntakeInML":0.0,"goalInML":2839.058838,"capped":false,"sweatLossInML":327.0,"adjustedGoalInML":3166.058838,"lastEntryTimestampLocal":{"date":"Nov 14, 2021 7:37:16 PM"}},"respiration":{"userProfilePK":99730076,"calendarDate":{"date":"Nov 14, 2021 12:00:00 AM"},"avgWakingRespirationValue":14.0,"highestRespirationValue":22.0,"lowestRespirationValue":10.0,"latestRespirationValue":12.0,"latestRespirationTimeGMT":{"date":"Nov 14, 2021 9:56:00 PM"}}},{"userProfilePK":99730076,"calendarDate":{"date":"Nov 15, 2021 12:00:00 AM"},"uuid":"5296c40e168d4a72824c6fb67d4526c2","durationInMilliseconds":86400000,"totalKilocalories":2631.0,"activeKilocalories":717.0,"bmrKilocalories":1914.0,"wellnessKilocalories":2631.0,"remainingKilocalories":2631.0,"wellnessTotalKilocalories":2631.0,"wellnessActiveKilocalories":717.0,"totalSteps":9908,"dailyStepGoal":11790,"totalDistanceMeters":7678,"wellnessDistanceMeters":7678,"wellnessStartTimeGmt":{"date":"Nov 14, 2021 10:00:00 PM"},"wellnessEndTimeGmt":{"date":"Nov 15, 2021 10:00:00 PM"},"wellnessStartTimeLocal":{"date":"Nov 15, 2021 12:00:00 AM"},"wellnessEndTimeLocal":{"date":"Nov 16, 2021 12:00:00 AM"},"highlyActiveSeconds":6480,"activeSeconds":6368,"moderateIntensityMinutes":65,"vigorousIntensityMinutes":6,"userIntensityMinutesGoal":150,"userFloorsAscendedGoal":10,"minHeartRate":50,"maxHeartRate":128,"restingHeartRate":53,"currentDayRestingHeartRate":54,"restingHeartRateTimestamp":"Nov 15, 2021 10:00:00 PM","includesWellnessData":true,"includesActivityData":true,"includesCalorieConsumedData":false,"includesSingleMeasurement":false,"includesContinuousMeasurement":false,"includesAllDayPulseOx":false,"includesSleepPulseOx":false,"source":0,"allDayStress":{"userProfilePK":99730076,"calendarDate":{"date":"Nov 15, 2021 12:00:00 AM"},"aggregatorList":[{"type":"TOTAL","averageStressLevel":30,"averageStressLevelIntensity":24,"maxStressLevel":96,"stressIntensityCount":1053,"stressOffWristCount":163,"stressTooActiveCount":222,"totalStressCount":1438,"totalStressIntensity":5823,"stressDuration":27420,"restDuration":35760,"activityDuration":13320,"uncategorizedDuration":9780,"totalDuration":86280,"lowDuration":16680,"mediumDuration":8880,"highDuration":1860},{"type":"AWAKE","averageStressLevel":40,"averageStressLevelIntensity":37,"maxStressLevel":96,"stressIntensityCount":590,"stressOffWristCount":163,"stressTooActiveCount":219,"totalStressCount":972,"totalStressIntensity":-9584,"stressDuration":23640,"restDuration":11760,"activityDuration":13140,"uncategorizedDuration":9780,"totalDuration":58320,"lowDuration":13020,"mediumDuration":8760,"highDuration":1860},{"type":"ASLEEP","averageStressLevel":17,"averageStressLevelIntensity":17,"maxStressLevel":75,"stressIntensityCount":463,"stressTooActiveCount":3,"totalStressCount":466,"totalStressIntensity":15407,"stressDuration":3780,"restDuration":24000,"activityDuration":180,"totalDuration":27960,"lowDuration":3660,"mediumDuration":120}]},"bodyBattery":{"userProfilePK":99730076,"calendarDate":{"date":"Nov 15, 2021 12:00:00 AM"},"chargedValue":60,"drainedValue":63,"bodyBatteryVersion":2.0,"bodyBatteryStatList":[{"bodyBatteryStatType":"HIGHEST","statsValue":77,"bodyBatteryStatus":"MEASURED","statTimestamp":{"date":"Nov 15, 2021 5:45:00 AM"}},{"bodyBatteryStatType":"LOWEST","statsValue":15,"bodyBatteryStatus":"MEASURED","statTimestamp":{"date":"Nov 15, 2021 9:35:00 PM"}},{"bodyBatteryStatType":"MOSTRECENT","statsValue":15,"bodyBatteryStatus":"MEASURED","statTimestamp":{"date":"Nov 15, 2021 10:00:00 PM"}},{"bodyBatteryStatType":"ENDOFDAY","statsValue":15,"bodyBatteryStatus":"MEASURED","statTimestamp":{"date":"Nov 15, 2021 10:00:00 PM"}}]},"minAvgHeartRate":51,"maxAvgHeartRate":127,"version":74340003,"hydration":{"userProfilePK":99730076,"calendarDate":{"date":"Nov 15, 2021 12:00:00 AM"},"valueInML":0.0,"activityIntakeInML":0.0,"goalInML":2839.058838,"capped":false,"sweatLossInML":435.0,"adjustedGoalInML":3274.058838,"lastEntryTimestampLocal":{"date":"Nov 15, 2021 7:25:39 PM"}},"respiration":{"userProfilePK":99730076,"calendarDate":{"date":"Nov 15, 2021 12:00:00 AM"},"avgWakingRespirationValue":14.0,"highestRespirationValue":23.0,"lowestRespirationValue":12.0,"latestRespirationValue":15.0,"latestRespirationTimeGMT":{"date":"Nov 15, 2021 9:58:00 PM"}}},{"userProfilePK":99730076,"calendarDate":{"date":"Nov 16, 2021 12:00:00 AM"},"uuid":"212053dfda074ccc81491f30bb2bfda2","durationInMilliseconds":86400000,"totalKilocalories":2814.0,"activeKilocalories":900.0,"bmrKilocalories":1914.0,"wellnessKilocalories":2814.0,"remainingKilocalories":2814.0,"wellnessTotalKilocalories":2814.0,"wellnessActiveKilocalories":900.0,"totalSteps":17086,"dailyStepGoal":11610,"totalDistanceMeters":14268,"wellnessDistanceMeters":14268,"wellnessStartTimeGmt":{"date":"Nov 15, 2021 10:00:00 PM"},"wellnessEndTimeGmt":{"date":"Nov 16, 2021 10:00:00 PM"},"wellnessStartTimeLocal":{"date":"Nov 16, 2021 12:00:00 AM"},"wellnessEndTimeLocal":{"date":"Nov 17, 2021 12:00:00 AM"},"highlyActiveSeconds":8966,"activeSeconds":4127,"moderateIntensityMinutes":5,"vigorousIntensityMinutes":41,"userIntensityMinutesGoal":150,"userFloorsAscendedGoal":10,"minHeartRate":48,"maxHeartRate":173,"restingHeartRate":53,"currentDayRestingHeartRate":53,"restingHeartRateTimestamp":"Nov 16, 2021 10:00:00 PM","includesWellnessData":true,"includesActivityData":true,"includesCalorieConsumedData":false,"includesSingleMeasurement":false,"includesContinuousMeasurement":false,"includesAllDayPulseOx":false,"includesSleepPulseOx":false,"source":0,"allDayStress":{"userProfilePK":99730076,"calendarDate":{"date":"Nov 16, 2021 12:00:00 AM"},"aggregatorList":[{"type":"TOTAL","averageStressLevel":36,"averageStressLevelIntensity":26,"maxStressLevel":96,"stressIntensityCount":1168,"stressOffWristCount":48,"stressTooActiveCount":221,"totalStressCount":1437,"totalStressIntensity":-2293,"stressDuration":38340,"restDuration":31740,"activityDuration":13260,"uncategorizedDuration":2880,"totalDuration":86220,"lowDuration":18300,"mediumDuration":15540,"highDuration":4500},{"type":"AWAKE","averageStressLevel":50,"averageStressLevelIntensity":49,"maxStressLevel":96,"stressIntensityCount":683,"stressOffWristCount":48,"stressTooActiveCount":218,"totalStressCount":949,"totalStressIntensity":-21730,"stressDuration":35760,"restDuration":5220,"activityDuration":13080,"uncategorizedDuration":2880,"totalDuration":56940,"lowDuration":15780,"mediumDuration":15480,"highDuration":4500},{"type":"ASLEEP","averageStressLevel":15,"averageStressLevelIntensity":15,"maxStressLevel":56,"stressIntensityCount":485,"stressTooActiveCount":3,"totalStressCount":488,"totalStressIntensity":19437,"stressDuration":2580,"restDuration":26520,"activityDuration":180,"totalDuration":29280,"lowDuration":2520,"mediumDuration":60}]},"bodyBattery":{"userProfilePK":99730076,"calendarDate":{"date":"Nov 16, 2021 12:00:00 AM"},"chargedValue":69,"drainedValue":66,"bodyBatteryVersion":2.0,"bodyBatteryStatList":[{"bodyBatteryStatType":"HIGHEST","statsValue":72,"bodyBatteryStatus":"MEASURED","statTimestamp":{"date":"Nov 16, 2021 4:42:00 AM"}},{"bodyBatteryStatType":"LOWEST","statsValue":7,"bodyBatteryStatus":"MEASURED","statTimestamp":{"date":"Nov 16, 2021 7:38:00 PM"}},{"bodyBatteryStatType":"MOSTRECENT","statsValue":18,"bodyBatteryStatus":"MEASURED","statTimestamp":{"date":"Nov 16, 2021 10:00:00 PM"}},{"bodyBatteryStatType":"ENDOFDAY","statsValue":7,"bodyBatteryStatus":"MEASURED","statTimestamp":{"date":"Nov 16, 2021 8:21:00 PM"}}]},"minAvgHeartRate":49,"maxAvgHeartRate":171,"version":74400003,"hydration":{"userProfilePK":99730076,"calendarDate":{"date":"Nov 16, 2021 12:00:00 AM"},"valueInML":0.0,"activityIntakeInML":0.0,"goalInML":2839.058838,"capped":false,"sweatLossInML":236.0,"adjustedGoalInML":3075.058838,"lastEntryTimestampLocal":{"date":"Nov 16, 2021 5:54:52 PM"}},"respiration":{"userProfilePK":99730076,"calendarDate":{"date":"Nov 16, 2021 12:00:00 AM"},"avgWakingRespirationValue":14.0,"highestRespirationValue":20.0,"lowestRespirationValue":10.0,"latestRespirationValue":17.0,"latestRespirationTimeGMT":{"date":"Nov 16, 2021 10:00:00 PM"}}},{"userProfilePK":99730076,"calendarDate":{"date":"Nov 17, 2021 12:00:00 AM"},"uuid":"ba988503128146f18922fa014d2ccb48","durationInMilliseconds":86400000,"totalKilocalories":2863.0,"activeKilocalories":949.0,"bmrKilocalories":1914.0,"wellnessKilocalories":2863.0,"remainingKilocalories":2863.0,"wellnessTotalKilocalories":2863.0,"wellnessActiveKilocalories":949.0,"totalSteps":16210,"dailyStepGoal":12160,"totalDistanceMeters":15126,"wellnessDistanceMeters":15126,"wellnessStartTimeGmt":{"date":"Nov 16, 2021 10:00:00 PM"},"wellnessEndTimeGmt":{"date":"Nov 17, 2021 10:00:00 PM"},"wellnessStartTimeLocal":{"date":"Nov 17, 2021 12:00:00 AM"},"wellnessEndTimeLocal":{"date":"Nov 18, 2021 12:00:00 AM"},"highlyActiveSeconds":8215,"activeSeconds":4080,"moderateIntensityMinutes":2,"vigorousIntensityMinutes":51,"userIntensityMinutesGoal":150,"userFloorsAscendedGoal":10,"minHeartRate":47,"maxHeartRate":153,"restingHeartRate":53,"currentDayRestingHeartRate":52,"restingHeartRateTimestamp":"Nov 17, 2021 10:00:00 PM","includesWellnessData":true,"includesActivityData":true,"includesCalorieConsumedData":false,"includesSingleMeasurement":false,"includesContinuousMeasurement":false,"includesAllDayPulseOx":false,"includesSleepPulseOx":false,"source":0,"allDayStress":{"userProfilePK":99730076,"calendarDate":{"date":"Nov 17, 2021 12:00:00 AM"},"aggregatorList":[{"type":"TOTAL","averageStressLevel":29,"averageStressLevelIntensity":22,"maxStressLevel":95,"stressIntensityCount":1187,"stressOffWristCount":71,"stressTooActiveCount":178,"totalStressCount":1436,"totalStressIntensity":14863,"stressDuration":33120,"restDuration":38100,"activityDuration":10680,"uncategorizedDuration":4260,"totalDuration":86160,"lowDuration":20280,"mediumDuration":10260,"highDuration":2580},{"type":"AWAKE","averageStressLevel":41,"averageStressLevelIntensity":37,"maxStressLevel":95,"stressIntensityCount":753,"stressOffWristCount":71,"stressTooActiveCount":173,"totalStressCount":997,"totalStressIntensity":-13062,"stressDuration":32760,"restDuration":12420,"activityDuration":10380,"uncategorizedDuration":4260,"totalDuration":59820,"lowDuration":20160,"mediumDuration":10020,"highDuration":2580},{"type":"ASLEEP","averageStressLevel":9,"averageStressLevelIntensity":9,"maxStressLevel":65,"stressIntensityCount":434,"stressTooActiveCount":5,"totalStressCount":439,"totalStressIntensity":27925,"stressDuration":360,"restDuration":25680,"activityDuration":300,"totalDuration":26340,"lowDuration":120,"mediumDuration":240}]},"bodyBattery":{"userProfilePK":99730076,"calendarDate":{"date":"Nov 17, 2021 12:00:00 AM"},"chargedValue":81,"drainedValue":81,"bodyBatteryVersion":2.0,"bodyBatteryStatList":[{"bodyBatteryStatType":"HIGHEST","statsValue":97,"bodyBatteryStatus":"MEASURED","statTimestamp":{"date":"Nov 17, 2021 4:29:00 AM"}},{"bodyBatteryStatType":"LOWEST","statsValue":16,"bodyBatteryStatus":"MEASURED","statTimestamp":{"date":"Nov 17, 2021 9:05:00 PM"}},{"bodyBatteryStatType":"MOSTRECENT","statsValue":19,"bodyBatteryStatus":"MEASURED","statTimestamp":{"date":"Nov 17, 2021 10:00:00 PM"}},{"bodyBatteryStatType":"ENDOFDAY","statsValue":16,"bodyBatteryStatus":"MEASURED","statTimestamp":{"date":"Nov 17, 2021 9:26:00 PM"}}]},"minAvgHeartRate":49,"maxAvgHeartRate":152,"version":65760002,"hydration":{"userProfilePK":99730076,"calendarDate":{"date":"Nov 17, 2021 12:00:00 AM"},"valueInML":0.0,"activityIntakeInML":0.0,"goalInML":2839.058838,"capped":false,"sweatLossInML":294.0,"adjustedGoalInML":3133.058838,"lastEntryTimestampLocal":{"date":"Nov 17, 2021 3:45:46 PM"}},"respiration":{"userProfilePK":99730076,"calendarDate":{"date":"Nov 17, 2021 12:00:00 AM"},"avgWakingRespirationValue":14.0,"highestRespirationValue":19.0,"lowestRespirationValue":10.0,"latestRespirationValue":18.0,"latestRespirationTimeGMT":{"date":"Nov 17, 2021 10:00:00 PM"}}},{"userProfilePK":99730076,"calendarDate":{"date":"Nov 18, 2021 12:00:00 AM"},"uuid":"07905f0fcb394fe9a92db9bbe6a69914","durationInMilliseconds":86400000,"totalKilocalories":2728.0,"activeKilocalories":814.0,"bmrKilocalories":1914.0,"wellnessKilocalories":2728.0,"remainingKilocalories":2728.0,"wellnessTotalKilocalories":2728.0,"wellnessActiveKilocalories":814.0,"totalSteps":10298,"dailyStepGoal":12970,"totalDistanceMeters":7971,"wellnessDistanceMeters":7971,"wellnessStartTimeGmt":{"date":"Nov 17, 2021 10:00:00 PM"},"wellnessEndTimeGmt":{"date":"Nov 18, 2021 10:00:00 PM"},"wellnessStartTimeLocal":{"date":"Nov 18, 2021 12:00:00 AM"},"wellnessEndTimeLocal":{"date":"Nov 19, 2021 12:00:00 AM"},"highlyActiveSeconds":4190,"activeSeconds":8888,"moderateIntensityMinutes":36,"vigorousIntensityMinutes":23,"userIntensityMinutesGoal":150,"userFloorsAscendedGoal":10,"minHeartRate":49,"maxHeartRate":145,"restingHeartRate":53,"currentDayRestingHeartRate":54,"restingHeartRateTimestamp":"Nov 18, 2021 10:00:00 PM","includesWellnessData":true,"includesActivityData":true,"includesCalorieConsumedData":false,"includesSingleMeasurement":false,"includesContinuousMeasurement":false,"includesAllDayPulseOx":false,"includesSleepPulseOx":false,"source":0,"allDayStress":{"userProfilePK":99730076,"calendarDate":{"date":"Nov 18, 2021 12:00:00 AM"},"aggregatorList":[{"type":"TOTAL","averageStressLevel":25,"averageStressLevelIntensity":21,"maxStressLevel":93,"stressIntensityCount":1101,"stressOffWristCount":42,"stressTooActiveCount":293,"totalStressCount":1436,"totalStressIntensity":17363,"stressDuration":20880,"restDuration":45180,"activityDuration":17580,"uncategorizedDuration":2520,"totalDuration":86160,"lowDuration":14400,"mediumDuration":5100,"highDuration":1380},{"type":"AWAKE","averageStressLevel":36,"averageStressLevelIntensity":32,"maxStressLevel":93,"stressIntensityCount":550,"stressOffWristCount":42,"stressTooActiveCount":293,"totalStressCount":885,"totalStressIntensity":-5326,"stressDuration":20280,"restDuration":12720,"activityDuration":17580,"uncategorizedDuration":2520,"totalDuration":53100,"lowDuration":13800,"mediumDuration":5100,"highDuration":1380},{"type":"ASLEEP","averageStressLevel":15,"averageStressLevelIntensity":15,"maxStressLevel":30,"stressIntensityCount":551,"totalStressCount":551,"totalStressIntensity":22689,"stressDuration":600,"restDuration":32460,"totalDuration":33060,"lowDuration":600}]},"bodyBattery":{"userProfilePK":99730076,"calendarDate":{"date":"Nov 18, 2021 12:00:00 AM"},"chargedValue":72,"drainedValue":67,"bodyBatteryVersion":2.0,"bodyBatteryStatList":[{"bodyBatteryStatType":"HIGHEST","statsValue":90,"bodyBatteryStatus":"MEASURED","statTimestamp":{"date":"Nov 18, 2021 6:10:00 AM"}},{"bodyBatteryStatType":"LOWEST","statsValue":20,"bodyBatteryStatus":"MEASURED","statTimestamp":{"date":"Nov 17, 2021 10:01:00 PM"}},{"bodyBatteryStatType":"MOSTRECENT","statsValue":25,"bodyBatteryStatus":"MEASURED","statTimestamp":{"date":"Nov 18, 2021 10:00:00 PM"}},{"bodyBatteryStatType":"ENDOFDAY","statsValue":23,"bodyBatteryStatus":"MEASURED","statTimestamp":{"date":"Nov 18, 2021 9:25:00 PM"}}]},"minAvgHeartRate":50,"maxAvgHeartRate":143,"version":79920002,"hydration":{"userProfilePK":99730076,"calendarDate":{"date":"Nov 18, 2021 12:00:00 AM"},"valueInML":0.0,"activityIntakeInML":0.0,"goalInML":2839.058838,"capped":false,"sweatLossInML":287.0,"adjustedGoalInML":3126.058838,"lastEntryTimestampLocal":{"date":"Nov 18, 2021 5:23:26 PM"}},"respiration":{"userProfilePK":99730076,"calendarDate":{"date":"Nov 18, 2021 12:00:00 AM"},"avgWakingRespirationValue":14.0,"highestRespirationValue":21.0,"lowestRespirationValue":12.0,"latestRespirationValue":18.0,"latestRespirationTimeGMT":{"date":"Nov 18, 2021 10:00:00 PM"}}},{"userProfilePK":99730076,"calendarDate":{"date":"Nov 19, 2021 12:00:00 AM"},"uuid":"d53f2235d0cd44be8cdd7c5d94715d5f","durationInMilliseconds":86400000,"totalKilocalories":3318.0,"activeKilocalories":1404.0,"bmrKilocalories":1914.0,"wellnessKilocalories":3318.0,"remainingKilocalories":3318.0,"wellnessTotalKilocalories":3318.0,"wellnessActiveKilocalories":1404.0,"totalSteps":21539,"dailyStepGoal":12710,"totalDistanceMeters":21839,"wellnessDistanceMeters":21839,"wellnessStartTimeGmt":{"date":"Nov 18, 2021 10:00:00 PM"},"wellnessEndTimeGmt":{"date":"Nov 19, 2021 10:00:00 PM"},"wellnessStartTimeLocal":{"date":"Nov 19, 2021 12:00:00 AM"},"wellnessEndTimeLocal":{"date":"Nov 20, 2021 12:00:00 AM"},"highlyActiveSeconds":6810,"activeSeconds":9554,"moderateIntensityMinutes":1,"vigorousIntensityMinutes":74,"userIntensityMinutesGoal":150,"userFloorsAscendedGoal":10,"minHeartRate":48,"maxHeartRate":168,"restingHeartRate":53,"currentDayRestingHeartRate":53,"restingHeartRateTimestamp":"Nov 19, 2021 10:00:00 PM","includesWellnessData":true,"includesActivityData":true,"includesCalorieConsumedData":false,"includesSingleMeasurement":false,"includesContinuousMeasurement":false,"includesAllDayPulseOx":false,"includesSleepPulseOx":false,"source":0,"allDayStress":{"userProfilePK":99730076,"calendarDate":{"date":"Nov 19, 2021 12:00:00 AM"},"aggregatorList":[{"type":"TOTAL","averageStressLevel":29,"averageStressLevelIntensity":21,"maxStressLevel":99,"stressIntensityCount":1088,"stressOffWristCount":81,"stressTooActiveCount":268,"totalStressCount":1437,"totalStressIntensity":18635,"stressDuration":24600,"restDuration":40680,"activityDuration":16080,"uncategorizedDuration":4860,"totalDuration":86220,"lowDuration":10800,"mediumDuration":5940,"highDuration":7860},{"type":"AWAKE","averageStressLevel":42,"averageStressLevelIntensity":36,"maxStressLevel":99,"stressIntensityCount":667,"stressOffWristCount":81,"stressTooActiveCount":268,"totalStressCount":1016,"totalStressIntensity":-9825,"stressDuration":24540,"restDuration":15480,"activityDuration":16080,"uncategorizedDuration":4860,"totalDuration":60960,"lowDuration":10740,"mediumDuration":5940,"highDuration":7860},{"type":"ASLEEP","averageStressLevel":8,"averageStressLevelIntensity":8,"maxStressLevel":39,"stressIntensityCount":421,"totalStressCount":421,"totalStressIntensity":28460,"stressDuration":60,"restDuration":25200,"totalDuration":25260,"lowDuration":60}]},"bodyBattery":{"userProfilePK":99730076,"calendarDate":{"date":"Nov 19, 2021 12:00:00 AM"},"chargedValue":81,"drainedValue":86,"bodyBatteryVersion":2.0,"bodyBatteryStatList":[{"bodyBatteryStatType":"HIGHEST","statsValue":100,"bodyBatteryStatus":"MEASURED","statTimestamp":{"date":"Nov 19, 2021 4:45:00 AM"}},{"bodyBatteryStatType":"LOWEST","statsValue":16,"bodyBatteryStatus":"MEASURED","statTimestamp":{"date":"Nov 19, 2021 7:07:00 PM"}},{"bodyBatteryStatType":"MOSTRECENT","statsValue":20,"bodyBatteryStatus":"MEASURED","statTimestamp":{"date":"Nov 19, 2021 10:00:00 PM"}},{"bodyBatteryStatType":"ENDOFDAY","statsValue":20,"bodyBatteryStatus":"MEASURED","statTimestamp":{"date":"Nov 19, 2021 10:00:00 PM"}}]},"minAvgHeartRate":49,"maxAvgHeartRate":168,"version":3,"hydration":{"userProfilePK":99730076,"calendarDate":{"date":"Nov 19, 2021 12:00:00 AM"},"valueInML":0.0,"activityIntakeInML":0.0,"goalInML":2839.058838,"capped":false,"sweatLossInML":439.0,"adjustedGoalInML":3278.058838,"lastEntryTimestampLocal":{"date":"Nov 19, 2021 3:26:03 PM"}},"respiration":{"userProfilePK":99730076,"calendarDate":{"date":"Nov 19, 2021 12:00:00 AM"},"avgWakingRespirationValue":14.0,"highestRespirationValue":20.0,"lowestRespirationValue":12.0,"latestRespirationValue":17.0,"latestRespirationTimeGMT":{"date":"Nov 19, 2021 10:00:00 PM"}}},{"userProfilePK":99730076,"calendarDate":{"date":"Nov 20, 2021 12:00:00 AM"},"uuid":"a8c13cc92d6a40d5b2b5df361be5e10c","durationInMilliseconds":86400000,"totalKilocalories":2213.0,"activeKilocalories":299.0,"bmrKilocalories":1914.0,"wellnessKilocalories":2213.0,"remainingKilocalories":2213.0,"wellnessTotalKilocalories":2213.0,"wellnessActiveKilocalories":299.0,"totalSteps":8523,"dailyStepGoal":13600,"totalDistanceMeters":6593,"wellnessDistanceMeters":6593,"wellnessStartTimeGmt":{"date":"Nov 19, 2021 10:00:00 PM"},"wellnessEndTimeGmt":{"date":"Nov 20, 2021 10:00:00 PM"},"wellnessStartTimeLocal":{"date":"Nov 20, 2021 12:00:00 AM"},"wellnessEndTimeLocal":{"date":"Nov 21, 2021 12:00:00 AM"},"highlyActiveSeconds":3019,"activeSeconds":5100,"moderateIntensityMinutes":0,"vigorousIntensityMinutes":2,"userIntensityMinutesGoal":150,"userFloorsAscendedGoal":10,"minHeartRate":50,"maxHeartRate":108,"restingHeartRate":53,"currentDayRestingHeartRate":54,"restingHeartRateTimestamp":"Nov 20, 2021 10:00:00 PM","includesWellnessData":true,"includesActivityData":false,"includesCalorieConsumedData":false,"includesSingleMeasurement":false,"includesContinuousMeasurement":false,"includesAllDayPulseOx":false,"includesSleepPulseOx":false,"source":0,"allDayStress":{"userProfilePK":99730076,"calendarDate":{"date":"Nov 20, 2021 12:00:00 AM"},"aggregatorList":[{"type":"TOTAL","averageStressLevel":22,"averageStressLevelIntensity":19,"maxStressLevel":92,"stressIntensityCount":1094,"stressOffWristCount":166,"stressTooActiveCount":177,"totalStressCount":1437,"totalStressIntensity":26743,"stressDuration":16080,"restDuration":49560,"activityDuration":10620,"uncategorizedDuration":9960,"totalDuration":86220,"lowDuration":11280,"mediumDuration":4260,"highDuration":540},{"type":"AWAKE","averageStressLevel":32,"averageStressLevelIntensity":27,"maxStressLevel":92,"stressIntensityCount":515,"stressOffWristCount":166,"stressTooActiveCount":176,"totalStressCount":857,"totalStressIntensity":-1470,"stressDuration":15600,"restDuration":15300,"activityDuration":10560,"uncategorizedDuration":9960,"totalDuration":51420,"lowDuration":10800,"mediumDuration":4260,"highDuration":540},{"type":"ASLEEP","averageStressLevel":13,"averageStressLevelIntensity":13,"maxStressLevel":32,"stressIntensityCount":579,"stressTooActiveCount":1,"totalStressCount":580,"totalStressIntensity":28213,"stressDuration":480,"restDuration":34260,"activityDuration":60,"totalDuration":34800,"lowDuration":480}]},"bodyBattery":{"userProfilePK":99730076,"calendarDate":{"date":"Nov 20, 2021 12:00:00 AM"},"chargedValue":77,"drainedValue":61,"bodyBatteryVersion":2.0,"bodyBatteryStatList":[{"bodyBatteryStatType":"HIGHEST","statsValue":95,"bodyBatteryStatus":"MEASURED","statTimestamp":{"date":"Nov 20, 2021 6:54:00 AM"}},{"bodyBatteryStatType":"LOWEST","statsValue":21,"bodyBatteryStatus":"MEASURED","statTimestamp":{"date":"Nov 19, 2021 10:01:00 PM"}},{"bodyBatteryStatType":"MOSTRECENT","statsValue":37,"bodyBatteryStatus":"MEASURED","statTimestamp":{"date":"Nov 20, 2021 10:00:00 PM"}},{"bodyBatteryStatType":"ENDOFDAY","statsValue":34,"bodyBatteryStatus":"MEASURED","statTimestamp":{"date":"Nov 20, 2021 9:23:00 PM"}}]},"minAvgHeartRate":51,"maxAvgHeartRate":108,"version":49320003,"respiration":{"userProfilePK":99730076,"calendarDate":{"date":"Nov 20, 2021 12:00:00 AM"},"avgWakingRespirationValue":14.0,"highestRespirationValue":20.0,"lowestRespirationValue":12.0,"latestRespirationValue":16.0,"latestRespirationTimeGMT":{"date":"Nov 20, 2021 10:00:00 PM"}}},{"userProfilePK":99730076,"calendarDate":{"date":"Nov 21, 2021 12:00:00 AM"},"uuid":"41d23016bf3b4caab22702c325ab8d1d","durationInMilliseconds":86400000,"totalKilocalories":2695.0,"activeKilocalories":781.0,"bmrKilocalories":1914.0,"wellnessKilocalories":2695.0,"remainingKilocalories":2695.0,"wellnessTotalKilocalories":2695.0,"wellnessActiveKilocalories":781.0,"totalSteps":14141,"dailyStepGoal":13100,"totalDistanceMeters":12350,"wellnessDistanceMeters":12350,"wellnessStartTimeGmt":{"date":"Nov 20, 2021 10:00:00 PM"},"wellnessEndTimeGmt":{"date":"Nov 21, 2021 10:00:00 PM"},"wellnessStartTimeLocal":{"date":"Nov 21, 2021 12:00:00 AM"},"wellnessEndTimeLocal":{"date":"Nov 22, 2021 12:00:00 AM"},"highlyActiveSeconds":6285,"activeSeconds":4728,"moderateIntensityMinutes":10,"vigorousIntensityMinutes":48,"userIntensityMinutesGoal":150,"userFloorsAscendedGoal":10,"minHeartRate":46,"maxHeartRate":179,"restingHeartRate":53,"currentDayRestingHeartRate":49,"restingHeartRateTimestamp":"Nov 21, 2021 10:00:00 PM","includesWellnessData":true,"includesActivityData":true,"includesCalorieConsumedData":false,"includesSingleMeasurement":false,"includesContinuousMeasurement":false,"includesAllDayPulseOx":false,"includesSleepPulseOx":false,"source":0,"allDayStress":{"userProfilePK":99730076,"calendarDate":{"date":"Nov 21, 2021 12:00:00 AM"},"aggregatorList":[{"type":"TOTAL","averageStressLevel":22,"averageStressLevelIntensity":19,"maxStressLevel":99,"stressIntensityCount":1172,"stressOffWristCount":77,"stressTooActiveCount":186,"totalStressCount":1435,"totalStressIntensity":32147,"stressDuration":19080,"restDuration":51240,"activityDuration":11160,"uncategorizedDuration":4620,"totalDuration":86100,"lowDuration":12960,"mediumDuration":5280,"highDuration":840},{"type":"AWAKE","averageStressLevel":30,"averageStressLevelIntensity":25,"maxStressLevel":99,"stressIntensityCount":721,"stressOffWristCount":77,"stressTooActiveCount":185,"totalStressCount":983,"totalStressIntensity":1440,"stressDuration":18600,"restDuration":24660,"activityDuration":11100,"uncategorizedDuration":4620,"totalDuration":58980,"lowDuration":12480,"mediumDuration":5280,"highDuration":840},{"type":"ASLEEP","averageStressLevel":8,"averageStressLevelIntensity":8,"maxStressLevel":42,"stressIntensityCount":451,"stressTooActiveCount":1,"totalStressCount":452,"totalStressIntensity":30707,"stressDuration":480,"restDuration":26580,"activityDuration":60,"totalDuration":27120,"lowDuration":480}]},"bodyBattery":{"userProfilePK":99730076,"calendarDate":{"date":"Nov 21, 2021 12:00:00 AM"},"chargedValue":63,"drainedValue":74,"bodyBatteryVersion":2.0,"bodyBatteryStatList":[{"bodyBatteryStatType":"HIGHEST","statsValue":98,"bodyBatteryStatus":"MEASURED","statTimestamp":{"date":"Nov 21, 2021 5:30:00 AM"}},{"bodyBatteryStatType":"LOWEST","statsValue":26,"bodyBatteryStatus":"MEASURED","statTimestamp":{"date":"Nov 21, 2021 9:10:00 PM"}},{"bodyBatteryStatType":"MOSTRECENT","statsValue":26,"bodyBatteryStatus":"MEASURED","statTimestamp":{"date":"Nov 21, 2021 10:00:00 PM"}},{"bodyBatteryStatType":"ENDOFDAY","statsValue":26,"bodyBatteryStatus":"MEASURED","statTimestamp":{"date":"Nov 21, 2021 10:00:00 PM"}}]},"minAvgHeartRate":46,"maxAvgHeartRate":176,"version":79620003,"hydration":{"userProfilePK":99730076,"calendarDate":{"date":"Nov 21, 2021 12:00:00 AM"},"valueInML":0.0,"activityIntakeInML":0.0,"goalInML":2839.058838,"capped":false,"sweatLossInML":302.0,"adjustedGoalInML":3141.058838,"lastEntryTimestampLocal":{"date":"Nov 21, 2021 7:38:03 PM"}},"respiration":{"userProfilePK":99730076,"calendarDate":{"date":"Nov 21, 2021 12:00:00 AM"},"avgWakingRespirationValue":14.0,"highestRespirationValue":22.0,"lowestRespirationValue":12.0,"latestRespirationValue":14.0,"latestRespirationTimeGMT":{"date":"Nov 21, 2021 10:00:00 PM"}}},{"userProfilePK":99730076,"calendarDate":{"date":"Nov 22, 2021 12:00:00 AM"},"uuid":"f2a6eaefe7424801ab00dc4f0c5c89a0","durationInMilliseconds":86400000,"totalKilocalories":2563.0,"activeKilocalories":649.0,"bmrKilocalories":1914.0,"wellnessKilocalories":2563.0,"remainingKilocalories":2563.0,"wellnessTotalKilocalories":2563.0,"wellnessActiveKilocalories":649.0,"totalSteps":8319,"dailyStepGoal":13210,"totalDistanceMeters":6435,"wellnessDistanceMeters":6435,"wellnessStartTimeGmt":{"date":"Nov 21, 2021 10:00:00 PM"},"wellnessEndTimeGmt":{"date":"Nov 22, 2021 10:00:00 PM"},"wellnessStartTimeLocal":{"date":"Nov 22, 2021 12:00:00 AM"},"wellnessEndTimeLocal":{"date":"Nov 23, 2021 12:00:00 AM"},"highlyActiveSeconds":4085,"activeSeconds":7249,"moderateIntensityMinutes":48,"vigorousIntensityMinutes":19,"userIntensityMinutesGoal":150,"userFloorsAscendedGoal":10,"minHeartRate":47,"maxHeartRate":135,"restingHeartRate":53,"currentDayRestingHeartRate":55,"restingHeartRateTimestamp":"Nov 22, 2021 10:00:00 PM","includesWellnessData":true,"includesActivityData":true,"includesCalorieConsumedData":false,"includesSingleMeasurement":false,"includesContinuousMeasurement":false,"includesAllDayPulseOx":false,"includesSleepPulseOx":false,"source":0,"allDayStress":{"userProfilePK":99730076,"calendarDate":{"date":"Nov 22, 2021 12:00:00 AM"},"aggregatorList":[{"type":"TOTAL","averageStressLevel":26,"averageStressLevelIntensity":22,"maxStressLevel":90,"stressIntensityCount":1131,"stressOffWristCount":54,"stressTooActiveCount":252,"totalStressCount":1437,"totalStressIntensity":13131,"stressDuration":22740,"restDuration":45120,"activityDuration":15120,"uncategorizedDuration":3240,"totalDuration":86220,"lowDuration":17520,"mediumDuration":4680,"highDuration":540},{"type":"AWAKE","averageStressLevel":32,"averageStressLevelIntensity":27,"maxStressLevel":90,"stressIntensityCount":666,"stressOffWristCount":54,"stressTooActiveCount":250,"totalStressCount":970,"totalStressIntensity":-2204,"stressDuration":22080,"restDuration":17880,"activityDuration":15000,"uncategorizedDuration":3240,"totalDuration":58200,"lowDuration":16860,"mediumDuration":4680,"highDuration":540},{"type":"ASLEEP","averageStressLevel":17,"averageStressLevelIntensity":17,"maxStressLevel":43,"stressIntensityCount":465,"stressTooActiveCount":2,"totalStressCount":467,"totalStressIntensity":15335,"stressDuration":660,"restDuration":27240,"activityDuration":120,"totalDuration":28020,"lowDuration":660}]},"bodyBattery":{"userProfilePK":99730076,"calendarDate":{"date":"Nov 22, 2021 12:00:00 AM"},"chargedValue":56,"drainedValue":63,"bodyBatteryVersion":2.0,"bodyBatteryStatList":[{"bodyBatteryStatType":"HIGHEST","statsValue":81,"bodyBatteryStatus":"MEASURED","statTimestamp":{"date":"Nov 22, 2021 6:01:00 AM"}},{"bodyBatteryStatType":"LOWEST","statsValue":19,"bodyBatteryStatus":"MEASURED","statTimestamp":{"date":"Nov 22, 2021 9:47:00 PM"}},{"bodyBatteryStatType":"MOSTRECENT","statsValue":19,"bodyBatteryStatus":"MEASURED","statTimestamp":{"date":"Nov 22, 2021 10:00:00 PM"}},{"bodyBatteryStatType":"ENDOFDAY","statsValue":19,"bodyBatteryStatus":"MEASURED","statTimestamp":{"date":"Nov 22, 2021 9:54:00 PM"}}]},"minAvgHeartRate":52,"maxAvgHeartRate":130,"version":63120003,"hydration":{"userProfilePK":99730076,"calendarDate":{"date":"Nov 22, 2021 12:00:00 AM"},"valueInML":0.0,"activityIntakeInML":0.0,"goalInML":2839.058838,"capped":false,"sweatLossInML":460.0,"adjustedGoalInML":3299.058838,"lastEntryTimestampLocal":{"date":"Nov 22, 2021 4:15:32 PM"}},"respiration":{"userProfilePK":99730076,"calendarDate":{"date":"Nov 22, 2021 12:00:00 AM"},"avgWakingRespirationValue":14.0,"highestRespirationValue":23.0,"lowestRespirationValue":12.0,"latestRespirationValue":17.0,"latestRespirationTimeGMT":{"date":"Nov 22, 2021 10:00:00 PM"}}},{"userProfilePK":99730076,"calendarDate":{"date":"Nov 23, 2021 12:00:00 AM"},"uuid":"f20356b647034e92bdb94f5bd5bd5e0b","durationInMilliseconds":86400000,"totalKilocalories":2720.0,"activeKilocalories":806.0,"bmrKilocalories":1914.0,"wellnessKilocalories":2720.0,"remainingKilocalories":2720.0,"wellnessTotalKilocalories":2720.0,"wellnessActiveKilocalories":806.0,"totalSteps":13845,"dailyStepGoal":12720,"totalDistanceMeters":13877,"wellnessDistanceMeters":13877,"wellnessStartTimeGmt":{"date":"Nov 22, 2021 10:00:00 PM"},"wellnessEndTimeGmt":{"date":"Nov 23, 2021 10:00:00 PM"},"wellnessStartTimeLocal":{"date":"Nov 23, 2021 12:00:00 AM"},"wellnessEndTimeLocal":{"date":"Nov 24, 2021 12:00:00 AM"},"highlyActiveSeconds":6004,"activeSeconds":2672,"moderateIntensityMinutes":3,"vigorousIntensityMinutes":44,"userIntensityMinutesGoal":150,"userFloorsAscendedGoal":10,"minHeartRate":47,"maxHeartRate":174,"restingHeartRate":53,"currentDayRestingHeartRate":51,"restingHeartRateTimestamp":"Nov 23, 2021 10:00:00 PM","includesWellnessData":true,"includesActivityData":true,"includesCalorieConsumedData":false,"includesSingleMeasurement":false,"includesContinuousMeasurement":false,"includesAllDayPulseOx":false,"includesSleepPulseOx":false,"source":0,"allDayStress":{"userProfilePK":99730076,"calendarDate":{"date":"Nov 23, 2021 12:00:00 AM"},"aggregatorList":[{"type":"TOTAL","averageStressLevel":24,"averageStressLevelIntensity":20,"maxStressLevel":94,"stressIntensityCount":1161,"stressOffWristCount":130,"stressTooActiveCount":148,"totalStressCount":1439,"totalStressIntensity":25230,"stressDuration":20880,"restDuration":48780,"activityDuration":8880,"uncategorizedDuration":7800,"totalDuration":86340,"lowDuration":13740,"mediumDuration":6000,"highDuration":1140},{"type":"AWAKE","averageStressLevel":32,"averageStressLevelIntensity":25,"maxStressLevel":94,"stressIntensityCount":703,"stressOffWristCount":130,"stressTooActiveCount":145,"totalStressCount":978,"totalStressIntensity":362,"stressDuration":20640,"restDuration":21540,"activityDuration":8700,"uncategorizedDuration":7800,"totalDuration":58680,"lowDuration":13560,"mediumDuration":5940,"highDuration":1140},{"type":"ASLEEP","averageStressLevel":11,"averageStressLevelIntensity":12,"maxStressLevel":54,"stressIntensityCount":458,"stressTooActiveCount":3,"totalStressCount":461,"totalStressIntensity":24868,"stressDuration":240,"restDuration":27240,"activityDuration":180,"totalDuration":27660,"lowDuration":180,"mediumDuration":60}]},"bodyBattery":{"userProfilePK":99730076,"calendarDate":{"date":"Nov 23, 2021 12:00:00 AM"},"chargedValue":81,"drainedValue":64,"bodyBatteryVersion":2.0,"bodyBatteryStatList":[{"bodyBatteryStatType":"HIGHEST","statsValue":86,"bodyBatteryStatus":"MEASURED","statTimestamp":{"date":"Nov 23, 2021 4:18:00 AM"}},{"bodyBatteryStatType":"LOWEST","statsValue":21,"bodyBatteryStatus":"MEASURED","statTimestamp":{"date":"Nov 22, 2021 10:01:00 PM"}},{"bodyBatteryStatType":"MOSTRECENT","statsValue":38,"bodyBatteryStatus":"MEASURED","statTimestamp":{"date":"Nov 23, 2021 10:00:00 PM"}},{"bodyBatteryStatType":"ENDOFDAY","statsValue":29,"bodyBatteryStatus":"MEASURED","statTimestamp":{"date":"Nov 23, 2021 8:50:00 PM"}}]},"minAvgHeartRate":49,"maxAvgHeartRate":171,"version":64020002,"hydration":{"userProfilePK":99730076,"calendarDate":{"date":"Nov 23, 2021 12:00:00 AM"},"valueInML":0.0,"activityIntakeInML":0.0,"goalInML":2839.058838,"capped":false,"sweatLossInML":263.0,"adjustedGoalInML":3102.058838,"lastEntryTimestampLocal":{"date":"Nov 23, 2021 4:10:38 PM"}},"respiration":{"userProfilePK":99730076,"calendarDate":{"date":"Nov 23, 2021 12:00:00 AM"},"avgWakingRespirationValue":14.0,"highestRespirationValue":20.0,"lowestRespirationValue":11.0,"latestRespirationValue":19.0,"latestRespirationTimeGMT":{"date":"Nov 23, 2021 10:00:00 PM"}}},{"userProfilePK":99730076,"calendarDate":{"date":"Nov 24, 2021 12:00:00 AM"},"uuid":"60af61be7c3640cc89dbdca436a64dac","durationInMilliseconds":86400000,"totalKilocalories":2891.0,"activeKilocalories":977.0,"bmrKilocalories":1914.0,"wellnessKilocalories":2891.0,"remainingKilocalories":2891.0,"wellnessTotalKilocalories":2891.0,"wellnessActiveKilocalories":977.0,"totalSteps":17604,"dailyStepGoal":12840,"totalDistanceMeters":15752,"wellnessDistanceMeters":15752,"wellnessStartTimeGmt":{"date":"Nov 23, 2021 10:00:00 PM"},"wellnessEndTimeGmt":{"date":"Nov 24, 2021 10:00:00 PM"},"wellnessStartTimeLocal":{"date":"Nov 24, 2021 12:00:00 AM"},"wellnessEndTimeLocal":{"date":"Nov 25, 2021 12:00:00 AM"},"highlyActiveSeconds":10560,"activeSeconds":3791,"moderateIntensityMinutes":3,"vigorousIntensityMinutes":47,"userIntensityMinutesGoal":150,"userFloorsAscendedGoal":10,"minHeartRate":48,"maxHeartRate":158,"restingHeartRate":53,"currentDayRestingHeartRate":54,"restingHeartRateTimestamp":"Nov 24, 2021 10:00:00 PM","includesWellnessData":true,"includesActivityData":true,"includesCalorieConsumedData":false,"includesSingleMeasurement":false,"includesContinuousMeasurement":false,"includesAllDayPulseOx":false,"includesSleepPulseOx":false,"source":0,"allDayStress":{"userProfilePK":99730076,"calendarDate":{"date":"Nov 24, 2021 12:00:00 AM"},"aggregatorList":[{"type":"TOTAL","averageStressLevel":31,"averageStressLevelIntensity":24,"maxStressLevel":96,"stressIntensityCount":1186,"stressOffWristCount":48,"stressTooActiveCount":205,"totalStressCount":1439,"totalStressIntensity":8013,"stressDuration":33360,"restDuration":37800,"activityDuration":12300,"uncategorizedDuration":2880,"totalDuration":86340,"lowDuration":19140,"mediumDuration":12360,"highDuration":1860},{"type":"AWAKE","averageStressLevel":40,"averageStressLevelIntensity":36,"maxStressLevel":96,"stressIntensityCount":785,"stressOffWristCount":48,"stressTooActiveCount":203,"totalStressCount":1036,"totalStressIntensity":-11964,"stressDuration":33240,"restDuration":13860,"activityDuration":12180,"uncategorizedDuration":2880,"totalDuration":62160,"lowDuration":19020,"mediumDuration":12360,"highDuration":1860},{"type":"ASLEEP","averageStressLevel":12,"averageStressLevelIntensity":13,"maxStressLevel":32,"stressIntensityCount":401,"stressTooActiveCount":2,"totalStressCount":403,"totalStressIntensity":19977,"stressDuration":120,"restDuration":23940,"activityDuration":120,"totalDuration":24180,"lowDuration":120}]},"bodyBattery":{"userProfilePK":99730076,"calendarDate":{"date":"Nov 24, 2021 12:00:00 AM"},"chargedValue":62,"drainedValue":84,"bodyBatteryVersion":2.0,"bodyBatteryStatList":[{"bodyBatteryStatType":"HIGHEST","statsValue":97,"bodyBatteryStatus":"MEASURED","statTimestamp":{"date":"Nov 24, 2021 4:40:00 AM"}},{"bodyBatteryStatType":"LOWEST","statsValue":16,"bodyBatteryStatus":"MEASURED","statTimestamp":{"date":"Nov 24, 2021 9:56:00 PM"}},{"bodyBatteryStatType":"MOSTRECENT","statsValue":16,"bodyBatteryStatus":"MEASURED","statTimestamp":{"date":"Nov 24, 2021 10:00:00 PM"}},{"bodyBatteryStatType":"ENDOFDAY","statsValue":16,"bodyBatteryStatus":"MEASURED","statTimestamp":{"date":"Nov 24, 2021 10:00:00 PM"}}]},"minAvgHeartRate":49,"maxAvgHeartRate":158,"version":76920003,"hydration":{"userProfilePK":99730076,"calendarDate":{"date":"Nov 24, 2021 12:00:00 AM"},"valueInML":0.0,"activityIntakeInML":0.0,"goalInML":2839.058838,"capped":false,"sweatLossInML":278.0,"adjustedGoalInML":3117.058838,"lastEntryTimestampLocal":{"date":"Nov 24, 2021 5:45:19 PM"}},"respiration":{"userProfilePK":99730076,"calendarDate":{"date":"Nov 24, 2021 12:00:00 AM"},"avgWakingRespirationValue":13.0,"highestRespirationValue":20.0,"lowestRespirationValue":10.0,"latestRespirationValue":13.0,"latestRespirationTimeGMT":{"date":"Nov 24, 2021 10:00:00 PM"}}}]