[{"version":1635693951711,"metaData":{"userProfilePK":99730076,"calendarDate":"2021-10-31T00:00:00.0","sequence":1635693951711},"vo2MaxRunning":52.0,"userSetNullForHeight":false,"userSetNullForWeight":false,"userSetNullForActivityClass":false,"userSetNullForLactateThresholdSpeed":false,"userSetNullForLactateThresholdHR":false,"userSetNullForVO2MaxCycling":false,"userSetNullForVO2MaxRunning":false},{"version":1635693961719,"metaData":{"userProfilePK":99730076,"calendarDate":"2021-10-31T00:00:00.0","sequence":1635693961719},"vo2MaxRunning":52.0,"userSetNullForHeight":false,"userSetNullForWeight":false,"userSetNullForActivityClass":false,"userSetNullForLactateThresholdSpeed":false,"userSetNullForLactateThresholdHR":false,"userSetNullForVO2MaxCycling":false,"userSetNullForVO2MaxRunning":false},{"version":1635677461011,"metaData":{"userProfilePK":99730076,"calendarDate":"2021-10-31T12:51:01.0","sequence":1635677461011},"height":170.17999267578125,"userSetNullForHeight":false,"userSetNullForWeight":false,"userSetNullForActivityClass":false,"userSetNullForLactateThresholdSpeed":false,"userSetNullForLactateThresholdHR":false,"userSetNullForVO2MaxCycling":false,"userSetNullForVO2MaxRunning":false},{"version":1635677461045,"metaData":{"userProfilePK":99730076,"calendarDate":"2021-10-31T12:51:01.0","sequence":1635677461045},"weight":{"weight":66678.15768703904,"sourceType":"USER_SETTING","timestampGMT":"2021-10-31T10:51:01.0"},"userSetNullForHeight":false,"userSetNullForWeight":false,"userSetNullForActivityClass":false,"userSetNullForLactateThresholdSpeed":false,"userSetNullForLactateThresholdHR":false,"userSetNullForVO2MaxCycling":false,"userSetNullForVO2MaxRunning":false},{"version":1635693940953,"metaData":{"userProfilePK":99730076,"calendarDate":"2021-10-31T17:25:40.929","sequence":1635693940953},"height":170.17999267578125,"userSetNullForHeight":false,"userSetNullForWeight":false,"userSetNullForActivityClass":true,"userSetNullForLactateThresholdSpeed":true,"userSetNullForLactateThresholdHR":true,"userSetNullForVO2MaxCycling":true,"userSetNullForVO2MaxRunning":true},{"version":1635693940971,"metaData":{"userProfilePK":99730076,"calendarDate":"2021-10-31T17:25:40.929","sequence":1635693940971},"weight":{"weight":66678.15768703904,"sourceType":"USER_SETTING","timestampGMT":"2021-10-31T15:25:40.929"},"userSetNullForHeight":false,"userSetNullForWeight":false,"userSetNullForActivityClass":false,"userSetNullForLactateThresholdSpeed":false,"userSetNullForLactateThresholdHR":false,"userSetNullForVO2MaxCycling":false,"userSetNullForVO2MaxRunning":false},{"version":1635866341520,"metaData":{"userProfilePK":99730076,"calendarDate":"2021-11-02T00:00:00.0","sequence":1635866341520},"vo2MaxRunning":53.0,"userSetNullForHeight":false,"userSetNullForWeight":false,"userSetNullForActivityClass":false,"userSetNullForLactateThresholdSpeed":false,"userSetNullForLactateThresholdHR":false,"userSetNullForVO2MaxCycling":false,"userSetNullForVO2MaxRunning":false},{"version":1635951602654,"metaData":{"userProfilePK":99730076,"calendarDate":"2021-11-03T00:00:00.0","sequence":1635951602654},"vo2MaxRunning":53.0,"userSetNullForHeight":false,"userSetNullForWeight":false,"userSetNullForActivityClass":false,"userSetNullForLactateThresholdSpeed":false,"userSetNullForLactateThresholdHR":false,"userSetNullForVO2MaxCycling":false,"userSetNullForVO2MaxRunning":false},{"version":1636221767389,"metaData":{"userProfilePK":99730076,"calendarDate":"2021-11-06T00:00:00.0","sequence":1636221767389},"vo2MaxRunning":54.0,"userSetNullForHeight":false,"userSetNullForWeight":false,"userSetNullForActivityClass":false,"userSetNullForLactateThresholdSpeed":false,"userSetNullForLactateThresholdHR":false,"userSetNullForVO2MaxCycling":false,"userSetNullForVO2MaxRunning":false},{"version":1636385984775,"metaData":{"userProfilePK":99730076,"calendarDate":"2021-11-08T00:00:00.0","sequence":1636385984775},"vo2MaxRunning":54.0,"userSetNullForHeight":false,"userSetNullForWeight":false,"userSetNullForActivityClass":false,"userSetNullForLactateThresholdSpeed":false,"userSetNullForLactateThresholdHR":false,"userSetNullForVO2MaxCycling":false,"userSetNullForVO2MaxRunning":false},{"version":1636401775449,"metaData":{"userProfilePK":99730076,"calendarDate":"2021-11-08T22:02:44.542","sequence":1636401775449},"weight":{"weight":66678.15768703904,"sourceType":"MANUAL","timestampGMT":"2021-11-08T20:02:44.542"},"userSetNullForHeight":false,"userSetNullForWeight":false,"userSetNullForActivityClass":false,"userSetNullForLactateThresholdSpeed":false,"userSetNullForLactateThresholdHR":false,"userSetNullForVO2MaxCycling":false,"userSetNullForVO2MaxRunning":false},{"version":1636471339268,"metaData":{"userProfilePK":99730076,"calendarDate":"2021-11-09T00:00:00.0","sequence":1636471339268},"vo2MaxRunning":55.0,"userSetNullForHeight":false,"userSetNullForWeight":false,"userSetNullForActivityClass":false,"userSetNullForLactateThresholdSpeed":false,"userSetNullForLactateThresholdHR":false,"userSetNullForVO2MaxCycling":false,"userSetNullForVO2MaxRunning":false},{"version":1636562521416,"metaData":{"userProfilePK":99730076,"calendarDate":"2021-11-10T00:00:00.0","sequence":1636562521416},"vo2MaxRunning":56.0,"userSetNullForHeight":false,"userSetNullForWeight":false,"userSetNullForActivityClass":false,"userSetNullForLactateThresholdSpeed":false,"userSetNullForLactateThresholdHR":false,"userSetNullForVO2MaxCycling":false,"userSetNullForVO2MaxRunning":false},{"version":1636915383652,"metaData":{"userProfilePK":99730076,"calendarDate":"2021-11-14T00:00:00.0","sequence":1636915383652},"vo2MaxRunning":56.0,"userSetNullForHeight":false,"userSetNullForWeight":false,"userSetNullForActivityClass":false,"userSetNullForLactateThresholdSpeed":false,"userSetNullForLactateThresholdHR":false,"userSetNullForVO2MaxCycling":false,"userSetNullForVO2MaxRunning":false},{"version":1637080521319,"metaData":{"userProfilePK":99730076,"calendarDate":"2021-11-16T00:00:00.0","sequence":1637080521319},"vo2MaxRunning":56.0,"userSetNullForHeight":false,"userSetNullForWeight":false,"userSetNullForActivityClass":false,"userSetNullForLactateThresholdSpeed":false,"userSetNullForLactateThresholdHR":false,"userSetNullForVO2MaxCycling":false,"userSetNullForVO2MaxRunning":false},{"version":1637159769530,"metaData":{"userProfilePK":99730076,"calendarDate":"2021-11-17T00:00:00.0","sequence":1637159769530},"vo2MaxRunning":57.0,"userSetNullForHeight":false,"userSetNullForWeight":false,"userSetNullForActivityClass":false,"userSetNullForLactateThresholdSpeed":false,"userSetNullForLactateThresholdHR":false,"userSetNullForVO2MaxCycling":false,"userSetNullForVO2MaxRunning":false},{"version":1637408658422,"metaData":{"userProfilePK":99730076,"calendarDate":"2021-11-19T00:00:00.0","sequence":1637408658422},"vo2MaxRunning":57.0,"userSetNullForHeight":false,"userSetNullForWeight":false,"userSetNullForActivityClass":false,"userSetNullForLactateThresholdSpeed":false,"userSetNullForLactateThresholdHR":false,"userSetNullForVO2MaxCycling":false,"userSetNullForVO2MaxRunning":false},{"version":1637519639976,"metaData":{"userProfilePK":99730076,"calendarDate":"2021-11-21T00:00:00.0","sequence":1637519639976},"vo2MaxRunning":58.0,"userSetNullForHeight":false,"userSetNullForWeight":false,"userSetNullForActivityClass":false,"userSetNullForLactateThresholdSpeed":false,"userSetNullForLactateThresholdHR":false,"userSetNullForVO2MaxCycling":false,"userSetNullForVO2MaxRunning":false},{"version":1637680307217,"metaData":{"userProfilePK":99730076,"calendarDate":"2021-11-23T00:00:00.0","sequence":1637680307217},"vo2MaxRunning":58.0,"userSetNullForHeight":false,"userSetNullForWeight":false,"userSetNullForActivityClass":false,"userSetNullForLactateThresholdSpeed":false,"userSetNullForLactateThresholdHR":false,"userSetNullForVO2MaxCycling":false,"userSetNullForVO2MaxRunning":false},{"version":1637771629522,"metaData":{"userProfilePK":99730076,"calendarDate":"2021-11-24T00:00:00.0","sequence":1637771629522},"vo2MaxRunning":58.0,"userSetNullForHeight":false,"userSetNullForWeight":false,"userSetNullForActivityClass":false,"userSetNullForLactateThresholdSpeed":false,"userSetNullForLactateThresholdHR":false,"userSetNullForVO2MaxCycling":false,"userSetNullForVO2MaxRunning":false},{"version":1638025798511,"metaData":{"userProfilePK":99730076,"calendarDate":"2021-11-27T00:00:00.0","sequence":1638025798511},"vo2MaxRunning":58.0,"userSetNullForHeight":false,"userSetNullForWeight":false,"userSetNullForActivityClass":false,"userSetNullForLactateThresholdSpeed":false,"userSetNullForLactateThresholdHR":false,"userSetNullForVO2MaxCycling":false,"userSetNullForVO2MaxRunning":false},{"version":1638202187920,"metaData":{"userProfilePK":99730076,"calendarDate":"2021-11-29T00:00:00.0","sequence":1638202187920},"vo2MaxRunning":57.0,"userSetNullForHeight":false,"userSetNullForWeight":false,"userSetNullForActivityClass":false,"userSetNullForLactateThresholdSpeed":false,"userSetNullForLactateThresholdHR":false,"userSetNullForVO2MaxCycling":false,"userSetNullForVO2MaxRunning":false},{"version":1638285539803,"metaData":{"userProfilePK":99730076,"calendarDate":"2021-11-30T00:00:00.0","sequence":1638285539803},"vo2MaxRunning":57.0,"userSetNullForHeight":false,"userSetNullForWeight":false,"userSetNullForActivityClass":false,"userSetNullForLactateThresholdSpeed":false,"userSetNullForLactateThresholdHR":false,"userSetNullForVO2MaxCycling":false,"userSetNullForVO2MaxRunning":false},{"version":1638370262070,"metaData":{"userProfilePK":99730076,"calendarDate":"2021-12-01T00:00:00.0","sequence":1638370262070},"vo2MaxRunning":57.0,"userSetNullForHeight":false,"userSetNullForWeight":false,"userSetNullForActivityClass":false,"userSetNullForLactateThresholdSpeed":false,"userSetNullForLactateThresholdHR":false,"userSetNullForVO2MaxCycling":false,"userSetNullForVO2MaxRunning":false},{"version":1638709518429,"metaData":{"userProfilePK":99730076,"calendarDate":"2021-12-05T15:05:13.183","sequence":1638709518429},"weight":{"weight":66678.15768703904,"sourceType":"MANUAL","timestampGMT":"2021-12-05T13:05:13.183"},"userSetNullForHeight":false,"userSetNullForWeight":false,"userSetNullForActivityClass":false,"userSetNullForLactateThresholdSpeed":false,"userSetNullForLactateThresholdHR":false,"userSetNullForVO2MaxCycling":false,"userSetNullForVO2MaxRunning":false},{"version":1638889083087,"metaData":{"userProfilePK":99730076,"calendarDate":"2021-12-07T00:00:00.0","sequence":1638889083087},"vo2MaxRunning":57.0,"userSetNullForHeight":false,"userSetNullForWeight":false,"userSetNullForActivityClass":false,"userSetNullForLactateThresholdSpeed":false,"userSetNullForLactateThresholdHR":false,"userSetNullForVO2MaxCycling":false,"userSetNullForVO2MaxRunning":false},{"version":1639063272676,"metaData":{"userProfilePK":99730076,"calendarDate":"2021-12-09T00:00:00.0","sequence":1639063272676},"vo2MaxRunning":56.0,"userSetNullForHeight":false,"userSetNullForWeight":false,"userSetNullForActivityClass":false,"userSetNullForLactateThresholdSpeed":false,"userSetNullForLactateThresholdHR":false,"userSetNullForVO2MaxCycling":false,"userSetNullForVO2MaxRunning":false},{"version":1639492245572,"metaData":{"userProfilePK":99730076,"calendarDate":"2021-12-14T00:00:00.0","sequence":1639492245572},"vo2MaxRunning":57.0,"userSetNullForHeight":false,"userSetNullForWeight":false,"userSetNullForActivityClass":false,"userSetNullForLactateThresholdSpeed":false,"userSetNullForLactateThresholdHR":false,"userSetNullForVO2MaxCycling":false,"userSetNullForVO2MaxRunning":false},{"version":1639587402796,"metaData":{"userProfilePK":99730076,"calendarDate":"2021-12-15T00:00:00.0","sequence":1639587402796},"vo2MaxRunning":57.0,"userSetNullForHeight":false,"userSetNullForWeight":false,"userSetNullForActivityClass":false,"userSetNullForLactateThresholdSpeed":false,"userSetNullForLactateThresholdHR":false,"userSetNullForVO2MaxCycling":false,"userSetNullForVO2MaxRunning":false},{"version":1639838499765,"metaData":{"userProfilePK":99730076,"calendarDate":"2021-12-18T00:00:00.0","sequence":1639838499765},"vo2MaxRunning":57.0,"userSetNullForHeight":false,"userSetNullForWeight":false,"userSetNullForActivityClass":false,"userSetNullForLactateThresholdSpeed":false,"userSetNullForLactateThresholdHR":false,"userSetNullForVO2MaxCycling":false,"userSetNullForVO2MaxRunning":false},{"version":1640015156963,"metaData":{"userProfilePK":99730076,"calendarDate":"2021-12-20T00:00:00.0","sequence":1640015156963},"vo2MaxRunning":57.0,"userSetNullForHeight":false,"userSetNullForWeight":false,"userSetNullForActivityClass":false,"userSetNullForLactateThresholdSpeed":false,"userSetNullForLactateThresholdHR":false,"userSetNullForVO2MaxCycling":false,"userSetNullForVO2MaxRunning":false},{"version":1640099111193,"metaData":{"userProfilePK":99730076,"calendarDate":"2021-12-21T00:00:00.0","sequence":1640099111193},"vo2MaxRunning":57.0,"userSetNullForHeight":false,"userSetNullForWeight":false,"userSetNullForActivityClass":false,"userSetNullForLactateThresholdSpeed":false,"userSetNullForLactateThresholdHR":false,"userSetNullForVO2MaxCycling":false,"userSetNullForVO2MaxRunning":false},{"version":1642882754115,"metaData":{"userProfilePK":99730076,"calendarDate":"2022-01-21T00:00:00.0","sequence":1642882754115},"vo2MaxRunning":57.0,"userSetNullForHeight":false,"userSetNullForWeight":false,"userSetNullForActivityClass":false,"userSetNullForLactateThresholdSpeed":false,"userSetNullForLactateThresholdHR":false,"userSetNullForVO2MaxCycling":false,"userSetNullForVO2MaxRunning":false},{"version":1642882760860,"metaData":{"userProfilePK":99730076,"calendarDate":"2022-01-22T00:00:00.0","sequence":1642882760860},"vo2MaxRunning":55.0,"userSetNullForHeight":false,"userSetNullForWeight":false,"userSetNullForActivityClass":false,"userSetNullForLactateThresholdSpeed":false,"userSetNullForLactateThresholdHR":false,"userSetNullForVO2MaxCycling":false,"userSetNullForVO2MaxRunning":false},{"version":1643647254630,"metaData":{"userProfilePK":99730076,"calendarDate":"2022-01-31T00:00:00.0","sequence":1643647254630},"vo2MaxRunning":55.0,"userSetNullForHeight":false,"userSetNullForWeight":false,"userSetNullForActivityClass":false,"userSetNullForLactateThresholdSpeed":false,"userSetNullForLactateThresholdHR":false,"userSetNullForVO2MaxCycling":false,"userSetNullForVO2MaxRunning":false},{"version":1643826121452,"metaData":{"userProfilePK":99730076,"calendarDate":"2022-02-02T00:00:00.0","sequence":1643826121452},"vo2MaxRunning":54.0,"userSetNullForHeight":false,"userSetNullForWeight":false,"userSetNullForActivityClass":false,"userSetNullForLactateThresholdSpeed":false,"userSetNullForLactateThresholdHR":false,"userSetNullForVO2MaxCycling":false,"userSetNullForVO2MaxRunning":false},{"version":1644085109041,"metaData":{"userProfilePK":99730076,"calendarDate":"2022-02-05T00:00:00.0","sequence":1644085109041},"vo2MaxRunning":54.0,"userSetNullForHeight":false,"userSetNullForWeight":false,"userSetNullForActivityClass":false,"userSetNullForLactateThresholdSpeed":false,"userSetNullForLactateThresholdHR":false,"userSetNullForVO2MaxCycling":false,"userSetNullForVO2MaxRunning":false},{"version":1644259163613,"metaData":{"userProfilePK":99730076,"calendarDate":"2022-02-07T00:00:00.0","sequence":1644259163613},"vo2MaxRunning":54.0,"userSetNullForHeight":false,"userSetNullForWeight":false,"userSetNullForActivityClass":false,"userSetNullForLactateThresholdSpeed":false,"userSetNullForLactateThresholdHR":false,"userSetNullForVO2MaxCycling":false,"userSetNullForVO2MaxRunning":false},{"version":1644508874762,"metaData":{"userProfilePK":99730076,"calendarDate":"2022-02-10T00:00:00.0","sequence":1644508874762},"vo2MaxRunning":54.0,"userSetNullForHeight":false,"userSetNullForWeight":false,"userSetNullForActivityClass":false,"userSetNullForLactateThresholdSpeed":false,"userSetNullForLactateThresholdHR":false,"userSetNullForVO2MaxCycling":false,"userSetNullForVO2MaxRunning":false},{"version":1644773115456,"metaData":{"userProfilePK":99730076,"calendarDate":"2022-02-13T00:00:00.0","sequence":1644773115456},"vo2MaxRunning":54.0,"userSetNullForHeight":false,"userSetNullForWeight":false,"userSetNullForActivityClass":false,"userSetNullForLactateThresholdSpeed":false,"userSetNullForLactateThresholdHR":false,"userSetNullForVO2MaxCycling":false,"userSetNullForVO2MaxRunning":false},{"version":1645028051459,"metaData":{"userProfilePK":99730076,"calendarDate":"2022-02-16T00:00:00.0","sequence":1645028051459},"vo2MaxRunning":54.0,"userSetNullForHeight":false,"userSetNullForWeight":false,"userSetNullForActivityClass":false,"userSetNullForLactateThresholdSpeed":false,"userSetNullForLactateThresholdHR":false,"userSetNullForVO2MaxCycling":false,"userSetNullForVO2MaxRunning":false},{"version":1645203357211,"metaData":{"userProfilePK":99730076,"calendarDate":"2022-02-18T00:00:00.0","sequence":1645203357211},"vo2MaxRunning":54.0,"userSetNullForHeight":false,"userSetNullForWeight":false,"userSetNullForActivityClass":false,"userSetNullForLactateThresholdSpeed":false,"userSetNullForLactateThresholdHR":false,"userSetNullForVO2MaxCycling":false,"userSetNullForVO2MaxRunning":false},{"version":1645460193634,"metaData":{"userProfilePK":99730076,"calendarDate":"2022-02-21T00:00:00.0","sequence":1645460193634},"vo2MaxRunning":55.0,"userSetNullForHeight":false,"userSetNullForWeight":false,"userSetNullForActivityClass":false,"userSetNullForLactateThresholdSpeed":false,"userSetNullForLactateThresholdHR":false,"userSetNullForVO2MaxCycling":false,"userSetNullForVO2MaxRunning":false},{"version":1645637365814,"metaData":{"userProfilePK":99730076,"calendarDate":"2022-02-23T00:00:00.0","sequence":1645637365814},"vo2MaxRunning":54.0,"userSetNullForHeight":false,"userSetNullForWeight":false,"userSetNullForActivityClass":false,"userSetNullForLactateThresholdSpeed":false,"userSetNullForLactateThresholdHR":false,"userSetNullForVO2MaxCycling":false,"userSetNullForVO2MaxRunning":false},{"version":1645899704988,"metaData":{"userProfilePK":99730076,"calendarDate":"2022-02-26T00:00:00.0","sequence":1645899704988},"vo2MaxRunning":55.0,"userSetNullForHeight":false,"userSetNullForWeight":false,"userSetNullForActivityClass":false,"userSetNullForLactateThresholdSpeed":false,"userSetNullForLactateThresholdHR":false,"userSetNullForVO2MaxCycling":false,"userSetNullForVO2MaxRunning":false},{"version":1646134264897,"metaData":{"userProfilePK":99730076,"calendarDate":"2022-03-01T00:00:00.0","sequence":1646134264897},"vo2MaxRunning":55.0,"userSetNullForHeight":false,"userSetNullForWeight":false,"userSetNullForActivityClass":false,"userSetNullForLactateThresholdSpeed":false,"userSetNullForLactateThresholdHR":false,"userSetNullForVO2MaxCycling":false,"userSetNullForVO2MaxRunning":false},{"version":1646240383242,"metaData":{"userProfilePK":99730076,"calendarDate":"2022-03-02T00:00:00.0","sequence":1646240383242},"vo2MaxRunning":55.0,"userSetNullForHeight":false,"userSetNullForWeight":false,"userSetNullForActivityClass":false,"userSetNullForLactateThresholdSpeed":false,"userSetNullForLactateThresholdHR":false,"userSetNullForVO2MaxCycling":false,"userSetNullForVO2MaxRunning":false},{"version":1646393942707,"metaData":{"userProfilePK":99730076,"calendarDate":"2022-03-04T00:00:00.0","sequence":1646393942707},"vo2MaxRunning":56.0,"userSetNullForHeight":false,"userSetNullForWeight":false,"userSetNullForActivityClass":false,"userSetNullForLactateThresholdSpeed":false,"userSetNullForLactateThresholdHR":false,"userSetNullForVO2MaxCycling":false,"userSetNullForVO2MaxRunning":false},{"version":1646677366686,"metaData":{"userProfilePK":99730076,"calendarDate":"2022-03-07T00:00:00.0","sequence":1646677366686},"vo2MaxRunning":56.0,"userSetNullForHeight":false,"userSetNullForWeight":false,"userSetNullForActivityClass":false,"userSetNullForLactateThresholdSpeed":false,"userSetNullForLactateThresholdHR":false,"userSetNullForVO2MaxCycling":false,"userSetNullForVO2MaxRunning":false},{"version":1646843971319,"metaData":{"userProfilePK":99730076,"calendarDate":"2022-03-09T00:00:00.0","sequence":1646843971319},"vo2MaxRunning":57.0,"userSetNullForHeight":false,"userSetNullForWeight":false,"userSetNullForActivityClass":false,"userSetNullForLactateThresholdSpeed":false,"userSetNullForLactateThresholdHR":false,"userSetNullForVO2MaxCycling":false,"userSetNullForVO2MaxRunning":false},{"version":1647101731389,"metaData":{"userProfilePK":99730076,"calendarDate":"2022-03-12T00:00:00.0","sequence":1647101731389},"vo2MaxRunning":56.0,"userSetNullForHeight":false,"userSetNullForWeight":false,"userSetNullForActivityClass":false,"userSetNullForLactateThresholdSpeed":false,"userSetNullForLactateThresholdHR":false,"userSetNullForVO2MaxCycling":false,"userSetNullForVO2MaxRunning":false},{"version":1647082807721,"metaData":{"userProfilePK":99730076,"calendarDate":"2022-03-12T12:59:58.603","sequence":1647082807721},"weight":{"weight":68400.0,"sourceType":"MANUAL","timestampGMT":"2022-03-12T10:59:58.603"},"userSetNullForHeight":false,"userSetNullForWeight":false,"userSetNullForActivityClass":false,"userSetNullForLactateThresholdSpeed":false,"userSetNullForLactateThresholdHR":false,"userSetNullForVO2MaxCycling":false,"userSetNullForVO2MaxRunning":false},{"version":1647362633505,"metaData":{"userProfilePK":99730076,"calendarDate":"2022-03-15T00:00:00.0","sequence":1647362633505},"vo2MaxRunning":56.0,"userSetNullForHeight":false,"userSetNullForWeight":false,"userSetNullForActivityClass":false,"userSetNullForLactateThresholdSpeed":false,"userSetNullForLactateThresholdHR":false,"userSetNullForVO2MaxCycling":false,"userSetNullForVO2MaxRunning":false},{"version":1647619170332,"metaData":{"userProfilePK":99730076,"calendarDate":"2022-03-18T00:00:00.0","sequence":1647619170332},"vo2MaxRunning":55.0,"userSetNullForHeight":false,"userSetNullForWeight":false,"userSetNullForActivityClass":false,"userSetNullForLactateThresholdSpeed":false,"userSetNullForLactateThresholdHR":false,"userSetNullForVO2MaxCycling":false,"userSetNullForVO2MaxRunning":false},{"version":1647839223636,"metaData":{"userProfilePK":99730076,"calendarDate":"2022-03-21T00:00:00.0","sequence":1647839223636},"vo2MaxRunning":56.0,"userSetNullForHeight":false,"userSetNullForWeight":false,"userSetNullForActivityClass":false,"userSetNullForLactateThresholdSpeed":false,"userSetNullForLactateThresholdHR":false,"userSetNullForVO2MaxCycling":false,"userSetNullForVO2MaxRunning":false},{"version":1648229109371,"metaData":{"userProfilePK":99730076,"calendarDate":"2022-03-25T00:00:00.0","sequence":1648229109371},"vo2MaxRunning":55.0,"userSetNullForHeight":false,"userSetNullForWeight":false,"userSetNullForActivityClass":false,"userSetNullForLactateThresholdSpeed":false,"userSetNullForLactateThresholdHR":false,"userSetNullForVO2MaxCycling":false,"userSetNullForVO2MaxRunning":false},{"version":1648402305616,"metaData":{"userProfilePK":99730076,"calendarDate":"2022-03-27T00:00:00.0","sequence":1648402305616},"vo2MaxRunning":55.0,"userSetNullForHeight":false,"userSetNullForWeight":false,"userSetNullForActivityClass":false,"userSetNullForLactateThresholdSpeed":false,"userSetNullForLactateThresholdHR":false,"userSetNullForVO2MaxCycling":false,"userSetNullForVO2MaxRunning":false},{"version":1648699441673,"metaData":{"userProfilePK":99730076,"calendarDate":"2022-03-31T00:00:00.0","sequence":1648699441673},"vo2MaxRunning":55.0,"userSetNullForHeight":false,"userSetNullForWeight":false,"userSetNullForActivityClass":false,"userSetNullForLactateThresholdSpeed":false,"userSetNullForLactateThresholdHR":false,"userSetNullForVO2MaxCycling":false,"userSetNullForVO2MaxRunning":false},{"version":1648830953085,"metaData":{"userProfilePK":99730076,"calendarDate":"2022-04-01T00:00:00.0","sequence":1648830953085},"vo2MaxRunning":55.0,"userSetNullForHeight":false,"userSetNullForWeight":false,"userSetNullForActivityClass":false,"userSetNullForLactateThresholdSpeed":false,"userSetNullForLactateThresholdHR":false,"userSetNullForVO2MaxCycling":false,"userSetNullForVO2MaxRunning":false},{"version":1649010890140,"metaData":{"userProfilePK":99730076,"calendarDate":"2022-04-03T00:00:00.0","sequence":1649010890140},"vo2MaxRunning":55.0,"userSetNullForHeight":false,"userSetNullForWeight":false,"userSetNullForActivityClass":false,"userSetNullForLactateThresholdSpeed":false,"userSetNullForLactateThresholdHR":false,"userSetNullForVO2MaxCycling":false,"userSetNullForVO2MaxRunning":false},{"version":1649179020294,"metaData":{"userProfilePK":99730076,"calendarDate":"2022-04-05T00:00:00.0","sequence":1649179020294},"vo2MaxRunning":55.0,"userSetNullForHeight":false,"userSetNullForWeight":false,"userSetNullForActivityClass":false,"userSetNullForLactateThresholdSpeed":false,"userSetNullForLactateThresholdHR":false,"userSetNullForVO2MaxCycling":false,"userSetNullForVO2MaxRunning":false},{"version":1649436745400,"metaData":{"userProfilePK":99730076,"calendarDate":"2022-04-08T00:00:00.0","sequence":1649436745400},"vo2MaxRunning":55.0,"userSetNullForHeight":false,"userSetNullForWeight":false,"userSetNullForActivityClass":false,"userSetNullForLactateThresholdSpeed":false,"userSetNullForLactateThresholdHR":false,"userSetNullForVO2MaxCycling":false,"userSetNullForVO2MaxRunning":false},{"version":1649605245607,"metaData":{"userProfilePK":99730076,"calendarDate":"2022-04-10T00:00:00.0","sequence":1649605245607},"vo2MaxRunning":55.0,"userSetNullForHeight":false,"userSetNullForWeight":false,"userSetNullForActivityClass":false,"userSetNullForLactateThresholdSpeed":false,"userSetNullForLactateThresholdHR":false,"userSetNullForVO2MaxCycling":false,"userSetNullForVO2MaxRunning":false},{"version":1649866071597,"metaData":{"userProfilePK":99730076,"calendarDate":"2022-04-13T00:00:00.0","sequence":1649866071597},"vo2MaxRunning":55.0,"userSetNullForHeight":false,"userSetNullForWeight":false,"userSetNullForActivityClass":false,"userSetNullForLactateThresholdSpeed":false,"userSetNullForLactateThresholdHR":false,"userSetNullForVO2MaxCycling":false,"userSetNullForVO2MaxRunning":false},{"version":1650044653079,"metaData":{"userProfilePK":99730076,"calendarDate":"2022-04-15T00:00:00.0","sequence":1650044653079},"vo2MaxRunning":56.0,"userSetNullForHeight":false,"userSetNullForWeight":false,"userSetNullForActivityClass":false,"userSetNullForLactateThresholdSpeed":false,"userSetNullForLactateThresholdHR":false,"userSetNullForVO2MaxCycling":false,"userSetNullForVO2MaxRunning":false},{"version":1650217542364,"metaData":{"userProfilePK":99730076,"calendarDate":"2022-04-17T00:00:00.0","sequence":1650217542364},"vo2MaxRunning":56.0,"userSetNullForHeight":false,"userSetNullForWeight":false,"userSetNullForActivityClass":false,"userSetNullForLactateThresholdSpeed":false,"userSetNullForLactateThresholdHR":false,"userSetNullForVO2MaxCycling":false,"userSetNullForVO2MaxRunning":false},{"version":1650390302324,"metaData":{"userProfilePK":99730076,"calendarDate":"2022-04-19T00:00:00.0","sequence":1650390302324},"vo2MaxRunning":56.0,"userSetNullForHeight":false,"userSetNullForWeight":false,"userSetNullForActivityClass":false,"userSetNullForLactateThresholdSpeed":false,"userSetNullForLactateThresholdHR":false,"userSetNullForVO2MaxCycling":false,"userSetNullForVO2MaxRunning":false},{"version":1650641932569,"metaData":{"userProfilePK":99730076,"calendarDate":"2022-04-22T00:00:00.0","sequence":1650641932569},"vo2MaxRunning":56.0,"userSetNullForHeight":false,"userSetNullForWeight":false,"userSetNullForActivityClass":false,"userSetNullForLactateThresholdSpeed":false,"userSetNullForLactateThresholdHR":false,"userSetNullForVO2MaxCycling":false,"userSetNullForVO2MaxRunning":false},{"version":1650731715449,"metaData":{"userProfilePK":99730076,"calendarDate":"2022-04-23T00:00:00.0","sequence":1650731715449},"vo2MaxRunning":57.0,"userSetNullForHeight":false,"userSetNullForWeight":false,"userSetNullForActivityClass":false,"userSetNullForLactateThresholdSpeed":false,"userSetNullForLactateThresholdHR":false,"userSetNullForVO2MaxCycling":false,"userSetNullForVO2MaxRunning":false},{"version":1651344780239,"metaData":{"userProfilePK":99730076,"calendarDate":"2022-04-30T00:00:00.0","sequence":1651344780239},"vo2MaxRunning":56.0,"userSetNullForHeight":false,"userSetNullForWeight":false,"userSetNullForActivityClass":false,"userSetNullForLactateThresholdSpeed":false,"userSetNullForLactateThresholdHR":false,"userSetNullForVO2MaxCycling":false,"userSetNullForVO2MaxRunning":false},{"version":1651943520243,"metaData":{"userProfilePK":99730076,"calendarDate":"2022-05-07T00:00:00.0","sequence":1651943520243},"vo2MaxRunning":56.0,"userSetNullForHeight":false,"userSetNullForWeight":false,"userSetNullForActivityClass":false,"userSetNullForLactateThresholdSpeed":false,"userSetNullForLactateThresholdHR":false,"userSetNullForVO2MaxCycling":false,"userSetNullForVO2MaxRunning":false},{"version":1652158603665,"metaData":{"userProfilePK":99730076,"calendarDate":"2022-05-10T00:00:00.0","sequence":1652158603665},"vo2MaxRunning":56.0,"userSetNullForHeight":false,"userSetNullForWeight":false,"userSetNullForActivityClass":false,"userSetNullForLactateThresholdSpeed":false,"userSetNullForLactateThresholdHR":false,"userSetNullForVO2MaxCycling":false,"userSetNullForVO2MaxRunning":false},{"version":1652376620448,"metaData":{"userProfilePK":99730076,"calendarDate":"2022-05-12T00:00:00.0","sequence":1652376620448},"vo2MaxRunning":56.0,"userSetNullForHeight":false,"userSetNullForWeight":false,"userSetNullForActivityClass":false,"userSetNullForLactateThresholdSpeed":false,"userSetNullForLactateThresholdHR":false,"userSetNullForVO2MaxCycling":false,"userSetNullForVO2MaxRunning":false},{"version":1652508208760,"metaData":{"userProfilePK":99730076,"calendarDate":"2022-05-14T00:00:00.0","sequence":1652508208760},"vo2MaxRunning":56.0,"userSetNullForHeight":false,"userSetNullForWeight":false,"userSetNullForActivityClass":false,"userSetNullForLactateThresholdSpeed":false,"userSetNullForLactateThresholdHR":false,"userSetNullForVO2MaxCycling":false,"userSetNullForVO2MaxRunning":false},{"version":1652634416823,"metaData":{"userProfilePK":99730076,"calendarDate":"2022-05-15T00:00:00.0","sequence":1652634416823},"vo2MaxRunning":56.0,"userSetNullForHeight":false,"userSetNullForWeight":false,"userSetNullForActivityClass":false,"userSetNullForLactateThresholdSpeed":false,"userSetNullForLactateThresholdHR":false,"userSetNullForVO2MaxCycling":false,"userSetNullForVO2MaxRunning":false},{"version":1652984343482,"metaData":{"userProfilePK":99730076,"calendarDate":"2022-05-19T00:00:00.0","sequence":1652984343482},"vo2MaxRunning":57.0,"userSetNullForHeight":false,"userSetNullForWeight":false,"userSetNullForActivityClass":false,"userSetNullForLactateThresholdSpeed":false,"userSetNullForLactateThresholdHR":false,"userSetNullForVO2MaxCycling":false,"userSetNullForVO2MaxRunning":false},{"version":1653157895923,"metaData":{"userProfilePK":99730076,"calendarDate":"2022-05-21T00:00:00.0","sequence":1653157895923},"vo2MaxRunning":58.0,"userSetNullForHeight":false,"userSetNullForWeight":false,"userSetNullForActivityClass":false,"userSetNullForLactateThresholdSpeed":false,"userSetNullForLactateThresholdHR":false,"userSetNullForVO2MaxCycling":false,"userSetNullForVO2MaxRunning":false},{"version":1653238582862,"metaData":{"userProfilePK":99730076,"calendarDate":"2022-05-22T00:00:00.0","sequence":1653238582862},"vo2MaxRunning":58.0,"userSetNullForHeight":false,"userSetNullForWeight":false,"userSetNullForActivityClass":false,"userSetNullForLactateThresholdSpeed":false,"userSetNullForLactateThresholdHR":false,"userSetNullForVO2MaxCycling":false,"userSetNullForVO2MaxRunning":false},{"version":1653504363643,"metaData":{"userProfilePK":99730076,"calendarDate":"2022-05-25T00:00:00.0","sequence":1653504363643},"vo2MaxRunning":58.0,"userSetNullForHeight":false,"userSetNullForWeight":false,"userSetNullForActivityClass":false,"userSetNullForLactateThresholdSpeed":false,"userSetNullForLactateThresholdHR":false,"userSetNullForVO2MaxCycling":false,"userSetNullForVO2MaxRunning":false},{"version":1653583088234,"metaData":{"userProfilePK":99730076,"calendarDate":"2022-05-26T00:00:00.0","sequence":1653583088234},"vo2MaxRunning":58.0,"userSetNullForHeight":false,"userSetNullForWeight":false,"userSetNullForActivityClass":false,"userSetNullForLactateThresholdSpeed":false,"userSetNullForLactateThresholdHR":false,"userSetNullForVO2MaxCycling":false,"userSetNullForVO2MaxRunning":false},{"version":1653758953679,"metaData":{"userProfilePK":99730076,"calendarDate":"2022-05-28T00:00:00.0","sequence":1653758953679},"vo2MaxRunning":58.0,"userSetNullForHeight":false,"userSetNullForWeight":false,"userSetNullForActivityClass":false,"userSetNullForLactateThresholdSpeed":false,"userSetNullForLactateThresholdHR":false,"userSetNullForVO2MaxCycling":false,"userSetNullForVO2MaxRunning":false},{"version":1654017236715,"metaData":{"userProfilePK":99730076,"calendarDate":"2022-05-31T00:00:00.0","sequence":1654017236715},"vo2MaxRunning":58.0,"userSetNullForHeight":false,"userSetNullForWeight":false,"userSetNullForActivityClass":false,"userSetNullForLactateThresholdSpeed":false,"userSetNullForLactateThresholdHR":false,"userSetNullForVO2MaxCycling":false,"userSetNullForVO2MaxRunning":false},{"version":1654190876187,"metaData":{"userProfilePK":99730076,"calendarDate":"2022-06-02T00:00:00.0","sequence":1654190876187},"vo2MaxRunning":57.0,"userSetNullForHeight":false,"userSetNullForWeight":false,"userSetNullForActivityClass":false,"userSetNullForLactateThresholdSpeed":false,"userSetNullForLactateThresholdHR":false,"userSetNullForVO2MaxCycling":false,"userSetNullForVO2MaxRunning":false},{"version":1654451926808,"metaData":{"userProfilePK":99730076,"calendarDate":"2022-06-05T00:00:00.0","sequence":1654451926808},"vo2MaxRunning":58.0,"userSetNullForHeight":false,"userSetNullForWeight":false,"userSetNullForActivityClass":false,"userSetNullForLactateThresholdSpeed":false,"userSetNullForLactateThresholdHR":false,"userSetNullForVO2MaxCycling":false,"userSetNullForVO2MaxRunning":false},{"version":1654619982106,"metaData":{"userProfilePK":99730076,"calendarDate":"2022-06-07T00:00:00.0","sequence":1654619982106},"vo2MaxRunning":58.0,"userSetNullForHeight":false,"userSetNullForWeight":false,"userSetNullForActivityClass":false,"userSetNullForLactateThresholdSpeed":false,"userSetNullForLactateThresholdHR":false,"userSetNullForVO2MaxCycling":false,"userSetNullForVO2MaxRunning":false},{"version":1654709003386,"metaData":{"userProfilePK":99730076,"calendarDate":"2022-06-08T00:00:00.0","sequence":1654709003386},"vo2MaxRunning":57.0,"userSetNullForHeight":false,"userSetNullForWeight":false,"userSetNullForActivityClass":false,"userSetNullForLactateThresholdSpeed":false,"userSetNullForLactateThresholdHR":false,"userSetNullForVO2MaxCycling":false,"userSetNullForVO2MaxRunning":false},{"version":1654882061703,"metaData":{"userProfilePK":99730076,"calendarDate":"2022-06-10T00:00:00.0","sequence":1654882061703},"vo2MaxRunning":58.0,"userSetNullForHeight":false,"userSetNullForWeight":false,"userSetNullForActivityClass":false,"userSetNullForLactateThresholdSpeed":false,"userSetNullForLactateThresholdHR":false,"userSetNullForVO2MaxCycling":false,"userSetNullForVO2MaxRunning":false},{"version":1654979631930,"metaData":{"userProfilePK":99730076,"calendarDate":"2022-06-11T23:33:43.751","sequence":1654979631930},"weight":{"weight":70000.0,"sourceType":"MANUAL","timestampGMT":"2022-06-11T20:33:43.751"},"userSetNullForHeight":false,"userSetNullForWeight":false,"userSetNullForActivityClass":false,"userSetNullForLactateThresholdSpeed":false,"userSetNullForLactateThresholdHR":false,"userSetNullForVO2MaxCycling":false,"userSetNullForVO2MaxRunning":false}]